<?xml version="1.0" encoding="utf-8"?>
<window>
	<param name="view_ids" value="50,51,52,53,54,56,502,503,504,510,511,512,513,520" />
	
<!-- 	1.47 MyPVRTimers.xml
ID 	Type 			Description
shared mymedia
2 	button 			Select viewtype (list, thumbnail, media info, etc...)
3 	button 			Select sort method (sort by: name, date size, etc...)
4 	togglebutton 	Select sortmode (ascending or descending)



unique
8 	radiobutton 	Hide disabled timers

pvr shared
28 	button 			Channel groups button  
-->
	<controls>
		<!-- native GUI Buttons -->
		<control type="button" id="2">
			<visible>Control.IsEnabled(2)</visible>
			<include content="HiddenObject" />
		</control>
		<control type="button" id="3">
			<visible>Control.IsEnabled(3)</visible>
			<include content="HiddenObject" />
		</control>
		<control type="togglebutton" id="4">
			<visible>Control.IsEnabled(4)</visible>
			<include content="HiddenObject" />
		</control>
		<control type="group">
			<include>global_background</include>
		</control>
		
		<include content="mediawindow_layout">
			<param name="window" value="videos" />
		</include>
		
		<include condition="Skin.HasSetting(SwanDebug)" content="swan_debug_overlay">
			<param name="nested_debuginfo" value=""/>
		</include>
	</controls>
</window>
