<?xml version="1.0" encoding="utf-8"?>
<includes>
	
	
<!-- Window.IsActive(PVRGuideInfo) | Window.IsActive(PVRRecordingInfo)
1.23 DialogPVRInfo.xml
ID 	Type 	Description
4 	button 	Similar button
5 	button 	Switch to channel button
6 	button 	Record button
7 	button 	OK button
8 	button 	Play button
9 	button 	Add timer button

10 watch item
11 Set reminder
 -->
				
	<include name="pvrguideinfo_buttons">
		<control type="button" id="5">
			<description>Switch to channel button</description>
			<include>Button_VideoInfo</include>
			<label>$LOCALIZE[19165]</label>
		</control>
		<control type="button" id="8">
			<description>pvr play</description>
			<include>Button_VideoInfo</include>
			<label>$LOCALIZE[19687]</label>
		</control>
		<control type="button" id="10">
			<description>pvr watch item</description>
			<include>Button_VideoInfo</include>
			<label>$LOCALIZE[19190]</label>
		</control>
		<control type="button" id="9">
			<description>pvr add timer</description>
			<include>Button_VideoInfo</include>
			<label>$LOCALIZE[19061]</label>
		</control>
		<control type="button" id="7">
			<description>ok native</description>
			<visible>false</visible>
			<include>Button_VideoInfo</include>
			<label>ok</label>
		</control>
		<control type="button" id="6">
			<description>record native</description>
			<include>Button_VideoInfo</include>
		</control>
		<control type="button" id="4">
			<description>Similar button</description>
			<include>Button_VideoInfo</include>
			<label>$LOCALIZE[19003]</label>
		</control>
		<control type="button" id="11">
			<include>Button_VideoInfo</include>
			<label>$LOCALIZE[826]</label>
		</control>
		<control type="button" id="20">
			<description>show textviewer plot</description>
			<visible>!Skin.HasSetting(VideoInfo_Button_Plot)</visible>
			<include>Button_VideoInfo</include>
			<label>$LOCALIZE[207]</label>
			<onclick>RunScript(script.embuary.helper,action=textviewer,header='$ESCINFO[ListItem.Title]',message='$ESCINFO[ListItem.Plot]')</onclick>
		</control>
		<control type="button" id="23">
			<description>Embuary TMDB Info - may adjust for pvr</description>
			<visible>!Skin.HasSetting(EmbuaryTMDBInfo) + System.HasAddon(script.embuary.info) + !String.IsEqual(ListItem.DBTYPE,musicvideo)</visible>
			<include>Button_VideoInfo</include>
			<label>Embuary TMDB Info</label>
			<onclick>RunScript(script.embuary.info,$VAR[embuaryinfo_listitem])</onclick>
		</control>
	</include> 
	
	<include name="videoinfo_buttons">
		
		<control type="button" id="8">
			<description>play native</description>
			<visible>!Skin.HasSetting(VideoInfo_Button_play)</visible>
			<include>Button_VideoInfo</include>
			<label>208</label>
		</control>
		
		<control type="button" id="9">
			<visible>!Skin.HasSetting(VideoInfo_Button_play) + ListItem.IsResumable</visible>
			<include>Button_VideoInfo</include>
			<label>13404</label>
		</control>
		
		<include condition="Window.IsActive(pvrguideinfo)">pvrguideinfo_buttons</include> 
		
		<control type="button" id="20">
			<description>show textviewer plot</description>
			<visible>!Skin.HasSetting(VideoInfo_Button_Plot)</visible>
			<include>Button_VideoInfo</include>
			<label>$LOCALIZE[207]</label>
			<onclick>RunScript(script.embuary.helper,action=textviewer,header='$ESCINFO[ListItem.Title]',message='$ESCINFO[ListItem.Plot]')</onclick>
		</control>
		<control type="button" id="878">
			<visible>!Skin.HasSetting(VideoInfo_Button_FanartSlideshow)</visible>
			<include>Button_VideoInfo</include>
			<label>$LOCALIZE[20445] $LOCALIZE[129]</label>
			<onclick>activatewindow(1121)</onclick>
		</control>
		<control type="togglebutton" id="21">
			<description>Play Trailer</description>
			<visible>!Skin.HasSetting(VideoInfo_Button_Trailer) + $EXP[Has_Trailer]</visible>
			<include>Button_VideoInfo</include>
			<label>20410</label>
			<onclick condition="!String.IsEmpty(ListItem.Trailer)">PlayMedia($INFO[ListItem.Trailer],1)</onclick>
			<onclick condition="String.IsEmpty(ListItem.Trailer) + [!String.IsEmpty(Window(home).Property(listitemtrailer)) + !String.IsEmpty(Window(home).Property(trailer_avail))]">PlayMedia($INFO[Window(home).Property(listitemtrailer)],1)</onclick>
			<onclick>SetProperty(TrailerIsPlaying,true,home)</onclick>
			<usealttexture>!String.IsEmpty(Window(Home).Property(TrailerIsPlaying))</usealttexture>
			<alttexturefocus colordiffuse="$VAR[color_global_button_panel_fo]" diffuse="diffuse/gradienttoplinear100.png" border="25">frames/circler25.png</alttexturefocus>
			<alttexturenofocus colordiffuse="$VAR[color_global_button_panel_nf]" border="25">frames/bordercircler25.png</alttexturenofocus>
			<altlabel>244</altlabel>
			<altclick>FullScreen</altclick>
		</control>
		
		<control type="button" id="122">
			<visible>!String.IsEmpty(Window(Home).Property(TrailerIsPlaying))</visible>
			<include>Button_VideoInfo</include>
			<label>36044</label>
			<onclick>Stop</onclick>
		</control>
		
		<control type="button" id="23">
			<description>Embuary TMDB Info</description>
			<visible>!Skin.HasSetting(EmbuaryTMDBInfo) + System.HasAddon(script.embuary.info) + !String.IsEqual(ListItem.DBTYPE,musicvideo)</visible>
			<include>Button_VideoInfo</include>
			<label>Embuary TMDB Info</label>
			<onclick>RunScript(script.embuary.info,$VAR[embuaryinfo_listitem])</onclick>
		</control>
		
		<control type="button" id="7">
			<description>native set user rating, use setprop to get cond layout for rating in dialogselect based or use cond based on header</description>
			<visible>!Skin.HasSetting(VideoInfo_Button_Rate) + Control.IsEnabled(7)</visible>
			<include>Button_VideoInfo</include>
			<label>Rate Title</label>
		</control>
		
		
		<control type="button" id="10">
			<description>native get Thumb</description>
			<visible>!Skin.HasSetting(VideoInfo_Button_KodiGetThumb)</visible>
			<include>Button_VideoInfo</include>
			<label>13511</label>
		</control>
		
		<control type="button" id="24">
			<description>Artwork Beef get Thumb</description>
			<visible>System.HasAddon(script.artwork.beef)</visible>
			<visible>[String.IsEqual(ListItem.DBType,tvshow) | String.IsEqual(ListItem.DBType,movie) | String.IsEqual(ListItem.DBType,musicvideo) | String.IsEqual(ListItem.DBType,episode)] + [system.hasaddon(script.artwork.beef) + !Skin.HasSetting(VideoInfo_Button_BeefGetThumb)]</visible>
			<include>Button_VideoInfo</include>
			<label>$INFO[System.AddonTitle(script.artwork.beef)]</label>
			<onclick condition="String.IsEqual(ListItem.DBType,episode)">XBMC.RunScript(script.artwork.beef, mode=gui, mediatype=episode, dbid=$INFO[ListItem.DBID])</onclick>
			<onclick condition="String.IsEqual(ListItem.DBType,tvshow)">XBMC.RunScript(script.artwork.beef, mode=gui, mediatype=tvshow, dbid=$INFO[ListItem.DBID])</onclick>
			<onclick condition="String.IsEqual(ListItem.DBType,movie)">XBMC.RunScript(script.artwork.beef, mode=gui, mediatype=movie, dbid=$INFO[ListItem.DBID])</onclick>
		</control>
		<control type="button" id="25">
			<description>Artwork dump get Thumb</description>
			<visible>System.HasAddon(script.artwork.dump)</visible>
			<visible>false + [String.IsEqual(ListItem.DBType,tvshow) | String.IsEqual(ListItem.DBType,movie) | String.IsEqual(ListItem.DBType,musicvideo) | String.IsEqual(ListItem.DBType,episode)] + [system.hasaddon(script.artwork.dump) + !Skin.HasSetting(VideoInfo_Button_BeefGetThumb)]</visible>
			<include>Button_VideoInfo</include>
			<label>$INFO[System.AddonTitle(script.artwork.dump)]</label>
			<onclick condition="String.IsEqual(ListItem.DBType,episode)">XBMC.RunScript(script.artwork.dump, mode=gui, mediatype=episode, dbid=$INFO[ListItem.DBID])</onclick>
			<onclick condition="String.IsEqual(ListItem.DBType,tvshow)">XBMC.RunScript(script.artwork.dump, mode=gui, mediatype=tvshow, dbid=$INFO[ListItem.DBID])</onclick>
			<onclick condition="String.IsEqual(ListItem.DBType,movie)">XBMC.RunScript(script.artwork.dump, mode=gui, mediatype=movie, dbid=$INFO[ListItem.DBID])</onclick>
		</control>
		
		<control type="button" id="6">
			<description>native refresh</description>
			<include>Button_VideoInfo</include>
			<label>184</label>
		</control>
		
		<control type="button" id="801">
			<description>trakt - open dialog ? or add each button themoviedbhelper - add item</description>
			<include>Button_VideoInfo</include>
			<visible>System.HasAddon(plugin.video.themoviedb.helper)</visible>
			<visible>!Skin.HasSetting(VideoInfo_Button_Trakt) + [!String.IsEmpty(Window(home).Property(movie_tmdbid)) | !String.IsEmpty(Window(home).Property(tvshow_tmdbid)) | !String.IsEmpty(Window(home).Property(episodetvshow_tmdbid))]</visible>
			<label>Trakt Functions</label>
			<onclick condition="string.startswith(System.BuildVersion,19.) + !String.IsEmpty(Window(home).Property(movie_tmdbid))">RunScript(plugin.video.themoviedb.helper,sync_trakt,type=movie,tmdb_id=$INFO[Window(home).Property(movie_tmdbid)])</onclick>
			<onclick condition="string.startswith(System.BuildVersion,19.) + !String.IsEmpty(Window(home).Property(tvshow_tmdbid))">RunScript(plugin.video.themoviedb.helper,sync_trakt,type=tv,tmdb_id=$INFO[Window(home).Property(movie_tmdbid)])</onclick>
			<onclick condition="string.startswith(System.BuildVersion,19.) + !String.IsEmpty(Window(home).Property(episodetvshow_tmdbid))">RunScript(plugin.video.themoviedb.helper,sync_trakt,type=tv,tmdb_id=$INFO[ListItem.Property(episodetvshow_tmdbid)],season=$INFO[ListItem.Season],episode=$INFO[ListItem.Episode])</onclick>
			<onclick condition="string.startswith(System.BuildVersion,18.)">ActivateWindow(1104,return)</onclick>
		</control>
		
		<control type="button" id="802">
			<description>close</description>
			<include>Button_VideoInfo</include>
			<label>15067</label>
			<onclick>Close</onclick>
		</control>
				
	</include>
	
	
	<include name="dialog_videoinfo">
		
		<control type="group">
			<visible>!Window.IsActive(filebrowser)</visible>
			<visible>String.IsEmpty(Window(home).Property(movieinformation))</visible>
			<include content="Animation_TransitionFadeOut">
				<param name="condition" value="[Control.HasFocus(8903) | Window.IsActive(textviewer) | Window.IsVisible(script-embuary-video.xml) | Window.IsVisible(script-embuary-person.xml) | Window.IsVisible(script-embuary-image.xml) | Window.IsVisible(1104) | window.IsVisible(1121)]" />
			</include>
			<control type="group">
				<description>bottom info fade studio + folderpath</description>
				<visible>String.IsEqual(Window.Property(AdditionalInfo),infolist) | $EXP[TrailerIsPlaying]</visible>
				<animation effect="fade" end="30" time="0" condition="true">conditional</animation>
				<animation effect="fade" start="0" end="100" time="450">VisibleChange</animation>
				<include content="studiologo_image">
					<visible>$EXP[ListItemClearLogo_IsEmpty]</visible>
					<param name="color" value="$VAR[color_lib_text_main]"/>
					<bottom>20</bottom>
					<right>50</right>
				</include>
				<include content="studiologo_image">
					<visible>![$EXP[ListItemClearLogo_IsEmpty]]</visible>
					<param name="color" value="$VAR[color_lib_text_main]"/>
					<top>140</top>
					<left>470</left>
				</include>
				<control type="label">
					<align>left</align>
					<left>150</left>
					<bottom>2</bottom>
					<width>95%</width>
					<height>40</height>
					<font>notosans_20_bold</font>
					<textcolor>$VAR[color_lib_text_secondary]</textcolor>
					<label>$INFO[ListItem.Folderpath,[B]$LOCALIZE[573]:[/B]    ,]</label>
					<visible>!String.IsEmpty(ListItem.Folderpath)</visible>
				</control>
			</control>
			
			<control type="group">
				<visible>$EXP[TrailerIsPlaying]</visible>
				<animation effect="fade" start="0" end="100" time="750">VisibleChange</animation>
				<left>100</left>
				<top>260</top>
				<width>960</width>
				<height>540</height>
				<control type="image">
					<texture>colors/white.png</texture>
					<colordiffuse>ff000000</colordiffuse>
				</control>
				<control type="videowindow" />
			</control>
			
			<control type="group">
				<description>Info right</description>
				<visible>!String.IsEqual(Window.Property(AdditionalInfo),infocontainer)</visible>
				<animation effect="fade" start="0" end="100" time="450">VisibleChange</animation>
				<width>500</width>
				<height>750</height>
				<right>50</right>
				<top>150</top>
				
				<control type="image">
					<width>440</width>
					<height>440</height>
					<texture background="true" diffuse="diffuse/compactdisk.png">$VAR[ListItemArt_Discart]</texture>
					<aspectratio scalediffuse="false" align="center" aligny="center">keep</aspectratio>
					
					<top>120</top>
					<animation effect="slide" start="0" end="-420,0" tween="cubic" easing="inout" time="500" delay="100">VisibleChange</animation>
					<visible>String.IsEqual(Window.Property(AdditionalInfo),infolist)</visible>
				</control>
				<control type="image">
					<visible>!String.IsEqual(ListItem.DBType,musicvideo) + !Window.IsActive(pvrguideinfo)</visible>
					<height>660</height>
					<width>440</width>
					<description>thumb - test keep</description>
					<aspectratio align="center" aligny="top" scalediffuse="true">stretch</aspectratio>
					<texture background="true" diffuse="diffuse/poster.png" border="5">$VAR[ImageLayout_poster]</texture>
					<!-- <texture background="true" diffuse="artworkdiffuse/poster.png" border="5">$VAR[ImageLayout_poster]</texture> -->
				</control>
				
				<control type="image">
					<visible>String.IsEqual(ListItem.DBType,musicvideo) | Window.IsActive(pvrguideinfo)</visible>
					<height>660</height>
					<width>440</width>
					<description>thumb - test keep</description>
					<aspectratio align="center" aligny="top" scalediffuse="true">keep</aspectratio>
					<texture background="true" diffuse="diffuse/poster.png" border="5">$VAR[ImageLayout_poster]</texture>
				</control>
				
				<control type="image">
					<height>660</height>
					<width>440</width>
					<description>overlay - maybe optional or remove and just simple frame instead</description>
					<visible>!String.IsEqual(ListItem.DBType,musicvideo) + !Window.IsActive(pvrguideinfo)</visible>
					<aspectratio align="center" aligny="top" scalediffuse="true">stretch</aspectratio>
					<texture background="true" colordiffuse="grey" diffuse="diffuse/poster.png">overlay/postertorna.png</texture>
					<!-- <texture background="true" colordiffuse="grey" diffuse="artworkdiffuse/poster.png">overlay/tornpostera.png</texture> -->
				</control>
				<include content="stars_rating">
					<top>-40</top>
					<param name="width" value="440" />
					<param name="height" value="55" />
					<param name="alignx" value="center" />
					<param name="colordiffuse" value="$VAR[color_lib_accent]" />
				</include>
				
			</control>
				
				<include content="Ratings_Footer">
					<visible>!String.IsEqual(Window.Property(AdditionalInfo),infocontainer)</visible>
					<!-- 
					<visible>String.IsEqual(Window.Property(AdditionalInfo),infolist) | $EXP[TrailerIsPlaying]</visible>
					<animation effect="fade" start="0" end="100" time="450">VisibleChange</animation>
					-->
					<top>815</top>
					<param name="rating_align" value="center" />
					<param name="rating_offset_left" value="1250" />
					<param name="rating_offset_right" value="0" />
					<param name="forcedcolor" value="$VAR[color_lib_text_main]" />
				</include>
			
			
			<control type="group">
				<description>Window Heading for Container Items</description>
				<visible>String.IsEqual(Window.Property(AdditionalInfo),infocontainer)</visible>
				<animation effect="fade" start="0" end="100" time="500" reversible="false">VisibleChange</animation>
				<control type="image">
					<top>170</top>
					<width>1880</width>
					<height>1</height>
					<texture colordiffuse="$VAR[color_lib_text_secondary]">colors/white50.png</texture>
				</control>
				<control type="label">
					<height>25</height>
					<right>50</right>
					<top>110</top>
					<width>400</width>
					<font>notosans_32_bold</font>
					<textcolor>$VAR[color_lib_text_main]</textcolor>
					<align>right</align>
					<label>$VAR[DialogInfo_Header]</label>
				</control>
			</control>
			
			<control type="group">
				<animation effect="slide" end="0,-120" time="600" condition="String.IsEqual(Window.Property(AdditionalInfo),infocontainer)">Conditional</animation>
				<left>150</left>
				<top>140</top>
				<control type="image">
					<visible>!$EXP[ListItemClearLogo_IsEmpty]</visible>
					<width>495</width>
					<height>143</height>
					<fadetime>600</fadetime>
					<aspectratio align="left" aligny="bottom">keep</aspectratio>
					<texture background="true">$VAR[ListItemClearLogo]</texture>
				</control>
				<control type="label">
					<visible>$EXP[ListItemClearLogo_IsEmpty]</visible>
					<top>50</top>
					<height>80</height>
					<right>600</right>
					<wrapmultiline>true</wrapmultiline>
					<font>notosans_60_bold</font>
					<align>left</align>
					<textcolor>$VAR[color_lib_text_main]</textcolor>
					<label>$VAR[Title]</label>
				</control>
			</control>
			
			<control type="grouplist">
				<description>Meta Data - left center</description>
				<animation effect="slide" end="0,-850" time="550" tween="cubic" reversible="true" condition="String.IsEqual(Window.Property(AdditionalInfo),infocontainer)">Conditional</animation>
				<animation effect="fade" start="100" end="0" time="650" reversible="false" condition="String.IsEqual(Window.Property(AdditionalInfo),infocontainer)">Conditional</animation>
				<animation effect="slide" end="0,950" time="550" tween="cubic" reversible="true" condition="String.IsEqual(Window.Property(AdditionalInfo),infolist)">Conditional</animation>
				<animation effect="fade" start="100" end="0" time="650" reversible="false" condition="String.IsEqual(Window.Property(AdditionalInfo),infolist)">Conditional</animation>
				<animation effect="fade" start="100" end="0" time="600" condition="$EXP[TrailerIsPlaying]">conditional</animation>
				
				<width>1250</width>
				<height>1000</height>
				<orientation>vertical</orientation>
				<usecontrolcoords>true</usecontrolcoords>
				<itemgap>5</itemgap>
				<left>150</left>
				<top>300</top>
				<include>Animation_OpenClose_FadeZoom</include>
				
				<control type="label">
					<description>kodi bug for seasons if using dbtype check</description>
					<visible>[$EXP[IsEpisode]] | [$EXP[IsSeason]] | !String.IsEmpty(ListItem.TagLine)</visible>
					<height>50</height>
					<label>$VAR[value_subheader]</label>
					<font>notosans_30_semibold</font>
					<textcolor>$VAR[color_lib_accent]</textcolor>
				</control>
				
				<control type="textbox">
					<description>Plot</description>
					<width>800</width>
					<height>188</height>
					<label>$VAR[plot]</label>
					<textcolor>$VAR[color_lib_text_main]</textcolor>
					<align>left</align>
					<font>notosans_27_semibold</font>
				</control>
				<include content="spacer_h">
					<param name="gap" value="20" />
				</include>
				
				<control type="grouplist">
					<description>meta flags</description>
					<usecontrolcoords>true</usecontrolcoords>
					<orientation>horizontal</orientation>
					<left>0</left>
					<itemgap>25</itemgap>
					<height>90</height>
					
					<include content="framedflag">
						<param name="id" />
						<param name="color" value="$VAR[color_lib_text_main]" />
						<visible>!String.IsEmpty(ListItem.Status)</visible>
						<top>25</top>
						<height>40</height>
						<width min="32">auto</width>
						<font>notosans_20_bold</font>
						<label>$INFO[ListItem.Status]</label>
					</include>
					
					<include content="studiologo_image">
						<visible>!String.IsEmpty(Control.GetLabel(7999)) + !String.IsEmpty(ListItem.Studio)</visible>
						<param name="id" value="7999"/>
						<param name="aligny" value="center"/>
						<param name="alignx" value="left"/>
						<param name="width" value="130"/>
						<param name="height" value="90"/>
						<param name="color" value="$VAR[color_lib_text_main]"/>
					</include>
						
					<include content="framedflag">
						<param name="id" />
						<param name="color" value="$VAR[color_lib_text_main]" />
						<visible>String.IsEmpty(Control.GetLabel(7999)) + !String.IsEmpty(ListItem.Studio)</visible>
						<width max="200">auto</width>
						<height>90</height>
						<font>notosans_22_regular</font>
						<label>$INFO[ListItem.Studio]</label>
						<wrapmultiline>true</wrapmultiline>
					</include>
					
					<control type="label">
						<width min="50">auto</width>
						<font>notosans_27_semibold</font>
						<label>$VAR[ListItemPremieredOrYear]</label>
						<textcolor>$VAR[color_lib_text_main]</textcolor>
					</control>
					
					<include content="framedflag">
						<param name="color" value="$VAR[color_lib_text_main]" />
						<visible>!String.IsEmpty(ListItem.MPAA)</visible>
						<top>25</top>
						<height>40</height>
						<width min="32">auto</width>
						<font>notosans_20_bold</font>
						<label>$INFO[ListItem.mpaa]</label>
					</include>
					
					<control type="label">
						<width min="32">auto</width>
						<font>notosans_24_regular</font>
						<label>$VAR[ListItemDurationWithEndTime]</label>
						<textcolor>$VAR[color_lib_text_main]</textcolor>
						<visible>String.IsEmpty(ListItem.Property(TotalEpisodes))</visible>
					</control>
					
					<control type="label">
						<width min="32">auto</width>
						<font>notosans_24_regular</font>
						<label>$INFO[ListItem.Property(TotalEpisodes),$LOCALIZE[20360]: ,  •  ]$INFO[ListItem.Property(unWatchedepisodes),$LOCALIZE[16101]: ,]</label>
						<textcolor>$VAR[color_lib_text_main]</textcolor>
						<visible>!String.IsEmpty(ListItem.Property(TotalEpisodes))</visible>
					</control>
					<include content="framedflag">
						<param name="color" value="$VAR[color_lib_text_main]" />
						<visible>!String.IsEmpty(ListItem.genre)</visible>
						<top>25</top>
						<height>40</height>
						<width min="32">auto</width>
						<font>notosans_20_bold</font>
						<label>$INFO[ListItem.genre]</label>
					</include>
				</control>
					
				<control type="grouplist">
					<description>progress</description>
					<usecontrolcoords>true</usecontrolcoords>
					<orientation>horizontal</orientation>
					<itemgap>40</itemgap>
					<height>50</height>
					<width>950</width>
					<visible>![Container.content(tvshows) | String.IsEqual(ListItem.DBTYPE,tvshow)]</visible>
					<control type="progress">
						<top>30</top>
						<width>700</width>
						<height>2</height>
						<align>left</align>
						<visible>Integer.IsGreater(ListItem.PercentPlayed,0)</visible>
						<info>ListItem.PercentPlayed</info>
					</control>
					<control type="image">
						<top>30</top>
						<width>700</width>
						<height>2</height>
						<align>left</align>
						<texture colordiffuse="$VAR[color_lib_watchedoverlay_progressbar_progress]">colors/white.png</texture>
						<visible>[Integer.IsGreater(ListItem.PlayCount,0) + !ListItem.IsResumable]</visible>
					</control>
					<control type="image">
						<top>30</top>
						<width>700</width>
						<height>2</height>
						<align>left</align>
						<texture colordiffuse="$VAR[color_lib_watchedoverlay_progressbar_remain]">colors/white.png</texture>
						<visible>[!Integer.IsGreater(ListItem.PlayCount,0) + !ListItem.IsResumable]</visible>
					</control>
					<control type="label">
						<top>0</top>
						<width>auto</width>
						<font>notosans_24_regular</font>
						<align>left</align>
						<label>$VAR[PercentPlayed]</label>
						<textcolor>$VAR[color_lib_text_main]</textcolor>
					</control>
				</control>
			</control>
			
			<control type="group">
				<description>Media Flags</description>
				<visible>String.IsEqual(Window.Property(AdditionalInfo),infolist) | $EXP[TrailerIsPlaying]</visible>
				<animation effect="fade" start="0" end="100" time="450">VisibleChange</animation>
				<height>150</height>
				<bottom>100</bottom>
				<left>100</left>
				<include content="MediaFlagGroup_Footer">
					<param name="mediaflag_offset_align" value="left" />
					<param name="mediaflag_width" value="70%" />
					<param name="forcedcolor" value="$VAR[color_lib_text_secondary]" />
				</include>
			</control>
					
			
			<control type="grouplist" id="8000">
				<animation effect="fade" start="100" end="0" time="350" reversible="true" condition="String.IsEqual(Window.Property(AdditionalInfo),infocontainer)">Conditional</animation>
				<animation effect="slide" end="0,100" time="350" reversible="true" condition="String.IsEqual(Window.Property(AdditionalInfo),infolist) | $EXP[TrailerIsPlaying]">Conditional</animation>
				<top>850</top>
				<left>150</left>
				<right>620</right>
				<height>55</height>
				<itemgap>10</itemgap>
				
				<onup condition="String.IsEmpty(Window.Property(AdditionalInfo))">SetFocus(8006)</onup>
				
				<ondown>SetFocus(8005)</ondown>
				
				<onleft>8000</onleft>
				<onright>8000</onright>
				<pagecontrol>60</pagecontrol>
				<orientation>horizontal</orientation>
				
				<include condition="Window.IsActive(pvrguideinfo) | Window.IsActive(PVRRecordingInfo)">pvrguideinfo_buttons</include> 
				<include condition="!Window.IsActive(pvrguideinfo) + !Window.IsActive(PVRRecordingInfo)">videoinfo_buttons</include> 
				
			</control>
			
			<control type="group">
				<description>Nav Buttons</description>
				<animation effect="fade" start="100" end="50" tween="sine" easing="inout" time="800" pulse="true" reversible="false" condition="true">Conditional</animation>
				<width>130</width>
				<centerleft>50%</centerleft>
				
				<control type="button" id="8006">
					<description>up</description>
					<top>10</top>
					<visible>!String.IsEqual(Window.Property(AdditionalInfo),infolist)</visible>
					<focusedcolor />
					<disabledcolor />
					<pulseonselect />
					<textoffsetx />
					<texturefocus />
					<texturenofocus />
					
					<!-- Main Info goto Info List -->
					<onfocus condition="String.IsEmpty(Window.Property(AdditionalInfo))">SetProperty(AdditionalInfo,infolist)</onfocus>
					<onfocus condition="String.IsEmpty(Window.Property(AdditionalInfo))">SetFocus(8003)</onfocus>
					
					<!-- Info Containers goto Main Info -->
					<onfocus condition="String.Contains(Window.Property(AdditionalInfo),infocontainer)">ClearProperty(AdditionalInfo)</onfocus>
					
					<onfocus>SetFocus(8000)</onfocus>
					
					
				</control>
				<control type="button" id="8005">
					<description>down</description>				
					<visible>!String.IsEqual(Window.Property(AdditionalInfo),infocontainer)</visible>
					<bottom>10</bottom>
					<focusedcolor />
					<disabledcolor />
					<pulseonselect />
					<textoffsetx />
					<texturefocus />
					<texturenofocus />
					
					<!-- main page goto Itemcontainers -->
					<onfocus condition="String.IsEmpty(Window.Property(AdditionalInfo))">SetProperty(AdditionalInfo,infocontainer)</onfocus>
					<onfocus condition="String.IsEmpty(Window.Property(AdditionalInfo))">SetFocus(8001)</onfocus>
					
					<!-- Info List goto Main Info -->
					<onfocus condition="String.Contains(Window.Property(AdditionalInfo),infolist)">ClearProperty(AdditionalInfo)</onfocus>
					<onfocus condition="String.Contains(Window.Property(AdditionalInfo),infolist)">SetFocus(8000)</onfocus>
					
				</control>
			</control>
			
			
			<control type="grouplist" id="8001">
				<description>Item Containers</description>
				<animation effect="slide" end="0,-910" time="1000" tween="cubic" reversible="false" condition="String.IsEqual(Window.Property(AdditionalInfo),infocontainer)">conditional</animation>
				<animation effect="slide" start="0,-910" end="0,-0" time="800" tween="cubic" reversible="false" condition="!String.IsEqual(Window.Property(AdditionalInfo),infocontainer)">conditional</animation>
				<animation effect="fade" start="100" end="0" time="250" condition="Control.HasFocus(8903)">conditional</animation>
				<top>1090</top>
				<left>120</left>
				<height>880</height>
				<scrolltime tween="quadratic">400</scrolltime>
				<onup>SetFocus(8006)</onup>
				<orientation>vertical</orientation>
				<itemgap>-50</itemgap>
				<usecontrolcoords>true</usecontrolcoords>
				
				<include content="spacer_h">
					<param name="id" value="8600" />
					<param name="gap" value="-20" />
				</include>
				
				<include content="Universal_ContainerHeader">
					<param name="groupid" value="8501" />
					<param name="id" value="8601" />
					<param name="label" value="$INFO[ListItem.Set,&quot; , &quot;]" />
					<visible>Control.IsVisible(8601)</visible>
				</include>
				<include condition="!Skin.HasSetting(VideoInfo_Content_SetItems) + !String.IsEmpty(ListItem.SetId)" content="Universal_Container">
					<param name="id" value="8601" />
					<param name="visible" value="Integer.IsGreater(Container(8601).NumItems,0) | Container(8601).IsUpdating" />
					<param name="type_height" value="380" />
					
					<param name="layout_height" value="380" />
					<param name="layout_width" value="210" />
					<param name="itemwidth" value="207" />
					<param name="itemheight" value="310" />
					<param name="item_artwork_name" value="poster" />
					<include condition="!Skin.HasSetting(Dialog_ItemsForceSelect)" content="Action_ItemForceInfo">
						<param name="id" value="8601" />
					</include>
					<include condition="Skin.HasSetting(Dialog_ItemsForceSelect)" content="Action_ItemForceSelect">
						<param name="id" value="8601" />
					</include>
					<content target="videos" sortby="year" >videodb://movies/sets/$INFO[ListItem.SetId]/?setid=$INFO[ListItem.SetId]</content>
				</include>
				
				<include content="Universal_ContainerHeader">
					<param name="groupid" value="8502" />
					<param name="id" value="8602" />
					<param name="label" value="Nächste Episode" />
					<visible>Control.IsVisible(8602)</visible>
				</include>
				<include condition="!Skin.HasSetting(VideoInfo_Content_NextUp) + [Integer.IsGreater(ListItem.Property(UnwatchedEpisodes),0) + !String.IsEmpty(ListItem.DBID)]" content="Universal_Container">
					<param name="id" value="8602" />
					<param name="visible" value="Integer.IsGreater(Container(8602).NumItems,0) | Container(8602).IsUpdating" />
					<param name="type_height" value="370" />
					<param name="item_infotags_visible" value="false" />
					<param name="layout_height" value="360" />
					<param name="layout_width" value="612" />
					<param name="itemheight" value="350" />
					<param name="itemwidth" value="595" />
					<param name="item_overlay_fanart" value="!String.IsEqual(ListItem.Art(thumb),OverlaySpoiler.png) | [String.IsEqual(ListItem.Art(thumb),OverlaySpoiler.png) + String.IsEmpty(ListItem.Art(tvshow.landscape))]" />
					<param name="item_artwork_name" value="landscape" />
					<param name="item_infobox_right_visible" value="!String.IsEqual(ListItem.Plot,$LOCALIZE[20370])" />
					<param name="item_artwork_diffuse_themed" value="true" />
					<param name="item_artwork_diffuse_override" value="false" />
					<content limit="1" target="videos" sortby="playcount">videodb://inprogresstvshows/$INFO[ListItem.DBID]/-1/?tvshowid=$INFO[ListItem.DBID]</content>
				</include>
				
				<!-- error - will be empty/visible=false if coming back from embuary.info dialogs dont refresh , labels remain empty if tmdbhelper-->
				<include condition="!Window.IsActive(pvrguideinfo) + !Window.IsActive(PVRRecordingInfo)" content="Universal_ContainerHeader">
					<param name="groupid" value="8503" />
					<param name="id" value="8603" />
					<param name="label" value="$LOCALIZE[344] $INFO[ListItem.Title,  &quot; , &quot;]" />
					<visible>Control.IsVisible(8603)</visible>
				</include>
				<include condition="!Window.IsActive(pvrguideinfo) + !Window.IsActive(PVRRecordingInfo)" content="Universal_Container">
					<param name="id" value="8603" />
					<param name="visible" value="Integer.IsGreater(Container(8603).NumItems,0) | Container(8603).IsUpdating" />
					<param name="type_height" value="380" />
					
					<param name="layout_height" value="380" />
					<param name="layout_width" value="210" />
					<param name="itemwidth" value="207" />
					<param name="itemheight" value="310" />
					<param name="item_artwork_name" value="poster" />
					<include>Action_CastMemberSearchForceOption</include>
					
					<content>$VAR[content_cast]</content>
				</include>
				<include condition="!Window.IsActive(pvrguideinfo) + !Window.IsActive(PVRRecordingInfo)" content="Universal_ContainerHeader">
					<param name="groupid" value="8650" />
					<param name="id" value="50" />
					<param name="label" value="$LOCALIZE[344] $INFO[ListItem.Title,  &quot; , &quot;]" />
					<visible>Control.IsVisible(50)</visible>
				</include>
				<include condition="!Window.IsActive(pvrguideinfo) + !Window.IsActive(PVRRecordingInfo)" content="Universal_Container">
					<description>may use workaround set hidden focus to button which do control moves</description>
					<param name="id" value="50" />
					<param name="visible" value="!Control.IsVisible(8603) + [Integer.IsGreater(Container(50).NumItems,0) | Container(50).IsUpdating]" />
					<param name="type_height" value="380" />
					
					<param name="layout_height" value="380" />
					<param name="layout_width" value="210" />
					<param name="itemwidth" value="207" />
					<param name="itemheight" value="310" />
					<param name="item_artwork_name" value="poster" />
					<!-- <onfocus>SetFocus(8698)</onfocus> -->
				</include>
				
				<include content="Universal_ContainerHeader">
					<param name="groupid" value="8504" />
					<param name="id" value="8604" />
					<param name="label" value="$LOCALIZE[342] &amp; $LOCALIZE[20343] $LOCALIZE[1441] [COLOR=$INFO[Skin.String(ViewDetailsHighlightTextColor)]]$INFO[Container(8603).ListItem.Label, &quot; , &quot;][/COLOR]" />
					<visible>Control.IsVisible(8604) + [Integer.IsGreater(Container(8604).NumItems,0) | Container(8604).IsUpdating]</visible>
				</include>
				<include condition="!Skin.HasSetting(VideoInfo_Content_ItemsByCastMember)" content="Universal_Container">
					<param name="id" value="8604" />
					<param name="visible" value="[Control.IsVisible(8603) + [Integer.IsGreater(Container(8603).NumItems,0) | Container(8603).IsUpdating]] | [!Control.IsVisible(8603) + Control.IsVisible(50)]" />
					<param name="type_height" value="380" />
					
					<param name="layout_height" value="380" />
					<param name="layout_width" value="210" />
					<param name="itemwidth" value="207" />
					<param name="itemheight" value="310" />
					<param name="item_artwork_name" value="poster" />
					
					<include condition="!Skin.HasSetting(Dialog_ItemsForceSelect)" content="Action_ItemForceInfo">
						<param name="id" value="8604" />
					</include>
					<include condition="Skin.HasSetting(Dialog_ItemsForceSelect)" content="Action_ItemForceSelect">
						<param name="id" value="8604" />
					</include>
									
					<content target="videos" sortby="year" sortorder="descending">videodb://movies/titles/?xsp=%7B%22rules%22%3A%7B%22and%22%3A%5B%7B%22field%22%3A%22actor%22%2C%22operator%22%3A%22contains%22%2C%22value%22%3A%5B%22$VAR[videoinfo_cast_container_id]%22%5D%7D%2C%7B%22field%22%3A%22title%22%2C%22operator%22%3A%22isnot%22%2C%22value%22%3A%5B%22$INFO[Window(home).Property(EncodedTitle)]%22%5D%7D%5D%7D%2C%22type%22%3A%22movies%22%7D</content>
					<content target="videos" sortby="year" sortorder="descending">videodb://tvshows/titles/?xsp=%7B%22rules%22%3A%7B%22and%22%3A%5B%7B%22field%22%3A%22actor%22%2C%22operator%22%3A%22contains%22%2C%22value%22%3A%5B%22$VAR[videoinfo_cast_container_id]%22%5D%7D%2C%7B%22field%22%3A%22title%22%2C%22operator%22%3A%22isnot%22%2C%22value%22%3A%5B%22$INFO[Window(home).Property(EncodedTitle)]%22%5D%7D%5D%7D%2C%22type%22%3A%22tvshows%22%7D</content>
				</include>
				
				<include content="Universal_ContainerHeader">
					<param name="groupid" value="8505" />
					<param name="id" value="8605" />
					<param name="label" value="$LOCALIZE[342] $LOCALIZE[19159] $LOCALIZE[20339] [COLOR=$INFO[Skin.String(ViewDetailsHighlightTextColor)]]$INFO[ListItem.Director, &quot; , &quot;][/COLOR]" />
					<visible>Control.IsVisible(8605)</visible>
				</include>
				<include condition="!Skin.HasSetting(VideoInfo_Content_Director) + !String.IsEmpty(ListItem.Director)" content="Universal_Container">
					<param name="id" value="8605" />
					<param name="visible" value="Integer.IsGreater(Container(8605).NumItems,0) | Container(8605).IsUpdating" />
					<param name="type_height" value="380" />
					
					<param name="layout_height" value="380" />
					<param name="layout_width" value="210" />
					<param name="itemwidth" value="207" />
					<param name="itemheight" value="310" />
					<param name="item_artwork_name" value="poster" />
					
					<include condition="!Skin.HasSetting(Dialog_ItemsForceSelect)" content="Action_ItemForceInfo">
						<param name="id" value="8605" />
					</include>
					<include condition="Skin.HasSetting(Dialog_ItemsForceSelect)" content="Action_ItemForceSelect">
						<param name="id" value="8605" />
					</include>
					<content>
						<item>
							<visible>System.HasAddon(resource.images.moviedirectorthumbs)</visible>
							<label>$INFO[ListItem.Director]</label>
							<description>may add custom onclick open search prop director items</description>
							<thumb fallback="defaultdirector.png">$INFO[ListItem.Director,resource.images.moviedirectorthumbs/,.png]</thumb>
						</item>
					</content>
					<content target="videos" sortby="year" sortorder="descending">videodb://movies/titles/?xsp=%7B%22rules%22%3A%7B%22and%22%3A%5B%7B%22field%22%3A%22director%22%2C%22operator%22%3A%22contains%22%2C%22value%22%3A%5B%22$INFO[ListItem.Director]%22%5D%7D%2C%7B%22field%22%3A%22title%22%2C%22operator%22%3A%22isnot%22%2C%22value%22%3A%5B%22$INFO[Window(home).Property(EncodedTitle)]%22%5D%7D%5D%7D%2C%22type%22%3A%22movies%22%7D</content>
				</include>
				
				<include condition="!Window.IsActive(pvrguideinfo) + !Window.IsActive(PVRRecordingInfo)" content="Universal_ContainerHeader">
					<param name="groupid" value="8522" />
					<param name="id" value="8622" />
					<param name="label" value="Crew [COLOR=$INFO[Skin.String(ViewDetailsHighlightTextColor)]]$INFO[ListItem.Title,  &quot; , &quot;][/COLOR]" />
					<visible>Control.IsVisible(8622)</visible>
				</include>
				<include condition="!Skin.HasSetting(VideoInfo_Content_tmdbhelper_crew) + [!Window.IsActive(pvrguideinfo) + !Window.IsActive(PVRRecordingInfo) + !String.IsEqual(ListItem.dbtype,musicvideo) + System.HasAddon(plugin.video.themoviedb.helper) + !$EXP[IsOfflineMode]]" content="Universal_Container">
					<param name="id" value="8622" />
					<param name="visible" value="Integer.IsGreater(Container(8622).NumItems,0) | Container(8622).IsUpdating" />
					<param name="type_height" value="380" />
					
					<param name="layout_height" value="380" />
					<param name="layout_width" value="210" />
					<param name="itemwidth" value="207" />
					<param name="itemheight" value="310" />
					<param name="item_artwork_name" value="poster" />
					
					<include>Action_CastMemberSearchForceOption</include>
					<content limit="15" target="videos">plugin://plugin.video.themoviedb.helper/?info=crew&amp;$VAR[videoinfo_tmdb_helper_type]&amp;$VAR[videoinfo_tmdb_helper_query]</content>
				</include>
				<!-- similiar -->
				<include content="Universal_ContainerHeader">
					<param name="groupid" value="8510" />
					<param name="id" value="8610" />
					<param name="label" value="Similiar [COLOR=$INFO[Skin.String(ViewDetailsHighlightTextColor)]]$INFO[ListItem.Title,  &quot; , &quot;][/COLOR]" />
					<visible>Control.IsVisible(8610)</visible>
				</include>
				<include condition="!Skin.HasSetting(VideoInfo_Content_Similiar) + [!String.IsEmpty(ListItem.DBType) + !String.IsEmpty(ListItem.DBID)]" content="Universal_Container">
					<param name="id" value="8610" />
					<param name="visible" value="Integer.IsGreater(Container(8610).NumItems,0) | Container(8610).IsUpdating" />
					<param name="type_height" value="380" />
					
					<param name="layout_height" value="380" />
					<param name="layout_width" value="210" />
					<param name="itemwidth" value="207" />
					<param name="itemheight" value="310" />
					<param name="item_artwork_name" value="poster" />
					
					<include condition="!Skin.HasSetting(Dialog_ItemsForceSelect)" content="Action_ItemForceInfo">
						<param name="id" value="8601" />
					</include>
					<include condition="Skin.HasSetting(Dialog_ItemsForceSelect)" content="Action_ItemForceSelect">
						<param name="id" value="8601" />
					</include>
					
					<content target="videos">plugin://script.embuary.helper/?info=getsimilar&amp;dbid=$INFO[ListItem.DBID]&amp;type=$INFO[ListItem.DBType]</content>
				</include>
				
				<!-- OST lib -->
				<include content="Universal_ContainerHeader">
					<param name="groupid" value="8520" />
					<param name="id" value="8620" />
					<param name="label" value="Soundtrack [COLOR $INFO[Skin.String(ViewDetailsHighlightTextColor)]]$VAR[Title,  &quot; , &quot;][/COLOR]" />
					<visible>Control.IsVisible(8620)</visible>
				</include>
				<include condition="!Skin.HasSetting(VideoInfo_Content_Library_OST)" content="Universal_Container">
					<param name="id" value="8620" />
					<param name="visible" value="Integer.IsGreater(Container(8999).NumItems,0) + !Container(8999).IsUpdating" />
					<param name="type_height" value="365" />
					
					<param name="layout_height" value="355" />
					<param name="layout_width" value="300" />
					<param name="itemheight" value="280" />
					<param name="itemwidth" value="280" />
					<param name="item_overlay_fanart" value="true" />
					<param name="item_artwork_name" value="square" />
					<content target="music" sortby="tracknumber">$INFO[Container(8999).ListItem.Folderpath]</content>
				</include>
				
				<include content="Universal_ContainerHeader">
					<param name="groupid" value="8521" />
					<param name="id" value="8621" />
					<param name="label" value="Soundtrack[COLOR $INFO[Skin.String(ViewDetailsHighlightTextColor)]]$VAR[Title,  &quot; , &quot;][/COLOR] (YouTube Results)" />
					<visible>Control.IsVisible(8621)</visible>
				</include>
				
				<include condition="!Skin.HasSetting(VideoInfo_Content_Youtube_OST) + [System.HasAddon(plugin.video.youtube) + !$EXP[IsOfflineMode]]" content="Universal_Container">
					<param name="id" value="8621" />
					<param name="visible" value="!Integer.IsGreater(Container(8999).NumItems,0) + [Integer.IsGreater(Container(8621).NumItems,0) | Container(8621).IsUpdating]" />
					<param name="type_height" value="365" />
					<param name="layout_height" value="355" />
					<param name="layout_width" value="355" />
					<param name="itemheight" value="280" />
					<param name="itemwidth" value="355" />
					<param name="item_overlay_fanart" value="true" />
					<param name="item_artwork_name" value="square" />
					<onclick>PlayMedia($INFO[ListItem.FilenameAndPath],1,noresume)</onclick>
					<content target="video" sortby="file" limit="25">$VAR[videoinfo_content_youtube_soundtrack]</content>
				</include> 
				
				<!-- YOU TUBE common-->
				<include content="Universal_ContainerHeader">
					<param name="groupid" value="8511" />
					<param name="id" value="8611" />
					<param name="label" value="YouTube Results for [COLOR=$INFO[Skin.String(ViewDetailsHighlightTextColor)]]$VAR[Title,  &quot; , &quot;][/COLOR]" />
					<visible>Control.IsVisible(8611)</visible>
				</include>
				<include condition="!Skin.HasSetting(VideoInfo_Content_Youtube) + [System.HasAddon(plugin.video.youtube) + !$EXP[IsOfflineMode]]" content="Universal_Container">
					<param name="id" value="8611" />
					<param name="visible" value="Integer.IsGreater(Container(8611).NumItems,0) | Container(8611).IsUpdating" />
					<param name="type_height" value="365" />
					
					<param name="layout_height" value="355" />
					<param name="layout_width" value="490" />
					<param name="itemheight" value="280" />
					<param name="itemwidth" value="476" />
					<param name="item_overlay_fanart" value="true" />
					<param name="item_artwork_name" value="landscape" />
					<onclick>Close</onclick>
					<onclick>PlayMedia($INFO[ListItem.FilenameAndPath],noresume)</onclick>
					<content target="videos" sortby="file" limit="25">$VAR[videoinfo_content_youtube]</content>
				</include>
				
				<!-- stored extra fanart $LOCALIZE[20438]-->
				<include content="Universal_ContainerHeader">
					<param name="groupid" value="8506" />
					<param name="id" value="8606" />
					<param name="label" value="$LOCALIZE[20445]" />
					<visible>Control.IsVisible(8606)</visible>
				</include>
				<include content="Universal_Container">
					<param name="id" value="8606" />
					<param name="visible" value="Integer.IsGreater(Container(8606).NumItems,0) | Container(8606).IsUpdating" />
					<param name="type_height" value="370" />
					<param name="item_infotags_visible" value="false" />
					<param name="layout_height" value="370" />
					<param name="layout_width" value="612" />
					<param name="itemheight" value="365" />
					<param name="itemwidth" value="620" />
					<param name="item_artwork_name" value="fanart" />
					
					<param name="item_artwork_diffuse_themed" value="true" />
					<param name="item_artwork_diffuse_override" value="false" />
		
					
					<pagecontrol>89060</pagecontrol>
					
							<!-- remote nav not workin :-(  7099 -->
							<!-- <onclick>SetProperty(slideoshow_currentitemnum,$INFO[container(8606).currentitem],home)</onclick> -->
							<!-- <onclick>activatewindow(1121)</onclick> -->
					<onclick condition="Skin.HasSetting(UseExtraFanartFolder)">SetFocus(8901)</onclick>
					<onclick condition="!Skin.HasSetting(UseExtraFanartFolder)">SetFocus(8903)</onclick>
					
					<include condition="!Skin.HasSetting(UseExtraFanartFolder)" content="ExtrafanartSource" />
					<include condition="!Skin.HasSetting(UseExtraFanartFolder) + [Container.Content(seasons) | String.IsEqual(listitem.dbtype,season) | Container.Content(episodes) | String.IsEqual(listitem.dbtype,episode)]" content="ExtrafanartSource">
						<param name="prefix" value="tvshow." />
					</include>
					<include condition="!Skin.HasSetting(UseExtraFanartFolder) + [Container.Content(musicvideos) | String.IsEqual(listitem.dbtype,musicvideo)]" content="ExtrafanartSource">
						<param name="prefix" value="artist." />
					</include>
					<include condition="Skin.HasSetting(UseExtraFanartFolder)">ExtrafanartFolderPath</include>
				</include>
				
				<!-- stored extra thumbs ,content placeholder -->
				<include content="Universal_ContainerHeader">
					<param name="groupid" value="8507" />
					<param name="id" value="8607" />
					<param name="label" value="EXTRA THUMBS" />
					<visible>Control.IsVisible(8607)</visible>
				</include>
				<include condition="Skin.HasSetting(UseExtraFanartFolder)" content="Universal_Container">
					<param name="id" value="8607" />
					<param name="type" value="fixedlist" />
					<param name="visible" value="[Integer.IsGreater(Container(8607).NumItems,0) | Container(8607).IsUpdating]" />
					<param name="type_height" value="370" />
					<param name="item_infotags_visible" value="false" />
					<param name="layout_height" value="370" />
					<param name="layout_width" value="612" />
					<param name="itemheight" value="365" />
					<param name="itemwidth" value="620" />
					<param name="item_artwork_name" value="landscape" />
					<param name="item_artwork_diffuse_themed" value="true" />
					<param name="item_artwork_diffuse_override" value="false" />
					
					<focusposition>1</focusposition>
					<pagecontrol>89060</pagecontrol>
					<onclick>SetFocus(8902)</onclick>
					<content>$VAR[extraThumbsLocation]</content>
				</include>
				
				<!-- stored extras -->
				<include content="Universal_ContainerHeader">
					<param name="groupid" value="8509" />
					<param name="id" value="8609" />
					<param name="label" value="Bonusmaterial" />
					<visible>Control.IsVisible(8609)</visible>
				</include>
				
				<control type="panel" id="8609">
					<top>50</top>
					<height>370</height>
					<visible>!String.IsEmpty(Window(home).Property(bonuscontentavail)) + [Integer.IsGreater(Container(8609).NumItems,0) | Container(8609).IsUpdating]</visible>
					
					<onclick>Close</onclick>
					
					<itemlayout height="130" width="450">
						<control type="group">
							<height>120</height>
							<width>440</width>
							<control type="image">
								<texture diffuse="artworkdiffuse/banner.png" colordiffuse="ff131313">colors/white.png</texture>
								<aspectratio scalediffuse="false" aligny="center" align="center">stretch</aspectratio>
								<bordersize>8</bordersize>
							</control>
							<control type="textbox">
								<info>listitem.label</info>
								<centertop>50%</centertop>
								<align>center</align>
								<wrapmultiline>true</wrapmultiline>
								<left>10</left>
								<right>10</right>
								<font>notosans_18_bold</font>
							</control>
						</control>
					</itemlayout>
					<focusedlayout height="130" width="450">
						<control type="group">
							<include condition="true">Animation_Item_Focus</include>
							<height>120</height>
							<width>440</width>
							<control type="image">
								<texture diffuse="artworkdiffuse/banner.png" colordiffuse="white">colors/white.png</texture>
								<aspectratio scalediffuse="false" aligny="center" align="center">stretch</aspectratio>
								<bordersize>4</bordersize>
							</control>
							<control type="image">
								<texture diffuse="artworkdiffuse/banner.png" colordiffuse="ff131313">colors/white.png</texture>
								<aspectratio scalediffuse="false" aligny="center" align="center">stretch</aspectratio>
								<bordersize>8</bordersize>
							</control>
							<control type="textbox">
								<info>listitem.label</info>
								<centertop>50%</centertop>
								<align>center</align>
								<wrapmultiline>true</wrapmultiline>
								<left>10</left>
								<right>10</right>
								<font>notosans_18_bold</font>
							</control>
						</control>
					</focusedlayout>
					<onclick>PlayMedia($INFO[ListItem.FilenameAndPath],noresume)</onclick>
					<content>$VAR[extrasLocation_lookup]</content>
					
					
				</control>
			</control>
			
			<!--  INFOS TOP -->
			<control type="panel" id="8003">
				<animation effect="slide" end="0,1200" time="1000" tween="cubic" reversible="false" condition="String.IsEqual(Window.Property(AdditionalInfo),infolist)">conditional</animation>
				<animation effect="slide" start="0,1200" end="0,-0" time="800" tween="cubic" reversible="false" condition="!String.IsEqual(Window.Property(AdditionalInfo),infolist)">conditional</animation>
				<animation effect="fade" start="0" end="100" time="600" reversible="false" condition="String.IsEqual(Window.Property(AdditionalInfo),infolist)">conditional</animation>
				
				<animation effect="fade" start="100" end="0" time="600" condition="$EXP[TrailerIsPlaying]">conditional</animation>
				
				<top>-910</top>
				<!-- 
				<centerleft>30%</centerleft>
                <width>1000</width>
				-->
				<left>150</left>
				<width>1000</width>
				<autoscroll>true</autoscroll>
				<height>540</height>
				<orientation>horizontal</orientation>
				
				<itemlayout width="500" height="90">
					<include content="Static_InfoList" />
				</itemlayout>
				<focusedlayout />
				<content>
					<item>
						<label>$LOCALIZE[36910]</label>
						<label2>$INFO[ListItem.Set]</label2>
						<visible>!String.IsEmpty(ListItem.SetID)</visible>
					</item>
					<item>
						<label>$LOCALIZE[20416]</label>
						<label2>$INFO[ListItem.Premiered]</label2>
						<visible>!String.IsEmpty(ListItem.Premiered)</visible>
					</item>
					<item>
						<label>$LOCALIZE[345]</label>
						<label2>$INFO[ListItem.Year]</label2>
						<visible>String.IsEmpty(ListItem.Premiered) + !String.IsEmpty(ListItem.Year)</visible>
					</item>
					<item>
						<label>$LOCALIZE[20360]</label>
						<label2>$INFO[ListItem.Property(TotalEpisodes),$LOCALIZE[20360]: ,  •  ]$INFO[ListItem.Property(unWatchedepisodes),$LOCALIZE[16101]: ,]</label2>
						<visible>!String.IsEmpty(ListItem.Property(TotalEpisodes))</visible>
					</item>
					<item>
						<label>$LOCALIZE[515]</label>
						<label2>$INFO[ListItem.Genre]</label2>
						<visible>!String.IsEmpty(ListItem.Genre)</visible>
					</item>
					<!-- <item>
						<label>$LOCALIZE[20459]</label>
						<label2>$INFO[ListItem.Tag]</label2>
						<visible>!String.IsEmpty(ListItem.Tag)</visible>
					</item> -->
					<item>
						<label>$LOCALIZE[574]</label>
						<label2>$INFO[ListItem.Country]</label2>
						<visible>!String.IsEmpty(ListItem.Country)</visible>
					</item>
					<item>
						<label>$LOCALIZE[20339]</label>
						<label2>$INFO[ListItem.Director]</label2>
						<visible>!String.IsEmpty(ListItem.Director)</visible>
					</item>
					<item>
						<label>$LOCALIZE[20417]</label>
						<label2>$INFO[ListItem.Writer]</label2>
						<visible>!String.IsEmpty(ListItem.Writer)</visible>
					</item>
					<item>
						<label>$LOCALIZE[20074]</label>
						<label2>$INFO[ListItem.MPAA]</label2>
						<visible>!String.IsEmpty(ListItem.MPAA)</visible>
					</item>
					<item>
						<label>$LOCALIZE[126]</label>
						<label2>$INFO[ListItem.Status]</label2>
						<visible>!String.IsEmpty(ListItem.Status)</visible>
					</item>
					<item>
						<label>$LOCALIZE[31212] $LOCALIZE[31213]</label>
						<label2>$INFO[Window(Home).Property(SkinHelper.ListItem.airdaytime.label)]</label2>
						<visible>!String.IsEmpty(Window(Home).Property(SkinHelper.ListItem.airdaytime.label))</visible>
					</item>
					<item>
						<label>$LOCALIZE[563]</label>
						<label2>$INFO[ListItem.RatingAndVotes]</label2>
						<visible>!String.IsEmpty(ListItem.RatingAndVotes)</visible>
					</item>
					<item>
						<label>$LOCALIZE[13409]</label>
						<label2>$INFO[ListItem.Top250,# ,]</label2>
						<visible>!String.IsEmpty(ListItem.Top250)</visible>
					</item>
					<item>
						<label>$LOCALIZE[29909]</label>
						<label2>$INFO[ListItem.Studio]</label2>
						<visible>!String.IsEmpty(ListItem.Studio)</visible>
					</item>
					<item>
						<label>Einnahmen</label>
						<label2>$INFO[Window(Home).Property(SkinHelper.ListItem.Revenue.formatted),, $]</label2>
						<visible>!String.IsEmpty(Window(Home).Property(SkinHelper.ListItem.Revenue.formatted))</visible>
					</item>
					<item>
						<label>Budget</label>
						<label2>$INFO[Window(Home).Property(SkinHelper.ListItem.Budget.formatted),, $]</label2>
						<visible>!String.IsEmpty(Window(Home).Property(SkinHelper.ListItem.Budget.formatted))</visible>
					</item>
					<item>
						<label>BoxOffice</label>
						<label2>$INFO[Window(Home).Property(SkinHelper.ListItem.BoxOffice.formatted),, $]</label2>
						<visible>!String.IsEmpty(Window(Home).Property(SkinHelper.ListItem.BoxOffice.formatted))</visible>
					</item>
					<item>
						<label>Awards</label>
						<label2>$INFO[Window(Home).Property(SkinHelper.ListItem.Awards)]</label2>
						<visible>!String.IsEmpty(Window(Home).Property(SkinHelper.ListItem.Awards))</visible>
					</item>
					<item>
						<label />
						<label2 />
						<visible>true</visible>
					</item>
					<item>
						<label>$LOCALIZE[21447]</label>
						<label2>$INFO[ListItem.AudioLanguage]</label2>
						<visible>!String.IsEmpty(ListItem.AudioLanguage) | !String.IsEmpty(ListItem.Property(AudioLanguage.1))</visible>
						<icon>$INFO[ListItem.AudioLanguage,resource://resource.images.languageflags.colour/,.png]</icon>
						<property name="Icon2">$INFO[ListItem.Property(AudioLanguage.2),resource://resource.images.languageflags.colour/,.png]</property>
						<property name="Icon3">$INFO[ListItem.Property(AudioLanguage.3),resource://resource.images.languageflags.colour/,.png]</property>
						<property name="Icon4">$INFO[ListItem.Property(AudioLanguage.4),resource://resource.images.languageflags.colour/,.png]</property>
					</item>
					<item>
						<label>$LOCALIZE[21448]</label>
						<label2 />
						<visible>!String.IsEmpty(ListItem.SubtitleLanguage) | !String.IsEmpty(ListItem.Property(SubtitleLanguage.1))</visible>
						<icon>$INFO[ListItem.SubtitleLanguage,resource://resource.images.languageflags.colour/,.png]</icon>
						<property name="Icon2">$INFO[ListItem.Property(SubtitleLanguage.2),resource://resource.images.languageflags.colour/,.png]</property>
						<property name="Icon3">$INFO[ListItem.Property(SubtitleLanguage.3),resource://resource.images.languageflags.colour/,.png]</property>
						<property name="Icon4">$INFO[ListItem.Property(SubtitleLanguage.4),resource://resource.images.languageflags.colour/,.png]</property>
					</item>
					
				</content>
			</control>
		</control>
	</include>
		
	<include name="videoinfo_fetch_OST_local">
		<control type="list" id="8999">
			<description>soundtrack variable videoinfo_ost_lookup</description>
			<include>HiddenContainer</include>
			<visible>Integer.IsGreater(Container(8999).NumItems,0) | Container(8999).IsUpdating</visible>
			<content limit="1">musicdb://albums/?xsp=%7B%22rules%22%3A%7B%22and%22%3A%5B%7B%22field%22%3A%22album%22%2C%22operator%22%3A%22contains%22%2C%22value%22%3A%5B%22$INFO[Window(home).Property(EncodedTitle)]%22%5D%7D%2C%7B%22field%22%3A%22type%22%2C%22operator%22%3A%22contains%22%2C%22value%22%3A%5B%22soundtrack%22%5D%7D%5D%7D%2C%22type%22%3A%22albums%22%7D</content>
		</control>
	</include>
	<include name="Action_ItemForceInfo">
		<onclick>Dialog.Close(all,true)</onclick>
		<include condition="string.startswith(System.BuildVersion,18.)" content="Action_ItemForceInfo_leia">
			<param name="id" value="$PARAM[id]" />
		</include>
		<include condition="!string.startswith(System.BuildVersion,18.)" content="Action_ItemForceInfo_current">
			<param name="id" value="$PARAM[id]" />
		</include>
		<onclick condition="true">Notification($INFO[Container($PARAM[id]).ListItem.dbid] $NUMBER[$PARAM[id]],$NUMBER[$PARAM[id]]  $PARAM[id])</onclick>
		<onclick>AlarmClock(delayedaction,Action(info),00:00)</onclick>
	</include>
	
	<include name="Action_ItemForceInfo_leia">
		<onclick condition="String.IsEqual(Container($PARAM[id]).ListItem.dbtype,movie) + [!System.GetBool(videolibrary.groupmoviesets) | [System.GetBool(videolibrary.groupmoviesets) + String.IsEmpty(Container($PARAM[id]).ListItem.SetId)]]">ReplaceWindow(Videos,videodb://movies/titles/$INFO[Container($PARAM[id]).ListItem.dbid])</onclick>
		<onclick condition="String.IsEqual(Container($PARAM[id]).ListItem.dbtype,movie) + System.GetBool(videolibrary.groupmoviesets) + !String.IsEmpty(Container($PARAM[id]).ListItem.SetId)">ReplaceWindow(Videos,videodb://movies/sets/$INFO[Container($PARAM[id]).ListItem.SetId]/$INFO[Container($PARAM[id]).ListItem.dbid]?setid=$INFO[Container($PARAM[id]).ListItem.SetId])</onclick>
		<onclick condition="String.IsEqual(Container($PARAM[id]).ListItem.dbtype,tvshow)">ReplaceWindow(Videos,videodb://tvshows/titles/$INFO[Container($PARAM[id]).ListItem.dbid])</onclick>
	</include>
	
	<include name="Action_ItemForceInfo_current">
		<onclick>Dialog.Close(all,true)</onclick>
		<onclick>Container.Update(videodb://$INFO[Container($PARAM[id]).ListItem.dbtype]s/titles/?xsp=%7B%22rules%22%3A%7B%22and%22%3A%5B%7B%22field%22%3A%22title%22%2C%22operator%22%3A%22is%22%2C%22value%22%3A%5B%22$INFO[Container($PARAM[id]).ListItem.Title]%22%5D%7D%5D%7D%2C%22type%22%3A%22$INFO[Container($PARAM[id]).ListItem.dbtype]s%22%7D)</onclick>
	</include>
	
	
	
	<include name="Action_ItemForceSelect">
		<onclick condition="String.IsEqual(Container($PARAM[id]).ListItem.dbtype,movie)">PlayMedia($INFO[Container($PARAM[id]).ListItem.filenameandpath],resume)</onclick>
		<onclick>Dialog.Close(movieinformation)</onclick>
		<onclick condition="String.IsEqual(Container($PARAM[id]).ListItem.dbtype,tvshow)">ReplaceWindow(Videos,videodb://tvshows/titles/$INFO[Container($PARAM[id]).ListItem.dbid]/)</onclick> 
	</include>
	
	<!-- test avoid call via visible condition fail, use variable instead -->
	<variable name="content_youtube_videoinfo">
		<value condition="!$EXP[IsOfflineMode] + System.HasAddon(plugin.video.youtube)">plugin://plugin.video.youtube/search/?q=$VAR[Title]</value>
	</variable>
	
	<variable name="directorthumb">
		<value condition="System.HasAddon(resource.images.moviedirectorthumbs)">$INFO[ListItem.Director,resource.images.moviedirectorthumbs/,.png]</value>
		<value>defaultdirector.png</value>
	</variable>
	
	
	
	
	
	<variable name="Title">
		<value condition="String.IsEqual(ListItem.dbtype,episode) | String.IsEqual(ListItem.dbtype,season)">$INFO[ListItem.TVShowTitle]</value>
		<value>$INFO[ListItem.Title]</value>
	</variable>
	<variable name="videoinfo_youtube_SearchLabel">
		<value condition="String.IsEqual(ListItem.dbtype,episode) | String.IsEqual(ListItem.dbtype,season)">$INFO[ListItem.TVShowTitle]</value>
		<value condition="!String.IsEmpty(ListItem.TVShowTitle)">$INFO[ListItem.TVShowTitle] $LOCALIZE[20364]</value>
		<value>$INFO[ListItem.Title]</value>
	</variable>
	
	<!-- <value condition="!$EXP[IsOfflineMode] + System.HasAddon(plugin.video.youtube)">plugin://plugin.video.youtube/kodion/search/query/?q=$VAR[videoinfo_youtube_SearchLabel,, OST]&amp;searchtype=playlist</value> -->
	<variable name="videoinfo_content_youtube_soundtrack">
		<value condition="!$EXP[IsOfflineMode] + System.HasAddon(plugin.video.youtube)">plugin://plugin.video.youtube/search/?q=$VAR[videoinfo_youtube_SearchLabel,, OST]</value>
	</variable>
	<variable name="videoinfo_content_youtube">
		<value condition="!$EXP[IsOfflineMode] + System.HasAddon(plugin.video.youtube)">plugin://plugin.video.youtube/search/?q=$VAR[videoinfo_youtube_SearchLabel]</value>
	</variable>
	
	<!-- KODI BUG - EVEN IF dbtype=season - it'll fallback to IsTvShow expression -->
	<variable name="value_subheader">
		<value condition="$EXP[IsEpisode]">$INFO[ListItem.Season,$LOCALIZE[20373] , • ]$INFO[ListItem.Episode,$LOCALIZE[20452] [B],[/B]]$INFO[ListItem.Title, : [B],[/B]]</value>
		<value condition="$EXP[IsSeason]">$INFO[ListItem.Label]</value>
		<value condition="$EXP[IsTVShow]">$VAR[NumerusSeasons] $INFO[ListItem.Property(TotalSeasons)]</value>
		<value condition="!String.IsEmpty(ListItem.TagLine)">$INFO[ListItem.TagLine]</value>
	</variable>	
	<variable name="NumerusSeasons">
		<value condition="Integer.IsEqual(ListItem.Property(TotalSeasons),1)">$LOCALIZE[20373]</value>
		<value>$LOCALIZE[33054]</value>
	</variable>
	
	<variable name="EncodeTitle">
		<value condition="[ContainerContent(episodes) | String.IsEqual(ListItem.DBTYPE,episode)]">$INFO[ListItem.TVShowTitle]</value>
		<value>$INFO[ListItem.Label]</value>
	</variable>
		<!-- keep for later check , but not in use anymore -->
		<variable name="Similiar_Content">
			<value condition="String.IsEqual(ListItem.DBType,movie) + !String.IsEmpty(ListItem.DBID)">plugin://script.embuary.helper/?info=getsimilar&amp;dbid=$INFO[ListItem.DBID]&amp;type=movie</value>
			<value condition="String.IsEqual(ListItem.DBType,tvshow) + !String.IsEmpty(ListItem.DBID)">plugin://script.embuary.helper/?info=getsimilar&amp;dbid=$INFO[ListItem.DBID]&amp;type=tvshow</value>
		</variable>
	<include name="Button_VideoInfo">
		<width>280</width>
		<height>45</height>
		<align>center</align>
		<aligny>center</aligny>
		<textoffsetx>30</textoffsetx>
		<focusedcolor>$VAR[color_global_button_text_fo]</focusedcolor>
		<textcolor>$VAR[color_global_button_text_nf]</textcolor>
		<texturefocus colordiffuse="$VAR[color_global_button_panel_fo]" diffuse="diffuse/gradienttoplinear100.png" border="25">frames/circler25.png</texturefocus>
		<texturenofocus colordiffuse="$VAR[color_global_button_panel_nf]" border="25">frames/bordercircler25.png</texturenofocus>
	</include>
	
	<include name="Static_InfoList">
		<control type="group">
			<width>470</width>
			<height>85</height>
			<control type="label">
				<height>20</height>
				<font>notosans_24_regular</font>
				<aligny>center</aligny>
				<textcolor>$VAR[color_lib_accent]</textcolor>
				<label>$INFO[ListItem.Label,[B],[/B]]</label>
			</control>
			<control type="textbox">
				<height>60</height>
				<wrapmultiline>true</wrapmultiline>
				<top>22</top>
				<font>notosans_22_regular</font>
				<aligny>top</aligny>
				<textcolor>$VAR[color_lib_text_main]</textcolor>
				<label>$INFO[ListItem.Label2]</label>
			</control>
			
			<control type="image">
				<top>25</top>
				<width>40</width>
				<height>40</height>
				<texture>$INFO[ListItem.Icon]</texture>
				<visible>!String.IsEmpty(ListItem.Icon)</visible>
			</control>
			<control type="image">
				<top>25</top>
				<left>50</left>
				<width>40</width>
				<height>40</height>
				<texture>$INFO[ListItem.Property(Icon2)]</texture>
				<visible>!String.IsEmpty(ListItem.Property(Icon2))</visible>
			</control>
			<control type="image">
				<top>25</top>
				<left>100</left>
				<width>40</width>
				<height>40</height>
				<texture>$INFO[ListItem.Property(Icon3)]</texture>
				<visible>!String.IsEmpty(ListItem.Property(Icon3))</visible>
			</control>
			<control type="image">
				<top>25</top>
				<left>150</left>
				<width>40</width>
				<height>40</height>
				<texture>$INFO[ListItem.Property(Icon4)]</texture>
				<visible>!String.IsEmpty(ListItem.Property(Icon4))</visible>
			</control>
			
			
		</control>
	</include>
	<include name="Static_InfoList_video">
		<control type="group">
			<width>240</width>
			<height>30</height>
			
			<control type="label">
				<height>30</height>
				<width>100</width>
				<font>notosans_16_bold</font>
				<align>right</align>
				<aligny>center</aligny>
				<textcolor>$VAR[color_osdvideo_main]</textcolor>
				<label>$INFO[ListItem.Label,[B],[/B]]</label>
			</control>
			<control type="image">
				<left>110</left>
				<width>30</width>
				<height>30</height>
				<texture>$INFO[ListItem.Icon]</texture>
				<visible>!String.IsEmpty(ListItem.Icon)</visible>
			</control>
			<control type="image">
				<left>140</left>
				<width>30</width>
				<height>30</height>
				<texture>$INFO[ListItem.Property(Icon2)]</texture>
				<visible>!String.IsEmpty(ListItem.Property(Icon2))</visible>
			</control>
			<control type="image">
				<left>170</left>
				<width>30</width>
				<height>30</height>
				<texture>$INFO[ListItem.Property(Icon3)]</texture>
				<visible>!String.IsEmpty(ListItem.Property(Icon3))</visible>
			</control>
			<control type="image">
				<left>200</left>
				<width>30</width>
				<height>30</height>
				<texture>$INFO[ListItem.Property(Icon4)]</texture>
				<visible>!String.IsEmpty(ListItem.Property(Icon4))</visible>
			</control>
		</control>
	</include>
		
	<include name="Info_ActorThumb">
				
		<control type="group">
			<nested />
			<left>70</left>
			
			<control type="image">
				<width>500</width>
				<height>750</height>
				<top>160</top>
				<bordersize>1</bordersize>
				<bordertexture border="2" colordiffuse="$VAR[color_lib_text_main]">frames/frame.png</bordertexture>
				<texture background="true" fallback="defaultactor.png">$INFO[Container(10051).ListItem.Art(thumb)]</texture>
				<aspectratio>scale</aspectratio>
			</control>	
			<!-- fadelabel ctrl postercontainer-->
		
			<control type="label">
				<visible>!Control.HasFocus(100)</visible>
				<top>920</top>
				<height>40</height>
				<font>notosans_45_bold</font>
				<info>container(10051).listitem.label</info>
				<textcolor>$VAR[color_lib_text_main]</textcolor>
			</control>
			<control type="textbox">
				<visible>!Control.HasFocus(100)</visible>
				<height>40</height>
				<top>970</top>
				<font>notosans_20_bold</font>
				<label>$INFO[Container(10052).NumAllItems,[B]$LOCALIZE[342][/B] : ,   ]$INFO[Container(10053).NumAllItems,[B]$LOCALIZE[20343][/B] : ,   ]</label>
				<textcolor>$VAR[color_lib_text_secondary]</textcolor>
			</control>			
		</control>
	</include>
	
	
	
	<variable name="extrasLocation_lookup">
		<value condition="String.Contains(listitem.filenameandpath,VIDEO_TS)">$INFO[listitem.path,,VIDEO_TS\extras/]</value>
		<value condition="String.Contains(listitem.filenameandpath,BDMV)">$INFO[listitem.path,,BDMV\extras/]</value>
		<value>$INFO[listitem.path,,extras/]</value>
	</variable>
	
	<include name="panel_100">
		<control type="panel" id="100">
			<description>temp use hardcoded b/w</description>
			<top>$PARAM[top]</top>
			<height>100</height>
			<width>100%</width>
			<orientation>horizontal</orientation>
			<defaultcontrol always="true">0</defaultcontrol>
			<onright>noop</onright>
			<onleft>noop</onleft>
			<ondown>10052</ondown>
			<itemlayout height="100" width="220">
				<control type="group">
					<top>30</top>
					<width>185</width>
					<height>100</height>
					<control type="group">
						<height>62</height>
						<control type="image">
							<texture border="2" colordiffuse="white">frames/frame.png</texture>
						</control>
						<control type="label">
							<height>62</height>
							<align>center</align>
							<aligny>center</aligny>
							<font>notosans_25_regular_l</font>
							<textcolor>white</textcolor>
							<label>$INFO[ListItem.Label]</label>
						</control>
					</control>
				</control>
			</itemlayout>
			<focusedlayout height="100" width="220">
				<control type="group">
					<top>30</top>
					<width>185</width>
					<height>100</height>
					<control type="group">
						<height>62</height>
						<control type="image">
							<texture colordiffuse="white">colors/white.png</texture>
						</control>
						<control type="label">
							<height>62</height>
							<align>center</align>
							<aligny>center</aligny>
							<font>notosans_25_regular_l</font>
							<textcolor>black</textcolor>
							<label>$INFO[ListItem.Label]</label>
						</control>
					</control>
				</control>
			</focusedlayout>
			
			<nested />
		</control>
	</include>
	<include name="Ratings_Hor">
		<param name="texture" default="themoviedb" />
		<param name="rating" default="rating" />
		<param name="ratingpostfix" default="" />
		<definition>
			<include content="spacer_h">
				<param name="gap" value="10" />
			</include>
			<control type="image">
				<width>40</width>
				<texture colordiffuse="$VAR[color_lib_text_main]">flags/ratings/$PARAM[texture]_monochrome.png</texture>
				<aspectratio>keep</aspectratio>
				<visible>!String.IsEmpty(Container(10051).ListItem.$PARAM[rating])</visible>
			</control>
			<control type="label">
				<label>$INFO[Container(10051).ListItem.$PARAM[rating],,$PARAM[ratingpostfix]]</label>
				<width>auto</width>
				<font>notosans_20_bold</font>
				<textcolor>$VAR[color_lib_text_main]</textcolor>
				<visible>!String.IsEmpty(Container(10051).ListItem.$PARAM[rating])</visible>
			</control>
		</definition>
	</include>
	
	<variable name="Img_Rotten">
		<value condition="!Integer.IsGreaterOrEqual(Container(10051).ListItem.Property(rating.rotten),60)">critics_rotten_rotten</value>
		<value condition="Integer.IsGreaterOrEqual(Container(10051).ListItem.Property(rating.rotten),60)">critics_rotten_fresh</value>
	</variable>
	<variable name="EmbInfo_ContentHeader">
		<value condition="!String.IsEqual(Container(10051).ListItem.DBType,season)">$ADDON[script.embuary.info 32018]</value>
		<value condition="String.IsEqual(Container(10051).ListItem.DBType,season)">$ADDON[script.embuary.info 32039]</value>
	</variable>
	<!--
	<animation type="conditional" condition="Control.HasFocus($PARAM[id])" reversible="false">
		<effect type="zoom" end="115,115" time="250" tween="sine" easing="out" center="110,0" />
		<effect type="zoom" end="91,91" time="150" tween="sine" delay="250" easing="out" center="110,0" />
	</animation>
	<animation type="conditional" condition="!Control.HasFocus($PARAM[id])" reversible="false">
		<effect type="zoom" end="91,91" time="150" tween="sine" easing="out" center="100,0" />
	</animation>
	-->
				
	<include name="EmbInfo_ContentContainer">
		<param name="groupheight" default="520" />
		<param name="layout" default="poster" />
		<param name="item_artwork_diffuse_themed" default="String.IsEqual(ListItem.Label,..) | !Skin.HasTheme(Roundedge) | [Skin.HasTheme(Roundedge) + $EXP[HiddentagPanel]]" />
		<param name="item_artwork_diffuse_override" default="!String.IsEqual(ListItem.Label,..) + Skin.HasTheme(Roundedge) + $EXP[VisibletagPanel]" />
		
		<param name="item_infotags_visible" default="true" />
		<param name="type_height" default="455" />
		<param name="layout_height" default="455" />
		<param name="layout_width" default="257" />
		<param name="itemwidth" default="241" />
		<param name="itemheight" default="361" />
		<param name="left" default="65" />
		<param name="load_studiocontent" default="false" />
		<param name="aspectratio" default="scale" />
		<param name="visible" default="true" />
		<definition>
		<control type="group">
			<visible>Integer.IsGreater(Container($PARAM[id]).NumItems,0) | Container($PARAM[id]).IsUpdating</visible>
			<visible>Control.IsVisible($PARAM[id])</visible>
			
			<right>0</right>
			<height>$PARAM[groupheight]</height>
			<left>$PARAM[left]</left>
			
			<include content="Universal_ContainerHeader">
				<param name="id" value="$PARAM[id]" />
				<param name="top" value="0" />
				<param name="label" value="$PARAM[header]" />
			</include>
				
			<include content="Universal_Container">
				<param name="id" value="$PARAM[id]" />
				<param name="type_height" value="$PARAM[type_height]" />
				<param name="type_pos_top" value="70" />
				<param name="item_infotags_visible" value="$PARAM[item_infotags_visible]" />
				<param name="visible" value="$PARAM[visible]" />
				<param name="layout_height" value="$PARAM[layout_height]" />
				<param name="layout_width" value="$PARAM[layout_width]" />
				<param name="itemwidth" value="$PARAM[itemwidth]" />
				<param name="itemheight" value="$PARAM[itemheight]" />
				<param name="item_artwork_name" value="$PARAM[layout]" />
				<param name="forced_aspectratio" value="$PARAM[aspectratio]" />
				
				<param name="item_artwork_diffuse_themed" value="$PARAM[item_artwork_diffuse_themed]" />
				<param name="item_artwork_diffuse_override" value="$PARAM[item_artwork_diffuse_override]" />
		
				<ondown>$PARAM[ondown]</ondown>
				<onup>$PARAM[onup]</onup>
				
				<include condition="$PARAM[load_studiocontent]" content="embinfo_static_container" />
			</include>
			
			
		</control>
		</definition>
	</include>
	<include name="embinfo_static_container">
		<content>
			<include content="embinfo_staticitem_template">
				<param name="listitem" value="studio" /> 
				<param name="absolutevalue" value="0" />
			</include>
			<include condition="!String.IsEmpty(Container(10051).ListItem.Property(studio.1))" content="embinfo_staticitem_template">
				<param name="listitem" value="studio" /> 
				<param name="absolutevalue" value="1" /> 
			</include>
			<include condition="!String.IsEmpty(Container(10051).ListItem.Property(studio.2))" content="embinfo_staticitem_template">
				<param name="listitem" value="studio" /> 
				<param name="absolutevalue" value="2" /> 
			</include>
			<include condition="!String.IsEmpty(Container(10051).ListItem.Property(studio.3))" content="embinfo_staticitem_template">
				<param name="listitem" value="studio" /> 
				<param name="absolutevalue" value="3" /> 
			</include>
			<include condition="!String.IsEmpty(Container(10051).ListItem.Property(studio.4))" content="embinfo_staticitem_template">
				<param name="listitem" value="studio" /> 
				<param name="absolutevalue" value="4" /> 
			</include>
			<include condition="!String.IsEmpty(Container(10051).ListItem.Property(studio.5))" content="embinfo_staticitem_template">
				<param name="listitem" value="studio" /> 
				<param name="absolutevalue" value="5" /> 
			</include>
			<include condition="!String.IsEmpty(Container(10051).ListItem.Property(network.0))" content="embinfo_staticitem_template">
				<param name="listitem" value="network" /> 
				<param name="absolutevalue" value="0" /> 
			</include>
			<include condition="!String.IsEmpty(Container(10051).ListItem.Property(network.1))" content="embinfo_staticitem_template">
				<param name="listitem" value="network" /> 
				<param name="absolutevalue" value="1" /> 
			</include>
			<include condition="!String.IsEmpty(Container(10051).ListItem.Property(network.2))" content="embinfo_staticitem_template">
				<param name="listitem" value="network" /> 
				<param name="absolutevalue" value="2" /> 
			</include>
			<include condition="!String.IsEmpty(Container(10051).ListItem.Property(network.3))" content="embinfo_staticitem_template">
				<param name="listitem" value="network" /> 
				<param name="absolutevalue" value="3" /> 
			</include>
			<include condition="!String.IsEmpty(Container(10051).ListItem.Property(network.4))" content="embinfo_staticitem_template">
				<param name="listitem" value="network" /> 
				<param name="absolutevalue" value="4" /> 
			</include>
			<include condition="!String.IsEmpty(Container(10051).ListItem.Property(network.5))" content="embinfo_staticitem_template">
				<param name="listitem" value="network" /> 
				<param name="absolutevalue" value="5" /> 
			</include>
		</content>
	</include>
   	<!-- false positive ???
	<content>
			<include condition="!String.IsEmpty(Container(10051).ListItem.Property(studio.0))" content="embinfo_staticitem_template">
				<param name="listitem" value="studio" /> 
				<param name="absolutevalue" value="0" />
			</include>
			<include condition="!String.IsEmpty(Container(10051).ListItem.Property(studio.1))" content="embinfo_staticitem_template">
				<param name="listitem" value="studio" /> 
				<param name="absolutevalue" value="1" /> 
			</include>
			<include condition="!String.IsEmpty(Container(10051).ListItem.Property(studio.2))" content="embinfo_staticitem_template">
				<param name="listitem" value="studio" /> 
				<param name="absolutevalue" value="2" /> 
			</include>
			<include condition="!String.IsEmpty(Container(10051).ListItem.Property(studio.3))" content="embinfo_staticitem_template">
				<param name="listitem" value="studio" /> 
				<param name="absolutevalue" value="3" /> 
			</include>
			<include condition="!String.IsEmpty(Container(10051).ListItem.Property(studio.4))" content="embinfo_staticitem_template">
				<param name="listitem" value="studio" /> 
				<param name="absolutevalue" value="4" /> 
			</include>
			<include condition="!String.IsEmpty(Container(10051).ListItem.Property(studio.5))" content="embinfo_staticitem_template">
				<param name="listitem" value="studio" /> 
				<param name="absolutevalue" value="5" /> 
			</include>
			<include condition="!String.IsEmpty(Container(10051).ListItem.Property(network.0))" content="embinfo_staticitem_template">
				<param name="listitem" value="network" /> 
				<param name="absolutevalue" value="0" /> 
			</include>
			<include condition="!String.IsEmpty(Container(10051).ListItem.Property(network.1))" content="embinfo_staticitem_template">
				<param name="listitem" value="network" /> 
				<param name="absolutevalue" value="1" /> 
			</include>
			<include condition="!String.IsEmpty(Container(10051).ListItem.Property(network.2))" content="embinfo_staticitem_template">
				<param name="listitem" value="network" /> 
				<param name="absolutevalue" value="2" /> 
			</include>
			<include condition="!String.IsEmpty(Container(10051).ListItem.Property(network.3))" content="embinfo_staticitem_template">
				<param name="listitem" value="network" /> 
				<param name="absolutevalue" value="3" /> 
			</include>
			<include condition="!String.IsEmpty(Container(10051).ListItem.Property(network.4))" content="embinfo_staticitem_template">
				<param name="listitem" value="network" /> 
				<param name="absolutevalue" value="4" /> 
			</include>
			<include condition="!String.IsEmpty(Container(10051).ListItem.Property(network.5))" content="embinfo_staticitem_template">
				<param name="listitem" value="network" /> 
				<param name="absolutevalue" value="5" /> 
			</include>
		</content>
		-->
	<!--
	<icon>$INFO[Container(10051).ListItem.Property($PARAM[listitem].$PARAM[absolutevalue]),resource://resource.images.studios.white/,.png]</icon>
	<thumb>$INFO[Container(10051).ListItem.Property($PARAM[listitem].icon.$PARAM[absolutevalue])]</thumb>
	visible cond not workin , no idea why
	<visible>!String.IsEmpty(Container(10051).ListItem.Property($PARAM[listitem].$PARAM[absolutevalue]))</visible>
	
	<onclick>Dialog.Close(all,true)</onclick>
	<onclick condition="">ActivateWindow(Videos)Close(all,true)</onclick>
	
	-->
	<include name="embinfo_staticitem_template">
		<item>
			<label>$INFO[Container(10051).ListItem.Property($PARAM[listitem].$PARAM[absolutevalue])]</label>
			<label2 />
			<thumb></thumb>
			<icon>$INFO[Container(10051).ListItem.Property($PARAM[listitem].icon.$PARAM[absolutevalue])]</icon>
		</item>
   </include>
   
	<include name="EmbInfo_Onunload">
		<onunload condition="!String.IsEmpty(Window(home).Property(CastMemberThumb))">ClearProperty(CastMemberThumb,home)</onunload>
		<onunload condition="!String.IsEmpty(Window(home).Property(CastMemberLabel))">ClearProperty(CastMemberLabel,home)</onunload>
		
		<onload>SetProperty(onnext,SetFocus(100))</onload>
		<onload>SetProperty(onback_10052,SetFocus(100))</onload>
		<onload>SetProperty(onback_10053,SetFocus(100))</onload>
		<onload>SetProperty(onback_10054,SetFocus(100))</onload>
		<onload>SetProperty(onback_10055,SetFocus(100))</onload>
		<onload>SetProperty(onback_10056,SetFocus(100))</onload>
		<onload>SetProperty(onback_10057,SetFocus(100))</onload>
		<onload>SetProperty(onback_10058,SetFocus(100))</onload>
		<onload>SetProperty(onback_10059,SetFocus(100))</onload>
	</include>
	
	<include name="EmbInfo_Logo">
		<control type="image">
			<top>$PARAM[top]</top>
			<right>0</right>
			<width>335</width>
			<height>120</height>
			<texture colordiffuse="$VAR[color_lib_accent]">buttons/embuaryinfo.png</texture>
			<aspectratio align="left">keep</aspectratio>
		</control>
	</include>
	<include name="EmbInfo_Facts">
		<control type="grouplist">
			<top>90</top>
			<width>320</width>
			<right>0</right>
			<height>640</height>
			<itemgap>5</itemgap>
			<orientation>vertical</orientation>
			<aligny>top</aligny>
			
			<include content="EmbInfo_FactTemplate">
				<param name="info" value="Property(Gender)" />
				<param name="headline" value="$LOCALIZE[39025]" />
			</include>
			<include content="EmbInfo_FactTemplate">
				<param name="info" value="Property(Known_For_Department)" />
				<param name="headline" value="$ADDON[script.embuary.info 32017]" />
			</include>
			<include content="EmbInfo_FactTemplate">
				<param name="info" value="Property(age)" />
				<param name="headline" value="$ADDON[script.embuary.info 32006]" />
			</include>
			<include content="EmbInfo_FactTemplate">
				<param name="info" value="Property(birthday)" />
				<param name="headline" value="$LOCALIZE[21893]" />
			</include>
			<include content="EmbInfo_FactTemplate">
				<param name="info" value="Property(deathday)" />
				<param name="headline" value="$LOCALIZE[21897]" />
			</include>
			<include content="EmbInfo_FactTemplate">
				<param name="info" value="Property(Place_Of_Birth)" />
				<param name="headline" value="$ADDON[script.embuary.info 32007]" />
			</include>
			<include content="EmbInfo_FactTemplate">
				<param name="info" value="Premiered" />
				<param name="headline" value="$ADDON[script.embuary.info 32011]" />
			</include>
			<include content="EmbInfo_FactTemplate">
				<param name="info" value="Property(release)" />
				<param name="headline" value="$ADDON[script.embuary.info 32012]" />
			</include>
			<include content="EmbInfo_FactTemplate">
				<param name="info" value="Property(Budget)" />
				<param name="headline" value="$ADDON[script.embuary.info 32013]" />
			</include>
			<include content="EmbInfo_FactTemplate">
				<param name="info" value="Property(Revenue)" />
				<param name="headline" value="$ADDON[script.embuary.info 32014]" />
			</include>
			<include content="EmbInfo_FactTemplate">
				<param name="height" value="140" />
				<param name="info" value="Property(Awards)" />
				<param name="headline" value="$ADDON[script.embuary.info 32015]" />
			</include>
		</control>
	</include>
	<include name="EmbInfo_FactTemplate">
		<param name="height" default="70" />
		<definition>
			<control type="label">
				<height>$PARAM[height]</height>
				<font>notosans_25_regular_l_lowline</font>
				<textcolor>$VAR[color_lib_text_main]</textcolor>
				<scroll>false</scroll>
				<wrapmultiline>true</wrapmultiline>
				<align>left</align>
				<aligny>top</aligny>
				<label>[COLOR $VAR[color_lib_accent]]$PARAM[headline]:[/COLOR][CR]$INFO[Container(10051).ListItem.$PARAM[info]]</label>
				<visible>!String.IsEmpty(Container(10051).ListItem.$PARAM[info])</visible>
			</control>
		</definition>
	</include>
	
	<variable name="videoinfo_cast_container_id">
		<value condition="Control.IsVisible(8603)">$INFO[Container(8603).ListItem.Label]</value>
		<value condition="!Control.IsVisible(8603) + Control.IsVisible(50)">$INFO[Container(50).ListItem.Label]</value>
	</variable>
	
	<variable name="videoinfo_ost_lookup">
		<value condition="Library.HasContent(music)">musicdb://albums/?xsp=%7B%22rules%22%3A%7B%22and%22%3A%5B%7B%22field%22%3A%22album%22%2C%22operator%22%3A%22contains%22%2C%22value%22%3A%5B%22$INFO[Window(home).Property(EncodedTitle)]%22%5D%7D%2C%7B%22field%22%3A%22type%22%2C%22operator%22%3A%22contains%22%2C%22value%22%3A%5B%22soundtrack%22%5D%7D%5D%7D%2C%22type%22%3A%22albums%22%7D</value>
	</variable>
	
	<variable name="videoinfo_cast_container_id">
		<value condition="Control.IsVisible(8603)">$INFO[Container(8603).ListItem.Label]</value>
		<value condition="!Control.IsVisible(8603) + Control.IsVisible(50)">$INFO[Container(50).ListItem.Label]</value>
	</variable>
	
	
</includes>