<?xml version="1.0" encoding="utf-8"?>
<includes>
	
	<include name="Animation_OpenClose_Slide">
		<param name="slide_start" default="320,0" />
		<param name="slide_end" default="0,0" />
		<definition>
			<animation type="WindowOpen">
				<effect type="fade" start="0" end="100" time="300" tween="sine" easing="out" />
				<effect type="slide" start="$PARAM[slide_start]" end="$PARAM[slide_end]" time="400" tween="cubic" easing="out" />
			</animation>
			<animation type="WindowClose">
				<effect type="fade" start="100" end="0" time="300" tween="sine" easing="out" />
				<effect type="slide" start="$PARAM[slide_end]" end="$PARAM[slide_start]" time="300" tween="cubic" easing="out" />
			</animation>
		</definition>
	</include>
	<include name="Animation_OpenClose_FadeZoom">
		<animation type="WindowOpen">
			<effect type="fade" end="100" time="300" />
			<effect type="zoom" center="50%,50%" start="0" end="100" time="250" tween="cubic" easing="out" />
		</animation>
		<animation type="WindowClose">
			<effect type="fade" end="0" time="200" />
			<effect type="zoom" center="50%,50%" start="100" end="0" time="200" tween="cubic" easing="out" />
		</animation>
	</include>
	
	<include name="Animation_VisibleHidden_Zoom">
		<animation type="Visible" reversible="false">
			<effect type="zoom" start="80" end="100" center="50%,50%" delay="160" tween="back" time="240" />
			<effect type="fade" delay="160" end="100" time="240" />
		</animation>
		<animation type="Hidden" reversible="false">
			<effect type="zoom" start="100" end="80" center="50%,50%" easing="in" tween="back" time="240" />
			<effect type="fade" start="100" end="0" time="240" />
		</animation>
	</include>
	
	<include name="Animation_TransitionFadeOut">
		<animation effect="fade" start="100" end="0" time="250" tween="sine" condition="$PARAM[condition]">Conditional</animation>
	</include>
	
	<include name="Animation_ButtonFocusSlide">
		<param name="slide_posx" default="-440" />
		<param name="slide_posy" default="0" />
		<definition>
		<animation type="focus" reversible="false">
			<effect type="slide" start="0,0" end="$PARAM[slide_posx],$PARAM[slide_posy]" easing="in" tween="quadratic" time="300" />
		</animation>
		<animation type="unfocus" reversible="false">
			<effect type="slide" start="$PARAM[slide_posx],$PARAM[slide_posy]" end="0,0" easing="in" tween="quadratic" time="300" />
		</animation>
		</definition>
	</include>
	
	<!-- https://kodi.wiki/view/Tweeners -->
	<include name="Animation_Item_Focus">
		<animation type="Focus" reversible="false">
			<effect type="zoom" end="115,115" time="200" tween="sine" easing="out" center="auto" />
			<effect type="zoom" end="93,93" time="150" tween="sine" delay="200" easing="out" center="auto" />
		</animation>
	</include>
	<include name="Animation_Item_Focus_rightalign">
		<animation type="Focus" reversible="false">
			<effect alignx="true" type="zoom" end="115,115" time="200" tween="sine" easing="out" center="auto" />
			<effect type="slide" end="-10,0" time="200" tween="sine" easing="out" center="auto" />
			<effect alignx="true" type="zoom" end="93,93" time="150" tween="sine" delay="200" easing="out" center="auto" />
		</animation>
	</include>
	
	<include name="rotatey_360">
		<param name="time" default="500" />
		<definition>
			<animation type="focus" loop="false" reversible="false">
				<effect type="rotatey" end="360" center="100" time="$PARAM[time]"/>
			</animation>
		</definition>
	</include>
</includes>
