<?xml version="1.0" encoding="utf-8"?>
<window type="window" id="1180">
	<backgroundcolor>$VAR[color_hub_backgroundlayer1]</backgroundcolor>
	<menucontrol>9000</menucontrol>
	<defaultcontrol always="true">9000</defaultcontrol>
	
	<!-- mockup for a musiclayout - mediawindow | mymusicnav -->
	
	
	
	<controls>
	
	
	<control>
		<description>top_heading_and_menu?</description>
	</control>
	
	<control>
		<description>left_main_containers - id50, suggesting starting at root</description>
	</control>
	
	<control>
		
		<description>some center_belongiong_containers - prefered action Container.Update(musicdb://***)</description>
	</control>
	
	<control>
		<description>right_playlist_manage</description>
	</control>
	
	<control>
		<description>bottom_playercontrols</description>
	</control>
	
	</controls>
</window>