<?xml version="1.0" encoding="utf-8"?>
<window>
	<defaultcontrol>600</defaultcontrol>
	<include content="Animation_OpenClose_Slide">
		<param name="slide_start" value="-500,0" />
		<param name="slide_end" value="0,0" />
	</include>
	<controls>
	
		<control type="group">
			<visible>!Window.IsActive(textviewer)</visible>
			<animation condition="!Player.ShowInfo" type="WindowOpen">
				<effect type="slide" start="-900,0" end="0,0" time="250"/>
			</animation>
			<animation condition="!Player.ShowInfo" type="WindowClose">
				<effect type="slide" start="0,0" end="-900,0" time="250"/>
			</animation>
			
			<control type="slider" id="699">
				<left>60</left>
				<bottom>24.2%</bottom>
				<width>28%</width>
				<height>20</height>
				<texturesliderbar colordiffuse="none">buttons/slidernib.png</texturesliderbar>
				<textureslidernib colordiffuse="$VAR[color_osdmusic_accent]">buttons/slidernib.png</textureslidernib>
				<textureslidernibfocus colordiffuse="$VAR[color_osdmusic_main]">buttons/slidernib.png</textureslidernibfocus>
				<orientation>horizontal</orientation>
				<onup>600</onup>
				<ondown>600</ondown>
				<info>Player.Progress</info>
				<action>seek</action>
			</control>
			<control type="group">
				<animation effect="fade" start="100" end="0" time="250" condition="[Window.IsActive(1140) + Skin.HasSetting(MusicOSD_SmallPlaylist)] | String.IsEqual(Window(musicosd).Property(userratingbutton),hasfocus)">Conditional</animation>
				<left>0</left>
				<height>100%</height>
				<width>35%</width>
				<include>MusicPlayerOSDButtons</include>
			</control>
			<control type="button" id="6701">
				<right>50</right>
				<height>100%</height>
				<width>400</width>
				<texturefocus />
				<texturenofocus />
				<onfocus>SetProperty(Scrollbar_ctrl,true)</onfocus>
				<onunfocus>ClearProperty(Scrollbar_ctrl)</onunfocus>
				<onup>Control.Message(6755,pageup,visualisation)</onup>
				<ondown>Control.Message(6755,pagedown,visualisation)</ondown>
				<onclick>RunScript(script.swan.helper,action=textviewer,header='$ESCINFO[MusicPlayer.Artist]',text='$VAR[MusicPlayer_Plot_textview]')</onclick>
				<onleft>600</onleft>
				<onright>600</onright>
				<top>500</top>
				<height>700</height>
			</control>
		</control>
	</controls>
</window>
