<?xml version="1.0" encoding="UTF-8"?>
<window>
<!-- 1.7 DialogConfirm.xml
ID 	Type 		Description
1 	label 		Heading label
9 	textbox 	Message
10 	button 		No button
11 	button 		Yes button
12 	button 		(for future use)
20 	progress 	Progress bar  

WIP - colors and layout 
-->
	<defaultcontrol always="true">9000</defaultcontrol>
	<onunload condition="Window.IsActive(InterfaceSettings) + !Skin.HasSetting(initial_startup_done)">ReplaceWindow(1101)</onunload>
	<controls>
	
		<control type="group">
			
			<include content="Animation_OpenClose_Slide">
				<param name="slide_start" value="0,0" />
				<param name="slide_end" value="0,0" />
			</include>
			
			<control type="image">
				<texture colordiffuse="$VAR[color_global_dialog_background]">colors/white80.png</texture>
			</control>
			
			<control type="image">
				<centertop>50%</centertop>
				<width>100%</width>
				<height>300</height>
				<texture colordiffuse="$VAR[color_global_button_text_fo]">colors/white.png</texture>
				<aspectratio>stretch</aspectratio>
			</control>
			
			<control type="textbox" id="9">
				<centertop>20%</centertop>
				<height>300</height>
				<align>center</align>
				<font>liberationsans_26_regular_b</font>
				<!-- <font>liberationsans_34_regular_b</font> -->
				<textcolor>$VAR[color_global_button_text_fo]</textcolor>
			</control>
			
			<control type="grouplist">
				<height>110</height>
				<width>100%</width>
				<left>0</left>
				<align>center</align>
				<centertop>40%</centertop>
				<itemgap>10</itemgap>
				<orientation>vertical</orientation>
				<usecontrolcoords>true</usecontrolcoords>
				
				<control type="label" id="1">
					<height>165</height>
					<align>center</align>
					<font>liberationsans_26_regular_b</font>
					<textcolor>$VAR[color_global_dialog_background]</textcolor>
				</control>
				
				<control type="progress" id="20">
					<info>System.Progressbar</info>
				</control>
				
				<!-- <control type="label">
					<textcolor>black</textcolor>
					<label>$INFO[System.Progressbar,,%]</label>
				</control> -->
				
			</control>

			<control type="grouplist" id="9000">
				<align>center</align>
				<width>100%</width>
				<top>50%</top>
				<height>300</height>
				<orientation>horizontal</orientation>
				<itemgap>30</itemgap>
				<onright>9000</onright>
				<onleft>9000</onleft>
				
				<!-- <control type="button" id="11">
					<include content="icon_button">
						<param name="diameter" value="60" />
						<param name="texture" value="buttons/enter.png" />
						<param name="color_fo" value="$VAR[color_global_dialog_background]" />
						<param name="color_nf" value="$VAR[color_global_button_text_nf]" />
					</include>
					<include content="Animation_Item_Focus" />
				</control>
				<control type="button" id="10">
					<include content="icon_button">
						<param name="diameter" value="60" />
						<param name="texture" value="buttons/cancel.png" />
						<param name="color_fo" value="$VAR[color_global_dialog_background]" />
						<param name="color_nf" value="$VAR[color_global_button_text_nf]" />
					</include>
					<include content="Animation_Item_Focus" />
				</control> -->
				<include description="yes" content="DefaultDialogButton">
					<param name="id" value="11" />
					<param name="label" value="" />
				</include>
				<include description="no" content="DefaultDialogButton">
					<param name="id" value="10" />
					<param name="label" value="" />
				</include>
				<include description="for future use" content="DefaultDialogButton">
					<param name="id" value="12" />
					<param name="label" value="" />
				</include>
			</control>
		</control>
		<include content="swan_debug_overlay" />
	</controls>
</window>

