<?xml version="1.0" encoding="UTF-8"?>
<window id="1145">
	<controls>
	<control type="image">
		<texture colordiffuse="ff181818">colors/white.png</texture>
	</control>
	
	<control type="image">
		<centertop>25%</centertop>
		<centerleft>25%</centerleft>
		<width>300</width>
		<height>300</height>
		<texture colordiffuse="ffffffff">special://skin/extras/busy/busyload3.apng</texture>
		<aspectratio align="center">keep</aspectratio>
	</control>
	<control type="image">
		<centertop>75%</centertop>
		<centerleft>25%</centerleft>
		<width>300</width>
		<height>300</height>
		<texture colordiffuse="ffffffff">special://skin/extras/busy/busyload2.apng</texture>
		<aspectratio align="center">keep</aspectratio>
	</control>
	<control type="image">
		<centertop>25%</centertop>
		<centerleft>75%</centerleft>
		<width>300</width>
		<height>300</height>
		<texture colordiffuse="FFA71B6A">special://skin/extras/busy/netflixorigin.apng</texture>
		<aspectratio align="center">keep</aspectratio>
	</control>
	<control type="image">
		<centertop>75%</centertop>
		<centerleft>75%</centerleft>
		<width>300</width>
		<height>300</height>
		<texture colordiffuse="FFF57F17">special://skin/extras/busy/skypishball.apng</texture>
		<aspectratio align="center">keep</aspectratio>
	</control>
	
	</controls>
</window>