<?xml version="1.0" encoding="UTF-8"?>
<includes>
	
	<variable name="Player.DisplayAfterSeek">
		<value condition="Player.DisplayAfterSeek">Player.DisplayAfterSeek : TRUE</value>
		<value>Player.DisplayAfterSeek: false</value>
	</variable>
	
	<variable name="Player.Seeking">
		<value condition="Player.Seeking">Player.Seeking : TRUE</value>
		<value>Player.Seeking: false</value>
	</variable>
	<variable name="Player.SeekEnabled">
		<value condition="Player.SeekEnabled">Player.SeekEnabled : TRUE</value>
		<value>Player.SeekEnabled: false</value>
	</variable>
	
	<variable name="seekbar_img">
		<value condition="Player.Forwarding">buttons/osd/fforward_fo.png</value>
		<value condition="Player.Rewinding">buttons/osd/rewind_fo.png</value>
		<value condition="Player.Playing">buttons/osd/play_fo.png</value>
		<value condition="Player.Paused">buttons/osd/pause_fo.png</value>
	</variable>
	<variable name="seekbar_info">
		<value condition="Player.Forwarding">[B][UPPERCASE]$LOCALIZE[31601][/UPPERCASE][/B]</value>
		<value condition="Player.Rewinding">[B][UPPERCASE]$LOCALIZE[31600][/UPPERCASE][/B]</value>
		<value condition="Player.Seeking">[B][UPPERCASE]$LOCALIZE[773][/UPPERCASE][/B]</value>
		<!-- optional ? -->
		<value condition="Player.Playing + [!Window.IsActive(videoosd) | [Window.IsActive(videoosd) + String.IsEmpty(Player.SeekOffset)]]">[B][UPPERCASE]$LOCALIZE[208][/UPPERCASE][/B]</value>
		<value condition="Player.Paused + [!Window.IsActive(videoosd) | [Window.IsActive(videoosd) + String.IsEmpty(Player.SeekOffset)]]">[B][UPPERCASE]$LOCALIZE[112][/UPPERCASE][/B]</value>
		
		<!-- Player.Seeking wont work if osd active ,even if seeking ,dislike hidden 'stepforward' ..-->		
		<value condition="Window.IsActive(videoosd)">[B][UPPERCASE]$LOCALIZE[773][/UPPERCASE][/B]</value>
	</variable>
	
	<!-- Player.SeekStepSize got a short visibility therefore extend time -->
	<variable name="seekbar_stepsize">
		<value condition="!String.IsEmpty(Player.SeekStepSize)">$INFO[Player.SeekStepSize]</value>
		<value condition="!String.IsEmpty(Player.SeekOffset) + Player.DisplayAfterSeek">$INFO[Player.SeekOffset]</value>
	</variable>
	
	<variable name="Player_TimeRemaining_shortformat">
		<value condition="Integer.IsGreater(Player.TimeRemaining(hh),00)">Ends in $INFO[Player.TimeRemaining(hh),, h  ]$INFO[Player.TimeRemaining(mm),, m  ]</value>
		<value condition="Integer.IsEqual(Player.TimeRemaining(hh),00)">Ends in $INFO[Player.TimeRemaining(mm),, minutes  ]</value>
	</variable>
	
	<variable name="check_startup">
		<value condition="!Skin.HasSetting(initial_startup_done)">1101</value>
		<value condition="Skin.HasSetting(initial_startup_done) + !String.IsEmpty(Skin.String(custom_startup))">$INFO[Skin.String(custom_startup)]</value>
		<value condition="Skin.HasSetting(initial_startup_done) + String.IsEmpty(Skin.String(custom_startup))">$INFO[System.StartupWindow]</value>
	</variable>
	
	<variable name="1104_header">
		<value condition="!String.IsEmpty(Window(home).Property(CastMemberLabel))">what you gonna do with    $INFO[Window(home).Property(CastMemberLabel)]</value>
		<value condition="!String.IsEmpty(Window(home).Property(movie_tmdbid)) | !String.IsEmpty(Window(home).Property(tvshow_tmdbid))">Manage TRAKT</value>
	</variable>
	
	<include name="1104_button">
		<param name="height" default="75" />
		<param name="icon_height" default="50" />
		<param name="label" default="" />
		<param name="label2" default="" />
		<definition>
			<height>$PARAM[height]</height>
			<radioheight>$PARAM[icon_height]</radioheight>
			<textoffsetx>50</textoffsetx>
			<textureradioonfocus colordiffuse="$VAR[color_global_button_text_fo]">$PARAM[icon]</textureradioonfocus>
			<textureradioonnofocus colordiffuse="$VAR[color_global_button_text_nf]">$PARAM[icon]</textureradioonnofocus>
			<textureradioofffocus colordiffuse="$VAR[color_global_button_text_fo]">$PARAM[icon]</textureradioofffocus>
			<textureradiooffnofocus colordiffuse="$VAR[color_global_button_text_nf]">$PARAM[icon]</textureradiooffnofocus>
			<textureradioondisabled colordiffuse="disabled">$PARAM[icon]</textureradioondisabled>
			<textureradiooffdisabled colordiffuse="disabled">$PARAM[icon]</textureradiooffdisabled>
			<font>font45</font>
			<label>$PARAM[label]</label>
			<label2>$PARAM[label2]</label2>
		</definition>
	</include>
	
	<!-- pvr stuff revisit later - IMPORTANT FOR SHORTCUTS -->
	<variable name="systemcurrentwindow_internalname">
		<value condition="Window.IsActive(videos)">videos</value>
		<value condition="Window.IsActive(music)">music</value>
		<value condition="Window.IsActive(pictures)">pictures</value>
		<value condition="Window.IsActive(games)">games</value>
		<value condition="Window.IsActive(addonbrowser)">addonbrowser</value>
		<value condition="Window.IsActive(programs)">programs</value>
		<value condition="Window.IsActive(tvchannels)">tvchannels</value>
		<value condition="Window.IsActive(tvguide)">tvguide</value>
		<value condition="Window.IsActive(tvrecordings)">tvrecordings</value>
		<value condition="Window.IsActive(radiochannels)">radiochannels</value>
		<value condition="Window.IsActive(radioguide)">radioguide</value>
		<value condition="Window.IsActive(radiorecordings)">radiorecordings</value>
	</variable>
	
	
	<variable name="ChannelStudio_Name">
		<value condition="!String.IsEmpty(ListItem.ChannelName)">$INFO[ListItem.ChannelName]</value>
		<value>$INFO[listitem.label]</value>
	</variable>
	<variable name="ChannelStudio_Icon">
		<value condition="!String.IsEmpty(ListItem.ChannelName) + !String.IsEqual(ListItem.Icon,defaulttvshows.png)">$INFO[ListItem.Icon]</value>
		<value condition="String.IsEqual(ListItem.dbtype,studio)">$INFO[ListItem.Label,resource://resource.images.studios.white/,.png]</value>
	</variable>
	
	<variable name="Tag_label1">
		<value condition="String.IsEqual(ListItem.label,..)"></value>
		<value condition="!String.IsEmpty(ListItem.ChannelName)">$INFO[ListItem.Title]</value>
		<value condition="[!$EXP[embinfodialogactive] + String.Contains(Container.Folderpath,script.embuary.info)] + [String.Contains(Container.Folderpath,call=upcoming) | String.Contains(Container.Folderpath,call=now_playing)]">$INFO[ListItem.Label]</value>
		<value condition="$EXP[IsEpisode]">$INFO[ListItem.Season,[B]s,[/B]]$INFO[ListItem.Episode,[B]e,[/B] -]$INFO[ListItem.Title,[B],[/B]]$INFO[ListItem.Duration(mm), (, min)]</value>
		<value condition="$EXP[IsSong]">$INFO[ListItem.Label,[B],[/B]]</value>
		<value condition="!String.IsEmpty(ListItem.Year)">$INFO[ListItem.Label,[B],[/B]]</value>
		<value>$INFO[ListItem.Label,[B],[/B]]</value>
	</variable>
	<variable name="Tag_label2">
		<value condition="!String.IsEmpty(ListItem.ChannelName)">$INFO[ListItem.StartTime]$INFO[ListItem.EndTime, - ,]</value>
		<value condition="[!$EXP[embinfodialogactive] + String.Contains(Container.Folderpath,script.embuary.info)] + [String.Contains(Container.Folderpath,call=upcoming) | String.Contains(Container.Folderpath,call=now_playing)]">$INFO[ListItem.Premiered]</value>
		<value condition="$EXP[IsEpisode]">$INFO[ListItem.Year]</value>
		<value condition="$EXP[IsSong]">$INFO[ListItem.Album]$INFO[ListItem.Year, (,)]</value>
		<value condition="!String.IsEmpty(ListItem.Year)">$INFO[ListItem.Year]</value>
		<value>$INFO[ListItem.Label2]</value>
	</variable>
	
	
	<variable name="lib_isscanningmedia">
		<value condition="library.isscanningvideo | library.isscanningmusic">$LOCALIZE[13353]</value>
		<value>$INFO[System.CurrentWindow]</value>
	</variable>
	
	<variable name="volume_image">
		<value condition="!Player.Muted">icons/volume.png</value>
		<value>icons/mute.png</value>
	</variable>
	
	<variable name="PlayerProcess_VideoHWDecoder">
		<value condition="Player.Process(videohwdecoder)">HW</value>
		<value>SW</value>
	</variable>
	
	<variable name="embtmdbinfocall">
		<value condition="String.IsEqual(Container.ListItem.dbtype,actor)">person</value>
		<value condition="String.IsEqual(Container.ListItem.dbtype,tvshow) | String.IsEqual(Container.ListItem.dbtype,season) | String.IsEqual(Container.ListItem.dbtype,episode)">tv</value>
		<value>movie</value>
	</variable>
	<variable name="embtmdbinfoquery">
		<value condition="String.IsEqual(Container.ListItem.dbtype,tvshow) | String.IsEqual(Container.ListItem.dbtype,season) | String.IsEqual(Container.ListItem.dbtype,episode)">$INFO[Container.ListItem.TVShowTitle]</value>
		<value>$INFO[Container.ListItem.Label]</value>
	</variable>
	<variable name="embtmdbinfoquery_year">
		<value condition="String.IsEmpty(Container.ListItem.year)">,year=$INFO[Container.ListItem.Year]</value>
		<value></value>
	</variable>
	<!-- MATRIX GUI INFOLABEL ListItem.TvShowDBID  returns the tvshow dbid at season and episode level. -->
	
	
	<!-- using year in shows can cause no info found
	 e.g. amazon pulls year from latest season, not first - amazon = 2007, tmdb 2003
	 ,exact=true also not consistent in lookups  -e.g. moneyball does not open even if title n year match exactly
	 -->
	<variable name="embuaryinfo_listitem">
		<value condition="String.IsEqual(Container.ListItem.dbtype,actor)">call=person,query='"$INFO[Container.ListItem.Label]"'</value>
		<value condition="String.IsEqual(Container.ListItem.DBtype,movie) + !String.IsEmpty(Container.ListItem.UniqueID(tmdb))">call=movie,tmbd_id=$INFO[Container.ListItem.UniqueID(tmdb)]</value>
		<value condition="String.IsEqual(Container.ListItem.DBtype,movie) + !String.IsEmpty(ListItem.Property(id))">call=movie,tmbd_id=$INFO[ListItem.Property(id)]</value>
		<value condition="String.IsEqual(Container.ListItem.DBtype,movie) + !String.IsEmpty(Container.ListItem.UniqueID(imdb))">call=movie,external_id=$INFO[Container.ListItem.UniqueID(imdb)]</value>
		<value condition="String.IsEqual(Container.ListItem.DBtype,movie) + !String.IsEmpty(Container.ListItem.IMDBNumber)">call=movie,external_id=$INFO[Container.ListItem.IMDBNumber]</value>
		<value condition="String.IsEqual(Container.ListItem.DBtype,movie) + !String.IsEmpty(Container.ListItem.dbid)">call=movie,dbid=$INFO[Container.ListItem.dbid]</value>
		<value condition="String.IsEqual(Container.ListItem.DBtype,movie) + !String.IsEmpty(Container.ListItem.OriginalTitle) + !String.IsEmpty(Container.ListItem.Year)">call=movie,query='"$INFO[Container.ListItem.OriginalTitle]"',year=$INFO[Container.ListItem.Year]</value>
		<value condition="String.IsEqual(Container.ListItem.DBtype,movie) + String.IsEmpty(Container.ListItem.OriginalTitle) + !String.IsEmpty(Container.ListItem.Year)">call=movie,query='"$INFO[Container.ListItem.Title]"',year=$INFO[Container.ListItem.Year]</value>
		<value condition="String.IsEqual(Container.ListItem.DBtype,movie) + String.IsEmpty(Container.ListItem.OriginalTitle) + String.IsEmpty(Container.ListItem.Year)">call=movie,query='"$INFO[Container.ListItem.Title]"'</value>
			<value condition="String.IsEqual(Container.ListItem.DBtype,movie)">call=movie,query='"$INFO[Container.ListItem.Label]"'</value>
		<value condition="String.IsEqual(Container.ListItem.DBtype,tvshow) + !String.IsEmpty(ListItem.Property(id))">call=tv,tmbd_id=$INFO[ListItem.Property(id)]</value>
		<value condition="!String.IsEmpty(Container.ListItem.TvShowDBID)">call=tv,dbid=$INFO[Container.ListItem.TvShowDBID]</value>
		<value condition="[String.IsEqual(Container.ListItem.DBtype,season) | String.IsEqual(Container.ListItem.DBtype,episode)]">call=tv,query='"$INFO[Container.ListItem.TVShowTitle]"'</value>
		<value condition="String.IsEqual(Container.ListItem.DBtype,tvshow) + !String.IsEmpty(Container.ListItem.dbid)">call=tv,dbid=$INFO[Container.ListItem.dbid]</value>
		<value condition="String.IsEqual(Container.ListItem.DBtype,tvshow) + !String.IsEmpty(Container.ListItem.UniqueID(tvdb))">call=tv,external_id=$INFO[Container.ListItem.UniqueID(tvdb)]</value>
		<value condition="String.IsEqual(Container.ListItem.DBtype,tvshow) + !String.IsEmpty(Container.ListItem.UniqueID(imdb))">call=tv,external_id=$INFO[Container.ListItem.UniqueID(imdb)]</value>
		<value condition="String.IsEqual(Container.ListItem.DBtype,tvshow) + !String.IsEmpty(Container.ListItem.TVShowTitle) + !String.IsEmpty(Container.ListItem.Year) + !String.StartsWith(ListItem.FolderPath,plugin://)">call=tv,query='"$INFO[Container.ListItem.TVShowTitle]"',year=$INFO[Container.ListItem.Year]</value>
		<value condition="String.IsEqual(Container.ListItem.DBtype,tvshow) + !String.IsEmpty(Container.ListItem.TVShowTitle) + String.IsEmpty(Container.ListItem.Year)">call=tv,query='"$INFO[Container.ListItem.TVShowTitle]"'</value>
			<value condition="!String.IsEqual(Container.ListItem.DBtype,movie)">call=tv,query='"$INFO[Container.ListItem.Label]"'</value>
	</variable>
	
	<!-- does not work <value condition="VideoPlayer.Content(movies) + !String.IsEmpty(VideoPlayer.UniqueID(tmdb))">call=movie,tmbd_id=$INFO[VideoPlayer.UniqueID(tmdb)]</value> -->
	<variable name="embuaryinfo_player">
		<value condition="VideoPlayer.Content(episodes) + !String.IsEmpty(VideoPlayer.TVShowTitle)">call=tv,query='"$INFO[VideoPlayer.TVShowTitle]"'</value>
		<value condition="VideoPlayer.Content(movies) + !String.IsEmpty(VideoPlayer.UniqueID(imdb))">call=movie,external_id=$INFO[VideoPlayer.UniqueID(imdb)]</value>
		<value condition="VideoPlayer.Content(movies) + !String.IsEmpty(VideoPlayer.IMDBNumber)">call=movie,external_id=$INFO[VideoPlayer.IMDBNumber]</value>
		<value condition="VideoPlayer.Content(movies) + !String.IsEmpty(VideoPlayer.dbid)">call=movie,dbid=$INFO[VideoPlayer.dbid]</value>
		<value condition="VideoPlayer.Content(movies) + !String.IsEmpty(Videoplayer.OriginalTitle) + !String.IsEmpty(VideoPlayer.Year)">call=movie,query='"$INFO[VideoPlayer.OriginalTitle]"',year=$INFO[VideoPlayer.Year]</value>
		<value condition="VideoPlayer.Content(movies) + String.IsEmpty(Videoplayer.OriginalTitle) + !String.IsEmpty(VideoPlayer.Year)">call=movie,query='"$INFO[VideoPlayer.Title]"',year=$INFO[VideoPlayer.Year]</value>
		<value condition="VideoPlayer.Content(movies) + String.IsEmpty(Videoplayer.OriginalTitle) + String.IsEmpty(VideoPlayer.Year)">call=movie,query='"$INFO[VideoPlayer.Title]"'</value>
	</variable>
	
	
<!-- ListItem.IsParentFolder Returns true is the slected item is the 'up' item 
	Container(id).HasParent Return true when the container with id (or current container if id is omitted) contains a parent ('..') item. 
	
	String.StartsWith(ListItem.Label,* )
		msgctxt "#20366"
		msgid "* All seasons"
		msgstr "* Alle Staffeln" -->

<!-- <value condition="ListItem.IsParentFolder + String.IsEqual(ListItemAbsolute(1).DBType,movie) + Integer.IsGreater(ListItemAbsolute(1).DBID,0)">plugin://script.embuary.helper/?info=getbydbid&amp;dbid=$INFO[ListItemAbsolute(1).DBID]&amp;type=movie&amp;reload=$INFO[Window(home).Property(EmbuaryWidgetUpdate)]</value> -->
  
<!-- bool ex 1
		IsParentFolder | String.StartsWith(ListItem.Label,* ) | items
	bool ex 2
		String.StartsWith(ListItem.Label,* ) | items
	bool ex 3
		IsParentFolder | items
	bool ex 4
		items -->
 
	<!-- <value condition="!String.IsEmpty(window(home).Property(dbid))">plugin://script.embuary.helper/?info=getbydbid&amp;dbid=$INFO[window(home).Property(dbid)]&amp;type=tvshow&amp;reload=$INFO[Window(home).Property(EmbuaryWidgetUpdate)]</value> -->

	<variable name="EmbuaryHelper_GetInfo_dbid">
		<value condition="ListItem.IsParentFolder + String.IsEqual(ListItemAbsolute(1).DBType,movie) + Integer.IsGreater(ListItemAbsolute(1).DBID,0)">plugin://script.embuary.helper/?info=getbydbid&amp;dbid=$INFO[ListItemAbsolute(1).DBID]&amp;type=movie&amp;reload=$INFO[Window(home).Property(EmbuaryWidgetUpdate)]</value>
		<value condition="ListItem.IsParentFolder + String.IsEqual(ListItemAbsolute(1).DBType,tvshow) + Integer.IsGreater(ListItemAbsolute(1).DBID,0)">plugin://script.embuary.helper/?info=getbydbid&amp;dbid=$INFO[ListItemAbsolute(1).DBID]&amp;type=tvshow&amp;reload=$INFO[Window(home).Property(EmbuaryWidgetUpdate)]</value>
		<value condition="ListItem.IsParentFolder + String.IsEqual(ListItemAbsolute(1).DBType,season) + Integer.IsGreater(ListItemAbsolute(1).DBID,0)">plugin://script.embuary.helper/?info=getbydbid&amp;dbid=$INFO[ListItemAbsolute(1).DBID]&amp;type=tvshow&amp;idtype=season</value>
		<value condition="ListItem.IsParentFolder + String.IsEqual(ListItemAbsolute(1).Label,$LOCALIZE[20366]) + String.IsEqual(ListItemAbsolute(2).DBType,season) + Integer.IsGreater(ListItemAbsolute(2).DBID,0)">plugin://script.embuary.helper/?info=getbydbid&amp;dbid=$INFO[ListItemAbsolute(2).DBID]&amp;type=tvshow&amp;idtype=season</value>
		<value condition="!Container.HasParent + String.IsEqual(ListItem.Label,$LOCALIZE[20366]) + String.IsEqual(ListItemAbsolute(1).DBType,season) + Integer.IsGreater(ListItemAbsolute(1).DBID,0)">plugin://script.embuary.helper/?info=getbydbid&amp;dbid=$INFO[ListItemAbsolute(1).DBID]&amp;type=tvshow&amp;idtype=season&amp;reload=$INFO[Window(home).Property(EmbuaryWidgetUpdate)]</value>
		<value condition="Container.HasParent + String.IsEqual(ListItem.Label,$LOCALIZE[20366]) + String.IsEqual(ListItemAbsolute(2).DBType,season) + Integer.IsGreater(ListItemAbsolute(2).DBID,0)">plugin://script.embuary.helper/?info=getbydbid&amp;dbid=$INFO[ListItemAbsolute(2).DBID]&amp;type=tvshow&amp;idtype=season&amp;reload=$INFO[Window(home).Property(EmbuaryWidgetUpdate)]</value>
		<value condition="ListItem.IsParentFolder + String.IsEqual(ListItemAbsolute(1).DBType,episode) + Integer.IsGreater(ListItemAbsolute(1).DBID,0)">plugin://script.embuary.helper/?info=getbydbid&amp;dbid=$INFO[ListItem.DBID]&amp;type=tvshow&amp;idtype=episode&amp;reload=$INFO[Window(home).Property(EmbuaryWidgetUpdate)]</value>
		<value condition="String.IsEqual(ListItem.DBType,movie) + Integer.IsGreater(ListItem.DBID,0)">plugin://script.embuary.helper/?info=getbydbid&amp;dbid=$INFO[ListItem.DBID]&amp;type=movie&amp;reload=$INFO[Window(home).Property(EmbuaryWidgetUpdate)]</value>
		<value condition="String.IsEqual(ListItem.DBType,tvshow) + Integer.IsGreater(ListItem.DBID,0)">plugin://script.embuary.helper/?info=getbydbid&amp;dbid=$INFO[ListItem.DBID]&amp;type=tvshow&amp;reload=$INFO[Window(home).Property(EmbuaryWidgetUpdate)]</value>
		<value condition="String.IsEqual(ListItem.DBType,season) + Integer.IsGreater(ListItem.DBID,0)">plugin://script.embuary.helper/?info=getbydbid&amp;dbid=$INFO[ListItem.DBID]&amp;type=tvshow&amp;idtype=season&amp;reload=$INFO[Window(home).Property(EmbuaryWidgetUpdate)]</value>
		<value condition="String.IsEqual(ListItem.DBType,episode) + Integer.IsGreater(ListItem.DBID,0)">plugin://script.embuary.helper/?info=getbydbid&amp;dbid=$INFO[ListItem.DBID]&amp;type=tvshow&amp;idtype=episode&amp;reload=$INFO[Window(home).Property(EmbuaryWidgetUpdate)]</value>
		<value>-</value>
	</variable>
	
	<variable name="ListItemArt_Discart">
        <value condition="!String.IsEmpty(ListItem.Art(cartridge))">$INFO[ListItem.Art(cartridge)]</value>
        <value condition="!String.IsEmpty(ListItem.Art(discart))">$INFO[ListItem.Art(discart)]</value>
		<value condition="!String.IsEmpty(ListItem.Art(album.discart))">$INFO[ListItem.Art(album.discart)]</value>
        <value condition="!String.IsEmpty(ListItem.Art(landscape)) + Skin.HasSetting(EnableFakeDiscArt)">$INFO[ListItem.Art(landscape)]</value>
        <value condition="!String.IsEmpty(ListItem.Art(fanart)) + Skin.HasSetting(EnableFakeDiscArt)">$INFO[ListItem.Art(fanart)]</value>
	</variable>
	
	<!-- revisit VARIABLE-Tag_label2 -->
	<variable name="ListItemPremieredOrYear">
		<value condition="[String.Contains(ListItem.FileNameAndPath,/info/movie/tmdb) | $EXP[IsEpisode] | $EXP[IsMusicVideo]] + !String.IsEmpty(ListItem.Premiered)">$INFO[ListItem.Premiered]</value>
		<value condition="!String.IsEmpty(ListItem.Year)">$INFO[ListItem.Year]</value>
	</variable>
	<variable name="ListItemDurationWithEndTime">
        <value condition="!String.IsEmpty(ListItem.Duration) + !String.IsEmpty(ListItem.EndTimeResume)">$VAR[ListItemDuration]$INFO[ListItem.EndTimeResume, - $LOCALIZE[31080]: ,]</value>
		<value condition="!String.IsEmpty(ListItem.Duration) + !String.IsEmpty(ListItem.EndTime)">$VAR[ListItemDuration]$INFO[ListItem.EndTime, - $LOCALIZE[31080]: ,]</value>
		<value>$VAR[ListItemDuration]</value>
    </variable>
	<variable name="ListItemDuration">
		<value condition="Integer.IsGreater(ListItem.Duration(h),0)">$INFO[ListItem.Duration(h),,h ]$INFO[ListItem.Duration(m),,min]</value>
		<value condition="$EXP[IsSong]">$INFO[ListItem.Duration]</value>
		<value>$INFO[ListItem.Duration(m),, min]</value>
	</variable>
	<variable name="ListLabel2">
		<value condition="String.IsEqual(ListItem.Label2,ListItem.year)"></value>
		<value condition="String.IsEqual(ListItem.Label2,ListItem.mpaa)"></value>
		<value condition="String.IsEqual(ListItem.Label2,ListItem.rating)"></value>
		<value condition="String.IsEqual(ListItem.Label2,ListItem.duration)"></value>
		<value>$INFO[ListItem.Label2]</value>
	</variable>
	
<!-- String.IsEqual|EndsWith(ListItem.Overlay,OverlayWatched.png) , String.IsEqual|EndsWith(ListItem.Overlay,OverlayUnwatched.png) -->
	<variable name="PercentPlayed">
		<value condition="!Integer.IsGreater(ListItem.PlayCount,0) + !ListItem.IsResumable">[B]0%[/B] [LIGHT][LOWERCASE]$LOCALIZE[16102][/LIGHT][/LOWERCASE]</value>
		<value condition="Integer.IsGreater(ListItem.PlayCount,0) + !ListItem.IsResumable">[B]100%[/B] [LIGHT][LOWERCASE]$LOCALIZE[16102][/LIGHT][/LOWERCASE]</value>
		<value>$INFO[ListItem.PercentPlayed,[B],%[/B] [LIGHT][LOWERCASE]$LOCALIZE[16102][/LIGHT][/LOWERCASE]]</value>
	</variable>	
	
	<variable name="plot">
		<value condition="Control.HasFocus(50352) + !String.IsEmpty(Container(50352).ListItem.Plot)">$INFO[Container(50352).ListItem.Plot]</value>
		<value condition="String.IsEqual(ListItem.Label,..) | [String.StartsWith(ListItem.Label,*) + String.IsEmpty(Container.ShowPlot)] | Control.HasFocus(7600) | [Window.IsActive(home) + ControlGroup(9000).HasFocus()] | String.IsEqual(ListItem.DBTYPE,genre) | String.IsEqual(ListItem.DBTYPE,studio) | String.IsEqual(ListItem.DBTYPE,actor) | String.IsEqual(ListItem.DBTYPE,year) | String.IsEqual(ListItem.DBTYPE,director) | String.IsEqual(ListItem.DBTYPE,country) | String.IsEqual(ListItem.DBTYPE,tag)"></value>
		<value condition="String.StartsWith(ListItem.Label,*) + !String.IsEmpty(Container.ShowPlot)">$INFO[Container.ShowPlot]</value>
		<value condition="!String.IsEmpty(ListItem.Plot)">$INFO[ListItem.Plot]</value>
		<value condition="!String.IsEmpty(ListItem.Property(Album_Description))">$INFO[ListItem.Property(Album_Description)]$INFO[ListItem.ContributorAndRole,[CR],]</value>
		<value condition="!String.IsEmpty(ListItem.Property(Artist_Description))">$INFO[ListItem.Property(Artist_Description)]$INFO[ListItem.ContributorAndRole,[CR],]</value>
		<value condition="String.IsEqual(ListItem.DBTYPE,musicvideo)">$INFO[ListItem.Artist]$INFO[ListItem.Title,[CR],]</value>
		<value condition="!String.IsEmpty(ListItem.AddonDescription)">$INFO[ListItem.AddonDescription]</value>
		<value condition="!String.IsEmpty(ListItem.AddonSummary)">$INFO[ListItem.AddonSummary]</value>
		<value condition="$EXP[IsSong]">$INFO[ListItem.AlbumArtist,$LOCALIZE[557] : [B],[/B]][CR]$INFO[ListItem.Album,$LOCALIZE[558] : ,]</value>
		<value>$LOCALIZE[19055]</value>
	</variable>
	
	<!-- pre var -->
	<variable name="Plots">
		<value condition="Container.content(addons) + !String.IsEmpty(ListItem.AddonDescription)">$INFO[ListItem.AddonDescription]</value>
		<value condition="Container.Content(Seasons) + !String.IsEmpty(ListItem.Plot) + !String.IsEmpty(ListItem.Title)">$INFO[ListItem.Plot]</value>
		<value condition="Container.Content(Seasons) + !String.IsEmpty(Container.ShowPlot) + !String.IsEmpty(ListItem.Title)">$INFO[Container.ShowPlot]</value>
		<value condition="Container.Content(albums) + !String.IsEmpty(ListItem.Property(Album_Description))">$INFO[ListItem.Property(Album_Description)]</value>
		<value condition="Container.Content(artists) + !String.IsEmpty(ListItem.Property(Artist_Description))">$INFO[ListItem.Property(Artist_Description)]</value>
		<value condition="Container.Content(songs) + !String.IsEmpty(ListItem.Comment)">$INFO[ListItem.Comment]</value>
		<value condition="Container.Content(songs) + !String.IsEmpty(ListItem.Property(Album_Description))">$INFO[ListItem.Property(Album_Description)]</value>
		<value condition="Container.Content(songs) + !String.IsEmpty(ListItem.Property(Artist_Description))">$INFO[ListItem.Property(Artist_Description)]</value>
		<value condition="Window.IsActive(tvchannels) + !String.IsEmpty(ListItem.Plot)">$INFO[ListItem.Season,S,]$INFO[ListItem.Episode,E, - ]$INFO[ListItem.EpisodeName,,[CR]]$INFO[ListItem.Plot]$INFO[Container.ListItem.NextTitle,[CR][CR][B]$LOCALIZE[19031]: [/B]]</value>
		<value condition="Window.IsActive(pictures ) + !String.IsEmpty(ListItem.PictureDesc)">$INFO[ListItem.PictureDesc]</value>
		<value condition="Window.IsActive(pictures ) + !String.IsEmpty(ListItem.PictureComment)">$INFO[ListItem.PictureComment]</value>
		<value condition="Window.IsActive(pictures ) + !String.IsEmpty(ListItem.PictureKeywords)">$INFO[ListItem.PictureKeywords]</value>
		<value condition="!String.IsEmpty(ListItem.Plot)">$INFO[ListItem.Plot]</value>
		<value condition="!String.IsEmpty(ListItem.Property(Plot))">$INFO[ListItem.Property(Plot)]</value>
		<value condition="!String.IsEmpty(ListItem.Comment)">$INFO[ListItem.Comment]</value>
	</variable>
	
	<variable name="Universal_WidgetHeaderListItem">
		<value condition="Window.IsActive(1120)">$VAR[SearchInfoHeader_Title]</value>
		<value condition="Control.HasFocus(8606) | Control.HasFocus(8607)"></value>
		<value condition="Control.HasFocus(8602)">$INFO[Container.ListItem.Season,$LOCALIZE[20373] [B],[/B] • ]$INFO[Container.ListItem.Episode,$LOCALIZE[20452] [B],[/B]]</value>
		<value condition="Skin.HasSetting(ShowFocusedLabelInHeader_Home) + String.IsEqual(ListItem.dbType,episode)">$INFO[ListItem.TVShowTitle]</value>
		<value>$INFO[Container.ListItem.Label,[B],[/B]]</value>
	</variable>
	<variable name="SearchInfoHeader_Title">
		<value condition="Control.HasFocus(5009)">$INFO[ListItem.Label,[B],[/B]]</value>
		<value condition="String.IsEqual(ListItem.DBType,musicvideo)">$INFO[ListItem.Artist,[B],[/B]]$INFO[ListItem.Title,  [B]•  ,[/B]]</value>
		<value condition="String.IsEqual(ListItem.DBType,song)">$INFO[ListItem.Artist,[B],[/B]]$INFO[ListItem.Title,  [B]•  ,[/B]]</value>
		<value condition="String.IsEqual(ListItem.DBType,episode)">$INFO[ListItem.TvShowTitle,[B],  |  [/B]]$INFO[ListItem.Season,[B]$LOCALIZE[20373]  , • [/B]]$INFO[ListItem.Episode, [B]$LOCALIZE[20359]  , • [/B]]$INFO[ListItem.Title,[B],[/B]]</value>
		<value condition="Control.HasFocus(5007)">$INFO[ListItem.Genre, &quot; , &quot;   |  ]$INFO[ListItem.Label,[B],[/B]]</value>
		<value condition="Control.HasFocus(5011)">$INFO[ListItem.Studio, &quot; , &quot;   |  ]$INFO[ListItem.Label,[B],[/B]]</value>
		<value condition="Control.HasFocus(5012)">$INFO[ListItem.Country, &quot; , &quot;  |  ]$INFO[ListItem.Label,[B],[/B]]</value>
		<value condition="Control.HasFocus(5013)">$INFO[ListItem.Director, &quot; , &quot;  |  ]$INFO[ListItem.Label,[B],[/B]]</value>
		<value condition="Control.HasFocus(5014)">$INFO[ListItem.AddonName,[B],[/B]]</value>
		<value>$INFO[ListItem.Label,[B],[/B]]</value>
	</variable>
	<variable name="Universal_WidgetHeader_Seperator">
		<value condition="Control.HasFocus(8602) | Control.HasFocus(8606) | Control.HasFocus(8607)"></value>
		<value> | </value>
	</variable>
	
	<variable name="content_cast">
		<value condition="String.IsEqual(ListItem.DBType,set)">plugin://script.embuary.helper?info=getsetcast&amp;type=movie&amp;dbid=$INFO[ListItem.DBID]</value>
		<value condition="String.IsEqual(ListItem.DBType,movie) + [!String.IsEmpty(ListItem.DBID) + !String.IsEqual(ListItem.DBID,0)]">plugin://script.embuary.helper?info=getcast&amp;type=movie&amp;dbid=$INFO[ListItem.DBID]</value>
		<value condition="String.IsEqual(ListItem.DBType,movie) + String.IsEqual(ListItem.DBID,0)">plugin://script.embuary.helper?info=getcast&amp;type=movie&amp;title='$ESCINFO[ListItem.Title]'</value>
		<value condition="String.IsEqual(ListItem.DBType,tvshow) + [!String.IsEmpty(ListItem.DBID) + !String.IsEqual(ListItem.DBID,0)]">plugin://script.embuary.helper?info=getcast&amp;type=tvshow&amp;dbid=$INFO[ListItem.DBID]</value>
		<value condition="[String.IsEqual(ListItem.DBType,tvshow) + String.IsEqual(ListItem.DBID,0)] | [[String.IsEqual(ListItem.DBType,episode) | String.IsEqual(ListItem.DBType,season)] + !String.IsEmpty(ListItem.DBID)]">plugin://script.embuary.helper?info=getcast&amp;type=tvshow&amp;title='$ESCINFO[ListItem.TVShowTitle]'</value>
		<value condition="Container.Content(seasons) + !String.IsEmpty(ListItem(1).DBID)">plugin://script.embuary.helper?info=getcast&amp;type=tvshow&amp;title='$ESCINFO[ListItem(1).TVShowTitle]'</value>
		<value condition="Container.Content(seasons) + !String.IsEmpty(ListItem(2).DBID)">plugin://script.embuary.helper?info=getcast&amp;type=tvshow&amp;title='$ESCINFO[ListItem(2).TVShowTitle]'</value>
		<value condition="[!$EXP[IsOfflineMode] + [Window.IsActive(movieinformation) | Control.IsVisible(503)] + System.HasAddon(plugin.video.themoviedb.helper)] + [String.IsEqual(ListItem.DBType,movie) | String.IsEqual(ListItem.DBType,tvshow)]">plugin://plugin.video.themoviedb.helper/?info=cast&amp;$VAR[videoinfo_tmdb_helper_type]&amp;$VAR[videoinfo_tmdb_helper_query]</value>
	</variable>
	
		<!-- sortby appearance ? is there such prop ? -->
	<!-- crew 
		<value condition="Window.IsActive(movieinformation) + [String.IsEqual(ListItem.DBType,movie) | String.IsEqual(ListItem.DBType,tvshow)] + [System.HasAddon(plugin.video.themoviedb.helper) + String.Contains(listitem.path,plugin.video.themoviedb.helper)]">plugin://plugin.video.themoviedb.helper/?info=crew&amp;$VAR[videoinfo_tmdb_helper_type]&amp;$VAR[videoinfo_tmdb_helper_query]</value> -->
	<variable name="videoinfo_tmdb_helper_type">
		<value condition="String.IsEqual(ListItem.DBType,movie) | ListItem.IsCollection | String.IsEqual(ListItem.DBType,set)">type=movie</value>
		<value condition="String.IsEqual(ListItem.DBType,tvshow) | String.IsEqual(ListItem.DBType,season) | String.IsEqual(ListItem.DBType,episode)">type=tv</value>
	</variable>
	<variable name="videoinfo_tmdb_helper_query">
		<value condition="String.IsEqual(ListItem.DBType,movie) + !String.IsEmpty(ListItem.Property(tmdb_id))">tmdb_id=$INFO[ListItem.Property(tmdb_id)]</value>
		<value condition="String.IsEqual(ListItem.DBType,movie) + !String.IsEmpty(ListItem.Property(imdb_id))">imdb_id=$INFO[ListItem.Property(imdb_id)]</value>
		<value condition="String.IsEqual(ListItem.DBType,movie) + !String.IsEmpty(ListItem.IMDBNumber) + !String.StartsWith(ListItem.IMDBNumber,xx)">imdb_id=$INFO[ListItem.IMDBNumber]</value>
		<value condition="[String.IsEqual(ListItem.DBType,tvshow) | String.IsEqual(ListItem.DBType,season) | String.IsEqual(ListItem.DBType,episode)] + !String.IsEmpty(ListItem.TvShowTitle)">query=$INFO[ListItem.TvShowTitle]</value>
		<value condition="!String.IsEmpty(ListItem.Title) + !String.IsEmpty(ListItem.Year)">query=$INFO[ListItem.Title]&amp;year=$INFO[ListItem.Year]</value>
		<value condition="!String.IsEmpty(ListItem.Title)">query=$INFO[ListItem.Title]</value>
		<value condition="Window.IsTopMost(movieinformation)">query=$INFO[ListItem.Label]</value> 
	</variable>
		
	<variable name="content_cast_video">
		<value condition="VideoPlayer.Content(movies) + [!String.IsEmpty(VideoPlayer.DBID) + !String.IsEqual(VideoPlayer.DBID,0)]">plugin://script.embuary.helper?info=getcast&amp;type=movie&amp;dbid=$INFO[videoplayer.DBID]</value>
		<value condition="VideoPlayer.Content(episodes) + [!String.IsEmpty(VideoPlayer.DBID) + !String.IsEqual(VideoPlayer.DBID,0)]">plugin://script.embuary.helper?info=getcast&amp;type=tvshow&amp;dbid=$INFO[VideoPlayer.DBID]&amp;idtype=episode</value>
		<value>plugin://plugin.video.themoviedb.helper/?info=cast&amp;$VAR[videofullscreeninfo_tmdb_helper_type]&amp;$VAR[videofullscreeninfo_tmdb_helper_query]</value>
	</variable>
	
	<variable name="fullscreeninfo_7002_header">
		<value condition="VideoPlayer.Content(musicvideos)">[COLOR grey]Albums by   [/COLOR]$INFO[VideoPlayer.Artist]</value>
		<value>$LOCALIZE[344]</value>
	</variable>
	<variable name="videofullscreeninfo_tmdb_helper_type">
		<value condition="VideoPlayer.Content(movies)">type=movie</value>
		<value condition="VideoPlayer.Content(episodes)">type=tv</value>
	</variable>
	<variable name="videofullscreeninfo_tmdb_helper_query">
		<value condition="VideoPlayer.Content(movies) + !String.IsEmpty(VideoPlayer.Property(tmdb_id))">tmdb_id=$INFO[VideoPlayer.Property(tmdb_id)]</value>
		<value condition="VideoPlayer.Content(movies) + !String.IsEmpty(VideoPlayer.Property(imdb_id))">imdb_id=$INFO[VideoPlayer.Property(imdb_id)]</value>
		<value condition="VideoPlayer.Content(movies) + !String.IsEmpty(VideoPlayer.IMDBNumber) + !String.StartsWith(VideoPlayer.IMDBNumber,xx)">imdb_id=$INFO[VideoPlayer.IMDBNumber]</value>
		<value condition="VideoPlayer.Content(episodes) + !String.IsEmpty(VideoPlayer.TvShowTitle)">query=$INFO[VideoPlayer.TvShowTitle]</value>
		<value condition="!String.IsEmpty(VideoPlayer.Title) + !String.IsEmpty(VideoPlayer.Year)">query=$INFO[VideoPlayer.Title]&amp;year=$INFO[VideoPlayer.Year]</value>
		<value>query=$INFO[VideoPlayer.Title]</value>
	</variable>
	
			<!-- if using
					<value>query=$INFO[ListItem.Label]</value> label get false fetched if coming back from tmdb.info.xml -  $INFO[ListItem.Label] will be equal $LOCALIZE[210] 
			-->
	
	<variable name="DialogInfo_Header">
		<value condition="Container.Content(Movies) | String.IsEqual(ListItem.DBType,movie)">$LOCALIZE[24007]</value>
		<value condition="Container.Content(Musicvideos) | String.IsEqual(ListItem.DBType,musicvideo)">$LOCALIZE[24015]</value>
		<value condition="Container.Content(TVShows) | String.IsEqual(ListItem.DBType,tvshow)">$LOCALIZE[20351]</value>
		<value condition="Container.Content(Episodes) | String.IsEqual(ListItem.DBType,episode)">$LOCALIZE[20352]</value>
		<value condition="Container.Content(Artists) | String.IsEqual(ListItem.DBType,artist)">$LOCALIZE[24017]</value>
		<value condition="Container.Content(Albums) | String.IsEqual(ListItem.DBType,album)">$LOCALIZE[24016]</value>
		<value condition="Container.Content(Songs) | String.IsEqual(ListItem.DBType,song)">$LOCALIZE[658]</value>
		<value>$LOCALIZE[29943]</value>
	</variable>
	
	<variable name="DialogHeader">
		<value condition="!String.IsEmpty(Window(home).Property(DialogHeader))">$INFO[Window(home).Property(DialogHeader)]</value>
		<value condition="Window.Is(virtualkeyboard) + !String.IsEmpty(Control.GetLabel(311))">$INFO[Control.GetLabel(311)]</value>
		<value condition="Window.Is(filebrowser) + !String.IsEmpty(Control.GetLabel(411))">$INFO[Control.GetLabel(411)]</value>
		<value>[B]Something Missing here $INFO[System.CurrentWindow][/B] in $INFO[Window.Property(xmlfile)]</value>
	</variable>
	
	<variable name="value_header">
		<value condition="Window.IsActive(1100)">TITAN search</value>
        <value condition="[Window.IsActive(skinsettings) | Window.IsActive(Custom_SkinSettings.xml)]">[UPPERCASE]$LOCALIZE[20077][/UPPERCASE]</value>
		<value condition="window.isactive(favourites)">$LOCALIZE[1036]</value>
		<value condition="Window.IsActive(script-ExtendedInfo Script-DialogInfo.xml) + !String.IsEmpty(Window(Home).Property(actor.title))">$INFO[Window(Home).Property(actor.title)]</value>
		<value condition="Window.IsActive(loginscreen)">$INFO[System.CurrentWindow]</value>
		<value condition="window.isactive(DialogVideoInfo.xml) + !String.IsEmpty(ListItem.TvShowTitle)">$INFO[ListItem.TvShowTitle]</value>
		<value condition="window.isactive(DialogVideoInfo.xml) + !String.IsEmpty(ListItem.Title)">$INFO[ListItem.Title]</value>
		<value condition="Window.IsActive(profilesettings) | Window.IsActive(profiles)">$LOCALIZE[10130]</value>
		<value condition="Window.IsActive(selectdialog) + !String.IsEmpty(Control.GetLabel(1))">$INFO[Control.GetLabel(1)]</value>
		<value condition="Window.IsActive(script-skinshortcuts.xml) + String.IsEqual(Window.Property(groupname),powermenu)">$LOCALIZE[31204]</value>
		<value condition="Window.IsActive(script-skinshortcuts.xml) + !String.IsEmpty(Control.GetLabel(500))">$INFO[Control.GetLabel(500)]</value>
		
		<value condition="Window.IsActive(script-skinshortcuts.xml)">$LOCALIZE[31014]</value>
		<value condition="Window.IsActive(script-NextAired-TVGuide.xml) | Window.IsActive(script-NextAired-TVGuide2.xml)">$INFO[System.AddonTitle(script.tv.show.next.aired)]</value>
        <value condition="Window.IsActive(home)">[UPPERCASE]$LOCALIZE[10000][/UPPERCASE]</value>
        <value condition="String.Contains(Container.FolderPath,Radio)">[UPPERCASE]$LOCALIZE[19021][/UPPERCASE]</value>

        <value condition="[Container.Content(movies) | Container.Content(tvshows)] + Skin.HasSetting(ShowMovieTitleHeader) + !String.IsEmpty(ListItem.Title)">$INFO[ListItem.Title]</value>
		
		<value condition="Container.Content(movies) + String.IsEqual(Container.FolderName,$LOCALIZE[369])">[UPPERCASE]$LOCALIZE[342][/UPPERCASE]</value>
		<value condition="Container.Content(tvshows) + String.IsEqual(Container.FolderName,$LOCALIZE[369])">[UPPERCASE]$LOCALIZE[20343][/UPPERCASE]</value>
		
		<value condition="[Container.Content(episodes) | String.IsEqual(ListItem.DBTYPE,episode) | String.IsEqual(ListItem.Property(DBTYPE),episode)] + String.IsEqual(Container.FolderPath,special://skin/extras/widgetplaylists/recentepisodes.xsp)">[UPPERCASE]$LOCALIZE[20343][/UPPERCASE] • $LOCALIZE[20387]</value>
		
		<value condition="Container.Content(movies)">[UPPERCASE]$LOCALIZE[342][/UPPERCASE] $INFO[Container.FolderName,• ,]</value>
		<value condition="Container.Content(seasons) + !String.IsEmpty(ListItem.TVShowTitle)">[UPPERCASE]$LOCALIZE[20343][/UPPERCASE] $INFO[ListItem.TvShowTitle,• ]</value>
		<value condition="Container.Content(tvshows)">[UPPERCASE]$LOCALIZE[20343][/UPPERCASE] $INFO[Container.FolderName,• ,]</value>
		<value condition="[Container.Content(episodes) | String.IsEqual(ListItem.DBTYPE,episode) | String.IsEqual(ListItem.Property(DBTYPE),episode)] + !String.IsEmpty(ListItem.TVShowTitle)">$INFO[ListItem.TvShowTitle] $INFO[ListItem.Season,• $LOCALIZE[20373] ,]</value>
		
        <value condition="!String.IsEmpty(Container.Property(FolderName))">$INFO[Container.Foldername] • $INFO[Container.Property(FolderName)]</value>
		
		<value condition="!String.IsEmpty(Window.Property(IsRadio))">[UPPERCASE]$LOCALIZE[19021][/UPPERCASE]</value>
		<value condition="Window.IsActive(TVGuide)">[UPPERCASE]$LOCALIZE[19020][/UPPERCASE] • $LOCALIZE[22020] $INFO[Control.GetLabel(30),• ]</value>
		<value condition="Window.IsActive(TVChannels)">[UPPERCASE]$LOCALIZE[19020][/UPPERCASE] • $LOCALIZE[19019] $INFO[Control.GetLabel(29),• ]</value>
		<value condition="Window.IsActive(TVRecordings)">[UPPERCASE]$LOCALIZE[19020][/UPPERCASE] • $LOCALIZE[19017]</value>
		<value condition="Window.IsActive(TVTimers)">[UPPERCASE]$LOCALIZE[19020][/UPPERCASE] • $LOCALIZE[19040]</value>
        <value condition="Window.IsActive(TVTimerRules)">[UPPERCASE]$LOCALIZE[19020][/UPPERCASE] • $LOCALIZE[19138]</value>
		<value condition="Window.IsActive(TVSearch)">[UPPERCASE]$LOCALIZE[19020][/UPPERCASE] • $LOCALIZE[137]</value>

        <value condition="Window.IsActive(MyMusicNav.xml)">[UPPERCASE]$LOCALIZE[2][/UPPERCASE] $INFO[Container.FolderName,• ,]</value>

        <value condition="String.Contains(Container.FolderPath,plugin://plugin.video.youtube)">[UPPERCASE]$LOCALIZE[31062][/UPPERCASE]</value>
		
		<value condition="String.IsEqual(Container.FolderPath,library://video/movies/)">[UPPERCASE]$LOCALIZE[342][/UPPERCASE]</value>
		<value condition="String.IsEqual(Container.FolderPath,library://video/tvshows/)">[UPPERCASE]$LOCALIZE[20343][/UPPERCASE]</value>
		
		<value condition="String.Contains(Container.FolderPath,movies)">$INFO[Container.FolderName]</value>
		<value condition="String.Contains(Container.FolderPath,tvshows)">[UPPERCASE]$LOCALIZE[20343][/UPPERCASE] $INFO[Container.FolderName,• ,]</value>
		
		<!-- <value condition="Window.IsActive(1100) | Window.IsActive(1101)">TITAN search</value> -->
		
		<value condition="Window.IsActive(Videos)">[UPPERCASE]$LOCALIZE[3][/UPPERCASE] $INFO[Container.FolderName,• ,]</value>
        <value condition="Window.IsActive(weather)">[UPPERCASE]$LOCALIZE[8][/UPPERCASE]</value>
        <value condition="Window.IsActive(pictures )">[UPPERCASE]$LOCALIZE[1213][/UPPERCASE]</value>
        <value condition="Window.IsActive(addonbrowser)">[UPPERCASE]$LOCALIZE[10040][/UPPERCASE]</value>
        <value condition="Window.IsActive(filemanager)">[UPPERCASE]$LOCALIZE[10003][/UPPERCASE]</value>
        <value condition="Window.IsActive(musicplaylist)">[UPPERCASE]$LOCALIZE[2]-$LOCALIZE[559][/UPPERCASE]</value>
        <value condition="Window.IsActive(Music)">[UPPERCASE]$LOCALIZE[2]-$LOCALIZE[1214][/UPPERCASE]</value>
        <value condition="Window.IsActive(programs)">[UPPERCASE]$LOCALIZE[10001][/UPPERCASE]</value>
        <value condition="Window.IsActive(settings)">[UPPERCASE]$LOCALIZE[5][/UPPERCASE]</value>
         <value condition="Window.IsActive(SettingsCategory.xml)">[UPPERCASE]$LOCALIZE[5][/UPPERCASE]</value>
        <value condition="Window.IsActive(systeminfo)">[UPPERCASE]$LOCALIZE[5][/UPPERCASE]</value>
        <value condition="Window.IsActive(tvguide) | Window.IsActive(tvchannels) | Window.IsActive(tvrecordings) | Window.IsActive(tvtimers) | Window.IsActive(tvsearch)">[UPPERCASE]$LOCALIZE[31088][/UPPERCASE] $INFO[ListItem.ChannelGroup,• ]</value>
        <value condition="Window.IsActive(musicplaylisteditor)">[UPPERCASE]$LOCALIZE[10503][/UPPERCASE]</value>
        <value condition="Window.IsActive(musicplaylisteditor)">[UPPERCASE]$LOCALIZE[10503][/UPPERCASE]</value>
		<value condition="window.isactive(videoplaylist)">$LOCALIZE[13350]</value>
        <value condition="window.isactive(EventLog.xml)">$LOCALIZE[14111]</value>
	</variable>
	
	
	<!-- MATRIX CHANGES https://forum.kodi.tv/showthread.php?tid=343076&pid=2976243#pid2976243 -->
	<variable name="AddonStatus">
		<value condition="!String.IsEmpty(ListItem.AddonBroken)">icons/disable.png</value>
		<value condition="ListItem.Property(addon.orphaned)">icons/orphaned.png</value>
		<value condition="ListItem.Property(addon.isinstalled) + !ListItem.Property(addon.isenabled)">icons/disable.png</value>
		<value condition="ListItem.Property(addon.isinstalled)">icons/tickmark.png</value>
		<value></value>
	</variable>
	<variable name="addonupdate">
		<value condition="ListItem.Property(addon.downloading)">$INFO[ListItem.Property(addon.status)]</value>
		<value></value>
	</variable>
	
	<!-- no other way than ignore kodi setting for resume widget ,mixed content 
			0 choose
			1 play
			2 resume
			3 info
			-->
	<include name="RespectBool_selectaction">
		<onclick condition="String.IsEqual(Window(home).property(myvideos.selectaction),3)">Action(Info)</onclick>
		<onclick condition="![ListItem.IsFolder | ListItem.IsCollection] + ListItem.IsResumable + !String.IsEqual(Window(home).property(myvideos.selectaction),3) + [String.IsEqual(Window(home).property(myvideos.selectaction),2) | String.IsEqual(Window(home).property(myvideos.selectaction),1)]">PlayMedia($ESCINFO[ListItem.FilenameAndPath],resume)</onclick>
	</include>	

	<!-- playmedia - depending to kodi bool -->
	
	<!-- <variable name="bool_defaultselectaction_noinfo">
		<value condition="![ListItem.IsFolder | ListItem.IsCollection] + [String.IsEqual(Window(home).property(myvideos.selectaction),2) | String.IsEqual(Window(home).property(myvideos.selectaction),1)]">PlayMedia($INFO[ListItem.FilenameAndPath],resume)</value>
		<value>PlayMedia($INFO[ListItem.FilenameAndPath])</value>
	</variable> -->
	
	<!-- ######### -->
	<!--   ARTWORK  -->
	<!-- ######### -->
	
	<variable name="ListItemClearLogo">
		
		<value condition="!String.IsEmpty(ListItem.Art(tvshow.clearlogo))">$INFO[ListItem.Art(tvshow.clearlogo)]</value>
		<value condition="!String.IsEmpty(ListItem.Art(artist.clearlogo))">$INFO[ListItem.Art(artist.clearlogo)]</value>
		<value condition="!String.IsEmpty(ListItem.Art(albumartist.clearlogo))">$INFO[ListItem.Art(albumartist.clearlogo)]</value>
		<value condition="!String.IsEmpty(ListItem.Art(clearlogo))">$INFO[ListItem.Art(clearlogo)]</value>
		<value condition="!String.IsEmpty(Container.Art(tvshow.clearlogo))">$INFO[Container.Art(tvshow.clearlogo)]</value>
	
	</variable>
	
	<!-- make optional or remove <value condition="!String.IsEmpty(ListItem.PlotOutline)">$INFO[ListItem.PlotOutline]</value> -->
	<variable name="ListItemPlot">
		<value condition="!String.IsEmpty(ListItem.Plot)">$INFO[ListItem.Plot]</value>
		<value condition="!String.IsEmpty(ListItem.Property(Album_Description))">$INFO[ListItem.Property(Album_Description)]$INFO[ListItem.ContributorAndRole,[CR],]</value>
		<value condition="!String.IsEmpty(ListItem.Property(Artist_Description))">$INFO[ListItem.Property(Artist_Description)]$INFO[ListItem.ContributorAndRole,[CR],]</value>
		<value condition="!String.IsEmpty(ListItem.AddonDescription)">$INFO[ListItem.AddonDescription]</value>
		<value condition="!String.IsEmpty(ListItem.AddonSummary)">$INFO[ListItem.AddonSummary]</value>
		<value>$LOCALIZE[19055]</value>
	</variable>
	
	<variable name="Season_PluSing">
		<value condition="Integer.IsEqual(ListItem.Property(TotalSeasons),1) | Integer.IsEqual(Window(home).Property(totalseasons),1)">$LOCALIZE[36904]</value>
		<value>$LOCALIZE[36905]</value>
	</variable>
	<variable name="Episode_PluSing">
		<value condition="Integer.IsEqual(ListItem.Property(TotalEpisodes),1) | Integer.IsEqual(Window(home).Property(totalepisodes),1)">$LOCALIZE[20452]</value>
		<value>$LOCALIZE[20453]</value>
	</variable>
	
	<!-- ######### -->
	<!--   DIALOG  -->
	<!-- ######### -->
	<variable name="image_dialogselect">
		<value condition="!String.IsEmpty(Container(6).ListItem.Icon)">$INFO[Container(6).ListItem.Icon]</value>
		<value condition="!String.IsEmpty(Container(3).ListItem.Icon)">$INFO[Container(3).ListItem.Icon]</value>
		<value condition="String.IsEmpty(Container(3).ListItem.Icon) + String.IsEmpty(Container(6).ListItem.Icon)">$VAR[imagedialogselectfallbacks]</value>
	</variable>
	
	<variable name="imagedialogselectfallbacks">
	<!-- ColorBox -->
		<value condition="String.IsEqual(Control.GetLabel(1),Set default Pallete) + Container(3).Position(0)">special://skin/extras/selectdialog/colorpalette_basic.jpg</value>
		<value condition="String.IsEqual(Control.GetLabel(1),Set default Pallete) + Container(3).Position(1)">special://skin/extras/selectdialog/colorpalette_rainbow.jpg</value>
		<value condition="String.IsEqual(Control.GetLabel(1),Set default Pallete) + Container(3).Position(2)">special://skin/extras/selectdialog/colorpalette_materialdesign.jpg</value>
		<value condition="String.IsEqual(Control.GetLabel(1),Set default Pallete) + Container(3).Position(3)">special://skin/extras/selectdialog/colorpalette_webcolors.jpg</value>
	<!-- Home Layout -->
		<value condition="String.IsEqual(Control.GetLabel(1),Choose Homelayout) + Container(3).Position(0)">special://skin/extras/selectdialog/homelayout_spotlight.jpg</value>
		<value condition="String.IsEqual(Control.GetLabel(1),Choose HomeLayout) + Container(3).Position(1)">special://skin/extras/selectdialog/homelayout_widgetsonly.jpg</value>
		
		<value condition="String.IsEqual(Control.GetLabel(1),Choose Homelayout) + Container(3).Position(2)">special://skin/extras/selectdialog/homelayout_menutiles.jpg</value>
		
	<!-- Widget Layout Type -->
		<value condition="String.IsEqual(Control.GetLabel(1),$LOCALIZE[21858]) + Container(3).Position(0)">special://skin/extras/selectdialog/widgetlayout_poster.jpg</value>
		<value condition="String.IsEqual(Control.GetLabel(1),$LOCALIZE[21858]) + Container(3).Position(1)">special://skin/extras/selectdialog/widgetlayout_landscape.jpg</value>
		<value condition="String.IsEqual(Control.GetLabel(1),$LOCALIZE[21858]) + Container(3).Position(2)">special://skin/extras/selectdialog/widgetlayout_square.jpg</value>
		<value condition="String.IsEqual(Control.GetLabel(1),$LOCALIZE[21858]) + Container(3).Position(3)">special://skin/extras/selectdialog/widgetlayout_circle.jpg</value>
		<value condition="String.IsEqual(Control.GetLabel(1),$LOCALIZE[21858]) + Container(3).Position(4)">special://skin/extras/selectdialog/widgetlayout_banner.jpg</value>
		<value condition="String.IsEqual(Control.GetLabel(1),$LOCALIZE[21858]) + Container(3).Position(5)">special://skin/extras/selectdialog/widgetlayout_poster_to_fanart.jpg</value>
	<!-- UpNext -->	
		<value condition="String.IsEqual(Control.GetLabel(1),Choose Continue Watching Dialog Layout) + Container(3).Position(0)">special://skin/extras/selectdialog/un_fancy_common.jpg</value>
		<value condition="String.IsEqual(Control.GetLabel(1),Choose Continue Watching Dialog Layout) + Container(3).Position(1)">special://skin/extras/selectdialog/un_fancy_triangle.jpg</value>
		<value condition="String.IsEqual(Control.GetLabel(1),Choose Continue Watching Dialog Layout) + Container(3).Position(2)">special://skin/extras/selectdialog/un_fancy_default.jpg</value>
		<value condition="String.IsEqual(Control.GetLabel(1),Choose Continue Watching Dialog Layout) + Container(3).Position(3)">special://skin/extras/selectdialog/un_simple_common.jpg</value>
		<value condition="String.IsEqual(Control.GetLabel(1),Choose Continue Watching Dialog Layout) + Container(3).Position(4)">special://skin/extras/selectdialog/un_simple_small.jpg</value>
		<value condition="String.IsEqual(Control.GetLabel(1),Choose Continue Watching Dialog Layout) + Container(3).Position(5)">special://skin/extras/selectdialog/un_simple_default.jpg</value>
		<value condition="String.IsEqual(Control.GetLabel(1),Choose Still There Dialog Layout) + Container(3).Position(0)">special://skin/extras/selectdialog/un_still_fancy.jpg</value>
		<value condition="String.IsEqual(Control.GetLabel(1),Choose Still There Dialog Layout) + Container(3).Position(1)">special://skin/extras/selectdialog/un_still_simple.jpg</value>
		<value condition="String.IsEqual(Control.GetLabel(1),Choose Still There Dialog Layout) + Container(3).Position(2)">special://skin/extras/selectdialog/un_still_default.jpg</value>
	</variable>
	
	<!-- ADDONS -->
	<variable name="content_ProgramAutocompletion">
		<value condition="System.HasAddon(plugin.program.autocompletion) + !System.HasHiddenInput">plugin://plugin.program.autocompletion?info=autocomplete&amp;&amp;id=$INFO[Control.GetLabel(312).index(1)]&amp;&amp;limit=9</value>
	</variable>
	
	
</includes>
