<?xml version="1.0" encoding="utf-8"?>
<window>
	<defaultcontrol always="true">9000</defaultcontrol>
<!-- 	
1.23 DialogPVRInfo.xml
ID 	Type 	Description
4 	button 	Similar button
5 	button 	Switch to channel button
6 	button 	Record button
7 	button 	OK button
8 	button 	Play button
9 	button 	Add timer button  
-->

	<defaultcontrol always="true">8000</defaultcontrol>
	<onload>ClearProperty(AdditionalInfo)</onload>
	<onload>RunScript(script.embuary.helper,action=resetposition,container=8601||8602||8603||8604||8605||8606||8607||8608||8609||8622)</onload>
	
	<onunload>ClearProperty(AdditionalInfo)</onunload>
		
	<animation type="WindowOpen">
		<effect type="fade" start="0" end="100" time="300" tween="sine" easing="in" />
		<effect type="zoom" center="50%,50%" start="0" end="100" time="300" tween="cubic" easing="out" />
	</animation>
	<animation type="WindowClose">
		<effect type="fade" start="100" end="0" time="300" tween="sine" easing="out" />
		<effect type="zoom" center="50%,50%" start="100" end="0" time="300" tween="cubic" easing="out" />
	</animation>
   
    <controls>
		
		<include content="dialog_videoinfo" />
		
		<include condition="Skin.HasSetting(SwanDebug)" content="swan_debug_overlay">
			<param name="nested_debuginfo" value="
"/>
</include>
	</controls>
</window>