<?xml version="1.0" encoding="utf-8"?>
<!-- may revisit github.com/im85288/service.upnext/wiki/Skinners -->
<includes>
	<include name="upnext_buttons_hidden">
		<control type="button" id="3013">
			<include>HiddenObject</include>
		</control>
		<control type="progress" id="3014">
			<include>HiddenObject</include>
		</control>
	</include>
	
	<include name="upnext_button_invisible">
		<control type="button" id="3012">
			<description>touch workaround</description>
			<right>0</right>
			<bottom>0</bottom>
			<width>100%</width>
			<height>50%</height>
			<align>right</align>
			<texturefocus />
			<texturenofocus />
			<onleft>SendClick(3013)</onleft>
			<onright>SendClick(3013)</onright>
			<onup>SendClick(3013)</onup>
			<ondown>SendClick(3013)</ondown>
			<onback>SendClick(3013)</onback>
		</control>
	</include>
	
	<include name="upnext_fancy_common">
		<animation type="WindowOpen" reversible="false">
			<effect type="fade" start="0" end="100" time="400" />
			<effect type="slide" start="2050,0" end="0,0" time="800" />
		</animation>
		<animation type="WindowClose" reversible="false">
			<effect type="fade" start="100" end="0" time="400" />
			<effect type="slide" start="0,0" end="2050,0" time="400" />
		</animation>
		
		<animation effect="slide" start="0,0" end="0,80" time="0" condition="Skin.HasSetting(upnext_noplot)">conditional</animation>
		
		<include>upnext_buttons_hidden</include>
		
		<control type="image">
			<right>0</right>
			<bottom>0</bottom>
			<height>550</height>
			<width>580</width>
			<texture colordiffuse="$VAR[color_playerpopups_background]">diffuse/gradient.png</texture>
		</control>
		<control type="grouplist">
			<right>10</right>
			<bottom>0</bottom>
			<height>550</height>
			<width>550</width>
			<itemgap>5</itemgap>
			<orientation>vertical</orientation>
			<control type="textbox">
				<visible>String.IsEmpty(Window.Property(clearlogo))</visible>
				<left>20</left>
				<width>550</width>
				<height min="40" max="95">auto</height>
				<align>left</align>
				<aligny>bottom</aligny>
				<textcolor>$VAR[color_playerpopups_text_main]</textcolor>
				<font>Montserrat_ExtraBold_40</font>
				<label>[B]$INFO[Window.Property(tvshowtitle)][/B]</label>
			</control>
			<control type="image">
				<visible>!String.IsEmpty(Window.Property(clearlogo))</visible>
				<left>20</left>
				<height>80</height>
				<width>550</width>
				<texture>$INFO[Window.Property(clearlogo)]</texture>
				<aspectratio align="left" aligny="bottom">keep</aspectratio>
			</control>
			<control type="label">
				<description>dimmed or sec color</description>
				<left>20</left>
				<width>550</width>
				<height>30</height>
				<font>font_Montserrat_18_extrabold</font>
				<aligny>bottom</aligny>
				<textcolor>$VAR[color_playerpopups_text_main]</textcolor>
				<label>$LOCALIZE[31300] [COLOR $VAR[color_playerpopups_accent]][B]$INFO[Player.TimeRemaining(ss), ,][/COLOR][/B]  $LOCALIZE[31301]...</label>
			</control>
			<control type="group">
				<left>20</left>
				<width>500</width>
				<height>282</height>
				<control type="image">
					<width>500</width>
					<height>282</height>
					<bordersize>4</bordersize>
					<bordertexture colordiffuse="$VAR[color_playerpopups_text_main]">colors/white.png</bordertexture>
					<texture>$VAR[NextUpThumb]</texture>
					<aspectratio align="center" aligny="center">scale</aspectratio>
				</control>
				
				<include content="upnext_button_invisible" />
				
				<control type="image">
					<animation effect="zoom" start="100,100" center="auto" end="113,113" delay="100" time="550" pulse="true" condition="true">Conditional</animation>
					<left>13</left>
					<top>13</top>
					<width>70</width>
					<height>70</height>
					<texture colordiffuse="$VAR[color_playerpopups_text_main]">$VAR[nextupbutton_TimeRemaining]</texture>
					<aspectratio align="center" aligny="center">keep</aspectratio>
				</control>
				<control type="image">
					<bottom>-1</bottom>
					<height>100</height>
					<width>500</width>
					<bordersize>5</bordersize>
					<texture colordiffuse="$VAR[color_playerpopups_background]">diffuse/episodeinfogradient.png</texture>
				</control>
				<control type="label">
					<visible>!String.IsEmpty(Window.Property(title))</visible>
					<bottom>22</bottom>
					<left>10</left>
					<height>30</height>
					<width>500</width>
					<textcolor>$VAR[color_playerpopups_text_main]</textcolor>
					<font>NotoSans_bold_20</font>
					<label>$INFO[Window.Property(title)]</label>
				</control>
				<control type="label">
					<visible>!String.IsEmpty(Window.Property(season)) + !String.IsEmpty(Window.Property(episode))</visible>
					<bottom>3</bottom>
					<left>10</left>
					<height>30</height>
					<width>500</width>
					<textcolor>$VAR[color_playerpopups_text_main]</textcolor>
					<font>debugtiny</font>
					<label>$INFO[Window.Property(season),$LOCALIZE[20373] [B],[/B]]$INFO[Window.Property(episode), $LOCALIZE[20359] [B],[/B]]</label>
				</control>
				<control type="image">
					<width>500</width>
					<height>23</height>
					<bottom>12</bottom>
					<right>12</right>
					<texture fallback="flags/rating/stars/0.0.png" colordiffuse="$VAR[color_playerpopups_accent]">$INFO[Window.Property(rating),flags/rating/stars/,.png]</texture>
					<aspectratio align="right" aligny="center">keep</aspectratio>
				</control>
			</control>
			<control type="grouplist">
				<orientation>horizontal</orientation>
				<itemgap>10</itemgap>
				<usecontrolcoords>true</usecontrolcoords>
				<left>20</left>
				<height>35</height>
				<width>680</width>
				
				<control type="label">
					<width>auto</width>
					<height>35</height>
					<aligny>center</aligny>
					<font>debugtiny</font>
					<textcolor>$VAR[color_playerpopups_accent]</textcolor>
					<label>$INFO[Window.Property(year)]</label>
					<visible>!String.IsEmpty(Window.Property(year))</visible>
				</control>
				<control type="button">
					<width>auto</width>
					<top>2</top>
					<height>30</height>
					<align>center</align>
					<aligny>top</aligny>
					<textoffsety>3</textoffsety>
					<font>debugtiny</font>
					<textcolor>$VAR[color_playerpopups_text_main]</textcolor>
					<disabledcolor>$VAR[color_playerpopups_text_main]</disabledcolor>
					<label>$VAR[videoplayer_offset1_mpaa]</label>
					<visible>!String.IsEmpty(VideoPlayer.Offset(1).mpaa) | !String.IsEmpty(VideoPlayer.mpaa)</visible>
					<textoffsetx>10</textoffsetx>
					<enable>false</enable>
					<texturefocus align="center" colordiffuse="$VAR[color_playerpopups_accent]" border="2">frames/framefilled.png</texturefocus>
					<texturenofocus align="center" colordiffuse="$VAR[color_playerpopups_accent]" border="2">frames/framefilled.png</texturenofocus>
				</control>
				<control type="label">
					<visible>!String.IsEmpty(VideoPlayer.offset(1).VideoResolution)</visible>
					<width>auto</width>
					<height>35</height>
					<aligny>center</aligny>
					<font>font_Montserrat_18_extrabold</font>
					<textcolor>$VAR[color_playerpopups_accent]</textcolor>
					<label>$VAR[videoplayer_offset1_resolution]</label>
				</control>
				<control type="image">
					<width>140</width>
					<height>35</height>
					<aspectratio aligny="center" align="left">keep</aspectratio>
					<texture background="true" fallback="$VAR[UpNext_label_studio,resource://resource.images.studios.white/,.png]">$VAR[UpNext_label_studio,resource://resource.images.studios.coloured/,.png]</texture>
					<visible>!String.IsEmpty(VideoPlayer.offset(1).Studio) | !String.IsEmpty(VideoPlayer.Studio)</visible>
				</control>
			</control>
			<control type="label">
				<visible>!Skin.HasSetting(upnext_noplot)</visible>
				<left>20</left>
				<wrapmultiline>true</wrapmultiline>
				<width>530</width>
				<height>80</height>
				<font>debugtiny</font>
				<textcolor>$VAR[color_playerpopups_text_main]</textcolor>
				<label>$INFO[Window.Property(plot)]</label>
				<visible>!String.IsEmpty(Window.Property(plot))</visible>
			</control>
		</control>
	</include>
	
	<include name="upnext_fancy_default">
	
		<animation type="WindowOpen" reversible="false">
			<effect type="fade" start="0" end="100" time="400" />
			<effect type="slide" start="0,-181" end="0,0" time="400" />
		</animation>
		<animation type="WindowClose" reversible="false">
			<effect type="fade" start="100" end="0" time="400" />
			<effect type="slide" start="0,0" end="0,-181" time="400" />
		</animation>
		<control type="group">
			<height>181</height>
			<control type="image">
				<top>0</top>
				<width>100%</width>
				<height>181</height>
				<texture colordiffuse="dd000000">nextupicons/bg.png</texture>
			</control>
			<control type="group">
				<top>20</top>
				<left>20</left>
				<control type="image">
					<top>-2</top>
					<left>-2</left>
					<width>254</width>
					<height>144</height>
					<texture>shadow.png</texture>
				</control>
				<control type="image">
					<width>250</width>
					<height>141</height>
					<texture colordiffuse="FF12A0C7">nextupicons/white.jpg</texture>
					<visible>String.IsEmpty(Window.Property(thumb)) + String.IsEmpty(Window.Property(landscape)) + String.IsEmpty(Window.Property(fanart))</visible>
				</control>
				<control type="textbox">
					<top>10</top>
					<left>10</left>
					<width>230</width>
					<height>121</height>
					<font>font12</font>
					<textcolor>ffffffff</textcolor>
					<shadowcolor>00000000</shadowcolor>
					<align>center</align>
					<aligny>center</aligny>
					<label>$INFO[Window.Property(tvshowtitle)]</label>
					<visible>String.IsEmpty(Window.Property(thumb)) + String.IsEmpty(Window.Property(landscape)) + String.IsEmpty(Window.Property(fanart))</visible>
				</control>
				<control type="image">
					<width>250</width>
					<height>141</height>
					<texture>$INFO[Window.Property(landscape)]</texture>
					<aspectratio>scale</aspectratio>
				</control>
				<control type="image">
					<width>250</width>
					<height>141</height>
					<texture>$INFO[Window.Property(fanart)]</texture>
					<aspectratio>scale</aspectratio>
					<visible>String.IsEmpty(Window.Property(landscape))</visible>
				</control>
				<control type="image">
					<width>250</width>
					<height>141</height>
					<texture>$INFO[Window.Property(thumb)]</texture>
					<aspectratio>scale</aspectratio>
					<visible>String.IsEmpty(Window.Property(landscape)) + String.IsEmpty(Window.Property(fanart))</visible>
				</control>
				<control type="progress" id="3014">
					<width>250</width>
					<top>136</top>
					<height>5</height>
					<reveal>true</reveal>
					<righttexture></righttexture>
					<overlaytexture></overlaytexture>
					<lefttexture></lefttexture>
					<texturebg colordiffuse="00ffffff">nextupicons/white.jpg</texturebg>
					<midtexture colordiffuse="FFFF4081">nextupicons/white.jpg</midtexture>
				</control>
			</control>
			<control type="group">
				<top>20</top>
				<left>290</left>
				<right>20</right>
				<control type="label">
					<width>auto</width>
					<height>35</height>
					<aligny>center</aligny>
					<font>font25_title</font>
					<textcolor>eeffffff</textcolor>
					<shadowcolor>00000000</shadowcolor>
					<label>$VAR[upnext_default_Header]</label>
				</control>
				<control type="grouplist">
					<orientation>horizontal</orientation>
					<height>35</height>
					<top>40</top>
					<itemgap>0</itemgap>
					<control type="label">
						<width>auto</width>
						<height>35</height>
						<aligny>center</aligny>
						<font>font12</font>
						<textcolor>eeffffff</textcolor>
						<shadowcolor>00000000</shadowcolor>
						<label>$INFO[Window.Property(tvshowtitle),, - ]$INFO[Window.Property(season),S,]$INFO[Window.Property(episode),E, - ]$INFO[Window.Property(title)]   </label>
						<visible>!String.IsEmpty(Window.Property(title))</visible>
					</control>
					<control type="label">
						<width>auto</width>
						<height>35</height>
						<aligny>center</aligny>
						<font>font12</font>
						<textcolor>eeffffff</textcolor>
						<shadowcolor>00000000</shadowcolor>
						<label>$INFO[Window.Property(year),(,)   ]</label>
						<visible>!String.IsEmpty(Window.Property(year))</visible>
					</control>
					<control type="image">
						<width>19</width>
						<height>19</height>
						<aspectratio>keep</aspectratio>
						<texture colordiffuse="FFFF4081">nextupicons/star.png</texture>
						<animation effect="slide" end="0,8" time="0" condition="true">Conditional</animation>
						<visible>!String.IsEmpty(Window.Property(rating))</visible>
					</control>
					<control type="label">
						<width>auto</width>
						<height>35</height>
						<aligny>center</aligny>
						<label>$INFO[Window.Property(rating), ,   ]</label>
						<font>font12</font>
						<textcolor>eeffffff</textcolor>
						<shadowcolor>00000000</shadowcolor>
						<visible>!String.IsEmpty(Window.Property(rating))</visible>
					</control>
				</control>
				
				<control type="grouplist">
					<orientation>horizontal</orientation>
					<height>56</height>
					<bottom>20</bottom>
					<itemgap>10</itemgap>
					<control type="button" id="3012">
						<label>$VAR[upnext_default_3012]</label>
						<height>56</height>
						<width min="50">auto</width>
						<font>NotoSans_bold_20</font>
						<textoffsetx>55</textoffsetx>
						<textcolor>ddffffff</textcolor>
						<focusedcolor>eeffffff</focusedcolor>
						<selectedcolor>ddffffff</selectedcolor>
						<shadowcolor>22000000</shadowcolor>
						<aligny>center</aligny>
						<align>center</align>
						<texturefocus border="10" colordiffuse="FF172A91">nextupicons/button.png</texturefocus>
						<texturenofocus border="10" colordiffuse="FF212121">nextupicons/button.png</texturenofocus>
						<alttexturefocus border="10" colordiffuse="FF172A91">nextupicons/button.png</alttexturefocus>
						<alttexturenofocus border="10" colordiffuse="FF212121">nextupicons/button.png</alttexturenofocus>
						<pulseonselect>no</pulseonselect>
					</control>
					<control type="button" id="3013">
						<label>$ADDON[service.upnext 30034]</label>
						<height>56</height>
						<width min="50">auto</width>
						<font>NotoSans_bold_20</font>
						<textoffsetx>15</textoffsetx>
						<textcolor>ddffffff</textcolor>
						<focusedcolor>eeffffff</focusedcolor>
						<selectedcolor>ddffffff</selectedcolor>
						<shadowcolor>22000000</shadowcolor>
						<aligny>center</aligny>
						<align>center</align>
						<texturefocus border="10" colordiffuse="FF172A91">nextupicons/button.png</texturefocus>
						<texturenofocus border="10" colordiffuse="FF212121">nextupicons/button.png</texturenofocus>
						<alttexturefocus border="10" colordiffuse="FF172A91">nextupicons/button.png</alttexturefocus>
						<alttexturenofocus border="10" colordiffuse="FF212121">nextupicons/button.png</alttexturenofocus>
						<pulseonselect>no</pulseonselect>
					</control>
				</control>
				<control type="image">
					<bottom>20</bottom>
					<width>46</width>
					<height>46</height>
					<aspectratio>keep</aspectratio>
					<texture colordiffuse="ddffffff">nextupicons/00.png</texture>
					<animation effect="slide" end="13,-5" time="0" condition="true">Conditional</animation>
				</control>
				<control type="group">
					<visible>!Window.IsVisible(extendedprogressdialog)</visible>
					<animation effect="fade" time="150">VisibleChange</animation>
					<control type="label">
						<font>font45_title</font>
						<shadowcolor>text_shadow</shadowcolor>
						<top>0</top>
						<right>20</right>
						<height>75</height>
						<width>600</width>
						<align>right</align>
						<label>$INFO[System.Time]</label>
					</control>
					<control type="label">
						<right>24</right>
						<top>45</top>
						<width>800</width>
						<height>50</height>
						<align>right</align>
						<itemgap>5</itemgap>
						<orientation>horizontal</orientation>
						<usecontrolcoords>true</usecontrolcoords>
						<label>$ADDON[service.upnext 30009]</label>
						<textcolor>grey</textcolor>
						<font>font_labelprofile</font>
						<shadowcolor>text_shadow</shadowcolor>
						<visible>!String.IsEmpty(Window.Property(endtime))</visible>
					</control>
				</control>
			</control>
		</control>
	</include>
	
	<include name="upnext_fancy_triangle">
	
		<animation type="WindowOpen" reversible="false">
			<effect type="fade" start="0" end="100" time="400" />
			<effect type="slide" start="1420,0" end="0,0" time="800" />
		</animation>
		<animation type="WindowClose" reversible="false">
			<effect type="fade" start="100" end="0" time="400" />
			<effect type="slide" start="0,0" end="1420,0" time="400" />
		</animation>
		
		<include>upnext_buttons_hidden</include>
		
		<control type="image">
			<right>0</right>
			<bottom>0</bottom>
			<width>43%</width>
			<texture colordiffuse="$VAR[color_playerpopups_accent]">diffuse/triangleoverlay.png</texture>
			<bordertexture colordiffuse="$VAR[color_playerpopups_background]">diffuse/triangle.png</bordertexture>
			<aspectratio align="right" aligny="bottom">keep</aspectratio>
		</control>
		
		<include content="upnext_button_invisible" />
		
		<control type="image">
			<right>20</right>
			<bottom>450</bottom>
			<height>110</height>
			<aspectratio align="right" aligny="bottom">keep</aspectratio>
			<texture colordiffuse="$VAR[color_playerpopups_text_main]" fallback="$VAR[UpNext_label_studio,resource://resource.images.studios.white/,.png]">$VAR[UpNext_label_studio,resource://resource.images.studios.coloured/,.png]</texture>
			<visible>!String.IsEmpty(VideoPlayer.Studio) | !String.IsEmpty(VideoPlayer.Offset(1).studio)</visible>
		</control>
		
		<control type="group">
			<right>0</right>
			<bottom>150</bottom>
			<height>248</height>
			<width>441</width>
			
			<control type="image">
				<right>0</right>
				<width>410</width>
				<texture diffuse="diffuse/diffusetranspedges.png">$VAR[NextUpThumb]</texture>
				<aspectratio scalediffuse="false" align="right" aligny="bottom">scale</aspectratio>
			</control>
			<control type="image">
				<centerbottom>50%</centerbottom>
				<centerright>50%</centerright>
				<width>60</width>
				<height>60</height>
				<texture aligny="center" align="center" diffuse="colors/white70.png" colordiffuse="$VAR[color_playerpopups_text_main]">$VAR[nextupbutton_TimeRemaining]</texture>
				<animation effect="zoom" start="100,100" center="auto" end="115,115" delay="100" time="650" pulse="true" condition="true">Conditional</animation>
				<!-- <animation effect="fade" start="60" end="30" delay="0" time="650" pulse="true" condition="true">Conditional</animation> -->
			</control>
		</control>
		<control type="image">
			<visible>!String.IsEmpty(Window.Property(clearlogo))</visible>
			<bottom>100</bottom>
			<right>230</right>
			<height>120</height>
			<width>370</width>
			<aspectratio align="right" aligny="bottom">keep</aspectratio>
			<texture diffuse="colors/white90.png">$INFO[Window.Property(clearlogo)]</texture>
		</control>
		<control type="textbox">
			<bottom>90</bottom>
			<right>10</right>
			<width>29%</width>
			<height min="40" max="95">auto</height>
			<align>left</align>
			<aligny>center</aligny>
			<textcolor>$VAR[color_playerpopups_text_main]</textcolor>
			<font>Montserrat_ExtraBold_40</font>
			<label>[UPPERCASE][B]$INFO[Window.Property(tvshowtitle)][/B][/UPPERCASE]</label>
			<visible>String.IsEmpty(Window.Property(clearlogo))</visible>
		</control>
		<control type="label">
			<height>30</height>
			<width>750</width>
			<right>10</right>
			<align>center</align>
			<bottom>60</bottom>
			<font>font_Montserrat_18_extrabold</font>
			<aligny>center</aligny>
			<textcolor>$VAR[color_playerpopups_accent]</textcolor>
			<font>debugtiny</font>
			<label>$INFO[Window.Property(season),$LOCALIZE[20373] [B],[/B]]$INFO[Window.Property(episode), $LOCALIZE[20359] [B],[/B]][CR]$INFO[Window.Property(title)]</label>
		</control>
		<control type="label">
			<height>30</height>
			<width>750</width>
			<right>10</right>
			<align>center</align>
			<bottom>10</bottom>
			<font>debugtiny</font>
			<aligny>center</aligny>
			<textcolor>$VAR[color_playerpopups_text_main]</textcolor>
			<label>$LOCALIZE[31300] [COLOR $VAR[color_playerpopups_accent]][B]$INFO[Player.TimeRemaining(ss), ,][/COLOR][/B]  $LOCALIZE[31301]...</label>
		</control>
		<control type="label">
			<description>placeholder</description>
			<visible>!String.IsEmpty(VideoPlayer.Offset(1).mpaa)</visible>
			<animation effect="fade" end="30" condition="true">conditional</animation>
			<height>50</height>
			<width>200</width>
			<right>10</right>
			<align>center</align>
			<bottom>40</bottom>
			<font>Montserrat_ExtraBold_40</font>
			<aligny>center</aligny>
			<textcolor>$VAR[color_playerpopups_text_main]</textcolor>
			<label>$INFO[VideoPlayer.Offset(1).mpaa]</label>
		</control>
	</include>

	<include name="upnext_simple_common">
		
		<include>upnext_buttons_hidden</include>
		
		<control type="image">
			<description>revisit .......</description>
			<bottom>0</bottom>
			<right>0</right>
			<width>100%</width>
			<height>130</height>
			<texture border="5" colordiffuse="$VAR[color_playerpopups_background]">diffuse/gradient.png</texture>
		</control>
		<control type="image">
			<bottom>20</bottom>
			<left>10</left>
			<width>70</width>
			<height>70</height>
			<aspectratio>keep</aspectratio>
			<texture colordiffuse="$VAR[color_playerpopups_text_main]">$VAR[nextupbutton_TimeRemaining]</texture>
			<animation effect="zoom" start="100,100" center="auto" end="113,113" delay="100" time="650" pulse="true" condition="true">Conditional</animation>
		</control>
		<control type="group">
			<bottom>0</bottom>
			<left>100</left>
			<right>50</right>
			<width>100%</width>
			<height>100</height>
			
			<include content="upnext_button_invisible" />
			
			<control type="image">
				<left>10</left>
				<width>243</width>
				<height>95</height>
				<aspectratio>keep</aspectratio>
				<texture>$INFO[Window.Property(clearlogo)]</texture>
				<visible>!String.IsEmpty(Window.Property(clearlogo))</visible>
			</control>
			<control type="label">
				<height>90</height>
				<width>243</width>
				<wrapmultiline>true</wrapmultiline>
				<align>center</align>
				<aligny>center</aligny>
				<textcolor>$VAR[color_playerpopups_accent]</textcolor>
				<shadowcolor></shadowcolor>
				<font>font_Montserrat_24_extrabold</font>
				<label>[UPPERCASE][B]$INFO[Window.Property(tvshowtitle)][/B][/UPPERCASE]</label>
				<visible>String.IsEmpty(Window.Property(clearlogo))</visible>
			</control>
			<control type="label">
				<bottom>50</bottom>
				<left>270</left>
				<width>auto</width>
				<height>35</height>
				<aligny>center</aligny>
				<font>NotoSans_bold_20</font>
				<textcolor>$VAR[color_playerpopups_text_main]</textcolor>
				<label>$ADDON[service.upnext 30049][COLOR $VAR[color_playerpopups_accent]]$INFO[Window.Property(title),     [B],[/B]     ][/COLOR] $LOCALIZE[31302][COLOR $VAR[color_playerpopups_accent]][B]$INFO[Player.TimeRemaining(ss),  ,  ][/B][/COLOR]$LOCALIZE[31301]</label>
			</control>
			
			<control type="grouplist">
				<orientation>horizontal</orientation>
				<bottom>5</bottom>
				<left>270</left>
				<itemgap>10</itemgap>
				<height>50</height>
				<width>100%</width>
				<align>left</align>
				
				<control type="label">	
					<top>10</top>
					<width>auto</width>
					<height>25</height>
					<aligny>center</aligny>
					<font>debugtiny</font>
					<textcolor>$VAR[color_playerpopups_text_main]</textcolor>
					<label>[COLOR $VAR[color_playerpopups_accent]]$LOCALIZE[20373]$INFO[Window.Property(season), ,   ][/COLOR][B]|[/B]   [COLOR $VAR[color_playerpopups_accent]]$LOCALIZE[20359]$INFO[Window.Property(episode), , ][/COLOR]</label>
				</control>
				
				<control type="button">
					<top>10</top>
					<visible>!String.IsEmpty(VideoPlayer.offset(1).VideoResolution)</visible>
					<label>$VAR[videoplayer_offset1_resolution]</label>
					<width>auto</width>
					<height>27</height>
					<align>center</align>
					<aligny>top</aligny>
					<font>font_Montserrat_18_extrabold</font>
					<textcolor>$VAR[color_playerpopups_text_main]</textcolor>
					<textoffsetx>10</textoffsetx>
					<disabledcolor>$VAR[color_playerpopups_text_main]</disabledcolor>
					<texturefocus border="2" colordiffuse="$PARAM[color]">frames/frame.png</texturefocus>
					<texturenofocus border="2" colordiffuse="$PARAM[color]">frames/frame.png</texturenofocus>
					<enable>false</enable>
				</control>
				<control type="label">
					<top>10</top>
					<width>100</width>
					<height>25</height>
					<aligny>center</aligny>
					<align>center</align>
					<font>font_Montserrat_18_extrabold</font>
					<textcolor>$VAR[color_playerpopups_text_main]</textcolor>
					<label>$INFO[VideoPlayer.mpaa]</label>
					<visible>!String.IsEmpty(VideoPlayer.offset(1).mpaa)</visible>
				</control>
				<control type="button">
					<top>10</top>
					<visible>!String.IsEmpty(Window.Property(year))</visible>
					<label>$INFO[Window.Property(year)]</label>
					<width>auto</width>
					<height>25</height>
					<align>center</align>
					<aligny>center</aligny>
					<font>debugtiny</font>
					<textcolor>$VAR[color_playerpopups_text_main]</textcolor>
					<textoffsetx>5</textoffsetx>
					<disabledcolor>$VAR[color_playerpopups_text_main]</disabledcolor>
					<texturefocus border="2" colordiffuse="$PARAM[color]">frames/frame.png</texturefocus>
					<texturenofocus border="2" colordiffuse="$PARAM[color]">frames/frame.png</texturenofocus>
					<enable>false</enable>
				</control>
				
				<control type="image">
					<left>50</left>
					<width>136</width>
					<height>50</height>
					<aspectratio aligny="center" align="left">keep</aspectratio>
					<texture colordiffuse="$VAR[color_playerpopups_text_main]" fallback="$VAR[UpNext_label_studio,resource://resource.images.studios.white/,.png]">$VAR[UpNext_label_studio,resource://resource.images.studios.coloured/,.png]</texture>
					<visible>!String.IsEmpty(VideoPlayer.Studio) | !String.IsEmpty(VideoPlayer.Offset(1).studio)</visible>
				</control>
			</control>
		</control>
	</include>
		<!-- Addon default  -->
	<include name="upnext_simple_default">
		<animation type="WindowOpen" reversible="false">
			<effect type="fade" start="0" end="100" time="600" />
			<effect type="slide" start="0,-115" end="0,0" time="600" />
		</animation>
		<animation type="WindowClose" reversible="false">
			<effect type="fade" start="100" end="0" time="400" />
			<effect type="slide" start="0,0" end="0,-115" time="400" />
		</animation>
		<control type="group">
			<height>80</height>
			<!-- Background -->
			<control type="image">
				<top>0</top>
				<width>100%</width>
				<height>80</height>
				<texture colordiffuse="dd000000">nextupicons/bg.png</texture>
			</control>
			<control type="group">
				<top>12</top>
				<left>20</left>
				<width>75%</width>
				<!-- Buttons -->
				<control type="button" id="3012">
					<left>-1000</left>
					<top>-1000</top>
					<height>1</height>
					<width>1</width>
				</control>
				<control type="grouplist" id="20">
					<orientation>horizontal</orientation>
					<height>56</height>
					<itemgap>10</itemgap>
					<align>left</align>
					<control type="button" id="10">
						<label>    $ADDON[service.upnext 30049]</label>
						<onclick>SendClick(3012)</onclick>
						<visible>Integer.IsGreater(Player.TimeRemaining,59)</visible>
						<height>56</height>
						<width min="50">auto</width>
						<font>NotoSans_bold_20</font>
						<textoffsetx>55</textoffsetx>
						<textcolor>ddffffff</textcolor>
						<focusedcolor>eeffffff</focusedcolor>
						<selectedcolor>ddffffff</selectedcolor>
						<shadowcolor>22000000</shadowcolor>
						<aligny>center</aligny>
						<align>center</align>
						<texturefocus border="10" colordiffuse="FF172A91">nextupicons/button.png</texturefocus>
						<texturenofocus border="10" colordiffuse="FF212121">nextupicons/button.png</texturenofocus>
						<alttexturefocus border="10" colordiffuse="FF172A91">nextupicons/button.png</alttexturefocus>
						<alttexturenofocus border="10" colordiffuse="FF212121">nextupicons/button.png</alttexturenofocus>
						<pulseonselect>no</pulseonselect>
					</control>
					<control type="button" id="11">
						<label>    $ADDON[service.upnext 30037]</label>
						<onclick>SendClick(3012)</onclick>
						<visible>!Integer.IsGreater(Player.TimeRemaining,59)</visible>
						<height>56</height>
						<width min="50">auto</width>
						<font>NotoSans_bold_20</font>
						<textoffsetx>55</textoffsetx>
						<textcolor>ddffffff</textcolor>
						<focusedcolor>eeffffff</focusedcolor>
						<selectedcolor>ddffffff</selectedcolor>
						<shadowcolor>22000000</shadowcolor>
						<aligny>center</aligny>
						<align>center</align>
						<texturefocus border="10" colordiffuse="FF172A91">nextupicons/button.png</texturefocus>
						<texturenofocus border="10" colordiffuse="FF212121">nextupicons/button.png</texturenofocus>
						<alttexturefocus border="10" colordiffuse="FF172A91">nextupicons/button.png</alttexturefocus>
						<alttexturenofocus border="10" colordiffuse="FF212121">nextupicons/button.png</alttexturenofocus>
						<pulseonselect>no</pulseonselect>
					</control>
					<control type="button" id="3013">
						<label>$ADDON[service.upnext 30034]</label>
						<height>56</height>
						<width min="50">auto</width>
						<font>NotoSans_bold_20</font>
						<textoffsetx>15</textoffsetx>
						<textcolor>ddffffff</textcolor>
						<focusedcolor>eeffffff</focusedcolor>
						<selectedcolor>ddffffff</selectedcolor>
						<shadowcolor>22000000</shadowcolor>
						<aligny>center</aligny>
						<align>center</align>
						<texturefocus border="10" colordiffuse="FF172A91">nextupicons/button.png</texturefocus>
						<texturenofocus border="10" colordiffuse="FF212121">nextupicons/button.png</texturenofocus>
						<alttexturefocus border="10" colordiffuse="FF172A91">nextupicons/button.png</alttexturefocus>
						<alttexturenofocus border="10" colordiffuse="FF212121">nextupicons/button.png</alttexturenofocus>
						<pulseonselect>no</pulseonselect>
					</control>
				</control>
				<control type="image">
					<width>46</width>
					<height>46</height>
					<aspectratio>keep</aspectratio>
					<texture colordiffuse="ddffffff">$VAR[nextupbutton_TimeRemaining]</texture>
					<animation effect="slide" end="13,5" time="0" condition="true">Conditional</animation>
				</control>
			</control>
		</control>
	</include>
	
	<include name="upnext_simple_small">
		<animation type="WindowOpen" reversible="false">
			<effect type="fade" start="0" end="100" time="600" />
			<effect type="slide" start="700,0" end="0,0" time="600" />
		</animation>
		<animation type="WindowClose" reversible="false">
			<effect type="fade" start="100" end="0" time="400" />
			<effect type="slide" start="0,0" end="700,0" time="400" />
		</animation>
		
		<control type="button" id="3013">
			<include>HiddenObject</include>
		</control>
		<control type="progress" id="3014">
			<include>HiddenObject</include>
		</control>
		
		<control type="button" id="3012">
			<bottom>30</bottom>
			<label>$LOCALIZE[31300][B][COLOR $VAR[color_playerpopups_accent]]$INFO[Player.TimeRemaining(ss),  ,  ][/COLOR][/B]$LOCALIZE[31301]</label>
			<height>65</height>
			<width>650</width>
			<font>font23_title</font>
			<textoffsetx>90</textoffsetx>
			<textcolor>grey</textcolor>
			<focusedcolor>$VAR[color_playerpopups_text_main]</focusedcolor>
			<selectedcolor>$VAR[color_playerpopups_text_main]</selectedcolor>
			<shadowcolor></shadowcolor>
			<aligny>center</aligny>
			<align>left</align>
			<right>-25</right>
			<texturefocus colordiffuse="$VAR[color_playerpopups_background]" border="25">frames/circler25.png</texturefocus>
			<texturenofocus colordiffuse="$VAR[color_playerpopups_background]" border="25">frames/circler25.png</texturenofocus>
			<!-- 
			<right>0</right>
			<texturefocus colordiffuse="$VAR[color_playerpopups_background]" border="5">colors/white.png</texturefocus>
			<texturenofocus colordiffuse="$VAR[color_playerpopups_background]" border="5">colors/white80.png</texturenofocus> -->
			<onback>SendClick(3013)</onback>
		</control>
		
		<control type="image">
			<animation effect="zoom" start="100,100" center="auto" end="115,115" delay="100" time="550" pulse="true" condition="true">Conditional</animation>
			<bottom>40</bottom>
			<!-- <right>587</right> -->
			<right>562</right>
			<width>46</width>
			<height>46</height>
			<aspectratio>keep</aspectratio>
			<texture colordiffuse="$VAR[color_playerpopups_text_main]">$VAR[nextupbutton_TimeRemaining]</texture>
		</control>
	</include>
	
	<include name="upnext_stillwatching_simple">
		<animation type="WindowOpen" reversible="false">
			<effect type="fade" start="0" end="100" time="500" />
		</animation>
		<animation type="WindowClose" reversible="false">
			<effect type="fade" start="100" end="0" time="100" />
		</animation>
		<control type="button" id="3013">
			<include>HiddenObject</include>
		</control>
		<control type="image">
			<top>0</top>
			<width>100%</width>
			<height>140</height>
			<texture border="5" flipy="true" colordiffuse="$VAR[color_playerpopups_background]">diffuse/gradient.png</texture>
		</control>
		
		
			<control type="label">
				<top>10</top>
				<width>100%</width>
				<height>30</height>
				<aligny>top</aligny>
				<align>center</align>
				<font>font_Montserrat_24_extrabold</font>
				<textcolor>$VAR[color_playerpopups_text_main]</textcolor>
				<label>[CAPITALIZE][B]$ADDON[service.upnext 30024][/B][/CAPITALIZE]</label>
			</control>
			<control type="button" id="3012">
				<top>55</top>
				<centerleft>50%</centerleft>
				<label>$LOCALIZE[107] , $ADDON[service.upnext 30010]</label>
				<height>40</height>
				<width>400</width>
				<align>center</align>
				<aligny>center</aligny>
				<font>font_Montserrat_18_extrabold</font>
				<textcolor>$VAR[color_playerpopups_text_main]</textcolor>
				<focusedcolor>$VAR[color_playerpopups_text_main]</focusedcolor>
				<texturefocus colordiffuse="$VAR[color_playerpopups_accent]" border="2">frames/frame.png</texturefocus>
				<texturenofocus colordiffuse="$VAR[color_playerpopups_accent]" border="2">frames/frame.png</texturenofocus>
				<onback>SendClick(3013)</onback>
				<animation effect="fade" start="100" end="50" time="900" pulse="true" condition="true">Conditional</animation>
			</control>
			
		<!-- diffused image -->
		<control type="group">
			<control type="image">
				<visible>false</visible>
				<left>220</left>
				<width>223.75</width>
				<height>126.25</height>
				<texture diffuse="diffuse/diffusetranspedges.png">$VAR[NextUpThumb]</texture>
				<aspectratio scalediffuse="false" align="center" aligny="center">scale</aspectratio>
			</control>
			<control type="image">
				<top>20</top>
				<left>150</left>
				<width>234</width>
				<height>90.7</height>
				<aspectratio>keep</aspectratio>
				<texture>$INFO[Window.Property(clearlogo)]</texture>
			</control>
		</control>
		<control type="label">
			<top>20</top>
			<right>100</right>
			<height>50</height>
			<width>30%</width>
			<align>center</align>
			<aligny>center</aligny>
			<textcolor>$VAR[color_playerpopups_text_main]</textcolor>
			<font>font_Montserrat_18_extrabold</font>
			<label>[COLOR $VAR[color_playerpopups_accent]][B]$ADDON[service.upnext 30049][/B][/COLOR]$INFO[Window.Property(title),  ,]</label>
		</control>
		<control type="label">
			<top>45</top>
			<right>80</right>
			<height>50</height>
			<width>30%</width>
			<align>center</align>
			<aligny>center</aligny>
			<textcolor>$VAR[color_playerpopups_text_main]</textcolor>
			<font>debugtiny</font>
			<label>$INFO[Window.Property(season),$LOCALIZE[20373] [B],[/B]][COLOR $VAR[color_playerpopups_text_main]]  | [/COLOR]$INFO[Window.Property(episode), $LOCALIZE[20359] [B],[/B]]</label>
		</control>
	
		<!-- <control type="image">
			<top>10</top>
			<right>25</right>
			<width>75</width>
			<height>75</height>
			<aspectratio>keep</aspectratio>
			<texture colordiffuse="$VAR[color_playerpopups_text_main]">$VAR[nextupbutton_TimeRemaining]</texture>
		</control> -->
	</include>

	<include name="upnext_stillwatching_common">
		<animation type="WindowOpen" reversible="false">
			<effect type="fade" start="0" end="100" time="500" />
		</animation>
		<animation type="WindowClose" reversible="false">
			<effect type="fade" start="100" end="0" time="100" />
		</animation>
		<control type="button" id="3013">
			<include>HiddenObject</include>
		</control>
		<control type="image">
			<centertop>50%</centertop>
			<width>100%</width>
			<height>550</height>
			<texture colordiffuse="$VAR[color_playerpopups_background]">diffuse/gradientcenter.png</texture>
		</control>
		<control type="group">
			<centertop>50%</centertop>
			<width>100%</width>
			<height>400</height>
			<control type="image">
				<left>120</left>
				<width>420</width>
				<height>400</height>
				<aspectratio>keep</aspectratio>
				<texture fallback="$INFO[Window.Property(clearart)]">$INFO[Window.Property(clearlogo)]</texture>
			</control>
			<control type="textbox">
				<visible>String.isempty(Window.Property(clearart)) + string.isempty(Window.Property(clearlogo))</visible>
				<left>20</left>
				<width>600</width>
				<height>400</height>
				<align>center</align>
				<textcolor>$VAR[color_playerpopups_text_main]</textcolor>
				<font>Montserrat_ExtraBold_40</font>
				<label>[B]$INFO[Window.Property(tvshowtitle)][/B]</label>
			</control>
			<control type="label">
				<animation effect="fade" end="60" condition="true">conditional</animation>
				<left>20</left>
				<top>275</top>
				<width>600</width>
				<height>45</height>
				<align>center</align>
				<textcolor>$VAR[color_playerpopups_text_main]</textcolor>
				<font>NotoSans_bold_20</font>
				<label>[COLOR $VAR[color_playerpopups_accent]][B]$ADDON[service.upnext 30049][/B][/COLOR]$INFO[Window.Property(title),  ,]</label>
			</control>
			
			<control type="image">
				<top>55</top>
				<centerleft>50%</centerleft>
				<width>534</width>
				<height>300</height>
				<animation effect="fade" end="10" condition="true">conditional</animation>
				<texture diffuse="diffuse/diffusetranspedges.png">$INFO[Window.Property(fanart)]</texture>
				<aspectratio scalediffuse="false" align="center" aligny="center">scale</aspectratio>
			</control>
			<control type="image">
				<top>75</top>
				<right>50</right>
				<right>80</right>
				<width>445</width>
				<height>250</height>
				<texture diffuse="diffuse/diffusetranspedges.png">$VAR[NextUpThumb]</texture>
				<aspectratio scalediffuse="false" align="right" aligny="center">scale</aspectratio>
			</control>
			<control type="label">
				<top>85</top>
				<height>35</height>
				<aligny>top</aligny>
				<align>center</align>
				<font>font30_title</font>
				<textcolor>$VAR[color_playerpopups_text_main]</textcolor>
				<label>[CAPITALIZE][B]$ADDON[service.upnext 30024][/B][/CAPITALIZE]</label>
			</control>
			<control type="grouplist">
				<animation effect="fade" end="60" condition="true">conditional</animation>
				<orientation>horizontal</orientation>
				<top>275</top>
				<left>30</left>
				<itemgap>10</itemgap>
				<height>50</height>
				<width>100%</width>
				<align>center</align>
				<control type="label">	
					<top>10</top>
					<width>auto</width>
					<height>25</height>
					<aligny>center</aligny>
					<font>debugtiny</font>
					<textcolor>$VAR[color_playerpopups_text_main]</textcolor>
					<label>[COLOR $VAR[color_playerpopups_accent]]$LOCALIZE[20373]$INFO[Window.Property(season), ,   ][/COLOR][B]|[/B]   [COLOR $VAR[color_playerpopups_accent]]$LOCALIZE[20359]$INFO[Window.Property(episode), ,    ][/COLOR]</label>
				</control>
				<control type="button">
					<top>10</top>
					<visible>!String.IsEmpty(VideoPlayer.offset(1).VideoResolution)</visible>
					<label>$VAR[videoplayer_offset1_resolution]</label>
					<width>auto</width>
					<height>27</height>
					<align>center</align>
					<aligny>top</aligny>
					<font>font_Montserrat_18_extrabold</font>
					<textcolor>$VAR[color_playerpopups_text_main]</textcolor>
					<textoffsetx>10</textoffsetx>
					<disabledcolor>$VAR[color_playerpopups_text_main]</disabledcolor>
					<texturefocus border="2" colordiffuse="$PARAM[color]">frames/frame.png</texturefocus>
					<texturenofocus border="2" colordiffuse="$PARAM[color]">frames/frame.png</texturenofocus>
					<enable>false</enable>
				</control>
				<control type="label">
					<top>10</top>
					<width>100</width>
					<height>25</height>
					<aligny>center</aligny>
					<align>center</align>
					<font>font_Montserrat_18_extrabold</font>
					<textcolor>$VAR[color_playerpopups_text_main]</textcolor>
					<label>$INFO[VideoPlayer.mpaa]</label>
					<visible>!String.IsEmpty(VideoPlayer.offset(1).mpaa)</visible>
				</control>
				<control type="button">
					<top>10</top>
					<visible>!String.IsEmpty(Window.Property(year))</visible>
					<label>$INFO[Window.Property(year)]</label>
					<width>auto</width>
					<height>25</height>
					<align>center</align>
					<aligny>center</aligny>
					<font>debugtiny</font>
					<textcolor>$VAR[color_playerpopups_text_main]</textcolor>
					<textoffsetx>5</textoffsetx>
					<disabledcolor>$VAR[color_playerpopups_text_main]</disabledcolor>
					<texturefocus border="2" colordiffuse="$PARAM[color]">frames/frame.png</texturefocus>
					<texturenofocus border="2" colordiffuse="$PARAM[color]">frames/frame.png</texturenofocus>
					<enable>false</enable>
				</control>
				<control type="image">
					<left>50</left>
					<width>136</width>
					<height>50</height>
					<aspectratio aligny="center" align="left">keep</aspectratio>
					<texture colordiffuse="$VAR[color_playerpopups_text_main]" fallback="$VAR[UpNext_label_studio,resource://resource.images.studios.white/,.png]">$VAR[UpNext_label_studio,resource://resource.images.studios.coloured/,.png]</texture>
					<visible>!String.IsEmpty(VideoPlayer.Studio) | !String.IsEmpty(VideoPlayer.Offset(1).studio)</visible>
				</control>
			</control>
		</control>
		<control type="button" id="3012">
			<animation type="conditional" condition="true" loop="true">
				<effect type="fade" start="100" end="20" time="1000" delay="1000" />
				<effect type="fade" start="20" end="100" time="1000" />
			</animation>
			<centertop>50%</centertop>
			<centerleft>50%</centerleft>
			<label>$LOCALIZE[107] , $ADDON[service.upnext 30010]</label>
			<height>100</height>
			<width>630</width>
			<font>Bold30</font>
			<align>center</align>
			<textcolor>$VAR[color_playerpopups_text_main]</textcolor>
			<textoffsetx>90</textoffsetx>
			<focusedcolor>$VAR[color_playerpopups_text_main]</focusedcolor>
			<texturefocus align="center" colordiffuse="$VAR[color_playerpopups_accent]" border="2">frames/frame.png</texturefocus>
			<texturenofocus align="center" colordiffuse="$VAR[color_playerpopups_accent]" border="2">frames/frame.png</texturenofocus>
			<onback>SendClick(3013)</onback>
		</control>
		<control type="image">
			<centertop>50%</centertop>
			<centerleft>37%</centerleft>
			<width>80</width>
			<height>80</height>
			<aspectratio align="top" aligny="left">keep</aspectratio>
			<texture colordiffuse="$VAR[color_playerpopups_accent]">$VAR[nextupbutton_TimeRemaining]</texture>
		</control>
		<control type="image">
			<animation effect="zoom" start="100,100" center="auto" end="115,115" delay="100" time="650" pulse="true" condition="true">Conditional</animation>
			<centertop>50%</centertop>
			<centerleft>37%</centerleft>
			<width>80</width>
			<height>80</height>
			<aspectratio align="top" aligny="left">keep</aspectratio>
			<bordersize>10</bordersize>
			<texture colordiffuse="$VAR[color_playerpopups_text_main]">nextupicons/00.png</texture>
		</control>
	</include>
	

	<variable name="upnext_default_3012">
		<value condition="![Window.IsActive(script-upnext-stillwatching.xml) | Window.IsActive(script-upnext-stillwatching-simple.xml)]">    $ADDON[service.upnext 30006]</value>
		<value condition="Window.IsActive(script-upnext-stillwatching.xml) | Window.IsActive(script-upnext-stillwatching-simple.xml)">    $ADDON[service.upnext 30010]</value>
	</variable>
	<variable name="upnext_default_Header">
		<value condition="![Window.IsActive(script-upnext-stillwatching.xml) | Window.IsActive(script-upnext-stillwatching-simple.xml)] + Integer.IsGreater(Player.TimeRemaining,59)">$ADDON[service.upnext 30008]</value>
		<value condition="![Window.IsActive(script-upnext-stillwatching.xml) | Window.IsActive(script-upnext-stillwatching-simple.xml)] + !Integer.IsGreater(Player.TimeRemaining,59))">$ADDON[service.upnext 30036]</value>
		<value condition="[Window.IsActive(script-upnext-stillwatching.xml) | Window.IsActive(script-upnext-stillwatching-simple.xml)]">$ADDON[service.upnext 30024]</value>
	</variable>

	
	<variable name="nextupbutton_TimeRemaining">
		<value condition="Integer.IsGreater(Player.TimeRemaining(ss),30)">nextupicons/30.png</value>
		<value condition="Integer.IsLessOrEqual(Player.TimeRemaining(ss),30)">$INFO[Player.TimeRemaining(ss),nextupicons/,.png]</value>
	</variable>
    <variable name="NextUpThumb">
		<value condition="!String.IsEmpty(Window.Property(thumb))">$INFO[Window.Property(thumb)]</value>
        <value condition="!String.IsEmpty(Window.Property(fanart))">$INFO[Window.Property(fanart)]</value>
		<value>$INFO[Window.Property(landscape)]</value>
    </variable>
	<variable name="videoplayer_offset1_mpaa">
		<value condition="!String.IsEmpty(VideoPlayer.Offset(1).mpaa)">$INFO[VideoPlayer.Offset(1).mpaa]</value>
		<value condition="!String.IsEmpty(VideoPlayer.mpaa)">$INFO[VideoPlayer.mpaa]</value>
	</variable>
	<variable name="UpNext_label_studio">
		<value condition="!String.IsEmpty(VideoPlayer.Offset(1).studio)">$INFO[VideoPlayer.Offset(1).studio]</value>
		<value condition="!String.IsEmpty(VideoPlayer.studio)">$INFO[VideoPlayer.studio]</value>
	</variable>
	<variable name="videoplayer_offset1_resolution">
		<value condition="Integer.IsGreater(VideoPlayer.offset(1).VideoResolution,1080) | String.IsEqual(VideoPlayer.offset(1).VideoResolution,4K)">[B]UHD[/B]</value>
		<value condition="Integer.IsGreater(VideoPlayer.offset(1).VideoResolution,720) | String.IsEqual(VideoPlayer.offset(1).VideoResolution,1080)">[B]HD[/B]</value>
		<value condition="Integer.IsLess(VideoPlayer.offset(1).VideoResolution,720)">[B]SD[/B]</value>
		<value>[B]SD[/B]</value>
	</variable>
	
</includes>