<?xml version="1.0" encoding="UTF-8"?>
<includes>
	
	<include name="view_layer4">
		<control type="group">
			<visible>!Control.IsVisible(50) + [
             [Control.IsVisible(51) + Skin.HasSetting(View_51_ShowBGPanel)] | 
             [Control.IsVisible(52) + Skin.HasSetting(View_52_ShowBGPanel)] | 
             [Control.IsVisible(53) + Skin.HasSetting(View_53_ShowBGPanel)] | 
             [Control.IsVisible(54) + Skin.HasSetting(View_54_ShowBGPanel)]]
			</visible>
			<include content="View_BGPanel">
				<param name="width2" value="90" />
				<param name="width3" value="100" />
			</include>
		</control>
	</include>
	
	<include name="view_51">
		<control type="group">
			<visible>Control.IsVisible(51)</visible>
			
			<control type="panel" id="51">
				<viewtype label="$LOCALIZE[31240]">poster panel</viewtype>
				
				<!-- 
				just maybe its a pita
				<include content="locked_view_videos" condition="Window.IsActive(videos) + !$EXP[content_not_locked]">
					<param name="view_id" value="51" />
				</include>
				-->
				<include content="view_locking" condition="!$EXP[content_not_locked]">
					<param name="view_id" value="51" />
				</include>
				
				<include content="Media_Container_Attributes">
					<param name="view_id" value="51" />
					<param name="left" value="170" />
				</include>
				<include>Media_Values_ContainerNavigation</include>
				
				<!-- currently use slide, as best option to avoid reload skin even if bottom offset 0 is wished 
				<include condition="Skin.HasSetting(View_51_DisableFooter)" content="Media_Container_Attributes">
					<param name="left" value="170" />
					<param name="bottom" value="0" />
				</include>
				-->
				
				<itemlayout height="445" width="260" condition="!Skin.HasSetting(View_51_DisableTags)">
					<control type="group">
						<width>240</width>
						<height>350</height>
						<include content="UniversalLayout">
							<param name="colordiffuse" value="$VAR[color_universalcontainer_itemframe_nf]" />
							<param name="artwork" value="poster" />
							<param name="get_tags" value="true" />
							<param name="get_tagbgpanel" value="true" />
							<param name="autoscroll" value="false" />
							<param name="bordersize_bg" value="6" />
							<param name="bottompanelcolor" value="$VAR[color_universalcontainer_itemtag_bgpanel_nf]" />
							<param name="bottomtaglabelcolor" value="$VAR[color_universalcontainer_itemtag_label1_nf]" />
							<param name="bottomtaglabel2color" value="$VAR[color_universalcontainer_itemtag_label2_nf]" />
						</include>
					</control>
				</itemlayout>
				<focusedlayout height="445" width="260" condition="!Skin.HasSetting(View_51_DisableTags)">
					<include content="SetPropOnFocus_HiddenButton" />
					<control type="group">
						<width>240</width>
						<height>350</height>
						<description>to avoid relaod skin on disable footer and avoid bottom offset fade out 3rd row of items</description>
						<include>Animation_Item_Focus</include>
						<control type="group">
							<include content="UniversalLayout">
								<param name="colordiffuse" value="$VAR[color_universalcontainer_itemframe_fo]" />
								<param name="artwork" value="poster" />
								<param name="get_tags" value="true" />
								<param name="get_tagbgpanel" value="true" />
								<param name="autoscroll" value="true" />
								<param name="bordersize_bg" value="4" />
								<param name="bottompanelcolor" value="$VAR[color_universalcontainer_itemtag_bgpanel_fo]" />
								<param name="bottomtaglabelcolor" value="$VAR[color_universalcontainer_itemtag_label1_fo]" />
								<param name="bottomtaglabel2color" value="$VAR[color_universalcontainer_itemtag_label2_fo]" />
							</include>
							<control type="group">
								<include condition="![String.StartsWith(Skin.String(color_lib_widgetitem_itemtag_bgpanel_fo),00) | String.EndsWith(Skin.String(color_lib_widgetitem_itemtag_bgpanel_fo),one)]" content="FocusOverlay">
									<param name="diffusedimtext" value="artworkdiffuse/usebganel/poster.png" />
								</include>
								<include condition="[String.StartsWith(Skin.String(color_lib_widgetitem_itemtag_bgpanel_fo),00) | String.EndsWith(Skin.String(color_lib_widgetitem_itemtag_bgpanel_fo),one)]" content="FocusOverlay">
									<param name="diffusedimtext" value="artworkdiffuse/poster.png" />
								</include>
							</control>
						</control>
					</control>
				</focusedlayout>
				<itemlayout height="365" width="260" condition="Skin.HasSetting(View_51_DisableTags)">
					<control type="group">
						<width>240</width>
						<height>350</height>
						<include content="UniversalLayout">
							<param name="colordiffuse" value="$VAR[color_universalcontainer_itemframe_nf]" />
							<param name="artwork" value="poster" />
							<param name="get_tags" value="false" />
							<param name="get_tagbgpanel" value="false" />
							<param name="autoscroll" value="false" />
							<param name="bordersize_bg" value="6" />
							<param name="bottompanelcolor" value="$VAR[color_universalcontainer_itemtag_bgpanel_nf]" />
							<param name="bottomtaglabelcolor" value="$VAR[color_universalcontainer_itemtag_label1_nf]" />
							<param name="bottomtaglabel2color" value="$VAR[color_universalcontainer_itemtag_label2_nf]" />
							<param name="conditional_artworkdiffuse_themed" value="true" />
							<param name="conditional_artworkdiffuse_override" value="false" />
						</include>
					</control>
				</itemlayout>
				<focusedlayout height="365" width="260" condition="Skin.HasSetting(View_51_DisableTags)">
					<include content="SetPropOnFocus_HiddenButton" />
					<control type="group">
						<width>240</width>
						<height>350</height>
						<include>Animation_Item_Focus</include>
						<control type="group">
							<include content="UniversalLayout">
								<param name="colordiffuse" value="$VAR[color_universalcontainer_itemframe_fo]" />
								<param name="artwork" value="poster" />
								<param name="get_tags" value="false" />
								<param name="get_tagbgpanel" value="false" />
								<param name="autoscroll" value="true" />
								<param name="bordersize_bg" value="4" />
								<param name="bottompanelcolor" value="$VAR[color_universalcontainer_itemtag_bgpanel_fo]" />
								<param name="bottomtaglabelcolor" value="$VAR[color_universalcontainer_itemtag_label1_fo]" />
								<param name="bottomtaglabel2color" value="$VAR[color_universalcontainer_itemtag_label2_fo]" />
								<param name="conditional_artworkdiffuse_themed" value="true" />
								<param name="conditional_artworkdiffuse_override" value="false" />
							</include>
							<control type="group">
								<include content="FocusOverlay">
									<param name="diffusedimtext" value="artworkdiffuse/poster.png" />
								</include>
							</control>
						</control>
					</control>
				</focusedlayout>
			</control>
			
			<include content="footer">
				<param name="view_id" value="51" />
				<param name="footer_mediaflag_offsetleft" value="180" />
				<param name="footer_rating_offsetright" value="200" />
			</include>
		</control>
	</include>
		
	<include name="view_52">
		<control type="group">
			<visible>Control.IsVisible(52)</visible>
			
			<include content="Universal_Container">
				<include content="view_locking" condition="!$EXP[content_not_locked]">
					<param name="view_id" value="52" />
				</include>
				
				<param name="id" value="52" />
				<param name="type_height" value="900" />
				<param name="type_pos_top" value="120" />
				<param name="orientation" value="vertical" />
				<param name="circle_visible" value="true" />
				<param name="visible" value="!Container.Content(songs)" />
				<param name="layout_height" value="300" />
				<param name="layout_width" value="250" />
				<param name="itemheight" value="210" />
				<param name="itemwidth" value="210" />
				<param name="layout" value="circle" />
				<animation effect="slide" start="0,0" end="0,90" time="350" tween="quadratic" easing="in" delay="100" condition="Skin.HasSetting(View_52_DisableFooter)">conditional</animation>
				<viewtype label="$LOCALIZE[31241]">circle panel</viewtype>
				<include>Media_Values_ContainerNavigation</include>
				<left>5%</left>
			</include>
			
			<include content="footer">
				<param name="view_id" value="52" />
			</include>
		</control>
	</include>
		
	<include name="view_53">
		<control type="group">
			<visible>Control.IsVisible(53)</visible>
			
			<control type="panel" id="53">
				<viewtype label="$LOCALIZE[31242]">landscape panel</viewtype>
				<include content="view_locking" condition="!$EXP[content_not_locked]">
					<param name="view_id" value="53" />
				</include>
				<include content="Media_Container_Attributes">
					<param name="view_id" value="53" />
					<param name="left" value="175" />
				</include>
				
				<include>Media_Values_ContainerNavigation</include>
				
				<itemlayout height="321" width="400" condition="!Skin.HasSetting(View_53_DisableTags)">
					<control type="group">
						<width>383</width>
						<height>225</height>
						<include content="UniversalLayout">
							<param name="colordiffuse" value="$VAR[color_universalcontainer_itemframe_nf]" />
							<param name="artwork" value="landscape" />
							<param name="get_tags" value="true" />
							<param name="get_tagbgpanel" value="true" />
							<param name="autoscroll" value="false" />
							<param name="bordersize_bg" value="6" />
							<param name="bottompanelcolor" value="$VAR[color_universalcontainer_itemtag_bgpanel_nf]" />
							<param name="bottomtaglabelcolor" value="$VAR[color_universalcontainer_itemtag_label1_nf]" />
							<param name="bottomtaglabel2color" value="$VAR[color_universalcontainer_itemtag_label2_nf]" />
							<param name="get_landscapelogo" value="![$EXP[IsEpisode]]" />
						</include>
					</control>
				</itemlayout>
				<focusedlayout height="321" width="400" condition="!Skin.HasSetting(View_53_DisableTags)">
					<include content="SetPropOnFocus_HiddenButton" />
					<control type="group">
						<width>383</width>
						<height>225</height>
						<description>to avoid relaod skin on disable footer and avoid bottom offset fade out 3rd row of items</description>
						<include>Animation_Item_Focus</include>
						<control type="group">
							<include content="UniversalLayout">
								<param name="colordiffuse" value="$VAR[color_universalcontainer_itemframe_fo]" />
								<param name="artwork" value="landscape" />
								<param name="get_tags" value="true" />
								<param name="get_tagbgpanel" value="true" />
								<param name="autoscroll" value="true" />
								<param name="bordersize_bg" value="4" />
								<param name="bottompanelcolor" value="$VAR[color_universalcontainer_itemtag_bgpanel_fo]" />
								<param name="bottomtaglabelcolor" value="$VAR[color_universalcontainer_itemtag_label1_fo]" />
								<param name="bottomtaglabel2color" value="$VAR[color_universalcontainer_itemtag_label2_fo]" />
								<param name="get_landscapelogo" value="![$EXP[IsEpisode]]" />
							</include>
							<control type="group">
								<include condition="![String.StartsWith(Skin.String(color_lib_widgetitem_itemtag_bgpanel_fo),00) | String.EndsWith(Skin.String(color_lib_widgetitem_itemtag_bgpanel_fo),one)]" content="FocusOverlay">
									<param name="diffusedimtext" value="artworkdiffuse/usebganel/landscape.png" />
								</include>
								<include condition="[String.StartsWith(Skin.String(color_lib_widgetitem_itemtag_bgpanel_fo),00) | String.EndsWith(Skin.String(color_lib_widgetitem_itemtag_bgpanel_fo),one)]" content="FocusOverlay">
									<param name="diffusedimtext" value="artworkdiffuse/landscape.png" />
								</include>
							</control>
						</control>
					</control>
				</focusedlayout>
				<itemlayout height="241" width="400" condition="Skin.HasSetting(View_53_DisableTags)">
					<control type="group">
						<width>383</width>
						<height>225</height>
						<include content="UniversalLayout">
							<param name="colordiffuse" value="$VAR[color_universalcontainer_itemframe_nf]" />
							<param name="artwork" value="landscape" />
							<param name="get_tags" value="false" />
							<param name="get_tagbgpanel" value="false" />
							<param name="autoscroll" value="false" />
							<param name="bordersize_bg" value="6" />
							<param name="bottompanelcolor" value="$VAR[color_universalcontainer_itemtag_bgpanel_nf]" />
							<param name="bottomtaglabelcolor" value="$VAR[color_universalcontainer_itemtag_label1_nf]" />
							<param name="bottomtaglabel2color" value="$VAR[color_universalcontainer_itemtag_label2_nf]" />
							<param name="conditional_artworkdiffuse_themed" value="true" />
							<param name="conditional_artworkdiffuse_override" value="false" />
							<param name="get_landscapelogo" value="![$EXP[IsEpisode]]" />
						</include>
					</control>
				</itemlayout>
				<focusedlayout height="241" width="400" condition="Skin.HasSetting(View_53_DisableTags)">
					<include content="SetPropOnFocus_HiddenButton" />
					<control type="group">
						<width>383</width>
						<height>225</height>
						<include>Animation_Item_Focus</include>
						<control type="group">
							<include content="UniversalLayout">
								<param name="colordiffuse" value="$VAR[color_universalcontainer_itemframe_fo]" />
								<param name="artwork" value="landscape" />
								<param name="get_tags" value="false" />
								<param name="get_tagbgpanel" value="false" />
								<param name="autoscroll" value="true" />
								<param name="bordersize_bg" value="4" />
								<param name="bottompanelcolor" value="$VAR[color_universalcontainer_itemtag_bgpanel_fo]" />
								<param name="bottomtaglabelcolor" value="$VAR[color_universalcontainer_itemtag_label1_fo]" />
								<param name="bottomtaglabel2color" value="$VAR[color_universalcontainer_itemtag_label2_fo]" />
								<param name="conditional_artworkdiffuse_themed" value="true" />
								<param name="conditional_artworkdiffuse_override" value="false" />
								<param name="get_landscapelogo" value="![$EXP[IsEpisode]]" />
							</include>
							<control type="group">
								<include content="FocusOverlay">
									<param name="diffusedimtext" value="artworkdiffuse/landscape.png" />
								</include>
							</control>
						</control>
					</control>
				</focusedlayout>
			</control>
			
			<include content="footer">
				<param name="view_id" value="53" />
				<param name="footer_mediaflag_offsetleft" value="200" />
				<param name="footer_rating_offsetright" value="150" />
			</include>
		</control>
	</include>
		
	<include name="view_54">
		<control type="group">
			<visible>Control.IsVisible(54)</visible>
			<description>keep in mind thumb is supposed stretched, square is supposed scaled</description>
						
			<control type="panel" id="54">
				<viewtype label="$LOCALIZE[31243]">square panel</viewtype>
				<include content="view_locking" condition="!$EXP[content_not_locked]">
					<param name="view_id" value="54" />
				</include>
				<include content="Media_Container_Attributes">
					<param name="view_id" value="54" />
					<param name="left" value="160" />
				</include>
				<include>Media_Values_ContainerNavigation</include>
				
				<itemlayout height="445" width="410" condition="!Skin.HasSetting(View_54_DisableTags)">
					<control type="group">
						<width>345</width>
						<height>345</height>
						<include content="UniversalLayout">
							<param name="colordiffuse" value="$VAR[color_universalcontainer_itemframe_nf]" />
							<param name="artwork" value="square" />
							<param name="get_tags" value="true" />
							<param name="get_tagbgpanel" value="true" />
							<param name="autoscroll" value="false" />
							<param name="bordersize_bg" value="6" />
							<param name="bottompanelcolor" value="$VAR[color_universalcontainer_itemtag_bgpanel_nf]" />
							<param name="bottomtaglabelcolor" value="$VAR[color_universalcontainer_itemtag_label1_nf]" />
							<param name="bottomtaglabel2color" value="$VAR[color_universalcontainer_itemtag_label2_nf]" />
						</include>
					</control>
				</itemlayout>
				<focusedlayout height="445" width="410" condition="!Skin.HasSetting(View_54_DisableTags)">
					<include content="SetPropOnFocus_HiddenButton" />
					<control type="group">
						<width>345</width>
						<height>345</height>
						<description>to avoid relaod skin on disable footer and avoid bottom offset fade out 3rd row of items</description>
						<include>Animation_Item_Focus</include>
						<control type="group">
							<include content="UniversalLayout">
								<param name="colordiffuse" value="$VAR[color_universalcontainer_itemframe_fo]" />
								<param name="artwork" value="square" />
								<param name="get_tags" value="true" />
								<param name="get_tagbgpanel" value="true" />
								<param name="autoscroll" value="true" />
								<param name="bordersize_bg" value="4" />
								<param name="bottompanelcolor" value="$VAR[color_universalcontainer_itemtag_bgpanel_fo]" />
								<param name="bottomtaglabelcolor" value="$VAR[color_universalcontainer_itemtag_label1_fo]" />
								<param name="bottomtaglabel2color" value="$VAR[color_universalcontainer_itemtag_label2_fo]" />
							</include>
							<control type="group">
								<include condition="![String.StartsWith(Skin.String(color_lib_widgetitem_itemtag_bgpanel_fo),00) | String.EndsWith(Skin.String(color_lib_widgetitem_itemtag_bgpanel_fo),one)]" content="FocusOverlay">
									<param name="diffusedimtext" value="artworkdiffuse/usebganel/square.png" />
								</include>
								<include condition="[String.StartsWith(Skin.String(color_lib_widgetitem_itemtag_bgpanel_fo),00) | String.EndsWith(Skin.String(color_lib_widgetitem_itemtag_bgpanel_fo),one)]" content="FocusOverlay">
									<param name="diffusedimtext" value="artworkdiffuse/square.png" />
								</include>
							</control>
						</control>
					</control>
				</focusedlayout>
				<itemlayout height="370" width="410" condition="Skin.HasSetting(View_54_DisableTags)">
					<control type="group">
						<width>345</width>
						<height>345</height>
						<include content="UniversalLayout">
							<param name="colordiffuse" value="$VAR[color_universalcontainer_itemframe_nf]" />
							<param name="artwork" value="square" />
							<param name="get_tags" value="false" />
							<param name="get_tagbgpanel" value="false" />
							<param name="autoscroll" value="false" />
							<param name="bordersize_bg" value="6" />
							<param name="bottompanelcolor" value="$VAR[color_universalcontainer_itemtag_bgpanel_nf]" />
							<param name="bottomtaglabelcolor" value="$VAR[color_universalcontainer_itemtag_label1_nf]" />
							<param name="bottomtaglabel2color" value="$VAR[color_universalcontainer_itemtag_label2_nf]" />
							<param name="conditional_artworkdiffuse_themed" value="true" />
							<param name="conditional_artworkdiffuse_override" value="false" />
						</include>
					</control>
				</itemlayout>
				<focusedlayout height="370" width="410" condition="Skin.HasSetting(View_54_DisableTags)">
					<include content="SetPropOnFocus_HiddenButton" />
					<control type="group">
						<width>345</width>
						<height>345</height>
						<include>Animation_Item_Focus</include>
						<control type="group">
							<include content="UniversalLayout">
								<param name="colordiffuse" value="$VAR[color_universalcontainer_itemframe_fo]" />
								<param name="artwork" value="square" />
								<param name="get_tags" value="false" />
								<param name="get_tagbgpanel" value="false" />
								<param name="autoscroll" value="true" />
								<param name="bordersize_bg" value="4" />
								<param name="bottompanelcolor" value="$VAR[color_universalcontainer_itemtag_bgpanel_fo]" />
								<param name="bottomtaglabelcolor" value="$VAR[color_universalcontainer_itemtag_label1_fo]" />
								<param name="bottomtaglabel2color" value="$VAR[color_universalcontainer_itemtag_label2_fo]" />
								<param name="conditional_artworkdiffuse_themed" value="true" />
								<param name="conditional_artworkdiffuse_override" value="false" />
							</include>
							<control type="group">
								<include content="FocusOverlay">
									<param name="diffusedimtext" value="artworkdiffuse/square.png" />
								</include>
							</control>
						</control>
					</control>
				</focusedlayout>
			</control>
			
			<include content="footer">
				<param name="view_id" value="54" />
				<param name="footer_mediaflag_offsetleft" value="170" />
				<param name="footer_rating_offsetright" value="180" />
			</include>
		</control>
		
	</include>
		
</includes>