<?xml version="1.0" encoding="utf-8"?>
<includes>
	
	<include name="view_502">
		
		<control type="group">
			<visible>Control.IsVisible(502)</visible>
			
			<control type="image">
				<texture colordiffuse="$VAR[color_spotlightlib_background_layer1]">colors/white70.png</texture>
			</control>			
					
			<control type="panel" id="502">
				<viewtype label="$LOCALIZE[31259]">spotlight infocards</viewtype>
				<include content="view_locking" condition="skin.hassetting(skin_locked_views)">
					<param name="view_id" value="502" />
				</include>
				<include content="media_container_attributes">
					<param name="view_id" value="502" />
					<param name="left" value="165" />
				</include>
				
				<itemlayout height="420" width="800">
					<include content="layout_spotlightcards">
						<param name="is_focused" value="false" />
					</include>
				</itemlayout>
			
				<focusedlayout height="420" width="800">
					<include content="layout_spotlightcards">
						<param name="is_focused" value="true" />
						<include>hiddenbutton_manage_skinpropertys</include>
					</include>
					<control type="group">
						<visible>Player.HasMedia + !String.IsEmpty(Window(Home).Property(trailer_isplaying))</visible>
						<left>10</left>
						<top>5</top>
						<width>500</width>
						<height>300</height>
						<control type="image">
							<texture colordiffuse="$VAR[color_spotlightlib_background_layer1]">colors/white.png</texture>
						</control>
						<control type="videowindow" />
						<control type="image">
							<texture colordiffuse="$VAR[color_spotlightlib_background_layer1]">overlay/spotlightright.png</texture>
						</control>
					</control>
					
				</focusedlayout>
			</control>
			
			<include content="footer">
				<param name="view_id" value="502" />
				<param name="footer_mediaflag_offsetleft" value="150" />
				<param name="footer_rating_offsetright" value="160" />
			</include>
		</control>
	</include>	
		
		<include name="layout_spotlightcards">
			<param name="color" default="$VAR[color_spotlightlib_background_layer1]" />
			<param name="tc" default="$VAR[color_spotlightlib_main]" />
			<param name="tc_2" default="$VAR[color_spotlightlib_secondary]" />
			
			<definition>
				<control type="group">
					<nested />
					<width>790</width>
					<height>400</height>
					
					<control type="image">
						<description>focus frame bad if item bg match global bg</description>
						<texture colordiffuse="$PARAM[tc]">colors/white.png</texture>
						<top>0</top>
						<aspectratio scalediffuse="true" aligny="top">scale</aspectratio>
						<visible>$PARAM[is_focused]</visible>
					</control>
					<control type="image">
						<description>tile bg</description>
						<texture colordiffuse="$PARAM[color]">colors/white.png</texture>
						<top>0</top>
						<bordersize>5</bordersize>
						<aspectratio scalediffuse="true" aligny="top">scale</aspectratio>
					</control>
					<control type="image">
						<description>diffused fanart</description>
						<top>10</top>
						<left>10</left>
						<width>490</width>
						<height>289</height>
						<texture background="true" diffuse="diffuse/spotlightrightdiffuse.png">$VAR[ImageLayout_fanart]</texture>
						<aspectratio scalediffuse="false" align="left" aligny="top">scale</aspectratio>
					</control>
					<control type="image">
						<description>clear logo</description>
						<visible>
						 [
						  !String.IsEmpty(ListItem.Art(tvshow.clearlogo)) | 
						  !String.IsEmpty(ListItem.Art(artist.clearlogo)) | 
						  !String.IsEmpty(ListItem.Art(albumartist.clearlogo)) | 
						  !String.IsEmpty(ListItem.Art(clearlogo))
						 ]
						</visible>
						<top>0</top>
						<right>20</right>
						<width>250</width> 
						<height>120</height>
						<texture background="true" diffuse="colors/white80.png">$VAR[ListItemClearLogo]</texture>
						<aspectratio scalediffuse="true" aligny="center">keep</aspectratio>
					</control>
					<control type="textbox">
						<description>Integer.IsOdd(ListItem.Season) + clear logo fallback, need title var , e.g. if season show show title</description>
						<visible>
						 [
						 String.IsEmpty(ListItem.Art(clearlogo)) + 
						 String.IsEmpty(ListItem.Art(tvshow.clearlogo)) + 
						 String.IsEmpty(ListItem.Art(artist.clearlogo)) + 
						 String.IsEmpty(ListItem.Art(albumartist.clearlogo))
						 ]
						</visible>
						<top>0</top>
						<right>20</right>
						<width>250</width> 
						<height>135</height>
						<info>listitem.title</info>
						<font>notosans_20_regular</font>
						<textcolor>white</textcolor>
						<align>center</align>
					</control>
					<control type="textbox">
						<description>item description e.g. plot</description>
						<visible>!String.IsEqual(ListItem.DBtype,season)</visible>
						<top>130</top>
						<right>20</right>
						<left>510</left>
						<width>250</width> 
						<bottom>70</bottom>
						<label>$VAR[plot]</label>
						<font>notosans_18_bold</font>
						<textcolor>$PARAM[tc_2]</textcolor>
						<align>justify</align>
						<aligny>center</aligny>
						<autoscroll delay="5000" time="4000" repeat="10000">$PARAM[is_focused]</autoscroll>
					</control>
					
					<control type="group">
						<visible>String.IsEqual(ListItem.DBtype,season)</visible>
						<description>season got no plots</description>
						<control type="textbox">
							
							<top>120</top>
							<right>20</right>
							<width>250</width> 
							<height>40</height>
							<info>listitem.label</info>
							<font>notosans_24_bold</font>
							<textcolor>$PARAM[tc_2]</textcolor>
							<align>center</align>
						</control>
						<control type="textbox">
							<top>180</top>
							<right>20</right>
							<width>250</width> 
							<bottom>70</bottom>
							<label>$INFO[ListItem.Year,Yahr  [B],[/B]][CR][CR]$INFO[ListItem.Property(TotalEpisodes),Folgen : [B],[/B]][CR]$INFO[ListItem.Property(UnWatchedEpisodes),Nicht gesehen : [B],[/B]]</label>
							<font>notosans_16_bold</font>
							<textcolor>$PARAM[tc_2]</textcolor>
							<align>center</align>
							<aligny>top</aligny>
						</control>
					</control>
					
					
					<control type="group">
						<description>should be easiest but variable usage failing - when it comes to colors</description>
						<visible>false</visible>
						<control type="image">
							<visible>!String.IsEmpty(ListItem.Rating)</visible>
							<bottom>15</bottom>
							<right>60</right>
							<width>100</width>
							<height>25</height>
							<texture>$VAR[502_ratingimage]</texture>
							<aspectratio align="right">keep</aspectratio>
						</control>
						<control type="textbox">
							<visible>!String.IsEmpty(ListItem.Rating)</visible>
							<bottom>15</bottom>
							<right>20</right>
							<width>50</width>
							<height>25</height>
							<label>$INFO[ListItem.Rating]</label>
							<font>notosans_16_bold</font>
							<align>right</align>
							<textcolor>$VAR[502_ratingcolor]</textcolor>
						</control>
					</control>
					
					<control type="group">
						<description>visible condition usage</description>
						<include content="var_rating_workaraound">
							<param name="rating" value="tvdb" />
							<param name="rating_image" value="tvdb" />
						</include>
						<include content="var_rating_workaraound">
							<param name="rating" value="themoviedb" />
							<param name="rating_image" value="themoviedb" />
						</include>
						<include content="var_rating_workaraound">
							<param name="rating" value="imdb" />
							<param name="rating_image" value="imdb" />
						</include>
						<include content="var_rating_workaraound">
							<param name="rating" value="metacritic" />
							<param name="rating_image" value="metacritic" />
						</include>
						<include content="var_rating_workaraound">
							<param name="rating" value="tomatometerallaudience" />
							<param name="rating_image" value="tomatometerallaudience" />
						</include>
						<include content="var_rating_workaraound">
							<param name="rating" value="tomatometerallcritics" />
							<param name="rating_image" value="tomatometerallcritics" />
						</include>
						<include content="var_rating_workaraound">
							<param name="rating" value="tomatometeravgaudience" />
							<param name="rating_image" value="tomatometeravgaudience" />
						</include>
						<include content="var_rating_workaraound">
							<param name="rating" value="tomatometeravgcritics" />
							<param name="rating_image" value="tomatometeravgcritics" />
						</include>
						
						<control type="image">
							<visible>
                             !String.IsEmpty(ListItem.Rating) + [
                             String.IsEmpty(ListItem.Rating(tvdb)) + 
                             String.IsEmpty(ListItem.Rating(themoviedb)) + 
                             String.IsEmpty(ListItem.Rating(imdb)) + 
                             String.IsEmpty(ListItem.Rating(metacritic)) + 
                             String.IsEmpty(ListItem.Rating(tomatometerallaudience)) + 
                             String.IsEmpty(ListItem.Rating(tomatometerallcritics)) + 
                             String.IsEmpty(ListItem.Rating(tomatometeravgaudience)) + 
                             String.IsEmpty(ListItem.Rating(tomatometeravgcritics))
                             ]
                            </visible>
							<bottom>15</bottom>
							<right>60</right>
							<width>100</width>
							<height>25</height>
							<texture>flags/ratings/star.png</texture>
							<aspectratio align="right">keep</aspectratio>
						</control>
						<!-- meeh
						<control type="image">
							<visible>!String.IsEmpty(ListItem.UserRating)</visible>
							<bottom>10</bottom>
							<right>160</right>
							<width>100</width>
							<height>35</height>
							<texture>flags/ratings/userrating.png</texture> to thin
							<aspectratio align="right">keep</aspectratio>
						</control>
						<control type="textbox">
							<visible>!String.IsEmpty(ListItem.UserRating)</visible>
							<bottom>15</bottom>
							<right>130</right>
							<width>50</width>
							<height>25</height>
							<label>$INFO[ListItem.UserRating]</label>
							<font>notosans_16_bold</font>
							<align>right</align>
							<textcolor>red</textcolor>
						</control>
						 -->
					</control>
					
					<control type="button">
						<visible>false</visible>
						<visible>!String.IsEmpty(ListItem.Genre)</visible>
						<align>center</align>
						<textcolor>$PARAM[tc]</textcolor>
						<textoffsetx>10</textoffsetx>
						<disabledcolor>$PARAM[tc]</disabledcolor>
						<texturefocus border="2" colordiffuse="$PARAM[tc]">frames/frame.png</texturefocus>
						<texturenofocus border="2" colordiffuse="$PARAM[tc]">frames/frame.png</texturenofocus>
						<enable>false</enable>
						<bottom>10</bottom>
						<left>10</left>
						<width min="32">auto</width>
						<height>30</height>
						<font>notosans_16_bold</font>
						<label>$INFO[ListItem.Genre]</label>
					</control>
					
					<control type="label">
						<description>genre, like to have it framed but button wont work good</description>
						<visible>!String.IsEmpty(ListItem.Genre)</visible>
						<bottom>15</bottom>
						<left>15</left>
						<width>auto</width>
						<height>30</height>
						<font>notosans_16_bold</font>
						<textcolor>$PARAM[tc]</textcolor>
						<label>$INFO[ListItem.Genre]</label>
					</control>
					
					<control type="label">
						<description>genre, like to have it framed</description>
						<visible>String.IsEqual(ListItem.DBtype,episode)</visible>
						<bottom>50</bottom>
						<left>15</left>
						<width>auto</width>
						<height>30</height>
						<font>notosans_18_bold</font>
						<textcolor>$PARAM[tc]</textcolor>
						<label>$INFO[ListItem.Season,Staffel  [B],[/B]]$INFO[ListItem.Episode,   Folge  [B],[/B]]</label>
					</control>
					
					<control type="group">
						<description>progress bar maybe use for playable media , folder use just icon as indicator ??</description>
							
						<visible>![Container.Content(tvshows) | Container.Content(Seasons) | Container.Content(sets)]</visible>
							
						<top>280</top>
						<left>20</left>
						<width>480</width>
						<control type="progress">
							<visible>Integer.IsGreater(ListItem.PercentPlayed,0) + ListItem.IsResumable</visible>
							<top>30</top>
							<height>2</height>
							<align>left</align>
							<!-- $VAR[color_lib_watchedoverlay_progressbar_progress] -->
							<info>ListItem.PercentPlayed</info>
						</control>
						<control type="image">
							<visible>[Integer.IsGreater(ListItem.PlayCount,0) + !ListItem.IsResumable]</visible>
							<texture colordiffuse="$VAR[color_lib_watchedoverlay_progressbar_progress]">colors/white.png</texture>
							<top>30</top>
							<height>2</height>
							<align>left</align>
							<aspectratio scalediffuse="true" aligny="top">scale</aspectratio>
						</control>
					</control>
					
					</control>
					
					
					
					<control type="image">
						<visible>false</visible>
						<description>indicator tile bg</description>
						<texture colordiffuse="$PARAM[color]">colors/white.png</texture>
						<right>-50</right>
						<width>60</width>
						<top>5</top>
						<height>390</height>
						<aspectratio scalediffuse="true" aligny="top">scale</aspectratio>
					</control>
					<control type="group">
						<visible>false</visible>
						<description>watched indicator NO BAR only if item width ext to 825, wished 800</description>
						
						<centertop>50%</centertop>
						<right>-50</right>
						<width>50</width>
						<height>50</height>
						
						<control type="image">
							<height>35</height>
							<width>35</width>
							<align>right</align>
							<bordersize>3</bordersize>
							<bordertexture colordiffuse="white">watched.png</bordertexture>
							<texture colordiffuse="ff101010">watched.png</texture>
							
						</control>
						<control type="image">
							<height>35</height>
							<width>35</width>
							<bordersize>5</bordersize>
							<align>right</align>
							<texture colordiffuse="cyan">overlaywatched.png</texture>
							
						</control>
					</control>
				
			</definition>
		</include>
		
		
		
		<variable name="502_ratingimage">
			<value condition="!String.IsEmpty(ListItem.Rating(tvdb))">flags/ratings/tvdb_color.png</value>
			<value condition="!String.IsEmpty(ListItem.Rating(themoviedb))">flags/ratings/themoviedb_color.png</value>
			<value condition="!String.IsEmpty(ListItem.Rating)">icons/star.png</value>
			<value></value>
		</variable>
		
		<variable name="502_ratingcolor">
			<value condition="!String.IsEmpty(ListItem.Rating(tvdb))">FF388E3C</value>
			<value condition="!String.IsEmpty(ListItem.Rating(themoviedb))">FF00FFFF</value>
			<value condition="!String.IsEmpty(ListItem.Rating(imdb))">ffc1c127</value>
			<value condition="!String.IsEmpty(ListItem.Rating)">FFFFFFFF</value>
			<value>FFCE4421</value>
		</variable>
		
		<variable name="502_ratinglabel">
			<value condition="!String.IsEmpty(ListItem.Rating(tvdb))">$INFO[ListItem.Rating(tvdb)]</value>
			<value condition="!String.IsEmpty(ListItem.Rating(themoviedb))">$INFO[ListItem.Rating(themoviedb)]</value>
			<value condition="!String.IsEmpty(ListItem.Rating)">$INFO[listitem.rating]</value>
			<value>empty</value>
		</variable>
		
		
		<include name="var_rating_workaraound">
		
		<definition>
			<control type="image">
				<description>tvdb</description>
				<visible>!String.IsEmpty(ListItem.Rating($PARAM[rating]))</visible>
				<bottom>15</bottom>
				<right>60</right>
				<width>100</width>
				<height>25</height>
				<texture>flags/ratings/$PARAM[rating_image]_color.png</texture>
				<aspectratio align="right">keep</aspectratio>
			</control>
			<control type="textbox">
				<description>wtf why does colors work correct that way</description>
				<visible>!String.IsEmpty(ListItem.Rating)</visible>
				<bottom>15</bottom>
				<right>20</right>
				<width>50</width>
				<height>25</height>
				<label>$INFO[ListItem.Rating]</label>
				<font>notosans_16_bold</font>
				<align>right</align>
				<textcolor>$VAR[502_ratingcolor]</textcolor>
			</control>
			
		</definition>
		</include>
</includes>
