<?xml version="1.0" encoding="utf-8"?>
<window>
    <defaultcontrol always="true">3012</defaultcontrol>
    <onload>Dialog.Close(fullscreeninfo,true)</onload>
    <onload>Dialog.Close(videoosd,true)</onload>
	<controls>
        <control type="group">
			<include condition="String.IsEqual(Skin.String(stillwatchinglayout),fancy) | !Skin.String(stillwatchinglayout)">upnext_stillwatching_common</include>
			<include condition="String.IsEqual(Skin.String(stillwatchinglayout),simple)">upnext_stillwatching_simple</include>
			<include condition="String.IsEqual(Skin.String(stillwatchinglayout),addonfancy)">upnext_fancy_default</include>
		</control>
    </controls>
</window>