<?xml version="1.0" encoding="UTF-8"?>
<window>
	<defaultcontrol always="true">9000</defaultcontrol>
	<backgroundcolor>$VAR[color_home_background_layer1]</backgroundcolor>
	<menucontrol>9000</menucontrol>
	<onload condition="!Skin.HasSetting(initial_startup_done)">ReplaceWindow(1101)</onload>
	<onload condition="!String.IsEmpty(Window(Home).Property(menucontrol_active))">ClearProperty(menucontrol_active,home)</onload>
	
	<!-- 
	<onload condition="Skin.HasSetting(TMDbHelper_Ratings) + !Skin.HasSetting(TMDbHelper.Service) + !$EXP[IsOfflineMode]">Skin.SetBool(TMDbHelper.Service)</onload>
	<onload condition="!Skin.HasSetting(TMDbHelper.DisableArtwork)">Skin.SetBool(TMDbHelper.DisableArtwork)</onload>
	<onload condition="!Skin.HasSetting(TMDbHelper.DisablePersonStats)">Skin.SetBool(TMDbHelper.DisablePersonStats)</onload>
	 -->
	
	<onload>SetFocus(9000)</onload>
	<controls>
		
		<control type="label">
			<info>Weather.ConditionsIcon</info>
			<include>HiddenObject</include>
		</control>
		
		<!-- <control type="list" id="2000">
			<include>HiddenContainer</include>
			<visible>Skin.HasSetting(home_showspecialratings)</visible>
			<content limit="1">$VAR[EmbuaryHelper_GetInfo_dbid]</content>
		</control> -->
		
		<include condition="!String.IsEqual(Skin.String(HomeLayout),MenuTiles)" content="global_background" />
	
		<control type="group">
			<include content="Animation_TransitionFadeOut">
				<param name="condition" value="Window.IsActive(1122) | $EXP[Infodialog_IsActive] | Window.IsActive(mediasource) | Window.IsActive(shutdownmenu)" />
			</include>
			
			<control type="group">
				<description>home layouts</description>
							<!-- TEMP SLIDE non custom menu -->
							<animation effect="zoom" start="70" end="100" time="250" center="85%,25%" condition="!ControlGroup(9000).HasFocus()">Conditional</animation>
				
				<include condition="String.IsEqual(Skin.String(HomeLayout),Spotlight)">Home_Layout_Spotlight</include>
				<include condition="String.IsEmpty(Skin.String(HomeLayout)) | String.IsEqual(Skin.String(HomeLayout),WidgetsOnly)">Home_Layout_WidgetOnly</include>
			</control>
			
			<control type="group">
				<description>menucontrol</description>
				<include content="menucontrol_home_iconpanel_left" condition="Skin.HasSetting(useshortcut_mainmenu) + !String.IsEqual(Skin.String(HomeLayout),MenuTiles)" />
				<include content="Menucontrol_Home_test1" condition="!Skin.HasSetting(useshortcut_mainmenu) + !String.IsEqual(Skin.String(HomeLayout),MenuTiles)" />
				<include content="Menucontrol_Home_MenuTiles" condition="String.IsEqual(Skin.String(HomeLayout),MenuTiles)" />
			</control>
			
			<!-- <include condition="Skin.HasSetting(home_showspecialratings)">footer</include> -->
		</control>
		
		
		
		<include content="swan_debug_overlay">
			<param name="textleft" value="

99005 $INFO[Control.GetLabel(99005)]
99006 $INFO[Control.GetLabel(99006)]
99007 $INFO[Control.GetLabel(99007)]

ListItem.dbtype $INFO[ListItem.dbtype]

[B]listitem.trailer      : $INFO[listitem.trailer]  [/B]
listitem.label(1)  $INFO[listitem(1).label]

Container(5555).ListItemAbsolute(3).label2 $INFO[Container(5555).ListItemAbsolute(3).label2]

mainmenu item propertys
Container(5555).ListItem.Property(fanart)  $INFO[Container(5555).ListItem.Property(fanart)]
Container(5555).ListItem.Property(containerpath)  $INFO[Container(5555).ListItem.Property(submenu_containerpath)]
Container(5555).ListItem.Property(target)  $INFO[Container(5555).ListItem.Property(target)]
Container(5555).ListItem.Property(row_temp_test)  $INFO[Container(5555).ListItem.Property(row_temp_test)]

Props
[B]Window(home).Property(listitemtrailer)] : $INFO[Window(home).Property(listitemtrailer)]  [/B]
[B]Window(home).Property(trailer_avail)[/B] : $VAR[trailer_available]


$VAR[CurrentlyPlayingItem]
$INFO[Container(699).ListItem.Label]
"/>
</include>
	</controls>
</window>
