<?xml version="1.0" encoding="UTF-8"?>
<window>
	<defaultcontrol always="true">11</defaultcontrol>
	
	<onload condition="!Skin.HasSetting(player_videofullcreen_pvrgrid)">setfocus(11)</onload>
	<onload condition="Skin.HasSetting(player_videofullcreen_pvrgrid)">SetProperty(videofullcreen_pvrgrid,true,home)</onload>
	<onload condition="Skin.HasSetting(player_videofullcreen_pvrgrid)">Dialog.Close(all,true)</onload>
	<onload condition="Skin.HasSetting(player_videofullcreen_pvrgrid)">ActivateWindow(tvguide)</onload>
	
	<!-- 	krypton						 leia	
1.21 	DialogPVRGuideOSD.xml 		 DialogPVRChannelGuide.xml
		(PVROSDGuide) 				 (PVRChannelGuide)

ID 	Type 		Description
11 	container 	Guide list  -->
	<controls>
		<control type="group">
			<animation type="WindowOpen">
				<effect type="fade" start="0" end="100" time="200" tween="sine" easing="in" />
				<effect type="slide" start="0,1920" end="0" time="250" tween="cubic" easing="out" />
			</animation>
			<animation type="WindowClose">
				<effect type="fade" start="100" end="0" time="200" tween="sine" easing="out" />
				<effect type="slide" start="0" end="0,1920" time="250" tween="cubic" easing="out" />
			</animation>
			<animation effect="fade" start="100" end="0" time="400" condition="[Player.Paused + System.IdleTime(5) + [!Window.IsActive(videoosd) + !Window.IsActive(fullscreeninfo)]] | $EXP[embinfodialogactive] | Window.IsActive(1104)">conditional</animation>
			<width>100%</width>
			<height>100%</height>
			
			
			<control type="image">
				<description>bottom offset neg as osd button bg</description>
				<bottom>0</bottom>
				<width>102%</width>
				<height>650</height>
				<aspectratio scalediffuse="true" align="center" aligny="bottom">stretch</aspectratio>
				<bordersize>0,100,0,0</bordersize>
				<texture colordiffuse="$VAR[color_osdvideo_bgpanel]">colors/white.png</texture>
				<bordertexture colordiffuse="$VAR[color_osdvideo_bgpanel]">colors/white70.png</bordertexture>
			</control>
			<control type="label">
				<bottom>550</bottom>
				<left>50</left>
				<width>90%</width>
				<height>100</height>
				<font>notosans_30_regular_l</font>
				<align>left</align>
				<aligny>center</aligny>
				<wrapmultiline>true</wrapmultiline>
				<textcolor>$VAR[color_osdvideo_main]</textcolor>
				<label>[B]$INFO[System.CurrentWindow][/B]</label>
			</control>
			
			<control type="group">
			
			<description>for layout decisions - needed stuff	
- progressbar
			visible ListItem.HasEpg + !$PARAM[has_info_icon]
			info ListItem.Progress	
- icon indicator  is.playable | is.recording
- text channel title + title + time values (start end? duration)
- img  channel icon and corresponding media item artwork thumb ?
</description>
			
				
				<width>100%</width>
				<height>550</height>
				<bottom>0</bottom>
				<left>50</left>
				<right>50</right>
				
				<control type="panel" id="11">
					<top>10</top>
					<height>550</height>
					
					
					
					<itemlayout height="210" width="450">
						<include content="osd_channellayout">
							<param name="width" value="450" />
							<param name="height" value="205" />
							<param name="is_focused" value="false" />
						</include>
					</itemlayout>
				
					<focusedlayout height="210" width="450">
						<include content="osd_channellayout">
							<param name="width" value="450" />
							<param name="height" value="205" />
							<param name="is_focused" value="true" />
						</include>
					</focusedlayout>
				</control>
				
				
			</control>
		</control>
	</controls>
</window>

