<?xml version="1.0" encoding="UTF-8"?>
<addon id="skin.swan" version="21.1.59" name="S W A N" provider-name="marduk">
	<requires>
		<import addon="xbmc.gui" version="5.16.0"/>
		<import addon="script.swan.helper" version="0.0.03"/>
		<import addon="resource.images.skin.swan" version="1.0.01"/>
		<import addon="resource.images.studios.coloured" version="0.0.19"/>
		<import addon="resource.images.studios.white" version="0.0.25"/>
		<import addon="resource.images.weathericons.outline-hd" version="0.0.3"/>
		<import addon="resource.images.languageflags.colour" version="0.0.4"/>
	</requires>
	<extension point="xbmc.gui.skin" debugging="false">
		<res width="1920" height="1080" aspect="16:9" default="true" folder="xml" />
	</extension>
	<extension point="xbmc.addon.metadata">
		<summary lang="en_GB">summary</summary>
		<description lang="en_GB">description</description>
		<disclaimer lang="en_GB">disclaimer</disclaimer>
		<platform>all</platform>
		<license>GNU GENERAL PUBLIC LICENSE Version 2.0</license>
		<forum>https://forum.kodi.tv/showthread.php?tid=348245</forum>
		<source>https://github.com/marduklev/skin.swan-alpha</source>
		<news></news>
		<assets>
			<icon>resources/icon.png</icon>
			<fanart>resources/fanart.jpg</fanart>
			<screenshot>resources/screenshot-00.jpg</screenshot>
			<screenshot>resources/screenshot-01.png</screenshot>
			<screenshot>resources/screenshot-02.png</screenshot>
			<screenshot>resources/screenshot-03.png</screenshot>
			<screenshot>resources/screenshot-04.png</screenshot>
			<screenshot>resources/screenshot-05.png</screenshot>
			<screenshot>resources/screenshot-06.png</screenshot>
			<screenshot>resources/screenshot-07.png</screenshot>
			<screenshot>resources/screenshot-08.png</screenshot>
			<screenshot>resources/screenshot-09.png</screenshot>
		</assets>
	</extension>
</addon>
