<?xml version="1.0" encoding="utf-8"?>
<!--Titan-->
<window>
    <defaultcontrol always="true">450</defaultcontrol>
    <coordinates>
		<system>1</system>
		<left>0</left>
		<top>0</top>
	</coordinates>
	<allowoverlay>no</allowoverlay>
	
    <controls>

		<include>DialogOverlayExtra</include>
		
        <!--File Browser-->
        <control type="group">
            <include>animation_window_open_close</include>
            <visible>!Window.IsActive(virtualkeyboard) + !Window.IsActive(locksettings)</visible>

			<control type="image">
                <!--Panel-->
                <posx>445</posx>
                <posy>180</posy>
                <width>1030</width>
                <height>730</height>
                <texture border="15">diffuse/bgpanel.png</texture>
				<colordiffuse>$INFO[Skin.String(HomeViewDetailsFocusColor)]</colordiffuse>
            </control>
			<control type="image">
                <!--Panel-->
                <posx>445</posx>
                <posy>180</posy>
                <width>1030</width>
                <height>730</height>
				<texture border="15">diffuse/bgpanel.png</texture>
				<bordersize>10</bordersize>
				<colordiffuse>$INFO[Skin.String(SideBladePanelColor)]</colordiffuse>
            </control>

			
            <control type="image">
                <posx>479</posx>
                <posy>300</posy>
                <width>590</width>
                <height>481</height>
                <texture border="5">dialogs/default/inner.png</texture>
            </control>

            <control type="image">
                <posx>1122</posx>
                <posy>300</posy>
                <width>319</width>
                <height>481</height>
                <texture border="5">dialogs/default/inner-dark.png</texture>
            </control>
            <!--Header-->
            <control type="label" id="411">
                <description>Heading</description>
                <posx>473</posx>
                <posy>200</posy>
                <width>974</width>
                <label></label>
                <include>DialogHeader</include>
                <align>center</align>
            </control>
			<!--Icons -->
            <control type="image">
                <posx>1123</posx>
                <posy>301</posy>
                <width>317</width>
                <height>478</height>
                <aspectratio>keep</aspectratio>
                <texture background="true">$INFO[ListItem.Icon]</texture>
            </control>
            <!--List-->
            <control type="list" id="450">
                <!--Container 450-->
                <posx>479</posx>
                <posy>300</posy>
                <width>580</width>
                <height>480</height>
                <onleft>8000</onleft>
                <onright>60</onright>
                <onup>450</onup>
                <ondown>450</ondown>
                <scrolltime tween="cubic" easing="out">500</scrolltime>
                <pagecontrol>60</pagecontrol>
                <itemlayout height="60">
                    <control type="image">
                        <posx>0</posx>
                        <posy>1</posy>
                        <width>644</width>
                        <height>60</height>
                        <texture>dialogs/default/separator.png</texture>
                    </control>
                    <control type="image">
                        <posx>5</posx>
                        <posy>0</posy>
                        <width>60</width>
                        <height>60</height>
                        <texture background="true">$INFO[ListItem.ActualIcon,dialogs/filebrowser/]</texture>
                        <aspectratio>keep</aspectratio>
                        <visible>String.IsEmpty(ListItem.Thumb)</visible>
                    </control>
                    <control type="image">
                        <posx>0</posx>
                        <posy>5</posy>
                        <width>60</width>
                        <height>50</height>
                        <texture background="true">$INFO[ListItem.Thumb]</texture>
                        <aspectratio>keep</aspectratio>
                        <visible>!String.IsEmpty(ListItem.Thumb)</visible>
                    </control>
                    <control type="label">
                        <posx>70</posx>
                        <posy>0</posy>
                        <width>574</width>
                        <height>60</height>
                        <info>ListItem.Label</info>
                        <align>left</align>
                        <aligny>center</aligny>
                        <include>DialogListNF</include>
                        <scroll>false</scroll>
                    </control>
                </itemlayout>
                <focusedlayout height="60">
                    <control type="group">
                        <visible>!Control.HasFocus(450)</visible>
                        <animation effect="fade" start="0" end="100" time="300" tween="sine" easing="inout" condition="![Container(450).Scrolling | Container(450).OnScrollNext | Container(450).OnScrollPrevious]">Visible</animation>
                        <animation effect="fade" start="100" end="0" time="300" tween="sine" easing="inout" condition="![Container(450).Scrolling | Container(450).OnScrollNext | Container(450).OnScrollPrevious]">Hidden</animation>
                        <control type="image">
                            <posx>0</posx>
                            <posy>1</posy>
                            <width>644</width>
                            <height>60</height>
                            <texture>dialogs/default/separator.png</texture>
                        </control>
                        <control type="image">
                            <posx>5</posx>
                            <posy>0</posy>
                            <width>60</width>
                            <height>60</height>
                            <texture background="true">$INFO[ListItem.ActualIcon,dialogs/filebrowser/]</texture>
                            <aspectratio>keep</aspectratio>
                            <visible>String.IsEmpty(ListItem.Thumb)</visible>
                        </control>
                        <control type="image">
                            <posx>0</posx>
                            <posy>5</posy>
                            <width>60</width>
                            <height>50</height>
                            <texture background="true">$INFO[ListItem.Thumb]</texture>
                            <aspectratio>keep</aspectratio>
                            <visible>!String.IsEmpty(ListItem.Thumb)</visible>
                        </control>
                        <control type="label">
                            <posx>70</posx>
                            <posy>0</posy>
                            <width>574</width>
                            <height>60</height>
                            <info>ListItem.Label</info>
                            <align>left</align>
                            <aligny>center</aligny>
                            <include>DialogListNF</include>
                            <scroll>true</scroll>
                        </control>
                    </control>
                    <control type="group">
                        <visible>Control.HasFocus(450)</visible>
                        <animation effect="fade" start="0" end="100" time="300" tween="sine" easing="inout" condition="![Container(450).Scrolling | Container(450).OnScrollNext | Container(450).OnScrollPrevious]">Visible</animation>
                        <animation effect="fade" start="100" end="0" time="300" tween="sine" easing="inout" condition="![Container(450).Scrolling | Container(450).OnScrollNext | Container(450).OnScrollPrevious]">Hidden</animation>
                        <control type="image">
                            <width>644</width>
                            <height>60</height>
                            <texture border="5">diffuse/panel.png</texture>
							<colordiffuse>$INFO[Skin.String(ButtonFocusColor)]</colordiffuse>
                        </control>
                        <control type="image">
                            <posx>5</posx>
                            <posy>0</posy>
                            <width>60</width>
                            <height>60</height>
                            <texture background="true">$INFO[ListItem.ActualIcon,dialogs/filebrowser/]</texture>
                            <aspectratio>keep</aspectratio>
                            <visible>String.IsEmpty(ListItem.Thumb)</visible>
                        </control>
                        <control type="image">
                            <posx>0</posx>
                            <posy>5</posy>
                            <width>60</width>
                            <height>50</height>
                            <texture background="true">$INFO[ListItem.Thumb]</texture>
                            <aspectratio>keep</aspectratio>
                            <visible>!String.IsEmpty(ListItem.Thumb)</visible>
                        </control>
                        <control type="label">
                            <posx>70</posx>
                            <posy>0</posy>
                            <width>574</width>
                            <height>60</height>
                            <info>ListItem.Label</info>
                            <include>DialogListFO</include>
                            <align>left</align>
                            <aligny>center</aligny>
                            <scroll>true</scroll>
                        </control>
                    </control>
                </focusedlayout>
            </control>
            <control type="list" id="451">
                <!--Container 451-->
                <posx>479</posx>
                <posy>300</posy>
                <width>580</width>
                <height>480</height>
                <onleft>8000</onleft>
                <onright>60</onright>
                <onup>451</onup>
                <ondown>8000</ondown>
                <scrolltime>0</scrolltime>
                <pagecontrol>60</pagecontrol>
                <itemlayout height="60">
                    <control type="image">
                        <posx>0</posx>
                        <posy>1</posy>
                        <width>644</width>
                        <height>60</height>
                        <texture>dialogs/default/separator.png</texture>
                    </control>
                    <control type="image">
                        <posx>5</posx>
                        <posy>0</posy>
                        <width>60</width>
                        <height>60</height>
                        <texture background="true">$INFO[ListItem.ActualIcon,dialogs/filebrowser/]</texture>
                        <aspectratio>keep</aspectratio>
                        <visible>String.IsEmpty(ListItem.Thumb)</visible>
                    </control>
                    <control type="image">
                        <posx>0</posx>
                        <posy>5</posy>
                        <width>60</width>
                        <height>50</height>
                        <texture background="true">$INFO[ListItem.Thumb]</texture>
                        <aspectratio>keep</aspectratio>
                        <visible>!String.IsEmpty(ListItem.Thumb)</visible>
                    </control>
                    <control type="label">
                        <posx>70</posx>
                        <posy>0</posy>
                        <width>574</width>
                        <height>60</height>
                        <info>ListItem.Label</info>
                        <align>left</align>
                        <aligny>center</aligny>
                        <include>DialogListNF</include>
                        <scroll>false</scroll>
                    </control>
                </itemlayout>
                <focusedlayout height="60">
                    <control type="group">
                        <visible>!Control.HasFocus(451)</visible>
                        <animation effect="fade" start="0" end="100" time="300" tween="sine" easing="inout" condition="![Container(451).Scrolling | Container(451).OnScrollNext | Container(451).OnScrollPrevious]">Visible</animation>
                        <animation effect="fade" start="100" end="0" time="300" tween="sine" easing="inout" condition="![Container(451).Scrolling | Container(451).OnScrollNext | Container(451).OnScrollPrevious]">Hidden</animation>
                        <control type="image">
                            <posx>0</posx>
                            <posy>1</posy>
                            <width>644</width>
                            <height>60</height>
                            <texture>dialogs/default/separator.png</texture>
                        </control>
                        <control type="image">
                            <posx>5</posx>
                            <posy>0</posy>
                            <width>60</width>
                            <height>60</height>
                            <texture background="true">$INFO[ListItem.ActualIcon,dialogs/filebrowser/]</texture>
                            <aspectratio>keep</aspectratio>
                            <visible>String.IsEmpty(ListItem.Thumb)</visible>
                        </control>
                        <control type="image">
                            <posx>0</posx>
                            <posy>5</posy>
                            <width>60</width>
                            <height>50</height>
                            <texture background="true">$INFO[ListItem.Thumb]</texture>
                            <aspectratio>keep</aspectratio>
                            <visible>!String.IsEmpty(ListItem.Thumb)</visible>
                        </control>
                        <control type="label">
                            <posx>70</posx>
                            <posy>0</posy>
                            <width>574</width>
                            <height>60</height>
                            <info>ListItem.Label</info>
                            <align>left</align>
                            <aligny>center</aligny>
                            <include>DialogListNF</include>
                            <scroll>true</scroll>
                            <animation effect="slide" end="-50" time="0" condition="String.IsEmpty(ListItem.Icon)">Conditional</animation>
                        </control>
                    </control>
                    <control type="group">
                        <visible>Control.HasFocus(451)</visible>
                        <animation effect="fade" start="0" end="100" time="300" tween="sine" easing="inout" condition="![Container(451).Scrolling | Container(451).OnScrollNext | Container(451).OnScrollPrevious]">Visible</animation>
                        <animation effect="fade" start="100" end="0" time="300" tween="sine" easing="inout" condition="![Container(451).Scrolling | Container(451).OnScrollNext | Container(451).OnScrollPrevious]">Hidden</animation>
                        <control type="image">
                            <width>644</width>
                            <height>60</height>
                            <texture border="5">diffuse/panel.png</texture>
							<colordiffuse>$INFO[Skin.String(ButtonFocusColor)]</colordiffuse>
                        </control>
                        <control type="image">
                            <posx>5</posx>
                            <posy>0</posy>
                            <width>60</width>
                            <height>60</height>
                            <texture background="true">$INFO[ListItem.ActualIcon,dialogs/filebrowser/]</texture>
                            <aspectratio>keep</aspectratio>
                            <visible>String.IsEmpty(ListItem.Thumb)</visible>
                        </control>
                        <control type="image">
                            <posx>0</posx>
                            <posy>5</posy>
                            <width>60</width>
                            <height>50</height>
                            <texture background="true">$INFO[ListItem.Thumb]</texture>
                            <aspectratio>keep</aspectratio>
                            <visible>!String.IsEmpty(ListItem.Thumb)</visible>
                        </control>
                        <control type="label">
                            <posx>70</posx>
                            <posy>0</posy>
                            <width>574</width>
                            <height>60</height>
                            <info>ListItem.Label</info>
                            <include>DialogListFO</include>
                            <align>left</align>
                            <aligny>center</aligny>
                            <scroll>true</scroll>
                            <animation effect="slide" end="-50" time="0" condition="String.IsEmpty(ListItem.Icon)">Conditional</animation>
                        </control>
                    </control>
                </focusedlayout>
            </control>
     			<!--scrollbar-->
			<control type="scrollbar" id="60"> 
				<posx>1065</posx>
                <posy>300</posy>
				<height>480</height>
				<onleft>450</onleft>
				<onleft>451</onleft>
				<onright>noop</onright>
				<showonepage>false</showonepage>
				<animation effect="fade" start="0" end="100" time="400" condition="Control.HasFocus(60) | Skin.HasSetting(EnableTouchSupport) | Container.Scrolling | Skin.HasSetting(alwaysShowScrollbars)">Conditional</animation>
				<animation effect="fade" start="100" end="0" time="400" condition="![Control.HasFocus(60) | Skin.HasSetting(EnableTouchSupport) | Container.Scrolling | Skin.HasSetting(alwaysShowScrollbars)]">Conditional</animation>
			</control>	
			
			<!--Buttons-->
            <control type="grouplist" id="8000">
                <posx>472</posx>
                <posy>810</posy>
				<width>1200</width>
				<orientation>horizontal</orientation>
				<height>100</height>
				<onup>450</onup>
				<itemgap>15</itemgap>
                <control type="button" id="413">
                    <description>OK</description>
                    <label>186</label>
					<width>316</width>
                    <include>DialogButtonOther</include>
                    <pulseonselect>false</pulseonselect>
                    <animation effect="fade" start="100" end="75" time="0" condition="!Control.IsEnabled(413)">Conditional</animation>
                </control>
                <control type="button" id="414">
                    <posx>200</posx>
                    <description>Cancel</description>
                    <label>$LOCALIZE[222]</label>
					<width>316</width>
                    <include>DialogButtonOther</include>
                    <animation effect="fade" start="100" end="75" time="0" condition="!Control.IsEnabled(414)">Conditional</animation>
                </control>
                <control type="button" id="415">
                    <posx>650</posx>
                    <description>Create Folder</description>
                    <label>$LOCALIZE[119]</label>
					<width>316</width>
                    <include>DialogButtonOther</include>
                    <animation effect="fade" start="100" end="0" time="0" condition="!Control.IsEnabled(415)">Conditional</animation>
                </control>
            </control>
        </control>
    </controls>
</window>