<?xml version="1.0" encoding="utf-8"?>
<!-- SWAN -->
<window>
	<defaultcontrol always="true">3</defaultcontrol>
	<menucontrol>3</menucontrol>
	<backgroundcolor>$VAR[color_global_background_layer1]</backgroundcolor>
	
	<include>Animation_OpenClose_Slide</include>
	<controls>
	
		<control type="label" id="2">
			<include>HiddenObject</include>
		</control>
		<control type="textbox" id="6">
			<include>HiddenObject</include>
		</control>
		
		<include>global_background</include>
		
		<include>HeaderBar</include>

		<include content="Settings_InfoBottom">
			<param name="label" value="Control.GetLabel(6)" />
		</include>
		
		<control type="grouplist" id="5">
			<right>30</right>
			<width>70%</width>
			<top>140</top>
			<pagecontrol>1001660</pagecontrol>
			<height>72%</height>
			<onleft>3</onleft>
			<onright>1001660</onright>
			<onup>5</onup>
			<ondown>5</ondown>
			
			<animation type="Focus">
				<effect type="zoom" end="101,101" time="250" tween="sine" easing="out" center="auto" />
			</animation>
			<animation type="UnFocus">
				<effect type="zoom" start="101,101" end="100,100" time="250" tween="sine" easing="out" center="auto" />
			</animation>
		</control>
			
		<control type="button" id="7" />
		
		<control type="radiobutton" id="8" />
		
		<control type="spincontrolex" id="9" />
		
		<control type="sliderex" id="13" />
		
		<control type="image" id="11">
			<description>unsure if i want it</description>
			<height>1</height>
			<texture aligny="center" colordiffuse="$VAR[color_global_dialog_accent]" border="3">diffuse/gradientleftsoft.png</texture>
		</control>
		
		<control type="label" id="14">
			<width>1450</width>
			<textoffsetx>45</textoffsetx>
			<height>75</height>
			<align>center</align>
			<aligny>center</aligny>
			<font>notosans_37_regular_l</font>
			<textcolor>white</textcolor>
		</control>
		
		<control type="grouplist" id="3">
			<description>Grouplist template for the menu</description>
			<depth>DepthContentPanel</depth>
			<left>0</left>
			<width>27%</width>
			<top>222</top>
			<height>82%</height>
			<usecontrolcoords>true</usecontrolcoords>
			<onleft>5</onleft>
			<onright>5</onright>
			<onup>3</onup>
			<ondown>20</ondown>
		</control>
			
		<control type="button" id="10">
			<description>Default Category Button for grouplist template 3</description>
			<texturefocus flipx="true" colordiffuse="$VAR[color_global_button_panel_fo]">diffuse/gradientleftlinear50.png</texturefocus>
			<texturenofocus />
			<height>45</height>
			<width>27%</width>
			<textoffsetx>30</textoffsetx>
			<font>notosans_33_regular_l</font>
			<align>right</align>
			<include>Animation_Item_Focus_rightalign</include>
		</control>
		
		<control type="scrollbar" id="1001660">
			<height>65%</height>
			<right>4</right>
			<top>220</top>
			<onleft>5</onleft>
			<onright>5</onright>
			<onup>1001660</onup>
			<ondown>1001660</ondown>
		</control>
		
		<control type="button" id="20">
			<posy>95%</posy>
			<posx>5%</posx>
			<width>auto</width>
			<height>60</height>
			<aligny>center</aligny>
			<textoffsetx>25</textoffsetx>
			<onleft>5</onleft>
			<onright>5</onright>
			<onup>3</onup>
			<ondown />
			<onclick>SettingsLevelChange</onclick>
			<include>Animation_Item_Focus_rightalign</include>
		</control>
		<include condition="Skin.HasSetting(window_frame)" content="window_frame" />
		<include content="swan_debug_overlay" />
	</controls>
</window>
