<?xml version="1.0" encoding="utf-8"?>
<!-- SWAN -->
<includes>
	<variable name="debug_trailer_available">
		<value condition="!String.IsEmpty(Window(home).Property(trailer_avail))">[COLOR green]Trailer is available[/COLOR]</value>
		<value>[COLOR grey]NO TRAILER AVAILABLE[/COLOR]</value>
	</variable>
	<variable name="debug_PlayerShowInfo">
		<value condition="Player.ShowInfo">ShowInfo is true</value>
		<value condition="!Player.ShowInfo">ShowInfo is false</value>
	</variable>


	<include name="swan_debug_overlay">
		<definition>
		
		<control type="group">
			<visible>Skin.HasSetting(SwanDebug)</visible>
				<control type="image">
					<description>header space</description>
					<top>0</top>
					<width>100%</width>
					<height>Header</height>
					<texture>colors/white50.png</texture>
					<colordiffuse>CCffffff</colordiffuse>
				</control>
				<control type="image">
					<description>right scrollbar alphabet bar space</description>
					<top>0</top>
					<right>0</right>
					<width>BackgroundPanelRight</width>
					<height>100%</height>
					<texture>colors/white50.png</texture>
					<colordiffuse>CCffffff</colordiffuse>
				</control>
				<control type="image">
					<description>left menuiconbar space</description>
					<top>0</top>
					<left>0</left>
					<width>BackgroundPanelLeft</width>
					<height>100%</height>
					<texture>colors/white50.png</texture>
					<colordiffuse>CCffffff</colordiffuse>
				</control>
				<control type="image">
					<description>footer space</description>
					<bottom>0</bottom>
					<width>100%</width>
					<height>Footer</height>
					<texture>colors/white50.png</texture>
					<colordiffuse>CCffffff</colordiffuse>
				</control>
				
				<control type="group">
					<left>110</left>
					<right>110</right>
					<top>130</top>
					<bottom>130</bottom>
					<control type="image">
						<description>hot spot area</description>
						<texture>colors/white.png</texture>
						<colordiffuse>cc000000</colordiffuse>
					</control>
					<control type="textbox" id="1234567">
						<pagecontrol>123456789</pagecontrol>
						<font>notosans_16_bold</font>
						<aligny>top</aligny>
						<align>left</align>
						<top>5</top>
						<left>5</left>
						<autoscroll>true</autoscroll>
						<wrapmultiline>true</wrapmultiline>
						<textcolor>ffffffff</textcolor>
						<label>
$PARAM[textleft]
</label>
					</control>
					<control type="textbox">
						<font>notosans_20_bold</font>
						<aligny>top</aligny>
						<align>right</align>
						<top>10</top>
						<right>15</right>
						<textcolor>red</textcolor>
						<label>$INFO[System.BuildVersion,[B],[/B]]
System.BuildDate:     $INFO[System.BuildDate]
$LOCALIZE[31030] :     $INFO[system.memory(used)] [B]/[/B] $INFO[system.memory(total)]       $INFO[system.memory(used.percent)]
$LOCALIZE[13271]      $INFO[System.CPUUsage]
$INFO[System.GPUTemperature,System.GPUTemperature :     ,]
Property(xmlfile) :     $INFO[Window.Property(xmlfile)]
System.CurrentWindow :     $INFO[System.CurrentWindow]
System.CurrentControl :     $INFO[System.CurrentControl]
System.CurrentControlID :     $INFO[System.CurrentControlID]
$INFO[System.Progressbar,System.Progressbar :     ,]
• $VAR[OfflineMode]
  System.InternetState :     $INFO[System.InternetState]
  Network.IPAddress :     $INFO[Network.IPAddress]
    MusicPlayer.Offset(1).PlaylistPosition $INFO[MusicPlayer.Offset(1).PlaylistPosition]
   PrevWindow  - $VAR[PrevWindow]
   NextWindow  - $VAR[NextWindow]
   
   ListItem.FileName $INFO[ListItem.FileName]
   ListItem.FileNameNoExtension $INFO[ListItem.FileNameNoExtension]
   Path $INFO[ListItem.Path]
   ListItem.FolderName $INFO[ListItem.FolderName]
   FolderPath $INFO[ListItem.FolderPath]
   ListItem.FileNameAndPath $INFO[ListItem.FileNameAndPath]
   ListItem.ListItem.FileExtension $INFO[ListItem.ListItem.FileExtension]
   
   container.sortmethod  $INFO[container.sortmethod]
   
</label>
					</control>
				</control>
				
				
				
		</control>
		<control type="button">
			<visible>Skin.HasSetting(SwanDebug)</visible>
			<visible>!String.IsEmpty(ListItem.Folderpath) | !String.IsEmpty(Container.Folderpath)</visible>
			<texturefocus colordiffuse="red">colors/white.png</texturefocus>
			<texturenofocus colordiffuse="red">colors/white50.png</texturenofocus>
			<centerleft>60%</centerleft>
			<height>100</height>
			<width>500</width>
			<wrapmultiline>true</wrapmultiline>
			<label>Button :[CR]store container.folderpath to settings.xml</label>
			<onclick>Skin.SetString(SkinSaved_containerfoldepath,$INFO[Container.Folderpath])</onclick>
			<onclick>Skin.SetString(SkinSaved_listitemfoldepath,$INFO[ListItem.Folderpath])</onclick>
		</control>
		</definition>
	</include>
	
	<variable name="trailer_available">
		<value condition="!String.IsEmpty(Window(home).Property(trailer_avail))">Trailer [B]is[/B] available</value>
		<value>Trailer is NOT available</value>
	</variable>
	
	<variable name="PrevWindow">
		<value condition="Window.Previous(fullscreenvideo)">fullscreenvideo</value>
		<value condition="Window.Previous(visualisation)">visualisation</value>
		<value condition="Window.Previous(home)">home</value>
		<value>not tracked</value>
	</variable>
	<variable name="NextWindow">
		<value condition="Window.Next(fullscreenvideo)">fullscreenvideo</value>
		<value condition="Window.Next(visualisation)">visualisation</value>
		<value>not tracked</value>
	</variable>
	
<!-- home 	WINDOW_HOME 	10000 	Home.xml
programs 	WINDOW_PROGRAMS 	10001 	MyPrograms.xml
pictures 	WINDOW_PICTURES 	10002 	MyPics.xml
filemanager 	WINDOW_FILES 	10003 	FileManager.xml
settings 	WINDOW_SETTINGS_MENU 	10004 	Settings.xml
systeminfo 	WINDOW_SYSTEM_INFORMATION 	10007 	SettingsSystemInfo.xml
testpattern 	WINDOW_TEST_PATTERN 	10008 	none
screencalibration 	WINDOW_SCREEN_CALIBRATION 	10011 	SettingsScreenCalibration.xml
systemsettings 	WINDOW_SETTINGS_SYSTEM 	10016 	SettingsCategory.xml
servicesettings 	WINDOW_SETTINGS_SERVICE 	10018 	SettingsCategory.xml
pvrsettings 	WINDOW_SETTINGS_MYPVR 	10021 	SettingsCategory.xml
gamesettings 	WINDOW_SETTINGS_MYGAMES 	10022 	SettingsCategory.xml
videos 	WINDOW_VIDEO_NAV 	10025 	MyVideoNav.xml
videoplaylist 	WINDOW_VIDEO_PLAYLIST 	10028 	MyPlaylist.xml
loginscreen 	WINDOW_LOGIN_SCREEN 	10029 	LoginScreen.xml
playersettings 	WINDOW_SETTINGS_PLAYER 	10030 	SettingsCategory.xml
mediasettings 	WINDOW_SETTINGS_MEDIA 	10031 	SettingsCategory.xml
interfacesettings 	WINDOW_SETTINGS_INTERFACE 	10032 	SettingsCategory.xml
profiles 	WINDOW_SETTINGS_PROFILES 	10034 	SettingsProfile.xml
skinsettings 	WINDOW_SKIN_SETTINGS 	10035 	SkinSettings.xml
addonbrowser 	WINDOW_ADDON_BROWSER 	10040 	AddonBrowser.xml
eventlog 	WINDOW_EVENT_LOG 	10050 	EventLog.xml
pointer 	WINDOW_DIALOG_POINTER 	10099 	Pointer.xml
yesnodialog 	WINDOW_DIALOG_YES_NO 	10100 	DialogConfirm.xml
progressdialog 	WINDOW_DIALOG_PROGRESS 	10101 	DialogConfirm.xml
virtualkeyboard 	WINDOW_DIALOG_KEYBOARD 	10103 	DialogKeyboard.xml
volumebar 	WINDOW_DIALOG_VOLUME_BAR 	10104 	DialogVolumeBar.xml
submenu 	WINDOW_DIALOG_SUB_MENU 	10105 	DialogSubMenu.xml
contextmenu 	WINDOW_DIALOG_CONTEXT_MENU 	10106 	DialogContextMenu.xml
notification 	WINDOW_DIALOG_KAI_TOAST 	10107 	DialogNotification.xml
numericinput 	WINDOW_DIALOG_NUMERIC 	10109 	DialogNumeric.xml
gamepadinput 	WINDOW_DIALOG_GAMEPAD 	10110 	DialogSelect.xml
shutdownmenu 	WINDOW_DIALOG_BUTTON_MENU 	10111 	DialogButtonMenu.xml
playercontrols 	WINDOW_DIALOG_PLAYER_CONTROLS 	10114 	PlayerControls.xml
seekbar 	WINDOW_DIALOG_SEEK_BAR 	10115 	DialogSeekBar.xml
playerprocessinfo 	WINDOW_DIALOG_PLAYER_PROCESS_INFO 	10116 	DialogPlayerProcessInfo.xml
musicosd 	WINDOW_DIALOG_MUSIC_OSD 	10120 	MusicOSD.xml
	WINDOW_DIALOG_VIS_SETTINGS 	10121 	
visualisationpresetlist 	WINDOW_DIALOG_VIS_PRESET_LIST 	10122 	DialogSelect.xml
osdvideosettings 	WINDOW_DIALOG_VIDEO_OSD_SETTINGS 	10123 	DialogSettings.xml
osdaudiosettings 	WINDOW_DIALOG_AUDIO_OSD_SETTINGS 	10124 	DialogSettings.xml
videobookmarks 	WINDOW_DIALOG_VIDEO_BOOKMARKS 	10125 	VideoOSDBookmarks.xml
filebrowser 	WINDOW_DIALOG_FILE_BROWSER 	10126 	FileBrowser.xml
networksetup 	WINDOW_DIALOG_NETWORK_SETUP 	10128 	DialogSettings.xml
mediasource 	WINDOW_DIALOG_MEDIA_SOURCE 	10129 	DialogMediaSource.xml
profilesettings 	WINDOW_DIALOG_PROFILE_SETTINGS 	10130 	DialogSettings.xml
locksettings 	WINDOW_DIALOG_LOCK_SETTINGS 	10131 	DialogSettings.xml
contentsettings 	WINDOW_DIALOG_CONTENT_SETTINGS 	10132 	DialogSettings.xml
libexportsettings 	WINDOW_DIALOG_LIBEXPORT_SETTINGS 	10133 	DialogSettings.xml
favourites 	WINDOW_DIALOG_FAVOURITES 	10134 	DialogFavourites.xml
songinformation 	WINDOW_DIALOG_SONG_INFO 	10135 	DialogMusicInfo.xml
smartplaylisteditor 	WINDOW_DIALOG_SMART_PLAYLIST_EDITOR 	10136 	SmartPlaylistEditor.xml
smartplaylistrule 	WINDOW_DIALOG_SMART_PLAYLIST_RULE 	10137 	SmartPlaylistRule.xml
busydialog 	WINDOW_DIALOG_BUSY 	10138 	DialogBusy.xml
pictureinfo 	WINDOW_DIALOG_PICTURE_INFO 	10139 	DialogPictureInfo.xml
addonsettings 	WINDOW_DIALOG_ADDON_SETTINGS 	10140 	DialogAddonSettings.xml
accesspoints 	WINDOW_DIALOG_ACCESS_POINTS 	10141 	DialogAccessPoints.xml
fullscreeninfo 	WINDOW_DIALOG_FULLSCREEN_INFO 	10142 	DialogFullScreenInfo.xml
sliderdialog 	WINDOW_DIALOG_SLIDER 	10145 	DialogSlider.xml
addoninformation 	WINDOW_DIALOG_ADDON_INFO 	10146 	DialogAddonInfo.xml
textviewer 	WINDOW_DIALOG_TEXT_VIEWER 	10147 	DialogTextViewer.xml
	WINDOW_DIALOG_PLAY_EJECT 	10148 	DialogConfirm.xml
	WINDOW_DIALOG_PERIPHERALS 	10149 	DialogSelect.xml
peripheralsettings 	WINDOW_DIALOG_PERIPHERAL_SETTINGS 	10150 	DialogSettings.xml
extendedprogressdialog 	WINDOW_DIALOG_EXT_PROGRESS 	10151 	DialogExtendedProgressBar.xml
mediafilter 	WINDOW_DIALOG_MEDIA_FILTER 	10152 	DialogSettings.xml
subtitlesearch 	WINDOW_DIALOG_SUBTITLES 	10153 	DialogSubtitles.xml
	WINDOW_DIALOG_KEYBOARD_TOUCH 	10156 	
osdcmssettings 	WINDOW_DIALOG_CMS_OSD_SETTINGS 	10157 	DialogSettings.xml
infoprovidersettings 	WINDOW_DIALOG_INFOPROVIDER_SETTINGS 	10158 	DialogSettings.xml
osdsubtitlesettings 	WINDOW_DIALOG_SUBTITLE_OSD_SETTINGS 	10159 	DialogSettings.xml
busydialognocancel 	WINDOW_DIALOG_BUSY_NOCANCEL 	10160 	DialogBusy.xml
musicplaylist 	WINDOW_MUSIC_PLAYLIST 	10500 	MyPlaylist.xml
music 	WINDOW_MUSIC_NAV 	10502 	MyMusicNav.xml
musicplaylisteditor 	WINDOW_MUSIC_PLAYLIST_EDITOR 	10503 	MyMusicPlaylistEditor.xml
teletext 	WINDOW_DIALOG_OSD_TELETEXT 	10550 	
pvrguideinfo 	WINDOW_DIALOG_PVR_GUIDE_INFO 	10600 	DialogPVRInfo.xml
pvrrecordinginfo 	WINDOW_DIALOG_PVR_RECORDING_INFO 	10601 	DialogPVRInfo.xml
pvrtimersetting 	WINDOW_DIALOG_PVR_TIMER_SETTING 	10602 	DialogSettings.xml
pvrgroupmanager 	WINDOW_DIALOG_PVR_GROUP_MANAGER 	10603 	DialogPVRGroupManager.xml
pvrchannelmanager 	WINDOW_DIALOG_PVR_CHANNEL_MANAGER 	10604 	DialogPVRChannelManager.xml
pvrguidesearch 	WINDOW_DIALOG_PVR_GUIDE_SEARCH 	10605 	DialogPVRGuideSearch.xml
pvrchannelscan 	WINDOW_DIALOG_PVR_CHANNEL_SCAN 	10606 	none (unused)
pvrupdateprogress 	WINDOW_DIALOG_PVR_UPDATE_PROGRESS 	10607 	none (unused)
pvrosdchannels 	WINDOW_DIALOG_PVR_OSD_CHANNELS 	10608 	DialogPVRChannelsOSD.xml
pvrchannelguide 	WINDOW_DIALOG_PVR_CHANNEL_GUIDE 	10609 	DialogPVRChannelGuide.xml
pvrradiordsinfo 	WINDOW_DIALOG_PVR_RADIO_RDS_INFO 	10610 	DialogPVRRadioRDSInfo.xml
pvrrecordingsettings 	WINDOW_DIALOG_PVR_RECORDING_SETTING 	10611 	DialogSettings.xml
	WINDOW_DIALOG_PVR_CLIENT_PRIORITIES 	10612 	DialogSettings.xml
tvchannels 	WINDOW_TV_CHANNELS 	10700 	MyPVRChannels.xml
tvrecordings 	WINDOW_TV_RECORDINGS 	10701 	MyPVRRecordings.xml
tvguide 	WINDOW_TV_GUIDE 	10702 	MyPVRGuide.xml
tvtimers 	WINDOW_TV_TIMERS 	10703 	MyPVRTimers.xml
tvsearch 	WINDOW_TV_SEARCH 	10704 	MyPVRSearch.xml
radiochannels 	WINDOW_RADIO_CHANNELS 	10705 	MyPVRChannels.xml
radiorecordings 	WINDOW_RADIO_RECORDINGS 	10706 	MyPVRRecordings.xml
radioguide 	WINDOW_RADIO_GUIDE 	10707 	MyPVRGuide.xml
radiotimers 	WINDOW_RADIO_TIMERS 	10708 	MyPVRTimers.xml
radiosearch 	WINDOW_RADIO_SEARCH 	10709 	MyPVRSearch.xml
tvtimerrules 	WINDOW_TV_TIMER_RULES 	10710 	MyPVRTimers.xml
radiotimerrules 	WINDOW_RADIO_TIMER_RULES 	10711 	MyPVRTimers.xml
FullscreenLiveTV 	WINDOW_FULLSCREEN_LIVETV 	10800 	None (shortcut to fullscreenvideo)
fullscreenradio 	WINDOW_FULLSCREEN_RADIO 	10801 	None (shortcut to visualisation)
fullscreenlivetvpreview 	WINDOW_FULLSCREEN_LIVETV_PREVIEW 	10802 	None (shortcut to fullscreenlivetv)
fullscreenradiopreview 	WINDOW_FULLSCREEN_RADIO_PREVIEW 	10803 	None (shortcut to fullscreenradio
fullscreenlivetvinput 	WINDOW_FULLSCREEN_LIVETV_INPUT 	10804 	None (shortcut to fullscreenlivetv)
fullscreenradioinput 	WINDOW_FULLSCREEN_RADIO_INPUT 	10805 	None (shortcut to fullscreenradio)
gamecontrollers 	WINDOW_DIALOG_GAME_CONTROLLERS 	10820 	DialogGameControllers.xml
games 	WINDOW_GAMES 	10821 	MyGames.xml
gameosd 	WINDOW_DIALOG_GAME_OSD 	10822 	GameOSD.xml
gamevideofilter 	WINDOW_DIALOG_GAME_VIDEO_FILTER 	10823 	DialogSettings.xml
gameviewmode 	WINDOW_DIALOG_GAME_STRETCH_MODE 	10824 	DialogSelect.xml
gamevolume 	WINDOW_DIALOG_GAME_VOLUME 	10825 	DialogVolumeBar.xml
gameadvancedsettings 	WINDOW_DIALOG_GAME_ADVANCED_SETTINGS 	10826 	DialogAddonSettings.xml
gamevideorotation 	WINDOW_DIALOG_GAME_VIDEO_ROTATION 	10827 	DialogSelect.xml
Custom Skin Windows 	- 	- 	custom*.xml
selectdialog 	WINDOW_DIALOG_SELECT 	12000 	DialogSelect.xml
musicinformation 	WINDOW_DIALOG_MUSIC_INFO 	12001 	DialogMusicInfo.xml
okdialog 	WINDOW_DIALOG_OK 	12002 	DialogConfirm.xml
movieinformation 	WINDOW_DIALOG_VIDEO_INFO 	12003 	DialogVideoInfo.xml
fullscreenvideo 	WINDOW_FULLSCREEN_VIDEO 	12005 	VideoFullScreen.xml
visualisation 	WINDOW_VISUALISATION 	12006 	MusicVisualisation.xml
slideshow 	WINDOW_SLIDESHOW 	12007 	SlideShow.xml
weather 	WINDOW_WEATHER 	12600 	MyWeather.xml
screensaver 	WINDOW_SCREENSAVER 	12900 	none
videoosd 	WINDOW_DIALOG_VIDEO_OSD 	12901 	VideoOSD.xml
videomenu 	WINDOW_VIDEO_MENU 	12902 	none
videotimeseek 	WINDOW_VIDEO_TIME_SEEK 	12905 	none
fullscreengame 	WINDOW_FULLSCREEN_GAME 	12906 	none
splash 	WINDOW_SPLASH 	12997 	
startwindow 	WINDOW_START 	12998 	shortcut to the current startwindow
startup 	WINDOW_STARTUP_ANIM 	12999 	Startup.xml
In addition, there are the following "special" windows whose id is not really a concern (and you'll notice isn't unique)
(Python Windows) 	- 	- 	none
addon 	- 	- 	none  -->
	
	<variable name="has_locked_content">
		<value condition="skin.hassetting(skin_locked_views)">[COLOR orange]skin has locked content[/COLOR]</value>
		<value condition="!skin.hassetting(skin_locked_views)">[COLOR cyan]skin has NOT LOCKED any content[/COLOR]</value>
	</variable>
	<variable name="emb_helper_container2000_label">
		<value condition="!Control.IsVisible(2000)">[COLOR orange]not visible[/COLOR]</value>
		<value condition="Control.IsVisible(2000) + [Integer.IsEqual(Container(2000).NumItems,0) + !Container(2000).IsUpdating]">[COLOR orange]visible but empty[/COLOR]</value>
		<value condition="Control.IsVisible(2000) + [Integer.IsGreater(Container(2000).NumItems,0) + Container(2000).IsUpdating]">[COLOR orange]is updating $INFO[Container(2000).ListItem.Label][/COLOR]</value>
		<value condition="Control.IsVisible(2000) + [Integer.IsGreater(Container(2000).NumItems,0) + !Container(2000).IsUpdating]">[COLOR orange]is not updating $INFO[Container(2000).ListItem.Label][/COLOR]</value>
	</variable>
	
	<variable name="TMDbHelper.Service">
		<value condition="skin.hassetting(TMDbHelper.Service)">TMDbHelper.Service is [COLOR orange]ON[/COLOR]</value>
		<value>TMDbHelper.Service is off</value>
	</variable>
	<variable name="TMDbHelper.DisableArtwork">
		<value condition="skin.hassetting(TMDbHelper.DisableArtwork)">TMDbHelper: Artwork Service is [COLOR orange]Disabled[/COLOR]</value>
		<value>TMDbHelper: Artwork Service is off</value>
	</variable>
	<variable name="TMDbHelper.DisablePersonStats">
		<value condition="skin.hassetting(TMDbHelper.DisablePersonStats)">TMDbHelper: PersonStats Service is [COLOR orange]Disabled[/COLOR]</value>
		<value>TMDbHelper: PersonStats Service is on</value>
	</variable>
	<variable name="TMDbHelper.DisableExtendedProperties">
		<value condition="skin.hassetting(TMDbHelper.DisableExtendedProperties)">TMDbHelper: ExtendedProperties are [COLOR orange]Disabled[/COLOR]</value>
		<value>TMDbHelper: ExtendedProperties Service is on</value>
	</variable>
	<variable name="OfflineMode">
		<value condition="!$EXP[IsOfflineMode]">Network [COLOR green]ONLINE[/COLOR]  STATUS</value>
		<value condition="$EXP[IsOfflineMode]">Network [COLOR red]OFFLINE[/COLOR]  STATUS</value>
	</variable>
	
</includes>
