<?xml version="1.0" encoding="utf-8"?>
<includes>
	
	<include name="Home_Layout_WidgetOnly">
		<include>home_widgets</include>
	</include>

	<include name="Home_Layout_Spotlight">
		<include>spotlight_layout</include>
		<include>home_widgets</include>
	</include>
	
	<include name="home_listitem_propertys">
		<onfocus condition="!String.IsEmpty(listitem.art(tvshow.clearlogo))">SetProperty(clearlogo,$INFO[listitem.art(tvshow.clearlogo)],home)</onfocus>
		<onfocus condition="!String.IsEmpty(listitem.art(clearlogo))">SetProperty(clearlogo,$INFO[listitem.art(clearlogo)],home)</onfocus>
		<onfocus condition="!String.IsEmpty(listitem.title)">SetProperty(title,$INFO[listitem.title],home)</onfocus>
	</include>
			
	
	
				<!-- 
				String.IsEqual(Skin.String(spotlight_home_metadata_align),left) - no one will us that if artwork left - can therefore deleted - save string/setting
				String.IsEqual(Skin.String(spotlight_home_metadata_align),right) - no one will us that if artwork right - can therefore deleted - save string/setting
				String.IsEqual(Skin.String(spotlight_home_metadata_align),center)
				
				use global or per view?
				String.IsEqual(Skin.String(spotlight_common_metadata_align),left)
				String.IsEqual(Skin.String(spotlight_common_metadata_align),right)
				String.IsEqual(Skin.String(spotlight_common_metadata_align),center)
				
			
				
				go over and reduce
					metadata_align_left
					metadata_align_center
					metadata_align_right
				 using
				 
						<param name="usecase" /> home vs common not in use
						<param name="info_alignment" /> 
				
				
				-->
	
	<include name="spotlight_layout">
		<param name="spotlight_artwork_visible_right" default="!Skin.HasSetting(spotlight_home_fanart_left) + String.IsEmpty(Window(Home).Property(menucontrol_active))" />	
		<param name="spotlight_artwork_visible_left" default="Skin.HasSetting(spotlight_home_fanart_left) + String.IsEmpty(Window(Home).Property(menucontrol_active))" />	
		
		<param name="info_visible_left" default="!Skin.HasSetting(spotlight_home_fanart_left)" />
		<param name="info_visible_right" default="Skin.HasSetting(spotlight_home_fanart_left)" />
		<param name="info_plot_hidden" default="Skin.HasSetting(home_spotlight_hideplot)" />
		
		<param name="metadata_align_left" default="String.IsEqual(Skin.String(spotlight_home_metadata_align),left)" />
		<param name="metadata_align_center" default="String.IsEqual(Skin.String(spotlight_home_metadata_align),center)" />
		<param name="metadata_align_right" default="String.IsEqual(Skin.String(spotlight_home_metadata_align),right)" />
		<definition>
		
		<control type="group">
			<include content="temp_spotlight_infofade">
				<param name="fade_end" value="10" />
			</include>
			<description>S P O T L I G H T  A R T W O R K</description>
			<include content="Fanart_Diffused">
				<right>0</right>
				<param name="width" value="1267" />
				<param name="height" value="731" />
				<param name="diffuse" value="diffuse/spotlightleftdiffuse.png" />
				<param name="visible" value="$PARAM[spotlight_artwork_visible_right]" />
			</include>
			<include content="Fanart_Diffused">
				<left>0</left>
				<param name="width" value="1267" />
				<param name="height" value="731" />
				<param name="diffuse" value="diffuse/spotlightrightdiffuse.png" />
				<param name="visible" value="$PARAM[spotlight_artwork_visible_left]" />
			</include>
			<include content="Fanart_Diffused" condition="Window.IsActive(home)">
				<description>just load include for home, may delete also for home later</description>
				<left>0</left>
				<param name="width" value="1920" />
				<param name="height" value="1080" />
				<param name="diffuse" value="colors/gradienthorizontal.png" />
				<param name="visible" value="!String.IsEmpty(Window(Home).Property(menucontrol_active))" />
			</include>
		</control>
		
		<control type="group">
			<include condition="$PARAM[info_visible_left]" content="spotlight_trailer_overlay">
				<param name="trailer_visible_right" value="true" />
				<param name="trailer_visible_left" value="false" />
				<param name="diffusetexture" value="diffuse/spotlighttraileroverlayleft.png" />
			</include>
			<include condition="$PARAM[info_visible_right]" content="spotlight_trailer_overlay">
				<param name="trailer_visible_right" value="false" />
				<param name="trailer_visible_left" value="true" />
				<param name="diffusetexture" value="diffuse/spotlighttraileroverlayright.png" />
			</include>
			
			<control type="label">
				<description>JUST HOME and Maybe delete WIP MAYBE HOME MENU LABELS CENTERED</description>
				<visible>Window.IsVisible(home) + [Control.HasFocus(9000) | Control.HasFocus(8888)]</visible>
				<left>50%</left>
				<label>$INFO[Container(9000).ListItem.Label]</label>
				<textcolor>red</textcolor>
				<align>center</align>
				<width>400</width>
				<font>liberationsans_64_regular_b</font>
			</control>
		
		
		
			<control type="grouplist">
				<description>S P O T L I G H T  M E T A D A T A 750w</description>
				<animation effect="fade" start="100" end="0" time="250" condition="Window.IsActive(shutdownmenu)">conditional</animation>
				<animation effect="slide" start="0,0" end="0,-150" time="350" easing="inout" reversible="true" condition="[Control.IsVisible(503) + Skin.HasSetting(view_503_hideplot) + [[Control.HasFocus(50350) + !String.IsEmpty(Window.Property(Spotlight_Sets))] | Control.HasFocus(50352) | Control.HasFocus(50353)]] | [Control.IsVisible(504) + Skin.HasSetting(view_504_hideplot) + [[Control.HasFocus(50350) + !String.IsEmpty(Window.Property(Spotlight_Sets))] | Control.HasFocus(50352) | Control.HasFocus(50353)]]">conditional</animation>
		
				<visible>String.IsEmpty(Window(Home).Property(menucontrol_active))</visible>
				
				<width>39%</width>
				<height>650</height>
				<top>10</top>
				<bottom>10</bottom>
				<itemgap>10</itemgap>
				
				
					<include content="pos_left" condition="$PARAM[info_visible_left]">
						<param name="left" value="110" />
					</include>
					<include content="pos_right" condition="$PARAM[info_visible_right]">
						<param name="right" value="60" />
					</include>
					
					<include content="spacer_h">
						<param name="gap" value="150" />
						<param name="visible" value="$PARAM[info_plot_hidden]" />
					</include>
				
				<control type="image">
					<visible>!$EXP[ListItemClearLogo_IsEmpty]</visible>
					<height>245</height>
					<aspectratio align="center" aligny="bottom">keep</aspectratio>
					<texture background="true">$VAR[ListItemClearLogo]</texture>
				</control>
				
				<control type="label">
					<description>Fallback Label - make expression home_menucontrol_focused as 3 id s</description>
					<visible>![Control.HasFocus(9000) | Control.HasFocus(8888)] + $EXP[ListItemClearLogo_IsEmpty]</visible>
					<height>245</height>
					<wrapmultiline>true</wrapmultiline>
					<font>montserrat_68_extrabold</font>
					
					<include content="pos_alignx" condition="!$PARAM[info_plot_hidden] + $PARAM[metadata_align_left]" />
					<include content="pos_alignx" condition="$PARAM[info_plot_hidden] | $PARAM[metadata_align_center]">
						<param name="align" value="center" />
					</include>
					<include content="pos_alignx" condition="!$PARAM[info_plot_hidden] + $PARAM[metadata_align_right]">
						<param name="align" value="right" />
					</include>
					<include content="pos_right" condition="!$PARAM[info_plot_hidden] + $PARAM[metadata_align_right]">
						<param name="right" value="30" />
					</include>
					<aligny>center</aligny>
					<textcolor>$VAR[color_global_spotlight_accent]</textcolor>
					<label>$VAR[clearLogo_fallback]</label>
				</control>
				
				<include content="Meta_Uncommon_Top">
					<param name="Is_hiddenplot" value="$PARAM[info_plot_hidden]" />
					<param name="Is_left" value="$PARAM[metadata_align_left]" />
					<param name="Is_center" value="$PARAM[metadata_align_center]" />
					<param name="Is_right" value="$PARAM[metadata_align_right]" />
				</include>
				
				<control type="grouplist">
					<visible>String.IsEqual(ListItem.DBTYPE,episode)</visible>
					<orientation>vertical</orientation>
					<height>125</height>
					<fadetime>300</fadetime>
					<itemgap>10</itemgap>
					<include content="pos_right" condition="!$PARAM[info_plot_hidden] + $PARAM[metadata_align_right]">
						<param name="right" value="40" />
					</include>
					<control type="label">
						<height>70</height>
						<font>notosans_24_bold</font>
						
						<include content="pos_alignx" condition="!$PARAM[info_plot_hidden] + $PARAM[metadata_align_left]" />
						<include content="pos_alignx" condition="$PARAM[info_plot_hidden] | $PARAM[metadata_align_center]">
							<param name="align" value="center" />
						</include>
						<include content="pos_alignx" condition="!$PARAM[info_plot_hidden] + $PARAM[metadata_align_right]">
							<param name="align" value="right" />
						</include>
						
						<aligny>center</aligny>
						<textcolor>$VAR[color_global_spotlight_main]</textcolor>
						<label>[CAPITALIZE]$INFO[ListItem.Title,[B],[/B]][CR]$INFO[ListItem.Season,$LOCALIZE[36904] ,]$INFO[ListItem.Episode, $LOCALIZE[36906] ,][/CAPITALIZE]</label>
					</control>
					<include content="spacer_h">
						<param name="gap" value="5" />
					</include>
				</control>
				
				<include condition="!$PARAM[info_plot_hidden]" content="Spotlight_Plot">
					<param name="visible" value="![$EXP[IsEpisode]]" />
					<param name="maxheight" value="205" />
					<param name="Is_left" value="$PARAM[metadata_align_left]" />
					<param name="Is_center" value="$PARAM[metadata_align_center]" />
					<param name="Is_right" value="$PARAM[metadata_align_right]" />
				</include>
				<include condition="!$PARAM[info_plot_hidden]" content="Spotlight_Plot">
					<param name="visible" value="$EXP[IsEpisode]" />
					<param name="maxheight" value="160" />
					<param name="Is_left" value="$PARAM[metadata_align_left]" />
					<param name="Is_center" value="$PARAM[metadata_align_center]" />
					<param name="Is_right" value="$PARAM[metadata_align_right]" />
				</include>
				
				<include content="Meta_Genre_Bottom">
					<param name="Is_hiddenplot" value="$PARAM[info_plot_hidden]" />
					<param name="Is_left" value="$PARAM[metadata_align_left]" />
					<param name="Is_center" value="$PARAM[metadata_align_center]" />
					<param name="Is_right" value="$PARAM[metadata_align_right]" />
				</include>
			</control>
			
				
		</control>
		</definition>
	</include>
	
	
	<include name="Home_WidgetPositioning">
		<param name="height" default="98%" />
		<param name="bottom" default="5" />
		<definition>
			<height>$PARAM[height]</height>
			<bottom>$PARAM[bottom]</bottom>
		</definition>
	</include>


	
	<include name="Meta_Uncommon_Top">
		<control type="grouplist">
			<orientation>horizontal</orientation>
			<height>50</height>
			<itemgap>10</itemgap>
			<right>25</right>
			
			<nested />
			
			<include content="pos_alignx" condition="!$PARAM[Is_hiddenplot] + $PARAM[Is_left]" />
			<include content="pos_alignx" condition="$PARAM[Is_hiddenplot] | $PARAM[Is_center]">
				<param name="align" value="center" />
			</include>
			<include content="pos_alignx" condition="!$PARAM[Is_hiddenplot] + $PARAM[Is_right]">
				<param name="align" value="right" />
			</include>
			
			<include content="stars_rating">
				<param name="colordiffuse" value="$VAR[color_global_spotlight_accent]" />
			</include>
			
			<control type="label">
				<visible>!String.IsEmpty(ListItem.Year)</visible>	
				<top>5</top>
				<left>10</left>
				<height>35</height>
				<width>auto</width>
				<aligny>center</aligny>
				<font>notosans_22_regular</font>
				<label>$INFO[ListItem.Year,[B],[/B]]</label>
				<textcolor>$VAR[color_global_spotlight_main]</textcolor>
			</control>
			
			<control type="button">
				<width min="50">auto</width>
				<font>notosans_22_regular</font>
				<label>$INFO[ListItem.MPAA,[B],[/B]]</label>
				<aligny>top</aligny>
				<align>center</align>
				<textcolor>$VAR[color_global_spotlight_main]</textcolor>
				<disabledcolor>$VAR[color_global_spotlight_main]</disabledcolor>
				<posy>3</posy>
				<height>40</height>
				<textoffsetx>20</textoffsetx>
				<textoffsety>4</textoffsety>
				<texturenofocus colordiffuse="$VAR[color_global_spotlight_main]">flags/detailframe.png</texturenofocus>
				<enable>false</enable>
				<visible>!String.IsEmpty(ListItem.MPAA)</visible>
			</control>
			
			<control type="label">
				<posy>5</posy>
				<width>auto</width>
				<label>$VAR[Meta_Top_Details]</label>
				<height>35</height>
				<aligny>center</aligny>
				<textcolor>$VAR[color_global_spotlight_main]</textcolor>
				<font>notosans_22_regular</font>
			</control>
			
			<include content="FramedCodecInfo">
				<param name="infolabel" value="$VAR[Simple_Resolution,[B],[/B]]" />
				<param name="visible" value="ListItem.IsStereoscopic | !String.IsEmpty(ListItem.VideoResolution)" />
			</include>
			<control type="group">
				<visible>!String.IsEmpty(ListItem.AudioChannels)</visible>
				<left>-10</left>
				<width>70</width>
				<include content="FramedCodecInfo">
					<param name="infolabel" value="$VAR[Simple_AudioChannel,[B],[/B]]" />
					<param name="visible" value="!String.IsEmpty(ListItem.AudioChannels)" />
				</include>
			</control>
			<!-- Games: Number of players -->
			<!-- <control type="group">
				<top>0</top>
				<width>250</width>
				<height>50</height>
				<visible>!String.IsEmpty(ListItem.Property(nplayers))</visible>
				<control type="image">
					<top>-5</top>
					<width>50</width>
					<height>50</height>
					<texture colordiffuse="$INFO[Skin.String(NetflixDetailsFlagColor)]">DefaultActor.png</texture>					
				</control>
				<control type="label">
					<left>55</left>
					<width>100%</width>
					<label>$INFO[ListItem.Property(nplayers)]</label>
					<height>40</height>
					<aligny>center</aligny>
					<align>left</align>
					<textcolor>$VAR[CodecSameLabelColorAsFrames]</textcolor>
					<font>notosans_26_bold</font>
				</control>	 
			</control> -->
		</control>
	</include>
	<include name="Spotlight_Plot">
		<control type="textbox">
			
			<include>temp_spotlight_infofade</include>
			
			<width>95%</width>
			<description>if align right, width doesnt affect alignment</description>
			<visible>$PARAM[visible]</visible>
			<top>0</top>
			<height min="80" max="$PARAM[maxheight]">auto</height>
			<aligny>top</aligny>
			<label>$VAR[plot]</label>
			<textcolor>$VAR[color_global_spotlight_secondary]</textcolor>
			<include content="pos_alignx" condition="$PARAM[Is_left]" />
			<include content="pos_alignx" condition="$PARAM[Is_center]">
				<param name="align" value="center" />
			</include>
			<include content="pos_alignx" condition="$PARAM[Is_right]">
				<param name="align" value="right" />
			</include>
			<font>liberationsans_27_regular</font>
		</control>
	</include>


	<include name="Meta_Genre_Bottom">
		<control type="grouplist">
			<description>got no idea why pos_right is needed but its workin</description>
			<visible>!String.IsEmpty(ListItem.Genre)</visible>
			<height>60</height>
			<orientation>horizontal</orientation>
			<itemgap>10</itemgap>
			<include>temp_spotlight_infofade</include>
			
			<include content="pos_alignx" condition="!$PARAM[Is_hiddenplot] + $PARAM[Is_left]" />
			<include content="pos_alignx" condition="$PARAM[Is_hiddenplot] | $PARAM[Is_center]">
				<param name="align" value="center" />
			</include>
			<include content="pos_alignx" condition="!$PARAM[Is_hiddenplot] + $PARAM[Is_right]">
				<param name="align" value="right" />
			</include>
			<include content="pos_right" condition="!$PARAM[Is_hiddenplot] + $PARAM[Is_right]">
				<param name="right" value="30" />
			</include>
			
			<control type="image">
				<top>5</top>
				<height>50</height>
				<width>50</width>
				<bordertexture colordiffuse="$VAR[color_global_spotlight_accent]" aligny="center" align="center">diffuse/circle.png</bordertexture>
				<texture colordiffuse="$VAR[color_home_background_layer1]" aligny="center" align="center">flags/genre.png</texture>
			</control>
			<control type="label">
				<width>auto</width>
				<height>55</height>
				<aligny>center</aligny>
				<label>$INFO[ListItem.Genre]</label>
				<textcolor>$VAR[color_global_spotlight_main]</textcolor>
				<font>liberationsans_23_bold</font>
			</control>
		</control>
	</include>

	<include name="FramedCodecInfo">
		<param name="font" default="notosans_22_regular" />
		<param name="top" default="5" />
		<definition>
		<control type="group">	
			<visible>$PARAM[visible]</visible>
			<left>2</left>
			<posy>$PARAM[top]</posy>
			<width>70</width>
			<height>40</height>
			<fadetime>150</fadetime>
			<control type="image">
				<description>use netflix bg</description>
				<bordersize>2</bordersize>
				<width>60</width>
				<height>35</height>
				<bordertexture border="1" colordiffuse="$VAR[color_global_spotlight_main]">flags/slimframesoftedge.png</bordertexture>
				<texture colordiffuse="$VAR[color_global_spotlight_background]">colors/white40.png</texture>
			</control>
			<control type="label">
				<width>60</width>
				<height>35</height>
				<aligny>center</aligny>
				<align>center</align>
				<textcolor>$VAR[color_global_spotlight_main]</textcolor>
				<font>$PARAM[font]</font>
				<scroll>false</scroll>
				<label>$PARAM[infolabel]</label>
			</control>
		</control>
		</definition>
	</include>
	
	<variable name="Simple_Resolution">
		<value condition="ListItem.IsStereoscopic">3D</value>
		<value condition="Integer.IsGreater(ListItem.VideoResolution,1080) | String.IsEqual(ListItem.VideoResolution,4K)">UHD</value>
		<value condition="Integer.IsGreater(ListItem.VideoResolution,700)">HD</value>
		<value condition="!String.IsEmpty(ListItem.VideoResolution)">SD</value>
	</variable>
	
	
	<variable name="Simple_AudioChannel">
		<value condition="String.IsEqual(ListItem.AudioChannels,1)">1.0</value>
		<value condition="String.IsEqual(ListItem.AudioChannels,2)">2.0</value>
		<value condition="String.IsEqual(ListItem.AudioChannels,3)">2.1</value>
		<value condition="String.IsEqual(ListItem.AudioChannels,4)">4.0</value>
		<value condition="String.IsEqual(ListItem.AudioChannels,5)">5.0</value>
		<value condition="String.IsEqual(ListItem.AudioChannels,6)">5.1</value>
		<value condition="String.IsEqual(ListItem.AudioChannels,7)">6.1</value>
		<value condition="String.IsEqual(ListItem.AudioChannels,8)">7.1</value>
		<value condition="String.IsEqual(ListItem.AudioChannels,9)">8.1</value>
        <value condition="String.IsEqual(ListItem.AudioChannels,10)">9.1</value>
        <value condition="!String.IsEmpty(ListItem.AudioChannels)">$INFO[ListItem.AudioChannels]</value>
	</variable>

	<variable name="Meta_Top_Details">
		<value condition="String.IsEqual(ListItem.DBTYPE,tvshow) + Integer.IsGreater(ListItem.Property(TotalSeasons),1) + Integer.IsGreater(ListItem.Property(UnWatchedEpisodes),0) + !String.IsEmpty(ListItem.Property(TotalEpisodes))">$INFO[ListItem.Property(TotalSeasons),[B], $LOCALIZE[33054][/B]]$INFO[ListItem.Property(UnWatchedEpisodes), (, $LOCALIZE[16101])]</value>
		<value condition="String.IsEqual(ListItem.DBTYPE,tvshow) + Integer.IsGreater(ListItem.Property(TotalSeasons),1) + !Integer.IsGreater(ListItem.Property(UnWatchedEpisodes),0) + !String.IsEmpty(ListItem.Property(TotalEpisodes))">$INFO[ListItem.Property(TotalSeasons),[B], $LOCALIZE[33054][/B]]</value>																																																																																							
		<value condition="String.IsEqual(ListItem.DBTYPE,tvshow) + Integer.IsEqual(ListItem.Property(TotalSeasons),1) + Integer.IsGreater(ListItem.Property(UnWatchedEpisodes),0) + !String.IsEmpty(ListItem.Property(TotalEpisodes))">$INFO[ListItem.Property(TotalSeasons),[B], $LOCALIZE[36904][/B]]$INFO[ListItem.Property(UnWatchedEpisodes), (, $LOCALIZE[16101])]</value>
		<value condition="String.IsEqual(ListItem.DBTYPE,tvshow) + Integer.IsEqual(ListItem.Property(TotalSeasons),1) + !Integer.IsGreater(ListItem.Property(UnWatchedEpisodes),0) + !String.IsEmpty(ListItem.Property(TotalEpisodes))">$INFO[ListItem.Property(TotalSeasons),[B], $LOCALIZE[36904][/B]]</value>																																																																																							
		<value condition="String.IsEqual(ListItem.DBTYPE,season) + Integer.IsGreater(ListItem.Property(UnWatchedEpisodes),0) + !String.IsEmpty(ListItem.Property(TotalEpisodes))">$INFO[ListItem.Property(TotalEpisodes),[B], $LOCALIZE[20360][/B]]$INFO[ListItem.Property(UnWatchedEpisodes), (, $LOCALIZE[16101])]</value>
		<value condition="String.IsEqual(ListItem.DBTYPE,season) + !Integer.IsGreater(ListItem.Property(UnWatchedEpisodes),0) + !String.IsEmpty(ListItem.Property(TotalEpisodes))">$INFO[ListItem.Property(TotalEpisodes),[B], $LOCALIZE[20360][/B]]</value>
		<value condition="String.IsEqual(ListItem.DBTYPE,tvshow)">$INFO[ListItem.Property(TotalSeasons),[B], $LOCALIZE[33054][/B]]$INFO[ListItem.Property(UnWatchedEpisodes), (, $LOCALIZE[16101])]</value>		
 		<value condition="String.Contains(ListItem.Path,videodb://movies/sets/) | String.IsEqual(ListItem.DBTYPE,set)">$INFO[ListItem.Label]</value>
		<value condition="String.IsEqual(ListItem.DBTYPE,album) + ![String.IsEmpty(ListItem.art(albumartist.clearlogo)) + String.IsEmpty(ListItem.art(artist.clearlogo))]">$INFO[ListItem.AlbumArtist]$INFO[ListItem.Album, • ,]</value>
		<value condition="String.IsEqual(ListItem.DBTYPE,album) + [String.IsEmpty(ListItem.art(albumartist.clearlogo)) + String.IsEmpty(ListItem.art(artist.clearlogo))]">$INFO[ListItem.Album,| [B],[/B]]</value>
		<value condition="String.IsEqual(ListItem.DBTYPE,song) + ![String.IsEmpty(ListItem.art(albumartist.clearlogo)) + String.IsEmpty(ListItem.art(artist.clearlogo))]">$INFO[ListItem.AlbumArtist]$INFO[ListItem.Album, • ,]</value>
		<value condition="!String.IsEmpty(ListItem.Duration)">$VAR[ListItemDuration]</value>
		<value>$INFO[ListItem.Label2]</value>
	</variable>

	<variable name="clearLogo_fallback">
		<value condition="$EXP[IsSong]">$INFO[ListItem.AlbumArtist,[B],[/B]][CR]$INFO[ListItem.title]</value>
		<value condition="$EXP[IsAlbum]">$INFO[ListItem.AlbumArtist,[B],[/B]]</value>
		<value condition="$EXP[IsEpisode]">$INFO[ListItem.tvshowtitle]</value>		
		<value>$INFO[ListItem.Label]</value>	
	</variable>
	
	<include name="spotlight_trailer_overlay">
		<control type="group">
			<top>0</top>
			<visible>!$EXP[Infodialog_IsActive]</visible>
			<visible>[Player.HasVideo + String.IsEmpty(Window(Home).Property(TrailerIsPlaying))] | [!Skin.HasSetting(home_trailer_showwidget) + !String.IsEmpty(Window(Home).Property(TrailerIsPlaying))]</visible>
			<control type="videowindow">
				<include content="pos_left" condition="$PARAM[trailer_visible_left]" />
				<include content="pos_right" condition="$PARAM[trailer_visible_right]" />
				<width>1267</width>
				<height>731</height>
			</control>
			<control type="image">
				<include content="pos_left" condition="$PARAM[trailer_visible_left]" />
				<include content="pos_right" condition="$PARAM[trailer_visible_right]" />
				<bordertexture colordiffuse="$VAR[color_global_spotlight_background]" diffuse="$PARAM[diffusetexture]">colors/white.png</bordertexture>
				<texture colordiffuse="$VAR[color_global_spotlight_background_layer2]" diffuse="$PARAM[diffusetexture]">$VAR[spotlight_trailer_layer3_overlayImage]</texture>
			</control>
		</control>
	</include>
	
	
	
	home use texture_home_background_layer3 if exsist
	lib use  texture_global_background_layer3 if exist - NOTE - temp - no custom spotligth overlay - check if need ?
<!-- 	temp disabled layer3 spotligth, need custom overlay or let it be  -->
		
	<variable name="spotlight_trailer_layer3_overlayImage">
		<!-- <value condition="[Window.IsActive(home) + !String.IsEmpty(Skin.String(texture_home_background_layer3))] | [!Window.IsActive(home) + !String.IsEmpty(Skin.String(texture_global_background_layer3)]">$VAR[backgroundbuilding_layer3_texture]</value> -->
		<value condition="[Window.IsActive(home) + !String.IsEmpty(Skin.String(texture_home_background_layer3))]">$VAR[backgroundbuilding_layer3_texture]</value>
		<value>colors/none.png</value>	
	</variable>
	
	<include name="busyspinner_spotlight_autoplaytrailer">
		<control type="image">
			<visible>!string.isempty(window(home).property(alt_busyspinner_counter))</visible>
			<centerleft>$PARAM[centerleft]</centerleft>
			<centertop>$PARAM[centertop]</centertop>
			<width>130</width>
			<height>130</height>
			<texture colordiffuse="$VAR[color_global_dialog_accent]">special://skin/extras/busy/netflixorigin.apng</texture>
			<aspectratio align="center" aligny="center">keep</aspectratio>
		</control>
	</include>
</includes>
