<?xml version="1.0" encoding="UTF-8"?>
<window type="dialog" id="1194">
	<visible>System.IdleTime(5) + !Player.HasMedia</visible>
	<visible>[Window.IsActive(videos) + 
			[String.IsEqual(System.CurrentControlID,50) + Skin.HasSetting(View_50_AutoPlayTrailer)] | 
			[String.IsEqual(System.CurrentControlID,56) + Skin.HasSetting(View_56_AutoPlayTrailer)] | 
			[String.IsEqual(System.CurrentControlID,502) + Skin.HasSetting(View_502_AutoPlayTrailer)] | 
			[String.IsEqual(System.CurrentControlID,503) + Skin.HasSetting(View_503_AutoPlayTrailer)] | 
			[String.IsEqual(System.CurrentControlID,504) + Skin.HasSetting(View_504_AutoPlayTrailer)] | 
			[String.IsEqual(System.CurrentControlID,510) + Skin.HasSetting(View_510_AutoPlayTrailer)] | 
			[String.IsEqual(System.CurrentControlID,511) + Skin.HasSetting(View_511_AutoPlayTrailer)] | 
			[String.IsEqual(System.CurrentControlID,512) + Skin.HasSetting(View_512_AutoPlayTrailer)] | 
			[String.IsEqual(System.CurrentControlID,513) + Skin.HasSetting(View_513_AutoPlayTrailer)] |
			[String.IsEqual(System.CurrentControlID,520) + Skin.HasSetting(View_520_AutoPlayTrailer)]] | 
			[[Window.IsActive(home) + String.StartsWith(System.CurrentControlID,50)] + Skin.HasSetting(autoplay_trailer_home)]</visible>
	<visible>String.IsEmpty(Window(Home).Property(TrailerIsPlaying)) + !String.IsEmpty(Window(home).Property(trailer_avail))</visible>
	
	<onload condition="[Window.IsActive(home) + String.IsEqual(Skin.String(HomeLayout),Spotlight)] | [Window.IsActive(videos) + [Control.IsVisible(503) | Control.IsVisible(504) | Control.IsVisible(520)]]">SetProperty(alt_busyspinner_counter,1,home)</onload>
	<onload condition="!String.IsEmpty(Window(home).Property(listitemtrailer))">PlayMedia($INFO[Window(home).Property(listitemtrailer)],1)</onload>
	<onload>SetProperty(TrailerIsPlaying,true,home)</onload>
	<onload condition="Window.IsActive(home) + !Skin.HasSetting(home_trailer_showwidget) + !String.IsEqual(Skin.String(HomeLayout),Spotlight)">ActivateWindow(1122)</onload>
	<!-- better would be hide busy loader as personal pref if yt fails it can hang in loader -->
	<!-- set props to prevent loop, still dont like to use alarm -->
	<animation effect="fade" start="100" end="0" time="325">WindowClose</animation>
	
	<controls />
</window>