<?xml version="1.0" encoding="UTF-8"?>
<window type="dialog" id="1122">
	<defaultcontrol always="true">101</defaultcontrol>
	<onunload>Action(stop)</onunload>
	<onunload>Dialog.Close(1122)</onunload>
	<onunload condition="!String.IsEmpty(Window(home).property(clearlogo))">ClearProperty(clearlogo,home)</onunload>
	<onunload condition="!String.IsEmpty(Window(home).property(title))">ClearProperty(title,home)</onunload>
	
	<controls>
        
		<control type="group">
			<animation type="WindowOpen">
			<effect type="fade" start="0" end="100" time="400" tween="sine" easing="in" />
			<effect type="zoom" center="50%,50%" start="0" end="100" time="350" tween="cubic" easing="out" />
		</animation>
		<animation type="WindowClose">
			<effect type="fade" start="100" end="0" time="350" tween="sine" easing="out" />
			<effect type="zoom" center="50%,50%" start="100" end="0" time="400" tween="cubic" easing="out" />
		</animation>
		
		<control type="group">
			<centerleft>50%</centerleft>
			<top>215</top>
			<width>1344</width>
			<height>756</height>
			<bottom>100</bottom>
			<control type="image">
				<texture colordiffuse="$VAR[color_home_widget_header]">colors/white80.png</texture>
				<top>-1%</top>
				<left>-1%</left>
				<width>102%</width>
				<height>102%</height>
			</control>
			<control type="videowindow" />
		</control>
		<control type="group">
			<visible>!Window.IsMedia</visible>
			<control type="label">
				<label>T  R  A  I  L  E  R</label>
				<font>notosans_16_bold</font>
				<top>5</top>
				<centerleft>50%</centerleft>
				<height>20</height>
				<align>center</align>
			</control>
			<control type="image">
				<description>800w x 310h</description>
				<texture>$INFO[window(home).property(clearlogo)]</texture>			
				<centerleft>50%</centerleft>
				<top>30</top>
				<width>450</width>
				<height>240</height>
				<aspectratio aligny="top">keep</aspectratio>
			</control>
		</control>
		
		<control type="grouplist" id="99">
			<orientation>horizontal</orientation>
			<usecontrolcoords>true</usecontrolcoords>
			<bottom>10</bottom>
			<width>100%</width>
			<height>70</height>
			<align>center</align>
			<aligny>bottom</aligny>
			<right>0</right>
			<left>0</left>
			<itemgap>25</itemgap>
			
			<control type="togglebutton" id="100">
				<visible>Player.HasVideo</visible>
				<include content="OSDButton">
					<param name="texture" value="play" />
					<param name="color_fo" value="ffffffff" />
					<param name="color_nf" value="ccffffff" />
					<param name="can_autoclose_osd" value="false" />
				</include>
				<alttexturefocus colordiffuse="ffffffff">buttons/osd/pause_fo.png</alttexturefocus>
				<alttexturenofocus colordiffuse="ccffffff">buttons/osd/pause.png</alttexturenofocus>
				<usealttexture>!Player.Paused</usealttexture>
				<onclick>PlayerControl(play)</onclick>
			</control>
			<control type="button" id="101">
				<include content="OSDButton">
					<param name="texture" value="stop" />
					<param name="color_fo" value="ffffffff" />
					<param name="color_nf" value="ccffffff" />
					<param name="can_autoclose_osd" value="false" />
				</include>
				<onclick>PlayerControl(stop)</onclick>
				<onclick>Dialog.Close(1122)</onclick>
			</control>
		</control>
	</control>
		
		
    </controls>
</window>