<?xml version="1.0" encoding="utf-8"?>
<window>
	<defaultcontrol />
	<animation effect="fade" start="60" end="100" time="150">WindowOpen</animation>
	<animation effect="fade" start="100" end="60" time="150">WindowClose</animation>
	<onload>SetProperty(PlayerShowInfo,true,home)</onload>
	<onload>ActivateWindow(musicosd)</onload>
	
	<onunload condition="!String.IsEmpty(Window(home).Property(PlayerShowInfo))">ClearProperty(PlayerShowInfo,home)</onunload>
	<onunload condition="!String.IsEmpty(Window(home).Property(MusicPlayer_EncodedArtist))">ClearProperty(MusicPlayer_EncodedArtist,home)</onunload>
	<onunload condition="!String.IsEmpty(Window(musicosd).Property(Scrollbar_ctrl))">ClearProperty(Scrollbar_ctrl,musicosd)</onunload>
	<controls>
	
		<control type="visualisation" id="2">
			<visible>Visualisation.Enabled</visible>
		</control>
		
		<control type="group">
			<animation effect="fade" start="100" end="40" time="325" condition="Visualisation.Enabled">conditional</animation>
			
			<control type="group">
				<include>HiddenObject</include>
				<include condition="!Skin.HasSetting(Rotating_MusicPlayerFanart)">common_player_fanartbackground</include>
				<include condition="Skin.HasSetting(Rotating_MusicPlayerFanart)">rotating_player_fanartbackground</include>
			</control>
		
			<control type="group">
				<control type="image">
					<texture diffuse="colors/white.png" background="true">$VAR[musicplayer_fanart]</texture>
					<aspectratio align="center" aligny="center">scale</aspectratio>
					<fadetime>600</fadetime>
					<animation effect="zoom" start="110" end="130" center="auto" time="9000" tween="cubic" easing="inout" pulse="true" condition="Skin.HasSetting(MusicPlayer_BackgroundAnimation)">Conditional</animation>
					<animation effect="slide" start="-10,-10" end="50,65" time="8000" tween="cubic" easing="inout" pulse="true" condition="Skin.HasSetting(MusicPlayer_BackgroundAnimation)">Conditional</animation>
				</control>
				<control type="image">
					<depth>DepthBackground</depth>
					<animation effect="fade" start="100" end="0" time="325" condition="!Player.ShowInfo + !window.isactive(musicosd) + !Window.IsActive(script-cu-lrclyrics-main.xml)">conditional</animation>
					<colordiffuse>$VAR[color_osdmusic_bgpanel]</colordiffuse>
					<texture>colors/white50.png</texture>
				</control>
			</control>
		</control>
		
		<control type="group">
			<description>left - show on osd or lyrics info enabled</description>
			<animation effect="slide" start="-900,0" end="0,0" time="250">VisibleChange</animation>
			<animation effect="slide" start="-900,0" end="0,0" time="250">WindowOpen</animation>
			<animation effect="slide" start="0,0" end="-900,0" time="250">WindowClose</animation>
			<visible>!Window.IsActive(textviewer) + [Window.IsActive(MusicOSD) | Player.ShowInfo | String.IsEqual(Window(home).Property(PlayerShowInfo),true) | [Window.IsActive(script-cu-lrclyrics-main.xml) + Player.ShowInfo]]</visible>
			
			<control type="group">
				<left>0</left>
				<height>100%</height>
				<!-- <width>35%</width> -->
				<width>672</width>
				<control type="image">
					<bordersize>0,0,1,0</bordersize>
					<bordertexture border="2" colordiffuse="$VAR[color_osdmusic_accent]">frames/lefttrans.png</bordertexture> 
					<texture colordiffuse="$VAR[color_osdmusic_bgpanelseperator]">colors/white70.png</texture>
				</control>
				
				<control type="image">
					<visible>Skin.HasSetting(MusicPlayer_PreferDisc)</visible>
					<left>60</left>
					<centertop>25%</centertop>
					<height>400</height>
					<width>400</width>
					<bordersize>2</bordersize>
					<bordertexture /> 
					<aspectratio scalediffuse="true" align="center" aligny="bottom">keep</aspectratio>
					<texture diffuse="diffuse/compactdisk.png">$VAR[PlayerDisc]</texture>
					<animation effect="rotate" end="-360" center="auto" time="4800" loop="true" reversible="false" condition="!Player.Paused">Conditional</animation>
					<animation effect="slide" start="-320,0" end="0,0" time="300" reversible="false">WindowOpen</animation>
				</control>
				
				<control type="image">
					<visible>Skin.HasSetting(MusicPlayer_PreferAlbumandDisc) + [!String.IsEmpty(Player.Art(discart)) | !String.IsEmpty(Player.Art(album.discart))]</visible>
					<left>320</left>
					<centertop>25%</centertop>
					<height>300</height>
					<width>300</width>
					<bordersize>2</bordersize>
					<bordertexture /> 
					<aspectratio scalediffuse="true" align="center" aligny="bottom">keep</aspectratio>
					<texture diffuse="diffuse/compactdisk.png">$VAR[PlayerDisc]</texture>
					<animation effect="rotate" end="-360" center="auto" time="4800" loop="true" reversible="false" condition="!Player.Paused">Conditional</animation>
					<animation effect="slide" start="-320,0" end="0,0" time="300" reversible="false">WindowOpen</animation>
				</control>
				<control type="image">
					<visible>Skin.HasSetting(MusicPlayer_PreferAlbumandDisc) + [!String.IsEmpty(Player.Art(discart)) | !String.IsEmpty(Player.Art(album.discart))]</visible>
					<left>60</left>
					<centertop>25%</centertop>
					<height>300</height>
					<width>300</width>
					<bordersize>2</bordersize>
					<bordertexture border="2" colordiffuse="$VAR[color_osdmusic_main]">frames/frame.png</bordertexture> 
					<texture>$VAR[PlayerThumb]</texture>
				</control>
				
				<control type="image">
					<visible>[!Skin.HasSetting(MusicPlayer_PreferDisc) + !Skin.HasSetting(MusicPlayer_PreferAlbumandDisc)] | [[Skin.HasSetting(MusicPlayer_PreferDisc) | Skin.HasSetting(MusicPlayer_PreferAlbumandDisc)] + [String.IsEmpty(Player.Art(discart)) + String.IsEmpty(Player.Art(album.discart))]]</visible>
					<description>optional diffuse texture as some art will not fit</description>
					<left>60</left>
					<centertop>25%</centertop>
					<height>400</height>
					<width>400</width>
					<bordersize>3</bordersize>
					<bordertexture border="2" colordiffuse="$VAR[color_osdmusic_main]">frames/frame.png</bordertexture> 
					<texture>$VAR[PlayerThumb]</texture>
					<aspectratio scalediffuse="false" align="left" aligny="bottom">keep</aspectratio>
				</control>
				
				<include content="stars_rating">
					<param name="colordiffuse" value="$VAR[color_osdmusic_accent]" />
					<param name="infolabel_prefix" value="musicplayer" />
					<param name="width" value="200" />
					<param name="height" value="80" />
					<param name="visible" value="String.IsEqual(Window(musicosd).Property(userratingbutton),hasfocus)" />
					<left>230</left>
					<top>850</top>
					<description>Set rating and show rating is WIP - ALSO NO TOUCH SOPPORT YET</description>
				</include>
				
				<control type="grouplist">
					<top>45%</top>
					<left>60</left>
					<right>50</right>
					<height>50%</height>
					<itemgap>10</itemgap>
					
					<control type="label">
						<wrapmultiline>true</wrapmultiline>
						<height>200</height>
						<width>100%</width>
						<aligny>bottom</aligny>
						<align>left</align>
						<textcolor>$VAR[color_osdmusic_main]</textcolor>
						<font>roboto_40_thin</font>
						<label>$INFO[MusicPlayer.Album,[B],[/B]][CR][COLOR=$VAR[color_osdmusic_secondary]]$LOCALIZE[31071][/COLOR][CR]$INFO[MusicPlayer.Artist,[B],[/B]]</label>
					</control>
					<control type="label">
						<height>20</height>
						<label />
					</control>
					<control type="label">
						<wrapmultiline>true</wrapmultiline>
						<height>25</height>
						<align>left</align>
						<aligny>bottom</aligny>
						<textcolor>$VAR[color_osdmusic_main]</textcolor>
						<font>roboto_35_thin</font>
						<label>$INFO[MusicPlayer.PlaylistPosition,[B],[/B]  •  ]$INFO[Player.Title,[B],[/B]]</label>
						<!-- <label>$INFO[Player.Title,[B],[/B]]</label> -->
						<!-- <label>[COLOR=$VAR[color_osdmusic_secondary]]$INFO[MusicPlayer.PlaylistPosition,[B],[/B]   ][/COLOR]$INFO[Player.Title,[B],[/B]]</label> -->
						<!-- <label>$INFO[Player.Title,[B],[/B]][COLOR grey]$INFO[MusicPlayer.PlaylistPosition, [B]( ,[/B]]$INFO[MusicPlayer.PlaylistPosition, von [B],[/B])][/COLOR]</label> -->
					</control>
				
					<!-- ( $INFO[MusicPlayer.PlaylistPosition]/$INFO[MusicPlayer.PlaylistLength] )-->
					<control type="label">
						<wrapmultiline>true</wrapmultiline>
						<visible>false</visible>
						<height>50</height>
						<width>auto</width>
						<align>left</align>
						<textcolor>$VAR[color_osdmusic_main]</textcolor>
						<font>roboto_35_thin</font>
						<label>$INFO[MusicPlayer.Album,[B],[/B]]$INFO[MusicPlayer.Year,[CR](,)]</label>
					</control>
				</control>
					
				<control type="label">
					<animation effect="fade" start="100" end="0" time="250" condition="Window.IsActive(1140) + Skin.HasSetting(MusicOSD_SmallPlaylist)">Conditional</animation>
					<bottom>20</bottom>
					<left>60</left>
					<height>100</height>
					<align>left</align>
					<textcolor>$VAR[color_osdmusic_main]</textcolor>
					<font>notosans_20_regular</font>
					<label>$VAR[MusicPlayerOffset]</label>
				</control>
			</control>	
			
			<control type="progress">
				<left>60</left>
				<bottom>25%</bottom>
				<height>2</height>
				<width>28%</width>
				<texturebg colordiffuse="black">colors/white.png</texturebg>
				<midtexture colordiffuse="$VAR[color_osdmusic_accent]">colors/white.png</midtexture>
				<lefttexture />
				<righttexture />
				<overlaytexture />
				<info>Player.Progress</info>
			</control>
		</control>
		
		<control type="group">
			<description>right</description>
			<visible>!Window.IsActive(textviewer) + [Player.ShowInfo | String.IsEqual(Window(home).Property(PlayerShowInfo),true) | [Window.IsActive(script-cu-lrclyrics-main.xml) + Player.ShowInfo]]</visible>
			<animation effect="slide" start="500,0" end="0,0" time="250" reversible="false">VisibleChange</animation>
			<animation effect="slide" start="500,0" end="0,0" time="250" reversible="false">WindowOpen</animation>
			<animation effect="slide" start="0,0" end="500,0" time="250">WindowClose</animation>
				
			
			<right>0</right>
			<height>100%</height>
			<width>20%</width>
			<width>384</width>
			
			<control type="image">
				<bordersize>1,0,0,0</bordersize>
				<bordertexture flipx="true" border="2" colordiffuse="$VAR[color_osdmusic_accent]">frames/lefttrans.png</bordertexture> 
				<texture colordiffuse="$VAR[color_osdmusic_bgpanelseperator]">colors/white70.png</texture>
			</control>
			<control type="image">
				<animation type="conditional" condition="!String.IsEmpty(Window(musicosd).property(Scrollbar_ctrl))" reversible="false">
					<effect type="fade" start="0" end="100" time="50" reversible="false" />
					<effect type="zoom" start="0,0" end="110,110" time="150" tween="sine" easing="out" center="auto" />
					<effect type="zoom" end="99,99" time="100" tween="sine" delay="150" easing="out" center="auto" />
				</animation>
				<animation effect="fade" start="100" end="40" time="1250" pulse="true" reversible="false" condition="!String.IsEmpty(Window(musicosd).property(Scrollbar_ctrl))">Conditional</animation>
				<visible>!String.IsEmpty(Window(musicosd).property(Scrollbar_ctrl)) + Window.IsActive(musicosd)</visible>
				<bordersize>25,210,25,100</bordersize>
				<texture colordiffuse="$VAR[color_osdmusic_accent]" border="25">frames/bordercircler25.png</texture>
			</control>
			
			<control type="grouplist">
				<top>100</top>
				<right>50</right>
				<left>50</left>
				<bottom>100</bottom>
				<aligny>center</aligny>
				<align>top</align>
				<itemgap>20</itemgap>
				
				<control type="image">
					<centerright>50%</centerright>
					<width>150</width>
					<height>150</height>
					<texture background="true" diffuse="artworkdiffuse/circle.png">$INFO[Player.Art(artist.thumb)]</texture>
					<bordertexture colordiffuse="$VAR[color_osdmusic_accent]">artworkdiffuse/circleborder.png</bordertexture>
					<aspectratio scalediffuse="false" aligny="center" align="center">scale</aspectratio>
					<bordersize>2</bordersize>
				</control>
				<control type="textbox">
					<wrapmultiline>true</wrapmultiline>
					<height>auto</height>
					<align>center</align>
					<textcolor>$VAR[color_osdmusic_main]</textcolor>
					<font>roboto_36_condensedregular</font>
					<label>$INFO[MusicPlayer.Artist,[B],[/B]]</label>
				</control>
				<control type="label">
					<visible>!String.IsEmpty(MusicPlayer.Property(Artist_YearsActive)) | [!String.IsEmpty(MusicPlayer.Property(Artist_Formed)) | !String.IsEmpty(MusicPlayer.Property(Artist_Disbanded))]</visible>
					<height>25</height>
					<align>center</align>
					<textcolor>$VAR[color_osdmusic_accent]</textcolor>
					<font>roboto_22_condensedregular</font>
					<label>$VAR[MusicPlayerArtistSubInfo]</label>
				</control>
				<control type="textbox">
					<autoscroll delay="3000" time="3500" repeat="10000">String.IsEmpty(Window(musicosd).property(Scrollbar_ctrl))</autoscroll>
					<pagecontrol>6755</pagecontrol>
					<height>570</height>
					<align>justify</align>
					<aligny>bottom</aligny>
					<textcolor>$VAR[color_osdmusic_main]</textcolor>
					<font>roboto_22_condensedregular</font>
					<label>$VAR[MusicPlayer_Plot]</label>
				</control>
			</control>
			
			<control type="scrollbar" id="6755">
				<animation effect="fade" start="0" end="100" time="250" reversible="false" condition="!String.IsEmpty(Window(musicosd).property(Scrollbar_ctrl))">Conditional</animation>
				<visible>!String.IsEmpty(Window(musicosd).property(Scrollbar_ctrl)) + Window.IsActive(musicosd)</visible>
				<right>20</right>
				<top>385</top>
				<height>580</height>
				<texturesliderbar colordiffuse="$VAR[color_musciplayer_info_scrollbar_slider]">colors/white.png</texturesliderbar>
				<texturesliderbarfocus />
			</control>
		</control>
		
		<include condition="Skin.HasSetting(window_frame)" content="window_frame" />
		
		<include content="swan_debug_overlay">
			<param name="textleft" value="$VAR[debug_PlayerShowInfo]
$INFO[Player.Time(ss),Player.Time(ss)  ,]
$INFO[Window(home).Property(PlayerShowInfo),home Property PlayerShowInfo  :,]
$INFO[Window(musicosd).Property(Scrollbar_ctrl),musicosd Property Scrollbar_ctrl  :,]

$VAR[musicplayer_fanart]

"/>
</include>
	</controls>
</window>