<?xml version="1.0" encoding="utf-8"?>
<window>
	<include content="media_window_attributes" />
	
<!-- 	1.47 MyPVRTimers.xml
ID 	Type 			Description
shared mymedia
2 	button 			Select viewtype (list, thumbnail, media info, etc...)
3 	button 			Select sort method (sort by: name, date size, etc...)
4 	togglebutton 	Select sortmode (ascending or descending)



unique
8 	radiobutton 	Hide disabled timers

pvr shared
28 	button 			Channel groups button  
-->
	<controls>
		<!-- native GUI Buttons -->
		<control type="button" id="2">
			<visible>Control.IsEnabled(2)</visible>
			<include content="HiddenObject" />
		</control>
		<control type="button" id="3">
			<visible>Control.IsEnabled(3)</visible>
			<include content="HiddenObject" />
		</control>
		<control type="togglebutton" id="4">
			<visible>Control.IsEnabled(4)</visible>
			<include content="HiddenObject" />
		</control>
		<control type="group">
			<include>global_background</include>
		</control>
		
		<include content="mediawindow_layout">
			<param name="window" value="videos" />
		</include>
		
		<include content="swan_debug_overlay">
			<param name="textleft" value="listitem.filenameandpath :  $INFO[listitem.filenameandpath]
 
 
" />
		</include>
	</controls>
</window>
