<?xml version="1.0" encoding="UTF-8"?>
<window>
	<include content="media_window_attributes">
		<param name="view_ids" value="50,51,52,53,54,55,502,56,58,503,504" />
	</include>
	<onload condition="Skin.HasSetting(TMDbHelper_Ratings) + !Skin.HasSetting(TMDbHelper.Service) + !$EXP[IsOfflineMode]">Skin.SetBool(TMDbHelper.Service)</onload>
	<onload condition="!Skin.HasSetting(TMDbHelper.DisableArtwork)">Skin.SetBool(TMDbHelper.DisableArtwork)</onload>
	<onload condition="!Skin.HasSetting(TMDbHelper.DisablePersonStats)">Skin.SetBool(TMDbHelper.DisablePersonStats)</onload>
	<onload condition="!Skin.HasSetting(TMDbHelper.DisableExtendedProperties)">Skin.SetBool(TMDbHelper.DisableExtendedProperties)</onload>
	<onunload condition="Skin.HasSetting(TMDbHelper.Service)">Skin.Reset(TMDbHelper.Service)</onunload>
	<controls>
		<control type="list" id="2000">
			<include>HiddenContainer</include>
			<visible>String.IsEmpty(Window(home).Property(shortcutaction_inprogress))</visible>
			<content limit="1">$VAR[EmbuaryHelper_GetInfo_dbid]</content>
		</control>
		<control type="image" id="2005">
			<description>get uniqueid for studio img, but keep ability having footer in view ctrls</description>
			<visible>!Window.IsActive(movieinformation) + [Skin.HasSetting(show_studio_flag) + !String.IsEmpty(ListItem.Studio)]</visible>
			<left>-3000</left>
			<top>-3000</top>
			<width>2</width>
			<height>2</height>
			<texture background="true">$VAR[image_StudioLogo]</texture>
		</control>
		<control type="button" id="2">
			<description>Select viewtype</description>
			<include content="HiddenObject" />
		</control>
		<control type="button" id="3">
			<description>Select sort method (sort by: name, date size, etc...)</description>
			<visible>Control.IsEnabled(3)</visible>
			<include content="HiddenObject" />
		</control>
		<control type="togglebutton" id="4">
			<description>Select sortmode (ascending or descending)</description>
			<visible>Control.IsEnabled(4)</visible>
			<include content="HiddenObject" />
		</control>
		<control type="button" id="6">
			<description>Play DVD (used the play physical DVD discs)</description>
			<label>$LOCALIZE[341]</label>
			<include content="HiddenObject" />
		</control>
		<control type="button" id="10">
			<description>Show only watched, unwatched or all videos</description>
			<visible>Container.Content(movies) | Container.Content(sets) | Container.Content(tvshows) | Container.content(seasons) | Container.Content(episodes)</visible>
			<include content="HiddenObject" />
		</control>
		<control type="button" id="11">
			<description>Unlock shares</description>
			<selected>system.ismaster</selected>
			<label>$LOCALIZE[20336]</label>
			<onclick>mastermode</onclick>
			<visible>system.haslocks</visible>
			<include content="HiddenObject" />
		</control>
		<control type="button" id="16">
			<description>Start party mode (randomly play musicvideos from your collection)</description>
			<label>$LOCALIZE[20389]</label>
			<include content="HiddenObject" />
		</control>
		<control type="button" id="20">
			<description>Update library</description>
			<include content="HiddenObject" />
		</control>
		<include content="mediawindow_layout">
			<param name="window" value="videos" />
		</include>
	</controls>
</window>
