<?xml version="1.0" encoding="UTF-8" standalone="yes"?>
<addon id="script.swan.helper" name="swan skinning tools" version="0.0.01" provider-name="marduk">
	<requires>
		<import addon="xbmc.python" version="3.0.0" />
		<import addon="xbmc.json" version="6.20.0" />
	</requires>
	<extension point="xbmc.python.script" library="default.py">
		<provides>executable</provides>
	</extension>
	<extension point="xbmc.addon.metadata">
		<summary lang="en_GB">summary</summary>
		<description lang="en_GB">description</description>
		<news></news>
		<source></source>
		<forum></forum>
		<license>The MIT License</license>
		<platform>all</platform>
		<assets>
			<icon>resources/icon.png</icon>
			<fanart>resources/fanart.jpg</fanart>
		</assets>
	</extension>
</addon>
