<?xml version="1.0" encoding="utf-8"?>
<window>
	<defaultcontrol always="true">9000</defaultcontrol>
	<backgroundcolor>$VAR[color_home_background_layer1]</backgroundcolor>
	<menucontrol>9000</menucontrol>
	
	<onload condition="!String.IsEmpty(Window(home).Property(forceopen))">fullscreen</onload>
	<onload condition="!Skin.HasSetting(initial_startup_done)">ReplaceWindow(1101)</onload>
	<onload condition="!String.IsEmpty(Window(Home).Property(menucontrol_active))">ClearProperty(menucontrol_active,home)</onload>
	
	<include condition="!$EXP[IsOfflineMode] + false" content="TMDB_helper_toggleservices" />
	
	<onload>SetFocus(9000)</onload>
	<controls>
		
		<control type="label">
			<info>Weather.ConditionsIcon</info>
			<include>HiddenObject</include>
		</control>
		
		<include condition="!String.IsEqual(Skin.String(HomeLayout),MenuTiles)" content="global_background" />
	
		<control type="group">
			<include content="Animation_TransitionFadeOut">
				<param name="condition" value="Window.IsActive(1122) | $EXP[Infodialog_IsActive] | Window.IsActive(mediasource) | Window.IsActive(shutdownmenu)" />
			</include>
			
			<control type="group">
				<description>home layouts</description>
							<!-- TEMP SLIDE non custom menu -->
							<animation effect="zoom" start="70" end="100" time="250" center="85%,25%" condition="!ControlGroup(9000).HasFocus()">Conditional</animation>
				
				<include condition="String.IsEqual(Skin.String(HomeLayout),Spotlight)">Home_Layout_Spotlight</include>
				<include condition="String.IsEmpty(Skin.String(HomeLayout)) | String.IsEqual(Skin.String(HomeLayout),WidgetsOnly)">Home_Layout_WidgetOnly</include>
			</control>
			
			<control type="group">
				<description>menucontrol</description>
				<include content="menucontrol_home_iconpanel_left" condition="Skin.HasSetting(useshortcut_mainmenu) + !String.IsEqual(Skin.String(HomeLayout),MenuTiles)" />
				<include content="Menucontrol_Home_test1" condition="!Skin.HasSetting(useshortcut_mainmenu) + !String.IsEqual(Skin.String(HomeLayout),MenuTiles)" />
				<include content="Menucontrol_Home_MenuTiles" condition="String.IsEqual(Skin.String(HomeLayout),MenuTiles)" />
			</control>
			
			<!-- <include condition="Skin.HasSetting(home_showspecialratings)">footer</include> -->
		</control>
		
		<include condition="Skin.HasSetting(window_frame)" content="window_frame" />
		
		<include condition="Skin.HasSetting(SwanDebug)" content="swan_debug_overlay">
			<param name="nested_debuginfo" value="
ListItem.ChannelName $INFO[ListItem.ChannelName]

99005 $INFO[Control.GetLabel(99005)]
99006 $INFO[Control.GetLabel(99006)]
99007 $INFO[Control.GetLabel(99007)]

mainmenu item propertys
Container(5555).ListItem.Property(fanart)  $INFO[Container(5555).ListItem.Property(fanart)]
Container(5555).ListItem.Property(containerpath)  $INFO[Container(5555).ListItem.Property(submenu_containerpath)]
Container(5555).ListItem.Property(target)  $INFO[Container(5555).ListItem.Property(target)]
Container(5555).ListItem.Property(row_temp_test)  $INFO[Container(5555).ListItem.Property(row_temp_test)]

Props
[B]Window(home).Property(listitemtrailer)] : $INFO[Window(home).Property(listitemtrailer)]  [/B]

$VAR[CurrentlyPlayingItem]
$INFO[Container(6999).ListItem.Label]
"/>
</include>
	</controls>
</window>
