<?xml version="1.0" encoding="UTF-8"?>
<window id="1101">
	<backgroundcolor>ff181818</backgroundcolor>
	<defaultcontrol always="true">100</defaultcontrol>
	<include>Animation_OpenClose_Zoom</include>
	
	<controls>
		<control type="button" id="103">
			<include content="HiddenObject" />
				<onfocus condition="![Library.HasContent(video) | Library.HasContent(movies) | Library.HasContent(tvshows) | Library.HasContent(musicvideos) | Library.HasContent(music) | Library.HasContent(musicvideos)]">Skin.SetString(HomeLayout,MenuTiles)</onfocus>
				<onfocus condition="![Library.HasContent(video) | Library.HasContent(movies) | Library.HasContent(tvshows) | Library.HasContent(musicvideos) | Library.HasContent(music) | Library.HasContent(musicvideos)]">Skin.SetString(mainmenuitem25_target,settings)</onfocus>
				<onfocus condition="![Library.HasContent(video) | Library.HasContent(movies) | Library.HasContent(tvshows) | Library.HasContent(musicvideos) | Library.HasContent(music) | Library.HasContent(musicvideos)]">Skin.SetString(mainmenuitem25_name,$LOCALIZE[5])</onfocus>
				<onfocus condition="![Library.HasContent(video) | Library.HasContent(movies) | Library.HasContent(tvshows) | Library.HasContent(musicvideos) | Library.HasContent(music) | Library.HasContent(musicvideos)]">Skin.SetString(mainmenuitem25_thumb,resource://resource.images.skin.swan/tempfoldersqaurethumbs/setting_03.png)</onfocus>
				
				<onfocus>Skin.SetBool(ShowFanartBackground)</onfocus>
				<onfocus>Skin.SetBool(BackgroundAnimation)</onfocus>
				<onfocus>Skin.SetBool(bg_use_coloredglass)</onfocus>
				
				
				<onfocus>Skin.SetString(texture_global_background_layer3,resource://resource.images.skin.swan/backgroundoverlay/Gradient Bottom.png)</onfocus>
				<onfocus>Skin.SetString(texture_global_background_layer3,resource://resource.images.skin.swan/backgroundoverlay/Gradient Bottom.png)</onfocus>
				<onfocus>Skin.SetString(texture_home_background_layer3,resource://resource.images.skin.swan/backgroundoverlay/overlay_3.png)</onfocus>
   
				<onfocus>Skin.SetBool(useshortcut_mainmenu)</onfocus>
				
				<onfocus>Skin.SetString(mainmenuitem1_name,Search)</onfocus>
				<onfocus>Skin.SetString(mainmenuitem1_path,1120)</onfocus>
				<onfocus>Skin.SetString(mainmenuitem1_thumb,resource://resource.images.skin.swan/tempfoldersqaurethumbs/search.png)</onfocus>
				
			<onfocus>Skin.SetBool(Home_SectionWidgets)</onfocus>
				
				<onfocus condition="Library.HasContent(Movies)">Skin.SetString(mainmenuitem4_name,Movies)</onfocus>
				<onfocus condition="Library.HasContent(Movies)">Skin.SetString(mainmenuitem4_target,videos)</onfocus>
				<onfocus condition="Library.HasContent(Movies)">Skin.SetString(mainmenuitem4_path,videodb://movies/)</onfocus>
				<onfocus condition="Library.HasContent(Movies)">Skin.SetString(mainmenuitem4_thumb,resource://resource.images.skin.swan/tempfoldersqaurethumbs/studios.png)</onfocus>
				
				<onfocus condition="System.HasAddon(script.embuary.info)">Skin.SetString(mainmenuitem5_name,The movie db)</onfocus>
				<onfocus condition="System.HasAddon(script.embuary.info)">Skin.SetString(mainmenuitem5_target,videos)</onfocus>
				<onfocus condition="System.HasAddon(script.embuary.info)">Skin.SetString(mainmenuitem5_path,plugin://script.embuary.info/)</onfocus>
				<onfocus condition="System.HasAddon(script.embuary.info)">Skin.SetString(mainmenuitem5_thumb,icons/themoviedb.png)</onfocus>
				
				<onfocus condition="Library.HasContent(TVShows)">Skin.SetString(mainmenuitem6_name,TV shows)</onfocus>
				<onfocus condition="Library.HasContent(TVShows)">Skin.SetString(mainmenuitem6_target,videos)</onfocus>
				<onfocus condition="Library.HasContent(TVShows)">Skin.SetString(mainmenuitem6_path,videodb://tvshows/)</onfocus>
				<onfocus condition="Library.HasContent(TVShows)">Skin.SetString(mainmenuitem6_thumb,resource://resource.images.skin.swan/tempfoldersqaurethumbs/tv_2.png)</onfocus>
				
				<onfocus condition="System.HasAddon(plugin.video.netflix)">Skin.SetString(mainmenuitem7_name,NetfliX)</onfocus>
				<onfocus condition="System.HasAddon(plugin.video.netflix)">Skin.SetString(mainmenuitem7_target,videos)</onfocus>
				<onfocus condition="System.HasAddon(plugin.video.netflix)">Skin.SetString(mainmenuitem7_path,plugin://plugin.video.netflix/)</onfocus>
				<onfocus condition="System.HasAddon(plugin.video.netflix)">Skin.SetString(mainmenuitem7_thumb,icons/netflix.png)</onfocus>
				
				<onfocus condition="System.HasAddon(plugin.video.amazon-test)">Skin.SetString(mainmenuitem8_name,Amazon Prime Video)</onfocus>
				<onfocus condition="System.HasAddon(plugin.video.amazon-test)">Skin.SetString(mainmenuitem8_target,videos)</onfocus>
				<onfocus condition="System.HasAddon(plugin.video.amazon-test)">Skin.SetString(mainmenuitem8_path,plugin://plugin.video.amazon-test/)</onfocus>
				<onfocus condition="System.HasAddon(plugin.video.amazon-test)">Skin.SetString(mainmenuitem8_thumb,icons/amazonvideo.png)</onfocus>
				
				
				<onfocus condition="System.HasAddon(plugin.video.youtube)">Skin.SetString(mainmenuitem12_name,You Tube)</onfocus>
				<onfocus condition="System.HasAddon(plugin.video.youtube)">Skin.SetString(mainmenuitem12_target,videos)</onfocus>
				<onfocus condition="System.HasAddon(plugin.video.youtube)">Skin.SetString(mainmenuitem12_path,plugin://plugin.video.youtube/)</onfocus>
				<onfocus condition="System.HasAddon(plugin.video.youtube)">Skin.SetString(mainmenuitem12_thumb,icons/youtube.png)</onfocus>
				
				<onfocus condition="Library.HasContent(Music)">Skin.SetString(mainmenuitem15_name,Music Hub)</onfocus>
				<onfocus condition="Library.HasContent(Music)">Skin.SetString(mainmenuitem15_path,1110)</onfocus>
				<onfocus condition="Library.HasContent(Music)">Skin.SetString(mainmenuitem15_thumb,defaultaddonaudiodecoder.png)</onfocus>
				
				<onfocus condition="Library.HasContent(Music)">Skin.SetString(mainmenuitem16_name,Music)</onfocus>
				<onfocus condition="Library.HasContent(Music)">Skin.SetString(mainmenuitem16_target,music)</onfocus>
				<onfocus condition="Library.HasContent(Music)">Skin.SetString(mainmenuitem16_path,library://music/)</onfocus>
				<onfocus condition="Library.HasContent(Music)">Skin.SetString(mainmenuitem16_thumb,resource://resource.images.skin.swan/tempfoldersqaurethumbs/music_6.png)</onfocus>
				
				<!-- pictures 20 -->
				
				<onfocus>Skin.SetString(mainmenuitem15_name,Favourites)</onfocus>
				<onfocus>Skin.SetString(mainmenuitem15_path,favourites)</onfocus>
				<onfocus>Skin.SetString(mainmenuitem15_thumb,resource://resource.images.skin.swan/tempfoldersqaurethumbs/favourites_1.png)</onfocus>
				
				
				
				<onfocus>Skin.SetBool(hideprofile_header)</onfocus>
				<onfocus>Skin.SetBool(show_studio_flag)</onfocus>
				<onfocus>Skin.SetBool(show_imdbtop250_rating)</onfocus>
				<onfocus>Skin.SetBool(show_themoviedb_rating)</onfocus>
				<onfocus>Skin.SetBool(show_tvdb_rating)</onfocus>
				<!--
				show_metacritic_rating
				show_tomatometerallaudience_rating
				show_tomatometerallcritics_rating
				-->
				<onfocus>Skin.SetBool(force_stayinmusichub)</onfocus>
				
				<onfocus>Skin.SetBool(showosd_onstart)</onfocus>
				<onfocus>Skin.SetBool(musicplayer_backgroundanimation)</onfocus>
				<onfocus>Skin.SetBool(rotating_musicplayerfanart)</onfocus>
			
				<onfocus condition="Library.HasContent(movies)">Skin.SetString(userwidget1_name,Movie Genres)</onfocus>
				<onfocus condition="Library.HasContent(movies)">Skin.SetBool(userwidget1_issection)</onfocus>
				<onfocus condition="Library.HasContent(movies)">Skin.SetBool(userwidget1_forceTag)</onfocus>
				<onfocus condition="Library.HasContent(movies)">Skin.SetString(userwidget1_layout,landscape)</onfocus>
				<onfocus condition="Library.HasContent(movies)">Skin.SetString(userwidget1_target,videos)</onfocus>
				<onfocus condition="Library.HasContent(movies)">Skin.SetString(userwidget1_path,videodb://movies/genres/)</onfocus>
				<onfocus condition="Library.HasContent(movies)">Skin.SetString(userwidget1_linked,$NUMBER[4])</onfocus>
							
				<onfocus condition="Library.HasContent(movies)">Skin.SetString(userwidget2_name,New Movies)</onfocus>
				<onfocus condition="Library.HasContent(movies)">Skin.SetBool(userwidget2_bottominfo)</onfocus>
				<onfocus condition="Library.HasContent(movies)">Skin.SetBool(userwidget2_forcefixedlist)</onfocus>
				<onfocus condition="Library.HasContent(movies)">Skin.SetString(userwidget2_layout,poster)</onfocus>
				<onfocus condition="Library.HasContent(movies)">Skin.SetString(userwidget2_target,videos)</onfocus>
				<onfocus condition="Library.HasContent(movies)">Skin.SetString(userwidget2_path,videodb://movies/titles/)</onfocus>
				<onfocus condition="Library.HasContent(movies)">Skin.SetString(userwidget2_sortby,dateadded)</onfocus>
				<onfocus condition="Library.HasContent(movies)">Skin.SetString(userwidget2_sortorder,descending)</onfocus>
				<onfocus condition="Library.HasContent(movies)">Skin.SetString(userwidget2_limit,100)</onfocus>
				<onfocus condition="Library.HasContent(movies)">Skin.SetString(userwidget2_linked,$NUMBER[4])</onfocus>
				
				<onfocus condition="Library.HasContent(movies)">Skin.SetString(userwidget3_name,Imdb Top 250 Movies)</onfocus>
				<onfocus condition="Library.HasContent(movies)">Skin.SetBool(userwidget3_bottominfo)</onfocus>
				<onfocus condition="Library.HasContent(movies)">Skin.SetBool(userwidget3_forcefixedlist)</onfocus>
				<onfocus condition="Library.HasContent(movies)">Skin.SetString(userwidget3_layout,landscape)</onfocus>
				<onfocus condition="Library.HasContent(movies)">Skin.SetString(userwidget3_target,videos)</onfocus>
				<onfocus condition="Library.HasContent(movies)">Skin.SetString(userwidget3_path,special://skin/playlists/video/ImdbTop250.xsp)</onfocus>
				<onfocus condition="Library.HasContent(movies)">Skin.SetString(userwidget3_sortby,top250)</onfocus>
				<onfocus condition="Library.HasContent(movies)">Skin.SetString(userwidget3_sortorder,ascending)</onfocus>
				<onfocus condition="Library.HasContent(movies)">Skin.SetString(userwidget3_linked,$NUMBER[4])</onfocus>
				
				<onfocus condition="Library.HasContent(movies)">Skin.SetString(userwidget4_name,In Spothlight  Movies)</onfocus>
				<onfocus condition="Library.HasContent(movies)">Skin.SetBool(userwidget4_bottominfo)</onfocus>
				<onfocus condition="Library.HasContent(movies)">Skin.SetBool(userwidget4_forcefixedlist)</onfocus>
				<onfocus condition="Library.HasContent(movies)">Skin.SetString(userwidget4_layout,circle)</onfocus>
				<onfocus condition="Library.HasContent(movies)">Skin.SetString(userwidget4_target,videos)</onfocus>
				<onfocus condition="Library.HasContent(movies)">Skin.SetString(userwidget4_path,special://skin/playlists/video/spotlight_movies.xsp)</onfocus>
				<onfocus condition="Library.HasContent(movies)">Skin.SetString(userwidget4_linked,$NUMBER[4])</onfocus>
				
				<onfocus condition="Library.HasContent(moviesets)">Skin.SetString(userwidget5_name,Movie Sets)</onfocus>
				<onfocus condition="Library.HasContent(moviesets)">Skin.SetBool(userwidget5_forceTag)</onfocus>
				<onfocus condition="Library.HasContent(moviesets)">Skin.SetString(userwidget5_layout,poster)</onfocus>
				<onfocus condition="Library.HasContent(moviesets)">Skin.SetString(userwidget5_target,videos)</onfocus>
				<onfocus condition="Library.HasContent(moviesets)">Skin.SetString(userwidget5_path,videodb://movies/sets/)</onfocus>
				<onfocus condition="Library.HasContent(moviesets)">Skin.SetString(userwidget5_limit,100)</onfocus>
				<onfocus condition="Library.HasContent(moviesets)">Skin.SetString(userwidget5_linked,$NUMBER[4])</onfocus>
		
				<onfocus condition="System.HasAddon(script.embuary.info)">Skin.SetString(userwidget10_name,Upcoming Movies)</onfocus>
				<onfocus condition="System.HasAddon(script.embuary.info)">Skin.SetBool(userwidget10_bottominfo)</onfocus>
				<onfocus condition="System.HasAddon(script.embuary.info)">Skin.SetBool(userwidget10_forcefixedlist)</onfocus>
				<onfocus condition="System.HasAddon(script.embuary.info)">Skin.SetString(userwidget10_layout,poster)</onfocus>
				<onfocus condition="System.HasAddon(script.embuary.info)">Skin.SetString(userwidget10_target,videos)</onfocus>
				<onfocus condition="System.HasAddon(script.embuary.info)">Skin.SetString(userwidget10_path,plugin://script.embuary.info/movie/upcoming)</onfocus>
				<onfocus condition="System.HasAddon(script.embuary.info)">Skin.SetString(userwidget10_limit,50)</onfocus>
				<onfocus condition="System.HasAddon(script.embuary.info)">Skin.SetString(userwidget10_linked,$NUMBER[5])</onfocus>
		
				<onfocus condition="Library.HasContent(tvshows)">Skin.SetString(userwidget30_name,TV Show Genres)</onfocus>
				<onfocus condition="Library.HasContent(tvshows)">Skin.SetBool(userwidget30_issection)</onfocus>
				<onfocus condition="Library.HasContent(tvshows)">Skin.SetBool(userwidget30_forceTag)</onfocus>
				<onfocus condition="Library.HasContent(tvshows)">Skin.SetString(userwidget30_layout,landscape)</onfocus>
				<onfocus condition="Library.HasContent(tvshows)">Skin.SetString(userwidget30_target,videos)</onfocus>
				<onfocus condition="Library.HasContent(tvshows)">Skin.SetString(userwidget30_path,videodb://tvshows/genres/)</onfocus>
				<onfocus condition="Library.HasContent(tvshows)">Skin.SetString(userwidget30_linked,$NUMBER[6])</onfocus>
				
				<onfocus condition="Library.HasContent(tvshows)">Skin.SetString(userwidget31_name,Recently Watched TV  Shows)</onfocus>
				<onfocus condition="Library.HasContent(tvshows)">Skin.SetBool(userwidget31_forceTag)</onfocus>
				<onfocus condition="Library.HasContent(tvshows)">Skin.SetString(userwidget31_layout,poster)</onfocus>
				<onfocus condition="Library.HasContent(tvshows)">Skin.SetString(userwidget31_target,videos)</onfocus>
				<onfocus condition="Library.HasContent(tvshows)">Skin.SetString(userwidget31_path,videodb://tvshows/titles/)</onfocus>
				<onfocus condition="Library.HasContent(tvshows)">Skin.SetString(userwidget31_sortby,lastplayed)</onfocus>
				<onfocus condition="Library.HasContent(tvshows)">Skin.SetString(userwidget31_sortorder,descending)</onfocus>
				<onfocus condition="Library.HasContent(tvshows)">Skin.SetString(userwidget31_limit,0)</onfocus>
				<onfocus condition="Library.HasContent(tvshows)">Skin.SetString(userwidget31_linked,$NUMBER[6])</onfocus>
				
				<onfocus condition="Library.HasContent(tvshows)">Skin.SetString(userwidget33_name,Next Up)</onfocus>
				<onfocus condition="Library.HasContent(tvshows)">Skin.SetBool(userwidget33_forceTag)</onfocus>
				<onfocus condition="Library.HasContent(tvshows)">Skin.SetString(userwidget33_layout,landscape)</onfocus>
				<onfocus condition="Library.HasContent(tvshows)">Skin.SetString(userwidget33_target,videos)</onfocus>
				<onfocus condition="Library.HasContent(tvshows)">Skin.SetString(userwidget33_path,plugin://script.embuary.helper/?info=getnextup&amp;type=tvshow)</onfocus>
				<onfocus condition="Library.HasContent(tvshows)">Skin.SetString(userwidget33_linked,$NUMBER[6])</onfocus>
				<onfocus condition="Library.HasContent(tvshows)">Skin.SetString(userwidget33_linked,$NUMBER[6])</onfocus>
				
				<onfocus condition="Library.HasContent(tvshows)">Skin.SetString(userwidget34_name,In Spothlight  Shows)</onfocus>
				<onfocus condition="Library.HasContent(tvshows)">Skin.SetBool(userwidget34_bottominfo)</onfocus>
				<onfocus condition="Library.HasContent(tvshows)">Skin.SetBool(userwidget34_forcefixedlist)</onfocus>
				<onfocus condition="Library.HasContent(tvshows)">Skin.SetString(userwidget34_layout,circle)</onfocus>
				<onfocus condition="Library.HasContent(tvshows)">Skin.SetString(userwidget34_target,videos)</onfocus>
				<onfocus condition="Library.HasContent(tvshows)">Skin.SetString(userwidget34_path,special://skin/playlists/video/spotlight_tvshows.xsp)</onfocus>
				<onfocus condition="Library.HasContent(tvshows)">Skin.SetString(userwidget34_linked,$NUMBER[6])</onfocus>
				
				<onfocus condition="System.HasAddon(plugin.video.netflix)">Skin.SetBool(userwidget36_issection)</onfocus>
				<onfocus condition="System.HasAddon(plugin.video.netflix)">Skin.SetBool(userwidget36_forceTag)</onfocus>
				<onfocus condition="System.HasAddon(plugin.video.netflix)">Skin.SetString(userwidget36_name,$LOCALIZE[13200])</onfocus>
				<onfocus condition="System.HasAddon(plugin.video.netflix)">Skin.SetString(userwidget36_layout,circle)</onfocus>
				<onfocus condition="System.HasAddon(plugin.video.netflix)">Skin.SetString(userwidget36_target,videos)</onfocus>
				<onfocus condition="System.HasAddon(plugin.video.netflix)">Skin.SetString(userwidget36_path,plugin://plugin.video.netflix/)</onfocus>
				<onfocus condition="System.HasAddon(plugin.video.netflix)">Skin.SetString(userwidget36_linked,$NUMBER[7])</onfocus>
				
				<onfocus condition="System.HasAddon(plugin.video.netflix)">Skin.SetString(userwidget37_name,$ADDON[plugin.video.netflix 30167])</onfocus>
				<onfocus condition="System.HasAddon(plugin.video.netflix)">Skin.SetBool(userwidget37_bottominfo)</onfocus>
				<onfocus condition="System.HasAddon(plugin.video.netflix)">Skin.SetBool(userwidget37_forcefixedlist)</onfocus>
				<onfocus condition="System.HasAddon(plugin.video.netflix)">Skin.SetString(userwidget37_layout,poster)</onfocus>
				<onfocus condition="System.HasAddon(plugin.video.netflix)">Skin.SetString(userwidget37_target,videos)</onfocus>
				<onfocus condition="System.HasAddon(plugin.video.netflix)">Skin.SetString(userwidget37_path,plugin://plugin.video.netflix/directory/video_list_sorted/myList/queue/)</onfocus>
				<onfocus condition="System.HasAddon(plugin.video.netflix)">Skin.SetString(userwidget37_limit,25)</onfocus>
				<onfocus condition="System.HasAddon(plugin.video.netflix)">Skin.SetString(userwidget37_linked,$NUMBER[7])</onfocus>
				<!-- new -->
				<onfocus condition="System.HasAddon(plugin.video.netflix)">Skin.SetString(userwidget38_name,$ADDON[plugin.video.netflix 30167])</onfocus>
				<onfocus condition="System.HasAddon(plugin.video.netflix)">Skin.SetBool(userwidget38_bottominfo)</onfocus>
				<onfocus condition="System.HasAddon(plugin.video.netflix)">Skin.SetBool(userwidget38_forcefixedlist)</onfocus>
				<onfocus condition="System.HasAddon(plugin.video.netflix)">Skin.SetString(userwidget38_layout,fanart)</onfocus>
				<onfocus condition="System.HasAddon(plugin.video.netflix)">Skin.SetString(userwidget38_target,videos)</onfocus>
				<onfocus condition="System.HasAddon(plugin.video.netflix)">Skin.SetString(userwidget38_path,plugin://plugin.video.netflix/directory/video_list_sorted/recentlyAdded/1592210/)</onfocus>
				<onfocus condition="System.HasAddon(plugin.video.netflix)">Skin.SetString(userwidget38_limit,25)</onfocus>
				<onfocus condition="System.HasAddon(plugin.video.netflix)">Skin.SetString(userwidget38_linked,$NUMBER[7])</onfocus>
				
				<onfocus condition="System.HasAddon(plugin.video.amazon-test)">Skin.SetBool(userwidget41_issection)</onfocus>
				<onfocus condition="System.HasAddon(plugin.video.amazon-test)">Skin.SetBool(userwidget41_forceTag)</onfocus>
				<onfocus condition="System.HasAddon(plugin.video.amazon-test)">Skin.SetString(userwidget41_name,$LOCALIZE[13200])</onfocus>
				<onfocus condition="System.HasAddon(plugin.video.amazon-test)">Skin.SetString(userwidget41_layout,circle)</onfocus>
				<onfocus condition="System.HasAddon(plugin.video.amazon-test)">Skin.SetString(userwidget41_target,videos)</onfocus>
				<onfocus condition="System.HasAddon(plugin.video.amazon-test)">Skin.SetString(userwidget41_path,plugin.video.amazon-test/)</onfocus>
				<onfocus condition="System.HasAddon(plugin.video.amazon-test)">Skin.SetString(userwidget41_linked,$NUMBER[8])</onfocus>
				
				<onfocus condition="System.HasAddon(plugin.video.amazon-test)">Skin.SetString(userwidget42_name,Amazon Prime Video)</onfocus>
				<onfocus condition="System.HasAddon(plugin.video.amazon-test)">Skin.SetBool(userwidget42_bottominfo)</onfocus>
				<onfocus condition="System.HasAddon(plugin.video.amazon-test)">Skin.SetBool(userwidget42_forcefixedlist)</onfocus>
				<onfocus condition="System.HasAddon(plugin.video.amazon-test)">Skin.SetString(userwidget42_layout,poster)</onfocus>
				<onfocus condition="System.HasAddon(plugin.video.amazon-test)">Skin.SetString(userwidget42_target,videos)</onfocus>
				<onfocus condition="System.HasAddon(plugin.video.amazon-test)">Skin.SetString(userwidget42_path,plugin://plugin.video.amazon-test/?cat=Browse&amp;mode=listContent&amp;opt=listcat&amp;page=1&amp;url=OfferGroups%3dB0043YVHMY%26ContentType%3dMovie%26OrderBy%3dAvailabilityDate%26MinAmazonRatingCount%3d40%26HideNum%3dT%26Preorder%3dF%26Detailed%3dT%26AID%3d1)</onfocus>
				<onfocus condition="System.HasAddon(plugin.video.amazon-test)">Skin.SetString(userwidget42_limit,25)</onfocus>
				<onfocus condition="System.HasAddon(plugin.video.amazon-test)">Skin.SetString(userwidget42_linked,$NUMBER[8])</onfocus>
				
				<onfocus condition="System.HasAddon(plugin.video.amazon-test)">Skin.SetString(userwidget43_name,$ADDON[plugin.video.amazon-test 30245] $LOCALIZE[20342])</onfocus>
				<onfocus condition="System.HasAddon(plugin.video.amazon-test)">Skin.SetBool(userwidget43_bottominfo)</onfocus>
				<onfocus condition="System.HasAddon(plugin.video.amazon-test)">Skin.SetBool(userwidget43_forcefixedlist)</onfocus>
				<onfocus condition="System.HasAddon(plugin.video.amazon-test)">Skin.SetString(userwidget43_layout,poster)</onfocus>
				<onfocus condition="System.HasAddon(plugin.video.amazon-test)">Skin.SetString(userwidget43_target,videos)</onfocus>
				<onfocus condition="System.HasAddon(plugin.video.amazon-test)">Skin.SetString(userwidget43_path,plugin://plugin.video.amazon-test/?cat=watchlist&amp;mode=listContent&amp;opt&amp;page=1&amp;url=MOVIE)</onfocus>
				<onfocus condition="System.HasAddon(plugin.video.amazon-test)">Skin.SetString(userwidget43_limit,25)</onfocus>
				<onfocus condition="System.HasAddon(plugin.video.amazon-test)">Skin.SetString(userwidget43_linked,$NUMBER[8])</onfocus>
				<!-- watchlist tv -->
				<onfocus condition="System.HasAddon(plugin.video.amazon-test)">Skin.SetString(userwidget44_name,$ADDON[plugin.video.amazon-test 30245] $LOCALIZE[20343])</onfocus>
				<onfocus condition="System.HasAddon(plugin.video.amazon-test)">Skin.SetBool(userwidget44_bottominfo)</onfocus>
				<onfocus condition="System.HasAddon(plugin.video.amazon-test)">Skin.SetBool(userwidget44_forcefixedlist)</onfocus>
				<onfocus condition="System.HasAddon(plugin.video.amazon-test)">Skin.SetString(userwidget44_layout,poster)</onfocus>
				<onfocus condition="System.HasAddon(plugin.video.amazon-test)">Skin.SetString(userwidget44_target,videos)</onfocus>
				<onfocus condition="System.HasAddon(plugin.video.amazon-test)">Skin.SetString(userwidget44_path,plugin://plugin.video.amazon-test/?cat=watchlist&amp;mode=listContent&amp;opt&amp;page=1&amp;url=TV)</onfocus>
				<onfocus condition="System.HasAddon(plugin.video.amazon-test)">Skin.SetString(userwidget44_limit,25)</onfocus>
				<onfocus condition="System.HasAddon(plugin.video.amazon-test)">Skin.SetString(userwidget44_linked,$NUMBER[8])</onfocus>
				
				<onfocus condition="Library.HasContent(music)">Skin.SetString(userwidget50_name,Music Genres)</onfocus>
				<onfocus condition="Library.HasContent(music)">Skin.SetBool(userwidget50_issection)</onfocus>
				<onfocus condition="Library.HasContent(music)">Skin.SetBool(userwidget50_forceTag)</onfocus>
				<onfocus condition="Library.HasContent(music)">Skin.SetString(userwidget50_layout,landscape)</onfocus>
				<onfocus condition="Library.HasContent(music)">Skin.SetString(userwidget50_target,music)</onfocus>
				<onfocus condition="Library.HasContent(music)">Skin.SetString(userwidget50_path,musicdb://genres/)</onfocus>
				<onfocus condition="Library.HasContent(music)">Skin.SetString(userwidget50_linked,$NUMBER[16])</onfocus>
				
				<onfocus condition="Library.HasContent(music)">Skin.SetString(userwidget51_name,My Music Playlists)</onfocus>
				<onfocus condition="Library.HasContent(music)">Skin.SetString(userwidget51_layout,banner)</onfocus>
				<onfocus condition="Library.HasContent(music)">Skin.SetString(userwidget51_target,music)</onfocus>
				<onfocus condition="Library.HasContent(music)">Skin.SetString(userwidget51_path,special://musicplaylists/)</onfocus>
				<onfocus condition="Library.HasContent(music)">Skin.SetString(userwidget51_linked,$NUMBER[16])</onfocus>
				
				<onfocus condition="Library.HasContent(music)">Skin.SetString(userwidget52_name,Random Artists)</onfocus>
				<onfocus condition="Library.HasContent(music)">Skin.SetBool(userwidget52_bottominfo)</onfocus>
				<onfocus condition="Library.HasContent(music)">Skin.SetBool(userwidget52_forcefixedlist)</onfocus>
				<onfocus condition="Library.HasContent(music)">Skin.SetString(userwidget52_layout,landscape)</onfocus>
				<onfocus condition="Library.HasContent(music)">Skin.SetString(userwidget52_target,music)</onfocus>
				<onfocus condition="Library.HasContent(music)">Skin.SetString(userwidget52_path,musicdb://artists/)</onfocus>
				<onfocus condition="Library.HasContent(music)">Skin.SetString(userwidget52_sortby,random)</onfocus>
				<onfocus condition="Library.HasContent(music)">Skin.SetString(userwidget52_limit,100)</onfocus>
				<onfocus condition="Library.HasContent(music)">Skin.SetString(userwidget52_linked,$NUMBER[16])</onfocus>
				
				<onfocus condition="Library.HasContent(music)">Skin.SetString(userwidget53_name,New Albums)</onfocus>
				<onfocus condition="Library.HasContent(music)">Skin.SetBool(userwidget53_forceTag)</onfocus>
				<onfocus condition="Library.HasContent(music)">Skin.SetString(userwidget53_layout,square)</onfocus>
				<onfocus condition="Library.HasContent(music)">Skin.SetString(userwidget53_target,music)</onfocus>
				<onfocus condition="Library.HasContent(music)">Skin.SetString(userwidget53_path,musicdb://recentlyaddedalbums/)</onfocus>
				<onfocus condition="Library.HasContent(music)">Skin.SetString(userwidget53_linked,$NUMBER[16])</onfocus>
				
				<onfocus condition="Library.HasContent(musicvideos)">Skin.SetString(userwidget60_name,Music Videos)</onfocus>
				<onfocus condition="Library.HasContent(musicvideos)">Skin.SetBool(userwidget60_issection)</onfocus>
				<onfocus condition="Library.HasContent(musicvideos)">Skin.SetBool(userwidget60_forceTag)</onfocus>
				<onfocus condition="Library.HasContent(musicvideos)">Skin.SetString(userwidget60_layout,landscape)</onfocus>
				<onfocus condition="Library.HasContent(musicvideos)">Skin.SetString(userwidget60_target,music)</onfocus>
				<onfocus condition="Library.HasContent(musicvideos)">Skin.SetString(userwidget60_path,videodb://musicvideos/)</onfocus>
				<onfocus condition="Library.HasContent(musicvideos)">Skin.SetString(userwidget60_linked,$NUMBER[16])</onfocus>
				
				<onfocus condition="Library.HasContent(musicvideos)">Skin.SetString(userwidget61_name,Random Musicvideos)</onfocus>
				<onfocus condition="Library.HasContent(musicvideos)">Skin.SetBool(userwidget61_bottominfo)</onfocus>
				<onfocus condition="Library.HasContent(musicvideos)">Skin.SetBool(userwidget61_forcefixedlist)</onfocus>
				<onfocus condition="Library.HasContent(musicvideos)">Skin.SetString(userwidget61_layout,landscape)</onfocus>
				<onfocus condition="Library.HasContent(musicvideos)">Skin.SetString(userwidget61_target,videos)</onfocus>
				<onfocus condition="Library.HasContent(musicvideos)">Skin.SetString(userwidget61_path,videodb://musicvideos/titles/)</onfocus>
				<onfocus condition="Library.HasContent(musicvideos)">Skin.SetString(userwidget61_sortby,random)</onfocus>
				<onfocus condition="Library.HasContent(musicvideos)">Skin.SetString(userwidget61_limit,100)</onfocus>
				<onfocus condition="Library.HasContent(musicvideos)">Skin.SetString(userwidget61_linked,$NUMBER[16])</onfocus>
				
				<onfocus condition="Library.HasContent(musicvideos)">Skin.SetString(userwidget62_name,Music Video Genres)</onfocus>
				<onfocus condition="Library.HasContent(musicvideos)">Skin.SetString(userwidget62_layout,banner)</onfocus>
				<onfocus condition="Library.HasContent(musicvideos)">Skin.SetString(userwidget62_target,videos)</onfocus>
				<onfocus condition="Library.HasContent(musicvideos)">Skin.SetString(userwidget62_path,videodb://musicvideos/genres/)</onfocus>
				<onfocus condition="Library.HasContent(musicvideos)">Skin.SetString(userwidget62_linked,$NUMBER[16])</onfocus>
				
				<onfocus>Skin.SetBool(initial_startup_done)</onfocus>
				
				<onfocus>ReplaceWindow($VAR[check_startup])</onfocus>
		</control>
		
		<control type="image">
			<texture colordiffuse="ff181818">colors/white.png</texture>
		</control>
		
		<control type="group">
			<control type="grouplist" id="99">
				
				<centerleft>50%</centerleft>
				<centertop>50%</centertop>
				
				<orientation>vertical</orientation>
				<itemgap>10</itemgap>
				<align>center</align>
				<width>100%</width>
				<height>90%</height>
				<usecontrolcoords>true</usecontrolcoords>
				
				<control type="label">
					<description>‡</description>
					<include>Animation_VisibleHidden_Zoom</include>
					<height>120</height>
					<font>font45_title</font>
					<textcolor>FFA71B6A</textcolor>
					<align>center</align>
					<aligny>bottom</aligny>
					<label>[B]Welcome[/B]</label>
				</control>
				
				<control type="group">
					
					<height>280</height>
					<width>100%</width>
					<control type="image">
						<top>-47</top>
						<height>315</height>
						<width>100%</width>
						<texture diffuse="colors/white70.png" colordiffuse="color_home_menu_accent">special://skin/extras/busy/busyload3.apng</texture>
						<aspectratio align="center">keep</aspectratio>
					</control>
					<control type="image">
						<animation effect="fade" start="100" end="50" time="1300" pulse="true" condition="true">conditional</animation>
						<!-- <animation effect="zoom" delay="700" start="100,100" center="auto" end="150,150" time="1000" pulse="true" condition="true">Conditional</animation> -->
						<height>220</height>
						<width>100%</width>
						<aspectratio align="center">keep</aspectratio>
						<texture colordiffuse="color_home_menu_accent">icons/swanglow.png</texture>
					</control>
				</control>
				<control type="textbox">
					<centerleft>50%</centerleft>
					<width>100%</width>
					<height>auto</height>
					<font>font30_title</font>
					<align>center</align>
					<label>[B]Before you Start[/B]   it's recommended to do the following - [I](to improve performance)[/I]</label>
				</control>
				<control type="textbox">
					<textcolor>ff009999</textcolor>
					<left>37%</left>
					<height>auto</height>
					<font>font12</font>
					<autoscroll>false</autoscroll>
					<label>• [B][COLOR FFA71B6A]disable[/COLOR][/B] [I]script.module.metadatautils[/I][CR]• [B][COLOR FFA71B6A]disable[/COLOR][/B] [I]script.skin.helper.service[/I][CR]• [B][COLOR FFA71B6A]disable[/COLOR][/B] [I]script.skin.helper.widgets[/I][CR]• [B][COLOR FFA71B6A]disable[/COLOR][/B] [I]script.skin.helper.backgrounds[/I]</label>
				</control>
				<include content="spacer_h">
					<param name="gap" value="50" />
				</include>
				<control type="textbox">
					<centerleft>50%</centerleft>
					<width>100%</width>
					<height>auto</height>
					<font>font30_title</font>
					<autoscroll>false</autoscroll>
					<align>center</align>
					<pagecontrol>110160</pagecontrol>
					<label>[B]Did you agree[/B]  ......</label>
				</control>
				
				<control type="grouplist" id="100">
					<height>200</height>
					<width>100%</width>
					<orientation>horizontal</orientation>
					<itemgap>10</itemgap>
					<align>center</align>
					
					<control type="button" id="101">
						<include>Animation_Item_Focus</include>
						<texturefocus colordiffuse="FFA71B6A">diffuse/gradientleft.png</texturefocus>
						<texturenofocus colordiffuse="color_global_button_panel_nf">diffuse/gradientleft.png</texturenofocus>
						<width>320</width>
						<height>120</height>
						<label>YES</label>
						<align>center</align>
						<font>font36_title</font>
						<onclick>RunScript(script.embuary.helper,action=toggleaddons,addonid=script.module.metadatautils+script.skin.helper.service+script.skin.helper.widgets+script.skin.helper.backgrounds,enable=false)</onclick>
						<onclick>RunScript(script.embuary.helper,action=setkodisetting,setting=videolibrary.tvshowsselectfirstunwatcheditem,value=1)</onclick>
						<onclick>SetFocus(103)</onclick>
					</control>
					<control type="button" id="102">
						<include>Animation_Item_Focus</include>
						<texturefocus flipx="true" colordiffuse="FFA71B6A">diffuse/gradientleft.png</texturefocus>
						<texturenofocus flipx="true" colordiffuse="color_global_button_panel_nf">diffuse/gradientleft.png</texturenofocus>
						<width>320</width>
						<height>120</height>
						<label>NO</label>
						<align>center</align>
						<font>font36_title</font>
						<onclick>SetFocus(103)</onclick>
					</control>
				</control>
				<control type="textbox">
					<centerleft>50%</centerleft>
					<width>100%</width>
					<height>auto</height>
					<font>font12</font>
					<textcolor>grey</textcolor>
					<align>center</align>
					<label>You can for sure enable them again via Addon Settings if you need to switch to another skin who use them as dependencie...</label>
				</control>
			</control>
		</control>
	</controls>
</window>