<?xml version="1.0" encoding="utf-8"?>
<window>
	<defaultcontrol>11</defaultcontrol>
	<controls>
		<control type="group">
			<description>current positionining assumes dialogsettings is previous window</description>
			<centerleft>50%</centerleft>
			<width>50%</width>
			<control type="label" id="10">
				<description>Header</description>
				<centertop>60%</centertop>
				<width>60%</width>
				<height>10%</height>
				<font>notosans_22_regular</font>
				<textcolor>$VAR[color_global_dialog_accent]</textcolor>
				<label />
			</control>
			<control type="label" id="12">
				<description>representing the slider value</description>
				<centertop>63%</centertop>
				<font>notosans_22_regular</font>
				<centertop>70%</centertop>
				<width>350</width>
			</control>
			<control type="slider" id="11">
				<description>Slider</description>
				<centertop>63%</centertop>
				<left>350</left>
				<width>256</width>
				<height>25</height>
				<onup>SetFocus(101)</onup>
				<ondown>SetFocus(101)</ondown>
				<onleft>11</onleft>
				<onright>11</onright>
			</control>
		</control>
		
		<include content="Dialog_Percent_Buttongrouplist">
			<param name="id" value="100" />
			<param name="bgpanel_height" value="48%" />
			<param name="grouplist_height" value="45%" />
			<param name="pos_right" value="17%" />
			
			<onleft>11</onleft>
			<onright>11</onright>
			<onup>100</onup>
			<ondown>100</ondown>
			
			<control type="radiobutton" id="101">
				<include content="Dialog_RadioButton">
					<param name="symbol" value="enter" />
				</include>
				<onclick>Dialog.Close(sliderdialog)</onclick>
			</control>
				<control type="radiobutton" id="102">
				<include content="Dialog_RadioButton">
					<param name="symbol" value="cancel" />
				</include>
				<onclick>Dialog.Close(sliderdialog)</onclick>
			</control>
			
		</include>
		
		
	</controls>
</window>
