<?xml version="1.0" encoding="utf-8"?>
<window>
	<defaultcontrol always="true">450</defaultcontrol>
	<include>Animation_OpenClose_FadeZoom</include>
	
	<controls>
		<include content="DialogSelect_Container">
			<param name="id" value="450" />
			<param name="header" value="$INFO[system.currentwindow]" />
			<param name="fanart_panel" value="true" />
			<param name="fanart" value="$INFO[listitem.Icon]" />
			<param name="onleft" value="450" />
		</include>
	<include content="swan_debug_overlay" />	
	</controls>
</window>
