<?xml version="1.0" encoding="UTF-8"?>
<window>
<!-- 	1.10 DialogGameControllers.xml
gamecontrollers
ID 	Type 			Description
3 	grouplist 		List of controller types
5 	grouplist 		List of feature types
7 	button 			Button template
8 	label 			Settings category label template
9 	image 			Settings separator image template
10 	button 			Button template
17 	button 			Help button
18 	button 			OK button
19 	button 			Reset button
20 	button 			Get more... button
21 	button 			Ignore input button
22 	button 			Get all button
31 	gamecontroller 	Gamecontroller image template
32 	textbox 		Controller description  -->
	<defaultcontrol always="true">3</defaultcontrol>
	<menucontrol />
	<include condition="Window.IsActive(settings)" content="Animation_OpenClose_Slide">
		<param name="slide_start" value="720,0" />
		<param name="slide_end" value="0,0" />
	</include>
	<include condition="!Window.IsActive(settings)">Animation_OpenClose_Zoom</include>
	<controls>
		
		<control type="image">
			<description>DIALOG BG</description>
			<visible>!Window.IsActive(settings)</visible>
			<texture colordiffuse="$VAR[color_global_dialog_background]">colors/white.png</texture>
		</control>
		
		<!-- <include condition="!Window.IsActive(settings)">HeaderBar</include> -->
		
		 
		<!-- <control type="label" id="2">
		
		move center
					<description>Heading my move to header if needed </description>
					<height>25</height>
					<top>20</top>
					<font>Bold30</font>
					<textcolor>$VAR[color_global_button_text_fo]</textcolor>
					<align>center</align>
					<label>[B]$LOCALIZE[35058][/B]</label>
		</control>  -->
		
			
			
		<control type="group">
			<top>Header</top>
			
			<control type="group">
				<description>left list controllers</description>
				<left>60</left>
				<top>100</top>
				<width>22%</width>
					
			
				<control type="group">
					<description>Controller list</description>
					<control type="image">
						<left>0</left>
						<top>0</top>
						<texture colordiffuse="$VAR[color_global_button_panel_nf]" border="5">colors/white80.png</texture>
					</control>
					<control type="label">
						<description>Controller profiles grouplist heading</description>
						<top>-85</top>
						<height>25</height>
						<font>Bold30</font>
						<label>[B]$LOCALIZE[35050][/B]</label>
						<align>center</align>
						<aligny>center</aligny>
						<textcolor>$VAR[color_global_button_text_fo]</textcolor>
					</control>
					
					<control type="grouplist" id="3">
						<description>Controller profiles grouplist</description>
						<onleft>9001</onleft>
						<onright>5</onright>
						<onup>3</onup>
						<ondown>3</ondown>
						<pagecontrol>62</pagecontrol>
					</control>
					<control type="button" id="10">
						<description>Default controller button</description>
						<texturefocus colordiffuse="$VAR[color_global_button_panel_fo]">diffuse/gradienthorizontal.png</texturefocus>
						<texturenofocus />
						<align>center</align>
						<aligny>center</aligny>
						<font>liberationsans_26_regular_b</font>
					</control>
					<control type="scrollbar" id="62">
						<top>40</top>
						<right>0</right>
						<width>5</width>
						<orientation>vertical</orientation>
					</control>
				</control>
			</control>
			
			<control type="group">
				<description>controller description</description>
				<top>150</top>
				<left>530</left>
				<width>550</width>
				
				<control type="gamecontroller" id="31">
					<description>Controller Image</description>
					<left>50</left>
					<width>450</width>
					<height>450</height>
				</control>
				<control type="textbox" id="32">
					<top>450</top>
					<bottom>20</bottom>
					<left>10</left>
					<right>10</right>
					<align>center</align>
					<textcolor>$VAR[color_global_button_text_fo]</textcolor>
				</control>
			</control>
			
			<control type="group">
				<description>Right List Feature</description>
				<top>100</top>
				<left>1150</left>
				<width>380</width>
				
				<control type="image">
					<!-- <width>420</width> zoom if scroll bar visible-->
					<texture colordiffuse="$VAR[color_global_button_panel_nf]" border="5">colors/white80.png</texture>
				</control>
				
				<control type="label">
					<description>Feature list heading</description>
					<top>-85</top>
					<height>25</height>
					<font>Bold24</font>
					<label>[B]$LOCALIZE[35059][/B]</label>
					<align>center</align>
					<aligny>center</aligny>
					<textcolor>$VAR[color_global_button_text_fo]</textcolor>
				</control>
				<control type="grouplist" id="5">
					<description>Features grouplist</description>
					<onleft>3</onleft>
					<onright condition="Control.IsVisible(61)">61</onright>
					<onright condition="!Control.IsVisible(61)">9001</onright>
					<onup>5</onup>
					<ondown>5</ondown>
					<pagecontrol>61</pagecontrol>
				</control>
				<control type="scrollbar" id="61">
					<right>-20</right>
					<top>40</top>
					<width>2</width>
					<onleft>5</onleft>
					<onright>9001</onright>
					<texturesliderbackground colordiffuse="$VAR[color_global_dialog_background]">colors/white.png</texturesliderbackground>
					<orientation>vertical</orientation>
				</control>
				<control type="button" id="7">
					<description>Default feature button</description>
					<align>center</align>
					<aligny>center</aligny>
					<texturenofocus />
				</control>
				<control type="label" id="8">
					<description>Feature group title</description>
					<height>25</height>
					<align>center</align>
					<aligny>center</aligny>
					<font>notosans_16_bold</font>
					<textcolor>$VAR[color_global_button_text_fo]</textcolor>
				</control>
				<control type="image" id="9">
					<description>Feature separator image</description>
					<height>1</height>
					<texture colordiffuse="$VAR[color_global_dialog_accent]">colors/white.png</texture>
				</control>
			</control>
		</control>
		<control type="grouplist" id="9001">
				<description>3rd list buttons right</description>
				<top>100</top>
				<right>10</right>
				<width>320</width>
				<onleft>5</onleft>
				<onright>3</onright>
				<itemgap>10</itemgap>
				<align>center</align>
				<control type="button" id="18">
					<label>$LOCALIZE[186]</label>
				</control>
				<control type="button" id="19">
					<label>$LOCALIZE[13007]</label>
				</control>
				<control type="button" id="20">
					<label>$LOCALIZE[21452]</label>
				</control>
				<control type="button" id="22">
					<label>$LOCALIZE[35021]</label>
				</control>
				<control type="button" id="17">
					<label>$LOCALIZE[10043]</label>
				</control>
				<control type="button" id="21">
					<label>$LOCALIZE[35019]</label>
				</control>
			</control>
	</controls>
</window>
