<?xml version="1.0" encoding="UTF-8"?>
<!-- SWAN -->
<includes>
	<include name="swan_debug_overlay">
		<definition>
		<control type="group">
			<visible>Skin.HasSetting(SwanDebug)</visible>
				<control type="image">
					<description>header space</description>
					<top>0</top>
					<width>100%</width>
					<height>Header</height>
					<texture>colors/white50.png</texture>
					<colordiffuse>CCffffff</colordiffuse>
				</control>
				<control type="image">
					<description>right scrollbar alphabet bar space</description>
					<top>0</top>
					<right>0</right>
					<width>BackgroundPanelRight</width>
					<height>100%</height>
					<texture>colors/white50.png</texture>
					<colordiffuse>CCffffff</colordiffuse>
				</control>
				<control type="image">
					<description>left menuiconbar space</description>
					<top>0</top>
					<left>0</left>
					<width>BackgroundPanelLeft</width>
					<height>100%</height>
					<texture>colors/white50.png</texture>
					<colordiffuse>CCffffff</colordiffuse>
				</control>
				<control type="image">
					<description>footer space</description>
					<bottom>0</bottom>
					<width>100%</width>
					<height>Footer</height>
					<texture>colors/white50.png</texture>
					<colordiffuse>CCffffff</colordiffuse>
				</control>
				
				<control type="group">
					<left>110</left>
					<right>110</right>
					<top>130</top>
					<bottom>130</bottom>
					<control type="image">
						<description>hot spot area</description>
						<texture>colors/white.png</texture>
						<colordiffuse>cc000000</colordiffuse>
					</control>
					<control type="textbox">
						<font>debugtiny</font>
						<aligny>top</aligny>
						<align>left</align>
						<top>5</top>
						<left>5</left>
						<autoscroll>true</autoscroll>
						<wrapmultiline>true</wrapmultiline>
						<textcolor>ffffffff</textcolor>
						<label>
$PARAM[textleft]
</label>
					</control>
					<control type="textbox">
						<font>font20_title</font>
						<aligny>top</aligny>
						<align>right</align>
						<top>10</top>
						<right>15</right>
						<textcolor>red</textcolor>
						<label>System.BuildVersion:     $VAR[KodiBuildVersion,[B],[/B]]
System.BuildDate:     $INFO[System.BuildDate]
$LOCALIZE[31030] :     $INFO[system.memory(used)] [B]/[/B] $INFO[system.memory(total)]       $INFO[system.memory(used.percent)]
$LOCALIZE[13271]      $INFO[System.CPUUsage]
$INFO[System.GPUTemperature,System.GPUTemperature :     ,]
Property(xmlfile) :     $INFO[Window.Property(xmlfile)]
System.CurrentWindow :     $INFO[System.CurrentWindow]
System.CurrentControl :     $INFO[System.CurrentControl]
System.CurrentControlID :     $INFO[System.CurrentControlID]
$INFO[System.Progressbar,System.Progressbar :     ,]
System.InternetState :     $INFO[System.InternetState]
Network.IPAddress :     $INFO[Network.IPAddress]

</label>
<!-- 
[COLOR white]SetShortcutInProgress[/COLOR] $INFO[Window(home).Property(SetShortcutInProgress)]

[COLOR white]userwidget11[/COLOR]
[COLOR white]userwidget1_target[/COLOR]    $INFO[Skin.String(userwidget1_target)]
[COLOR white]userwidget1_path[/COLOR]      $INFO[Skin.String(userwidget1_path)]
[COLOR white]Property(shortcutitem_nr)[/COLOR]     $INFO[Window(home).Property(shortcutitem_nr)]



[COLOR white]SetShortcutInProgress[/COLOR] $INFO[Window(home).Property(SetShortcutInProgress)]

[COLOR white]mainmenuitem1[/COLOR]
[COLOR white]mainmenuitem1_target[/COLOR]    $INFO[Skin.String(mainmenuitem1_target)]
[COLOR white]mainmenuitem1_path[/COLOR]      $INFO[Skin.String(mainmenuitem1_path)]
[COLOR white]Property(shortcutitem_nr)[/COLOR]     $INFO[Window(home).Property(shortcutitem_nr)]

$INFO[Container($INFO[System.CurrentControlID]).CurrentItem] -->
<!-- 
Skin.AspectRatio  $INFO[Skin.AspectRatio]
System.ScreenWidth $INFO[System.ScreenWidth]
System.ScreenHeight $INFO[System.ScreenHeight]
-->
					</control>
				</control>
				
		</control>
		<!-- for ease 
		file:///C:/apps/Kodi Leia/portable_data/userdata/addon_data/skin.swan-beta/settings.xml
		-->
		<control type="button">
			<visible>Skin.HasSetting(SwanDebug)</visible>
			<visible>Window.IsMedia</visible>
			<texturefocus colordiffuse="red">colors/white.png</texturefocus>
			<texturenofocus colordiffuse="red">colors/white50.png</texturenofocus>
			<centerleft>60%</centerleft>
			<height>100</height>
			<width>500</width>
			<wrapmultiline>true</wrapmultiline>
			<label>Button :[CR]store container.folderpath to settings.xml</label>
			<onclick>Skin.SetString(SkinSaved_containerfoldepath,$INFO[Container.Folderpath])</onclick>
			<onclick>Skin.SetString(SkinSaved_listitemfoldepath,$INFO[ListItem.Folderpath])</onclick>
		</control>
		</definition>
	</include>
	<!-- https kodi.wiki/view/InfoLabels#ListItem -->
	<variable name="container.contentinfos">
		<value condition="container.content(tvshows)">$INFO[]</value>
	
	
	
	
	</variable>
	<variable name="trailer_available">
		<value condition="!String.IsEmpty(Window(home).Property(trailer_avail))">Trailer [B]is[/B] available</value>
		<value>Trailer is NOT available</value>
	</variable>
	
	
	<variable name="KodiBuildVersion">
		<value condition="String.StartsWith(System.BuildVersion,18)">[COLOR cyan]KODI  L e i a[/COLOR]</value>
		<value condition="String.StartsWith(System.BuildVersion,19)">[COLOR cyan]KODI  M a t r i x[/COLOR]</value>
	</variable>
	
	<variable name="has_locked_content">
		<value condition="skin.hassetting(skin_locked_views)">[COLOR orange]skin has locked content[/COLOR]</value>
		<value condition="!skin.hassetting(skin_locked_views)">[COLOR cyan]skin has NOT LOCKED any content[/COLOR]</value>
	</variable>
	
</includes>
