<sounds>
	<actions>
		<action>
			<name>select</name>
			<file>select.wav</file>
		</action>
		<action>
			<name>parentdir</name>
			<file>swipeleft.wav</file>
		</action>
		<action>
			<name>previousmenu</name>
			<file>swipeleft.wav</file>
		</action>
		<action>
			<name>screenshot</name>
			<file>select.wav</file>
		</action>
	</actions>
	<windows>
		<window>
		  <name>fullscreenvideo</name>
		  <activate>select_file.wav</activate>
		  <deactivate>back.wav</deactivate>
		</window>
	</windows>
</sounds>
