<?xml version="1.0" encoding="utf-8"?>
<includes>
	<variable name="skinsettiglabel_stilwatchingdialog">
		<value condition="Skin.String(stillwatching_idle_action)">show popup after idle time 10mins and : $INFO[Skin.String(stillwatching_idle_action)]</value>
		<value condition="!Skin.String(stillwatching_idle_action)">Enable still watching Dialog and define your wished action (pop up after idle time of 10 min when video is paused in fullscreen)</value>
	</variable>
				
	
	<variable name="ProfileLoginHinttext">
		<value condition="!System.HasLoginScreen">Need eneble Profile on Startup in Profile Settings</value>
		<value> </value>
	</variable>
				
	<variable name="1103_header">
		<value condition="String.IsEqual(Window(home).Property(SettingSection),SwanWidgetShortcuts) + String.IsEqual(Window(home).Property(shortcutaction_inprogress),widget)">S E T     W I D G E T</value>
		<value condition="String.IsEqual(Window(home).Property(SettingSection),SwanWidgetShortcuts) + String.IsEqual(Window(home).Property(shortcutaction_inprogress),mainmenu)">S E T     M A I N M E N U     I T E M</value>
		<value condition="String.IsEqual(Window(home).Property(SettingSection),SwanWidgetShortcuts) + String.IsEqual(Window(home).Property(shortcutaction_inprogress),shutdownmenu)">S E T     S H U T D O W N M E N U     I T E M</value>
		<value condition="String.IsEqual(Window(home).Property(SettingSection),WidgetAttributes)">S E T     W I D G E T     A T T R I B U T E S</value>
		<value condition="String.IsEqual(Window(home).Property(SettingSection),MainmenuAttributes)">S E T     M A I N M E N U     I T E M     A T T R I B U T E S</value>
		<value condition="String.IsEqual(Window(home).Property(SettingSection),MainmenuLinkWidget)">L I N K     [B]menuitem label[/B]     T O     Y O U R     W I D G E T S</value>
		<value condition="String.IsEqual(Window(home).Property(SettingSection),VideoInfoButtonVisibility)">S E T     W H I C H     B U T T O N S     T O     H I D E     I N     V I D E O I N F O</value>
		<value condition="String.IsEqual(Window(home).Property(SettingSection),StillWatchingAction)">C H O O S E     A C T I O N     W H I C H     S H O U L D     B E     P E R F O R M E D     I F     S T A Y     I D L E     I N     S T I L L     W A T H C I N G     D I A L O G</value>
		<value condition="String.IsEqual(Window(home).Property(SettingSection),VideoInfoContainerVisibility)">S E T     W H I C H     Content     T O     S H O W N     I N     V I D E O I N F O</value>
		<value condition="String.IsEqual(Window(home).Property(SettingSection),LibrarySearchContainerVisibility)">S E T     W H I C H     ITEMS     T O     SEARCH    FOR     I N     COMMON LIBRARY SEARCH</value>
	</variable>
	
	<include name="1103_Content_StillWatchingAction">
		<control type="radiobutton" id="11031">
			<onclick>Skin.SetString(stillwatching_idle_action,stop)</onclick>
			<selected>String.IsEqual(Skin.String(stillwatching_idle_action),stop)</selected>
			<label>Stop Playing Media</label>
		</control>
		<control type="radiobutton" id="11032">
			<onclick>Skin.SetString(stillwatching_idle_action,quit)</onclick>
			<selected>String.IsEqual(Skin.String(stillwatching_idle_action),quit)</selected>
			<label>Close Kodi</label>
		</control>
		<control type="radiobutton" id="11033">
			<onclick>Skin.SetString(stillwatching_idle_action,hibernate)</onclick>
			<selected>String.IsEqual(Skin.String(stillwatching_idle_action),hibernate)</selected>
			<visible>System.CanHibernate</visible>
			<label>Hibernate System</label>
		</control>
		<control type="radiobutton" id="11034">
			<onclick>Skin.SetString(stillwatching_idle_action,powerdown)</onclick>
			<selected>String.IsEqual(Skin.String(stillwatching_idle_action),powerdown)</selected>
			<visible>System.CanPowerDown</visible>
			<label>Shutdown System</label>
		</control>
	</include>
	
	<include name="1103_Content_VideoInfoButtonVisibility">
		<control type="radiobutton" id="11031">
			<onclick>Skin.ToggleSetting(VideoInfo_Button_play)</onclick>
			<selected>Skin.HasSetting(VideoInfo_Button_play)</selected>
			<label>Disable Play</label>
		</control>
		<control type="radiobutton" id="11032">
			<onclick>Skin.ToggleSetting(VideoInfo_Button_resume)</onclick>
			<selected>Skin.HasSetting(VideoInfo_Button_resume)</selected>
			<label>Disable Resume</label>
		</control>
		<control type="radiobutton" id="11033">
			<onclick>Skin.ToggleSetting(VideoInfo_Button_KodiGetThumb)</onclick>
			<selected>Skin.HasSetting(VideoInfo_Button_KodiGetThumb)</selected>
			<label>Disable Get Thumb (Kodi native)</label>
		</control>
		<control type="radiobutton" id="11034">
			<visible>System.HasAddon(script.artwork.beef) | System.HasAddon(script.artwork.dump)</visible>
			<selected>Skin.HasSetting(VideoInfo_Button_BeefGetThumb)</selected>
			<label>Disable Get Thumb (Artwork Beef)</label>
		</control>
		<control type="radiobutton" id="11035">
			<visible>System.HasAddon(script.embuary.info)</visible>
			<onclick>Skin.ToggleSetting(VideoInfo_EmbuaryTMDBInfo)</onclick>
			<selected>Skin.HasSetting(VideoInfo_EmbuaryTMDBInfo)</selected>
			<label>Disable Embuary TMDBInfo</label>
		</control>
		<control type="radiobutton" id="11036">
			<onclick>Skin.ToggleSetting(VideoInfo_Button_Plot)</onclick>
			<selected>Skin.HasSetting(VideoInfo_Button_Plot)</selected>
			<label>Disable Plot</label>
		</control>
		<control type="radiobutton" id="11037">
			<onclick>Skin.ToggleSetting(VideoInfo_Button_FanartSlideshow)</onclick>
			<selected>Skin.HasSetting(VideoInfo_Button_FanartSlideshow)</selected>
			<label>Disable Fanart Slideshow</label>
		</control>
		<control type="radiobutton" id="11038">
			<onclick>Skin.ToggleSetting(VideoInfo_Button_Rate)</onclick>
			<selected>Skin.HasSetting(VideoInfo_Button_Rate)</selected>
			<label>Disable Rate Title</label>
		</control>
		<control type="radiobutton" id="11039">
			<onclick>Skin.ToggleSetting(VideoInfo_Button_Trailer)</onclick>
			<selected>Skin.HasSetting(VideoInfo_Button_Trailer)</selected>
			<label>Disable Trailer</label>
		</control>
		<control type="radiobutton" id="11040">
			<visible>System.HasAddon(plugin.video.themoviedb.helper)</visible>
			<onclick>Skin.ToggleSetting(VideoInfo_Button_Trakt)</onclick>
			<selected>Skin.HasSetting(VideoInfo_Button_Trakt)</selected>
			<label>Disable Manage Trakt</label>
		</control>
	</include>
	

	<include name="1103_Content_ViewSelect_MediaWindow">
		<control type="button" id="11031">
			<onclick>SetProperty(view_disable_mediawindow,videos,home)</onclick>
			
			<onclick>Dialog.Close(1103,true)</onclick>
			<onclick>ActivateWindow(1105)</onclick>
			<label>Videos</label>
			
		</control>
		<control type="button" id="11032">
			<onclick>SetProperty(view_disable_mediawindow,music,home)</onclick>
			<onclick>Dialog.Close(1103,true)</onclick>
			
			<onclick>ActivateWindow(1105)</onclick>
			<label>Music</label>
		</control>
		<control type="button" id="11033">
			<onclick>SetProperty(view_disable_mediawindow,pictures,home)</onclick>
			<onclick>Dialog.Close(1103,true)</onclick>
			
			<onclick>ActivateWindow(1105)</onclick>
			<label>Pictures</label>
		</control>
		<control type="button" id="11034">
			<onclick>SetProperty(view_disable_mediawindow,games,home)</onclick>
			<onclick>Dialog.Close(1103,true)</onclick>
			
			<onclick>ActivateWindow(1105)</onclick>
			<label>Games</label>
		</control>
	</include>
	
	<include name="1103_Content_VideoInfoContainerVisibility">
		<control type="radiobutton" id="11031">
			<onclick>Skin.ToggleSetting(VideoInfo_Content_NextUp)</onclick>
			<selected>Skin.HasSetting(VideoInfo_Content_NextUp)</selected>
			<label>Hide Next Up Widget</label>
		</control>
		<control type="radiobutton" id="11032">
			<onclick>Skin.ToggleSetting(VideoInfo_Content_ItemsByCastMember)</onclick>
			<selected>Skin.HasSetting(VideoInfo_Content_ItemsByCastMember)</selected>
			<label>Hide Items By currently focused Actor</label>
		</control>
		<control type="radiobutton" id="11033">
			<onclick>Skin.ToggleSetting(VideoInfo_Content_SetItems)</onclick>
			<selected>Skin.HasSetting(VideoInfo_Content_SetItems)</selected>
			<label>Hide Movie Set Items</label>
		</control>
		<control type="radiobutton" id="11034">
			<onclick>Skin.ToggleSetting(VideoInfo_Content_Director)</onclick>
			<selected>Skin.HasSetting(VideoInfo_Content_Director)</selected>
			<label>Hide Items By Director</label>
		</control>
		<control type="radiobutton" id="11035">
			<onclick>Skin.ToggleSetting(VideoInfo_Content_tmdbhelper_crew)</onclick>
			<selected>Skin.HasSetting(VideoInfo_Content_tmdbhelper_crew)</selected>
			<label>Hide Crew Member Provided By tmdb helper (online lookup)</label>
		</control>
		<control type="radiobutton" id="11036">
			<onclick>Skin.ToggleSetting(VideoInfo_Content_Library_OST)</onclick>
			<selected>Skin.HasSetting(VideoInfo_Content_Library_OST)</selected>
			<label>Hide Available Soundtrack</label>
		</control>
		<control type="radiobutton" id="11037">
			<onclick>Skin.ToggleSetting(VideoInfo_Content_Youtube_OST)</onclick>
			<selected>Skin.HasSetting(VideoInfo_Content_Youtube_OST)</selected>
			<visible>!Skin.HasSetting(VideoInfo_Content_Library_OST)</visible>
			<label>Hide YouTube as Fallback for Soundtrack Lookup</label>
		</control>
		<control type="radiobutton" id="11038">
			<onclick>Skin.ToggleSetting(VideoInfo_Content_Youtube)</onclick>
			<selected>Skin.HasSetting(VideoInfo_Content_Youtube)</selected>
			<label>Hide You Tube Lookups</label>
		</control>
		<control type="radiobutton" id="11039">
			<onclick>Skin.ToggleSetting(VideoInfo_Content_Similiar)</onclick>
			<selected>Skin.HasSetting(VideoInfo_Content_Similiar)</selected>
			<visible>System.HasAddon(script.embuary.info)</visible>
			<label>Hide Similiar Content</label>
		</control>
	</include>
	
	<include name="1103_Content_LibrarySearchContainerVisibility">
		<control type="radiobutton" id="11031">
			<onclick>Skin.ToggleSetting(SkinSearch_Content_titles_in_movie)</onclick>
			<selected>Skin.HasSetting(SkinSearch_Content_titles_in_movie)</selected>
			<label>Hide $LOCALIZE[342] - with titles containing SearchTerm</label>
		</control>
		<control type="radiobutton" id="11032">
			<onclick>Skin.ToggleSetting(SkinSearch_Content_titles_in_tvshows)</onclick>
			<selected>Skin.HasSetting(SkinSearch_Content_titles_in_tvshows)</selected>
			<label>Hide $LOCALIZE[20343] - with titles containing SearchTerm</label>
		</control>
		<control type="radiobutton" id="11033">
			<onclick>Skin.ToggleSetting(SkinSearch_Content_titles_in_episodes)</onclick>
			<selected>Skin.HasSetting(SkinSearch_Content_titles_in_episodes)</selected>
			<label>Hide $LOCALIZE[20360] - with titles containing SearchTerm</label>
		</control>
		<control type="radiobutton" id="11034">
			<onclick>Skin.ToggleSetting(SkinSearch_Content_actors_in_movie_tvshows)</onclick>
			<selected>Skin.HasSetting(SkinSearch_Content_actors_in_movie_tvshows)</selected>
			<label>Hide $LOCALIZE[342] &amp; $LOCALIZE[20343] - $LOCALIZE[1411] $LOCALIZE[344]  containing SearchTerm</label>
		</control>
		<control type="radiobutton" id="11035">
			<onclick>Skin.ToggleSetting(SkinSearch_Content_directors_in_movie)</onclick>
			<selected>Skin.HasSetting(SkinSearch_Content_directors_in_movie)</selected>
			<label>Hide $LOCALIZE[342] - $LOCALIZE[31071] $LOCALIZE[20339] containing SearchTerm</label>
		</control>
		<control type="radiobutton" id="11036">
			<onclick>Skin.ToggleSetting(SkinSearch_Content_actors_in_episodes)</onclick>
			<selected>Skin.HasSetting(SkinSearch_Content_actors_in_episodes)</selected>
			<label>Hide $LOCALIZE[20360] - $LOCALIZE[1411] $LOCALIZE[344] containing SearchTerm</label>
		</control>
		<control type="radiobutton" id="11037">
			<onclick>Skin.ToggleSetting(SkinSearch_Content_genres_in_movies_tvshows)</onclick>
			<selected>Skin.HasSetting(SkinSearch_Content_genres_in_movies_tvshows)</selected>
			<label>Hide $LOCALIZE[135] Search for movies tvshows</label>
		</control>
		<control type="radiobutton" id="11038">
			<onclick>Skin.ToggleSetting(SkinSearch_Content_years_in_movies_tvshows)</onclick>
			<selected>Skin.HasSetting(SkinSearch_Content_years_in_movies_tvshows)</selected>
			<label>Hide $LOCALIZE[562] Search for movies tvshows</label>
		</control>
		<control type="radiobutton" id="11039">
			<onclick>Skin.ToggleSetting(SkinSearch_Content_studios_in_movies_tvshows)</onclick>
			<selected>Skin.HasSetting(SkinSearch_Content_studios_in_movies_tvshows)</selected>
			<label>Hide $LOCALIZE[20388] Search for movies tvshows</label>
		</control>
		<control type="radiobutton" id="11040">
			<onclick>Skin.ToggleSetting(SkinSearch_Content_countries_in_movies_tvshows)</onclick>
			<selected>Skin.HasSetting(SkinSearch_Content_countries_in_movies_tvshows)</selected>
			<label>Hide $LOCALIZE[574] Search for movies tvshows</label>
		</control>
		<control type="radiobutton" id="11041">
			<onclick>Skin.ToggleSetting(SkinSearch_Content_title_in_albums)</onclick>
			<selected>Skin.HasSetting(SkinSearch_Content_title_in_albums)</selected>
			<label>Hide $LOCALIZE[132] - with titles containing SearchTerm</label>
		</control>
		<control type="radiobutton" id="11042">
			<onclick>Skin.ToggleSetting(SkinSearch_Content_title_in_artists)</onclick>
			<selected>Skin.HasSetting(SkinSearch_Content_title_in_artists)</selected>
			<label>Hide $LOCALIZE[133] - with titles containing SearchTerm</label>
		</control>
		<control type="radiobutton" id="11043">
			<visible>!Skin.HasSetting(SkinSearch_Content_title_in_artists)</visible>
			<onclick>Skin.ToggleSetting(SkinSearch_Content_albums_by_focused_artists)</onclick>
			<selected>Skin.HasSetting(SkinSearch_Content_albums_by_focused_artists)</selected>
			<label>Hide $LOCALIZE[132] by previously focued artist</label>
		</control>
		<control type="radiobutton" id="11044">
			<onclick>Skin.ToggleSetting(SkinSearch_Content_title_in_songs)</onclick>
			<selected>Skin.HasSetting(SkinSearch_Content_title_in_songs)</selected>
			<label>Hide $LOCALIZE[134] - with titles containing SearchTerm</label>
		</control>
		<control type="radiobutton" id="11045">
			<onclick>Skin.ToggleSetting(SkinSearch_Content_title_in_musicvideos)</onclick>
			<selected>Skin.HasSetting(SkinSearch_Content_title_in_musicvideos)</selected>
			<label>Hide $LOCALIZE[36909] - with titles containing SearchTerm</label>
		</control>
		<control type="radiobutton" id="11046">
			<onclick>Skin.ToggleSetting(SkinSearch_Content_artist_in_musicvideos)</onclick>
			<selected>Skin.HasSetting(SkinSearch_Content_artist_in_musicvideos)</selected>
			<label>Hide $LOCALIZE[36909] - $LOCALIZE[19159] $LOCALIZE[133] containing SearchTerm</label>
		</control>
		
		<control type="radiobutton" id="11047">
			<visible>System.HasAddon(plugin.video.youtube)</visible>
			<onclick>Skin.ToggleSetting(SkinSearch_Content_youtube)</onclick>
			<selected>Skin.HasSetting(SkinSearch_Content_youtube)</selected>
			<label>Hide YouTube Search</label>
		</control>
		<!-- <control type="radiobutton" id="11048">
			<visible>System.HasAddon(plugin.video.netflix)</visible>
			<onclick>Skin.ToggleSetting(SkinSearch_Content_netflix)</onclick>
			<selected>Skin.HasSetting(SkinSearch_Content_netflix)</selected>
			<label>Hide Netflix Search</label>
		</control> -->
		<control type="radiobutton" id="11049">
			<visible>System.HasAddon(plugin.video.amazon-test)</visible>
			<onclick>Skin.ToggleSetting(SkinSearch_Content_amazonVOD)</onclick>
			<selected>Skin.HasSetting(SkinSearch_Content_amazonVOD)</selected>
			<label>Hide Amazon Video Search</label>
		</control>
	</include>
	
	<include name="1103_Content_SetBlurStrength">
		<include content="BlurRadioButton">
			<param name="blur_strength" value="1" />
		</include>
		<include content="BlurRadioButton">
			<param name="blur_strength" value="2" />
		</include>
		<include content="BlurRadioButton">
			<param name="blur_strength" value="3" />
		</include>
		<include content="BlurRadioButton">
			<param name="blur_strength" value="4" />
		</include>
		<include content="BlurRadioButton">
			<param name="blur_strength" value="5" />
		</include>
		<include content="BlurRadioButton">
			<param name="blur_strength" value="6" />
		</include>
		<include content="BlurRadioButton">
			<param name="blur_strength" value="7" />
		</include>
		<include content="BlurRadioButton">
			<param name="blur_strength" value="8" />
		</include>
		<include content="BlurRadioButton">
			<param name="blur_strength" value="9" />
		</include>
		<include content="BlurRadioButton">
			<param name="blur_strength" value="10" />
		</include>
	</include>
	
		
	<!-- Skinsettings-  -->
	<include name="Settings_InfoBottom">
		<control type="textbox">
			<bottom>20</bottom>
			<centerleft>50%</centerleft>
			<width>64%</width>
			<height>110</height>
			<label>$INFO[$PARAM[label]]</label>
			<align>center</align>
			<aligny>top</aligny>
			<textcolor>$VAR[color_global_button_text_nf]</textcolor>
			<font>notosans_25_regular_l</font>
		</control>
	</include>
	
	
	
	<!-- DANGER hardcoded colors -->
	<include name="Event_log_Item">
		<control type="image">
			<left>50</left>
			<bordertexture colordiffuse="$PARAM[colordiffuse]">artworkdiffuse/banner.png</bordertexture>
			<texture background="true" diffuse="artworkdiffuse/banner.png">artworkdiffuse/banner.png</texture>
			<colordiffuse>$PARAM[colordiffuse]</colordiffuse>
			<visible>$PARAM[BG_visible]</visible>
			<bordersize>3</bordersize>
		</control>
		<control type="image">
			<visible>true</visible>
			<width>90</width>
			<height>90</height>
			<texture background="true" diffuse="artworkdiffuse/circle.png" fallback="DefaultAddon.png">$INFO[Listitem.Icon]</texture>
			<bordertexture colordiffuse="white">artworkdiffuse/circle.png</bordertexture>
			<bordersize>2</bordersize>
		</control>
		<control type="textbox">
			<autoscroll delay="2000" time="1500" repeat="1500">$PARAM[infotags_autoscroll]</autoscroll>
			<wrapmultiline>true</wrapmultiline>
			<font>roboto_22_condensedregular</font>
			<width>600</width>
			<left>105</left>
			<align>left</align>
			<aligny>center</aligny>
			<textcolor>$VAR[color_global_button_text_fo]</textcolor>
			<selectedcolor>white</selectedcolor>
			<label>[B]$INFO[ListItem.Label][/B][CR][COLOR=$VAR[color_global_button_text_nf]]$INFO[ListItem.Label2][/COLOR]</label>
			<label2>test</label2>
		</control>
		<control type="textbox">
			<autoscroll delay="2000" time="1500" repeat="1500">$PARAM[infotags_autoscroll]</autoscroll>
			<wrapmultiline>true</wrapmultiline>
			<font>roboto_22_condensedregular</font>
			<width>600</width>
			<right>10</right>
			<align>right</align>
			<aligny>center</aligny>
			<textcolor>$VAR[color_global_button_selected]</textcolor>
			<selectedcolor>white</selectedcolor>
			<label>$INFO[ListItem.Property(Event.Description)]</label>
		</control>
	</include>
	<!-- <include name="Settings_Header">
		<control type="label">
			<bottom>20</bottom>
			<left>100</left>
			<right>100</right>
			<height>115</height>
			<label>[UPPERCASE]$INFO[$PARAM[label]][UPPERCASE]</label>
			<align>center</align>
			<aligny>top</aligny>
			<textcolor>$VAR[color_global_button_text_nf]</textcolor>
			<font>notosans_25_regular_l</font>
		</control>
	</include> -->
	
	<!-- Skinsettings - ButtonList -->
	<include name="ButtonList">
		<param name="id" />
		<param name="top" default="160" />
		<param name="bottom" default="140" />
		<param name="left" default="0" />
		<param name="right" default="0" />
		<param name="itemgap" default="3" />
		<param name="onleft" default="200" />
		<definition>
			<control type="grouplist" id="$PARAM[id]">
			<nested />
				<top>$PARAM[top]</top>
				<left>$PARAM[left]</left>
				<right>$PARAM[right]</right>
				<bottom>$PARAM[bottom]</bottom>
				<itemgap>$PARAM[itemgap]</itemgap>
				<pagecontrol>60</pagecontrol>
				<onleft>$PARAM[onleft]</onleft>
				<onright>60</onright>
				<onup>$PARAM[id]</onup>
				<ondown>$PARAM[id]</ondown>
			</control>
		</definition>
	</include>

	<include name="SkinSettings_ColorButton">
		<param name="visible" default="true" />
		<definition>
			<control type="button" id="$PARAM[id]">
				<width>100%</width>
				<align>left</align>
				<height>50</height>
				<font>notosans_27_regular_l</font>
				<textoffsetx>40</textoffsetx>
				<textwidth>950</textwidth>
				<label>$PARAM[label]</label>
				<label2>[COLOR=$VAR[$PARAM[skinsetting]]]██[/COLOR]</label2>
				<onclick>RunScript(script.skin.helper.colorpicker,action=COLORPICKER,skinstring=$PARAM[skinsetting],header=$PARAM[label],palette=$INFO[Skin.String(defaultcolorpalette)])</onclick>
				<onclick>SetProperty(ColorString,$PARAM[skinsetting],home)</onclick>
				<visible>$PARAM[visible]</visible>
				<visible>System.HasAddon(script.skin.helper.colorpicker)</visible>
			</control>
		</definition>
	</include>
	
	
	<!-- button chaos cleanup -->
	<!-- need cleanup : button def includes , there are to many -->
	
	<include name="BlurRadioButton">
		<control type="radiobutton" id="1103$PARAM[blur_strength]">
			<onclick>Skin.SetString(BlurRadius,$PARAM[blur_strength])</onclick>
			<onclick>RunScript(script.embuary.helper,action=restartservice)</onclick>
			<onclick>Action(close)</onclick>
			<selected>String.IsEqual(Skin.String(BlurRadius,$PARAM[blur_strength]))</selected>
			<label>$NUMBER[$PARAM[blur_strength]]</label>
			<height>150</height>
			<textoffsetx>250</textoffsetx>
			<radiowidth>238</radiowidth>
			<radioheight>130</radioheight>
			<textureradioonfocus>special://skin/extras/blur/strenght$PARAM[blur_strength].jpg</textureradioonfocus>
			<textureradioonnofocus>special://skin/extras/blur/strenght$PARAM[blur_strength].jpg</textureradioonnofocus>
			<textureradioofffocus>special://skin/extras/blur/strenght$PARAM[blur_strength].jpg</textureradioofffocus>
			<textureradiooffnofocus>special://skin/extras/blur/strenght$PARAM[blur_strength].jpg</textureradiooffnofocus>
		
		</control>
	</include>
	<include name="KeyboardButton">
		<param name="width" default="60" />
		<param name="aligny" default="center" />
		<definition>
			<width>$PARAM[width]</width>
			<height>60</height>
			<textoffsetx>0</textoffsetx>
			<texturefocus colordiffuse="$VAR[color_global_button_text_fo]">colors/white.png</texturefocus>
			<texturenofocus border="2" colordiffuse="$VAR[color_global_button_panel_nf]">frames/frame.png</texturenofocus>
			<focusedcolor>$VAR[color_global_dialog_background]</focusedcolor>
			<textcolor>$VAR[color_global_button_text_nf]</textcolor>
			<align>center</align>
			<aligny>$PARAM[aligny]</aligny>
			<font>notosans_25_bold</font>
			<onclick condition="string.isequal(Window(skinsettings).Property(force_num_singledigit),timeout_close_videoosd)">SendClick(21)</onclick>
			<onclick condition="string.isequal(Window(skinsettings).Property(force_num_singledigit),timeout_close_videoosd)">ClearProperty(force_num_singledigit,skinsettings)</onclick>
		</definition>
	</include>
	
	<include name="Dialog_RadioButton">
		<param name="onfo" default="$VAR[color_global_button_text_fo]" />
		<param name="onnf" default="$VAR[color_global_button_text_nf]" />
		<definition>
			<width>60</width>
			<height>60</height>
			<textoffsetx />
			<textoffsetx />
			<texturefocus />
			<texturenofocus />
			<focusedcolor />
			<textcolor />
			<align>center</align>
			<aligny>center</aligny>
			<font />
			<textureradioonfocus colordiffuse="$PARAM[onfo]">buttons/$PARAM[symbol].png</textureradioonfocus>
			<textureradioonnofocus colordiffuse="$PARAM[onnf]">buttons/$PARAM[symbol].png</textureradioonnofocus>
			<textureradioofffocus colordiffuse="$VAR[color_global_button_text_fo]">buttons/$PARAM[symbol].png</textureradioofffocus>
			<textureradiooffnofocus colordiffuse="$VAR[color_global_button_text_nf]">buttons/$PARAM[symbol].png</textureradiooffnofocus>
			<radioposx>0</radioposx>
			<radiowidth>40</radiowidth>
			<radioheight>40</radioheight>
		</definition>
	</include>
	
	<include name="PreferArt_Button">
		<control type="radiobutton" id="$PARAM[button_id]">
			<include>Menucontrol_RadioButton</include>
			<label>Prefer : $PARAM[artwork_localized_id]</label>
			<visible>$PARAM[visible]</visible>
			<visible>Container(930).HasFocus(9302)</visible>
			<onclick condition="Control.IsVisible(50)">Skin.ToggleSetting(View_50_Prefer_$PARAM[artwork])</onclick>
			<onclick condition="Control.IsVisible(56)">Skin.ToggleSetting(View_56_Prefer_$PARAM[artwork])</onclick>
			<selected>[Control.IsVisible(50) + Skin.HasSetting(View_50_Prefer_$PARAM[artwork]) | Control.IsVisible(56) + Skin.HasSetting(View_56_Prefer_$PARAM[artwork])]
			</selected>
			<nested />
		</control>
	</include>
	
	<include name="Menucontrol_Button">
		<param name="section" default="lib" />
		<definition>
			<animation effect="fade" start="0" end="100" time="150" tween="quadratic" easing="in">Visible</animation>
			<font>notosans_23_regular_l</font>
			<height>40</height>
			<onfocus condition="!String.IsEqual(Window(Home).Property(menucontrol_active),common)">SetProperty(menucontrol_active,common,Home)</onfocus>
			<texturefocus colordiffuse="$VAR[color_$PARAM[section]_menu_itempanel_fo]">colors/white.png</texturefocus>
			<texturenofocus colordiffuse="$VAR[color_$PARAM[section]_menu_itempanel_nf]">colors/white.png</texturenofocus>
			<focusedcolor>$VAR[color_$PARAM[section]_menu_item_fo]</focusedcolor>
			<textcolor>$VAR[color_$PARAM[section]_menu_item_nf]</textcolor>
		</definition>
	</include>
	<!-- Menucontrol_RadioButton - SkinSettings_SettingsRadioButton-->
	<include name="Menucontrol_RadioButton">
		<param name="section" default="lib" />
		<param name="radio_on_texture" default="buttons/radioonfo.png" />
		<param name="radio_off_texture" default="buttons/radioofffo.png" />
		<definition>
			<animation effect="fade" start="0" end="100" time="150" tween="quadratic" easing="in">Visible</animation>
			<font>notosans_23_regular_l</font>
			<height>40</height>
			<radiowidth>30</radiowidth>
			<radioheight>25</radioheight>
			<onfocus condition="!String.IsEqual(Window(Home).Property(menucontrol_active),common)">SetProperty(menucontrol_active,common,Home)</onfocus>
			<texturefocus colordiffuse="$VAR[color_$PARAM[section]_menu_itempanel_fo]">colors/white.png</texturefocus>
			<texturenofocus colordiffuse="$VAR[color_$PARAM[section]_menu_itempanel_nf]">colors/white.png</texturenofocus>
			<focusedcolor>$VAR[color_$PARAM[section]_menu_item_fo]</focusedcolor>
			<textcolor>$VAR[color_$PARAM[section]_menu_item_nf]</textcolor>
			<textureradioonfocus colordiffuse="$VAR[color_$PARAM[section]_menu_item_fo]">$PARAM[radio_on_texture]</textureradioonfocus>
			<textureradioonnofocus colordiffuse="$VAR[color_$PARAM[section]_menu_item_fo]">$PARAM[radio_on_texture]</textureradioonnofocus>
			<textureradioofffocus colordiffuse="$VAR[color_$PARAM[section]_menu_item_fo]">$PARAM[radio_off_texture]</textureradioofffocus>
			<textureradiooffnofocus colordiffuse="$VAR[color_$PARAM[section]_menu_item_nf]">$PARAM[radio_off_texture]</textureradiooffnofocus>
			<textureradioondisabled colordiffuse="disabled">$PARAM[radio_on_texture]</textureradioondisabled>
			<textureradiooffdisabled colordiffuse="disabled">$PARAM[radio_off_texture]</textureradiooffdisabled>
		</definition>
	</include>
	
	<include name="icon_button">
		<param name="color_fo" default="$VAR[color_profilelogin_text_main]" />
		<param name="color_nf" default="$VAR[color_profilelogin_text_secondary]" />
		<definition>
		<focusedcolor />
		<textcolor />
		<disabledcolor />
		<label />
		<width>$PARAM[diameter]</width>
		<height>$PARAM[diameter]</height>
		<texturefocus colordiffuse="$PARAM[color_fo]">$PARAM[texture]</texturefocus>
		<texturenofocus colordiffuse="$PARAM[color_nf]">$PARAM[texture]</texturenofocus>
		</definition>
	</include>
	
	<include name="DefaultDialogButton">
		<param name="width" default="300" />
		<param name="height" default="100" />
		<param name="wrapmultiline" default="false" />
		<param name="font" default="notosans_25_bold" />
		<param name="visible" default="true" />
		<definition>
			<control type="button" id="$PARAM[id]">
				<width>$PARAM[width]</width>
				<height>$PARAM[height]</height>
				<label>$PARAM[label]</label>
				<font>$PARAM[font]</font>
				<textoffsetx>30</textoffsetx>
				<wrapmultiline>$PARAM[wrapmultiline]</wrapmultiline>
				<align>center</align>
				<visible>$PARAM[visible]</visible>
			</control>
		</definition>
	</include>
	
	<include name="SkinSettings_SettingsRadioButton">
		<radiowidth>47</radiowidth>
		<radioheight>25</radioheight>
		<textureradioonfocus colordiffuse="$VAR[color_global_button_text_fo]">icons/settings.png</textureradioonfocus>
		<textureradioonnofocus colordiffuse="$VAR[color_global_button_text_nf]">icons/settings.png</textureradioonnofocus>
		<textureradioofffocus colordiffuse="$VAR[color_global_button_text_fo]">icons/settings.png</textureradioofffocus>
		<textureradiooffnofocus colordiffuse="$VAR[color_global_button_text_nf]">icons/settings.png</textureradiooffnofocus>
		<textureradioondisabled colordiffuse="disabled">icons/settings.png</textureradioondisabled>
		<textureradiooffdisabled colordiffuse="disabled">icons/settings.png</textureradiooffdisabled>
		<label>$PARAM[label]</label>
		<label2>$PARAM[label2]   </label2>
	</include>
	
	<include name="1104_button">
		<param name="height" default="75" />
		<param name="icon_height" default="50" />
		<param name="label" default="" />
		<param name="label2" default="" />
		<definition>
			<height>$PARAM[height]</height>
			<radioheight>$PARAM[icon_height]</radioheight>
			<textoffsetx>50</textoffsetx>
			<textureradioonfocus colordiffuse="$VAR[color_global_button_text_fo]">$PARAM[icon]</textureradioonfocus>
			<textureradioonnofocus colordiffuse="$VAR[color_global_button_text_nf]">$PARAM[icon]</textureradioonnofocus>
			<textureradioofffocus colordiffuse="$VAR[color_global_button_text_fo]">$PARAM[icon]</textureradioofffocus>
			<textureradiooffnofocus colordiffuse="$VAR[color_global_button_text_nf]">$PARAM[icon]</textureradiooffnofocus>
			<textureradioondisabled colordiffuse="disabled">$PARAM[icon]</textureradioondisabled>
			<textureradiooffdisabled colordiffuse="disabled">$PARAM[icon]</textureradiooffdisabled>
			<font>notosans_45_regular_l</font>
			<label>$PARAM[label]</label>
			<label2>$PARAM[label2]</label2>
		</definition>
	</include>
	<!-- - overthink, cant use var in radiobutton
	<include name="SkinSettings_ImagePreviewRadioButton">
		<control type="group" id="$PARAM[id]01">
			<height>100</height>
			<control type="button" id="$PARAM[id]">
				<label>$PARAM[label]</label>
				<label2>$PARAM[label2]   </label2>
				<nested />
				<onup>300</onup>
			</control>
			<control type="image" id="$PARAM[id]02">
				<right>10</right>
				<height>100</height>
				<width>160</width>
				<bordersize>10</bordersize>
				<texture>$PARAM[texture]</texture>
				<aspectratio>keep</aspectratio>
			</control>
		</control>
	</include> -->
	
	

	<!-- Skin settings headline -->
	<include name="SectionHeadline">
		<param name="height" default="100" />
		<param name="width" default="100%" />
		<param name="align" default="center" />
		<param name="aligny" default="center" />
		<param name="visible" default="true" />
		<definition>
		
		<control type="group" id="$PARAM[id]">
			<height>$PARAM[height]</height>
			<control type="label">
				<visible>$PARAM[visible]</visible>
				<height>$PARAM[height]</height>
				<width>$PARAM[width]</width>
				<align>$PARAM[align]</align>
				<aligny>$PARAM[aligny]</aligny>
				<label>$PARAM[label]</label>
				<textcolor>$VAR[color_global_button_text_fo]</textcolor>
			</control>
		</control>
		</definition>
	</include>

	<include name="Simple_container_IconLabel">
		<param name="type" default="panel" />
		<param name="height" default="40%" />
		<param name="width" default="49%" />
		<param name="centerleft" default="50%" />
		<param name="getlabel2" default="false" />
		<param name="pagecontrol" default="60" />
		<definition>
			<control type="$PARAM[type]" id="$PARAM[id]">
				
				<bottom>4%</bottom>
				<height>$PARAM[height]</height>
				<width>$PARAM[width]</width>
				<centerleft>$PARAM[centerleft]</centerleft>
				<pagecontrol>$PARAM[pagecontrol]</pagecontrol>
				<onup>$PARAM[onup]</onup>
				<ondown>$PARAM[id]</ondown>
				<nested />
				
				<itemlayout height="60">
					<control type="label">
						<visible>Window.IsTopMost(mediasource)</visible>
						<font>notosans_22_regular</font>
						<left>10</left>
						<right>10</right>
						<textcolor>$VAR[color_global_button_text_nf]</textcolor>
						<label>$INFO[ListItem.Label]</label>
					</control>
					<control type="group">
						<visible>!Window.IsTopMost(mediasource)</visible>
						<control type="image">
							<bordersize>5</bordersize>
							<width>70</width>
							<texture>$INFO[ListItem.Icon]</texture>
							<aspectratio aligny="center" align="center">keep</aspectratio>
						</control>
						<control type="label">
							<visible>!$PARAM[getlabel2]</visible>
							<font>notosans_22_regular</font>
							<textoffsetx>80</textoffsetx>
							<right>20</right>
							<height>60</height>
							<aligny>center</aligny>
							<textcolor>$VAR[color_global_button_text_nf]</textcolor>
							<selectedcolor>green</selectedcolor>
							<label>$INFO[ListItem.Label]</label>
						</control>
						<control type="label">
							<visible>$PARAM[getlabel2]</visible>
							<font>notosans_16_bold</font>
							<textoffsetx>10</textoffsetx>
							<right>20</right>
							<height>60</height>
							<aligny>center</aligny>
							<textcolor>$VAR[color_global_button_text_nf]</textcolor>
							<selectedcolor>green</selectedcolor>
							<label>[B]$INFO[ListItem.Label][/B]  •  $INFO[ListItem.Label2]</label>
						</control>
					</control>
				</itemlayout>
				<focusedlayout height="60">
					<control type="image">
						<height>60</height>
						<visible>Control.HasFocus($PARAM[id])</visible>
						<texture colordiffuse="$VAR[color_global_button_panel_fo]">colors/white.png</texture>
					</control>
					<control type="label">
						<visible>Window.IsTopMost(mediasource)</visible>
						<font>notosans_20_bold</font>
						<left>10</left>
						<right>10</right>
						<textcolor>$VAR[color_global_button_text_fo]</textcolor>
						<label>$INFO[ListItem.Label]</label>
					</control>
					<control type="group">
						<visible>!Window.IsTopMost(mediasource)</visible>
						<control type="image">
							<width>70</width>
							<bordersize>5</bordersize>
							<texture>$INFO[ListItem.Icon]</texture>
							<aspectratio aligny="center" align="center">keep</aspectratio>
						</control>
						<control type="label">
							<visible>!$PARAM[getlabel2]</visible>
							<font>notosans_20_bold</font>
							<textoffsetx>80</textoffsetx>
							<right>20</right>
							<height>60</height>
							<aligny>center</aligny>
							<textcolor>$VAR[color_global_button_text_fo]</textcolor>
							<selectedcolor>green</selectedcolor>
							<label>$INFO[ListItem.Label]</label>
						</control>
						<control type="label">
							<visible>$PARAM[getlabel2]</visible>
							<font>notosans_16_bold</font>
							<textoffsetx>10</textoffsetx>
							<right>10</right>
							<height>60</height>
							<aligny>center</aligny>
							<textcolor>$VAR[color_global_button_text_fo]</textcolor>
							<selectedcolor>green</selectedcolor>
							<label>[B]$INFO[ListItem.Label][/B]  •  [COLOR $VAR[color_global_button_text_nf]]$INFO[ListItem.Label2][/COLOR]</label>
						</control>
					</control>
				</focusedlayout>
				
			</control>
		</definition>
	</include>
		
	<!-- DIALOGS -->
	<include name="Dialog_Fullscreen_BGPanel">
		<control type="image">
			<bordersize>2</bordersize>
			<bordertexture colordiffuse="$VAR[color_global_dialog_accent]" border="6">frames/frame320x380.png</bordertexture>
			<texture colordiffuse="$VAR[color_global_dialog_background]">colors/white.png</texture>
			<aspectratio>stretch</aspectratio>
		</control>
	</include>
	
	<include name="Dialog_Percent_BGPanel">
		<param name="height" default="50%" />
		<param name="bg_top_visible" default="false" />
		<definition>
		<control type="group">
			<visible>$PARAM[bg_top_visible]</visible>
			<control type="image">
				<description>bg top</description>
				<visible>String.StartsWith(Skin.String(color_global_dialog_background),f) | String.IsEmpty(Skin.String(color_global_dialog_background))</visible>
				<animation effect="fade" start="100" end="30" time="450" condition="!Integer.IsGreater(Container(9010).NumItems,0)">Conditional</animation>
				<bordertexture colordiffuse="$VAR[color_global_dialog_accent]">colors/white80.png</bordertexture>
				<bordersize>0,0,0,1</bordersize>
				<top>0</top>
				<height>40%</height>
				<aspectratio>stretch</aspectratio>
				<texture colordiffuse="$VAR[color_global_dialog_background]">colors/white.png</texture>
			</control>
			<control type="image">
				<description>unsure if use optional or delete temp keep - needed if Skin.String(color_global_dialog_background) not startwith f</description>
				<visible>!String.StartsWith(Skin.String(color_global_dialog_background),f)</visible>
				<animation effect="fade" start="100" end="30" time="450" condition="!Integer.IsGreater(Container(9010).NumItems,0)">Conditional</animation>
				<bordertexture colordiffuse="$VAR[color_global_dialog_accent]" border="2">frames/borderbottom.png</bordertexture>
				<bordersize>0,0,0,1</bordersize>
				<top>0</top>
				<height>40%</height>
				<aspectratio>stretch</aspectratio>
				<texture colordiffuse="$VAR[color_global_dialog_background]">colors/white.png</texture>
			</control>
		</control>
		<control type="image">
			<description>bg heading</description>
			<bottom>$PARAM[height]</bottom>
			<bordersize>0,0,0,1</bordersize>
			<bordertexture colordiffuse="$VAR[color_global_dialog_accent]">frames/borderbottom.png</bordertexture>
			<height>10%</height>
			<aspectratio>stretch</aspectratio>
			<texture colordiffuse="$VAR[color_global_dialog_background]">colors/white.png</texture>
		</control>
		<control type="image">
			<description>bg bottom</description>
			<bottom>0</bottom>
			<height>$PARAM[height]</height>
			<aspectratio>stretch</aspectratio>
			<texture colordiffuse="$VAR[color_global_dialog_background]">colors/white.png</texture>
		</control>
		</definition>
	</include>
	
	
	<include name="Dialog_Percent_ListBGPanel">
		<control type="image">
			<description>list bg</description>
			<centerleft>50%</centerleft>
			<width>$PARAM[width]</width>
			<bottom>0</bottom>
			<height>$PARAM[height]</height>
			<texture colordiffuse="$VAR[color_global_button_panel_nf]">colors/white50.png</texture>
		</control>
	</include>
	
	<!-- filebrowser, mediasource, -->
	<include name="Dialog_Percent_Buttongrouplist">
		<param name="id" default="9000" />
		<definition>
		<control type="image">
			<description>button bg</description>
			<bottom>0</bottom>
			<height>$PARAM[bgpanel_height]</height>
			<right>$PARAM[pos_right]</right>
			<width>110</width>
			<texture colordiffuse="$VAR[color_global_button_panel_nf]">colors/white50.png</texture>
		</control>
		<control type="grouplist" id="$PARAM[id]">
			<description>check use of include for 9000 grouplist shares - filebrowser,mediasource,dialogkeyboard...</description>
			<bottom>1%</bottom>
			<height>$PARAM[grouplist_height]</height>
			<right>$PARAM[pos_right]</right>
			<width>90</width>
			<orientation>vertical</orientation>
			<itemgap>10</itemgap>
			
			<nested />
			
		</control>
		</definition>
	</include>
	
</includes>
