<?xml version="1.0" encoding="utf-8"?>
<window>
	<include content="media_window_attributes">
		<param name="view_ids" value="50,51,52,53,54,56,502,503,504,510,511,512,513,520" />
	</include>
	<controls>
		<include content="mediawindow_layout">
			<param name="window" value="games" />
		</include>
		<include condition="Skin.HasSetting(SwanDebug)" content="swan_debug_overlay">
			<param name="nested_debuginfo" value="$VAR[stored_listitemprops][CR][CR]$VAR[emb_helper][CR][CR]$VAR[tmdb_helper][CR][CR]"/>
		</include>
	</controls>
</window>
