<?xml version="1.0" encoding="UTF-8"?>
<window>
<!-- 	1.53 Settingsframes.xml
ID 	Type 			Description
2 	label 			Coordinates label
3 	label 			Help information
8 	mover 			Top left mover
9 	mover 			Right bottom mover
10 	mover 			Subtitle position mover
11 	resize 			Pixel aspect ratio box
20 	videowindow 	currently playing video  
-->
	
	<defaultcontrol>8</defaultcontrol>
	<include>Animation_OpenClose_Zoom</include>
    <controls>
		<include>Dialog_Fullscreen_BGPanel</include>
		<control type="videowindow" id="20" />
		<control type="image">
			<visible>Control.IsVisible(20)</visible>
			<texture colordiffuse="$VAR[color_global_dialog_background]">colors/white80.png</texture>
		</control>
		<control type="mover" id="8">
			<description>top left mover</description>
			<left>0</left>
			<top>0</top>
			<width>100</width>
			<height>100</height>
			<texturefocus flipx="true" flipy="true" colordiffuse="$VAR[color_global_dialog_accent]">frames/borderrb.png</texturefocus>
			<texturenofocus flipx="true" flipy="true" colordiffuse="$VAR[color_global_button_panel_nf]">frames/borderrb.png</texturenofocus>
		</control>
		<control type="mover" id="9">
			<description>right bottom mover</description>
			<bottom>0</bottom>
			<right>0</right>
			<width>100</width>
			<height>100</height>
			<texturefocus colordiffuse="$VAR[color_global_dialog_accent]">frames/borderrb.png</texturefocus>
			<texturenofocus colordiffuse="$VAR[color_global_button_panel_nf]">frames/borderrb.png</texturenofocus>
		</control>
		<control type="mover" id="10">
			<description>subtitle position mover</description>
			<centerleft>50%</centerleft>
			<top>500</top>
			<width>384</width>
			<height>128</height>
			<texturefocus colordiffuse="$VAR[color_global_dialog_accent]">frames/cal_sub.png</texturefocus>
			<texturenofocus colordiffuse="$VAR[color_global_button_panel_nf]">frames/cal_sub.png</texturenofocus>
		</control>
		<control type="resize" id="11">
			<description>pixel aspect ratio</description>
			<centerleft>50%</centerleft>
			<centertop>50%</centertop>
			<width>500</width>
			<height>500</height>
			<texturefocus colordiffuse="$VAR[color_global_dialog_accent]">icons/calibsquares.png</texturefocus>
			<texturenofocus colordiffuse="$VAR[color_global_button_panel_nf]">icons/calibsquares.png</texturenofocus>
		</control>
		<control type="label" id="2">
			<description>coordinates label</description>
			<top>100</top>
			<height>50</height>
			<align>center</align>
			<textcolor>$VAR[color_global_button_panel_fo]</textcolor>
			<font>notosans_38_bold_lowlined</font>
		</control>
		<control type="label" id="3">
			<description>help information</description>
			<top>150</top>
			<height>50</height>
			<align>center</align>
			<textcolor>$VAR[color_global_button_panel_nf]</textcolor>
			<font>liberationsans_26_regular_b</font>
		</control>
	</controls>
</window>