<?xml version="1.0" encoding="utf-8"?>
<window type="window" id="1110">
	<backgroundcolor>$VAR[color_hub_backgroundlayer1]</backgroundcolor>
	<menucontrol>9000</menucontrol>
	<defaultcontrol always="true">9000</defaultcontrol>
	
	<animation type="WindowOpen">
		<effect type="fade" start="0" end="100" time="300" tween="sine" easing="in" />
		<effect type="zoom" center="50%,50%" start="0" end="100" time="300" tween="cubic" easing="out" />
	</animation>
	<animation type="WindowClose">
		<effect type="fade" start="100" end="0" time="300" tween="sine" easing="out" />
		<effect type="zoom" center="50%,50%" start="100" end="0" time="300" tween="cubic" easing="out" />
	</animation>
	<onload condition="!Skin.HasSetting(MusicHUB_StartUprecommendation) + String.IsEmpty(Window(home).Property(HUB_Music))">SetProperty(HUB_Music,common,home)</onload>
	<onload condition="Skin.HasSetting(MusicHUB_StartUprecommendation) + String.IsEmpty(Window(home).Property(HUB_Music))">SetProperty(HUB_Music,recommendation,home)</onload>
	
	
	<onload condition="!String.IsEqual(Window(home).Property(HUB_Music),SongsByAlbum) + !String.IsEmpty(Window(home).Property(HUB_containerpath_albums))">ClearProperty(HUB_containerpath_albums,home)</onload>
	<onload condition="!String.IsEqual(Window(home).Property(HUB_Music),SongsByAlbum) + !String.IsEmpty(Window(home).Property(HUB_containerpath_songs))">ClearProperty(HUB_containerpath_songs,home)</onload>
		<onload condition="String.IsEqual(Window(home).Property(HUB_Music),SongsByAlbum) + !String.IsEmpty(Window(home).Property(HUB_containerpath_albums))">AlarmClock(delayedfocus,SetFocus(5120),00:00,silent)</onload>
		<onload condition="String.IsEqual(Window(home).Property(HUB_Music),SongsByAlbum) + !String.IsEmpty(Window(home).Property(HUB_containerpath_songs))">AlarmClock(delayedfocus,SetFocus(5121),00:00,silent)</onload>
	<controls>
	
	<control type="group">
		<description>H U B    H E A D E R    B A R</description>	
		<height>100</height>
        <width>100%</width>
		
		<control type="image">
			<texture colordiffuse="$VAR[color_hub_menu_panel_gradienttop]">colors/white.png</texture>
		</control>
		
		<control type="grouplist" id="8000">
			<top>10</top>
			<left>300</left>
			<!-- <align>right</align> -->
			<width>83%</width>
			<height>90</height>
			<orientation>horizontal</orientation>
			<usecontrolcoords>false</usecontrolcoords>
			<itemgap>20</itemgap>
			<onleft>9000</onleft>
			<onright>8000</onright>
			<onup>6666</onup>
			<ondown>6666</ondown>
		
			<control type="edit" id="8001">
				<description>filter search</description>
				<!-- <visible>!String.IsEqual(Window(home).Property(HUB_Music),SongsByAlbum) | </visible> -->
				<top>7</top>
				<height>60</height>
				<width>400</width>
				<hinttext>$LOCALIZE[19140]</hinttext>
				<texturefocus diffuse="buttons/button_6to1_Trans.png" colordiffuse="$VAR[color_hub_menu_text_fo]">colors/white20.png</texturefocus>	
				<texturenofocus diffuse="buttons/button_6to1_Trans.png" colordiffuse="$VAR[color_hub_menu_text_fo]">colors/white10.png</texturenofocus>
				<font>notosans_24_regular</font>
				<textoffsetx>20</textoffsetx>
				<textoffsety>15</textoffsety>
				<textcolor>$VAR[color_hub_menu_text_nf]</textcolor>
				<focusedcolor>$VAR[color_hub_menu_text_fo]</focusedcolor>
				<disabledcolor />
				<invalidcolor />
				<label />
			</control>
			<include content="spacer_w">
				<param name="id" value="8002"/>
				<param name="gap" value="60"/>
				<param name="visible" value="Player.HasAudio + Control.IsVisible(8001)"/>
			</include>
			<control type="image" id="8003">
				<visible>Player.HasAudio</visible>
				<top>0</top>
				<height>85</height>
				<width>90</width>
				<bordersize>1</bordersize>
				<bordertexture>colors/white.png</bordertexture>
				<texture fallback="defaultmusicalbums.png">$INFO[Player.Art(thumb)]</texture>
				<aspectratio align="center" aligny="top">keep</aspectratio>
			</control>
			<control type="group" id="8004">
				<visible>Player.HasAudio</visible>
				<height>100%</height>
				<width>480</width>
				<control type="label">
					<top>5</top>
					<height>10</height>
					<label>Currently Playing</label>
					<label2>test</label2>
					<font>notosans_16_bold</font>
					<textcolor>$VAR[color_hub_menu_text_nf]</textcolor>
				</control>
				<control type="label">
					<align>right</align>
					<top>5</top>
					<height>10</height>
					<label>$INFO[Player.Time(mm:ss)]$INFO[Player.Duration(mm:ss), / ,]</label>
					<font>notosans_18_bold</font>
					<textcolor>$VAR[color_hub_menu_text_nf]</textcolor>
				</control>
				<control type="progress">
					<top>22</top>
					<height>1</height>
					<info>Player.Progress</info>
					<texturebg colordiffuse="$VAR[color_hub_menu_text_nf]">colors/white50.png</texturebg>
					<midtexture colordiffuse="$VAR[color_hub_accent]">colors/white.png</midtexture>
					<lefttexture />
					<righttexture />
					<overlaytexture />
				</control>
				<control type="label">
					<top>10</top>
					<font>notosans_22_regular_lowlined</font>
					<height>60</height>
					<label>$INFO[MusicPlayer.Artist,[B],[/B]]</label>
					<textcolor>$VAR[color_hub_accent]</textcolor>
				</control>
				<control type="label">
					<top>60</top>
					<height>20</height>
					<label>[COLOR $VAR[color_hub_accent]]$INFO[MusicPlayer.Tracknumber][/COLOR]$INFO[MusicPlayer.Title,  [B],[/B]]</label>
					<font>notosans_18_bold</font>
				</control>
				<control type="label">
					<top>60</top>
					<right>0</right>
					<align>right</align>
					<height>20</height>
					<textcolor>$VAR[color_hub_accent]</textcolor>
					<label>$INFO[MusicPlayer.Album]$INFO[MusicPlayer.Year, (,)]</label>
					<font>notosans_18_bold</font>
				</control>
			</control>
			<include content="spacer_w">
				<param name="id" value="8005"/>
				<param name="gap" value="30"/>
				<param name="visible" value="Player.HasAudio"/>
			</include>
			<control type="button" id="8007">
				<visible>MusicPlayer.HasPrevious</visible>
				<include content="Hub_PlayerCtrl">
					<param name="action" value="PlayerControl(Previous)"/>
					<param name="button_img" value="previous_fo"/>
				</include>
			</control>
			<control type="togglebutton" id="8008">
				<visible>Player.HasAudio</visible>
				<alttexturefocus colordiffuse="$VAR[color_hub_accent]">buttons/osd/pause_fo.png</alttexturefocus>
				<alttexturenofocus colordiffuse="$VAR[color_hub_menu_text_nf]">buttons/osd/pause_fo.png</alttexturenofocus>
				<usealttexture>!Player.Paused</usealttexture>
				<include content="Hub_PlayerCtrl">
					<param name="action" value="PlayerControl(play)"/>
					<param name="button_img" value="play_fo"/>
				</include>
			</control>
			<control type="button" id="8009">
				<visible>MusicPlayer.Playing</visible>
				<include content="Hub_PlayerCtrl">
					<param name="action" value="PlayerControl(stop)"/>
					<param name="button_img" value="stop_fo"/>
				</include>
			</control>
			<control type="button" id="8010">
				<visible>MusicPlayer.HasNext</visible>
				<include content="Hub_PlayerCtrl">
					<param name="action" value="PlayerControl(Next)"/>
					<param name="button_img" value="next_fo"/>
				</include>
			</control>
			<include content="spacer_w">
				<param name="id" value="8011"/>
				<param name="gap" value="80"/>
				<param name="visible" value="Player.HasAudio"/>
			</include>
			<control type="button" id="8006">
				<visible>MusicPlayer.Offset(-1).Exists | MusicPlayer.Offset(1).Exists</visible>
				<include content="Hub_PlayerCtrl">
					<param name="action" value="SetProperty(CurrentPlaylistVisible,mediawindow,home)"/>
					<param name="button_img" value="playlist_fo"/>
				</include>
				<onclick>activatewindow(1140)</onclick>
			</control>
			<control type="button" id="8012">
				<visible>Player.HasMedia</visible>
				<include content="Hub_PlayerCtrl">
					<param name="action" value="fullscreen"/>
					<param name="button_img" value="fullscreen"/>
				</include>
			</control>
			<control type="button" id="8013">
				<include content="Hub_PlayerCtrl">
					<param name="action" value="PlayerControl(Partymode(music))"/>
					<param name="button_img" value="hub_partymode_fo"/>
				</include>
			</control>
		</control>	
	</control>
		
	<control type="group">
		<description>H U B   B A C K G R O U N D</description>
		<animation effect="slide" start="0,0" end="-310,0" time="300" tween="cubic" easing="in" condition="String.IsEqual(Window(home).Property(CurrentPlaylistVisible),mediawindow)">conditional</animation>
		<right>0</right>
		<top>100</top>
		<width>84%</width>
		<control type="image">
			<visible>String.IsEqual(Window(home).Property(HUB_Music),SongsByAlbum)</visible>
			<fadetime>350</fadetime>
			<bordertexture diffuse="diffuse/gradientlandscapetop100.png" colordiffuse="$VAR[color_hub_backgroundlayer1]">colors/white.png</bordertexture>
			<texture background="true" diffuse="diffuse/gradientlandscapetop50.png">$INFO[Window(home).Property(HUB_artwork)]</texture>
			<aspectratio scalediffuse="true" align="right" aligny="top">keep</aspectratio>
		</control>
		
		<control type="group">
			<description>BG VideoControl</description>
			<visible>Player.HasVideo</visible>
			<control type="videowindow" />
			<control type="image">
				<fadetime>350</fadetime>
				<bordersize>0</bordersize>
				<texture colordiffuse="$VAR[color_hub_backgroundlayer1]">colors/white50.png</texture>
				<aspectratio scalediffuse="true" align="right" aligny="top">scale</aspectratio>
			</control>
		</control>
		<control type="image">
			<description>10percentgrey</description>
			<visible>String.IsEqual(Window(home).Property(HUB_Music),SongsByAlbum) + !Player.HasVideo</visible>
			<fadetime>350</fadetime>
			<bordertexture diffuse="diffuse/gradientlandscapetop100.png" colordiffuse="1A686868">colors/white.png</bordertexture>
			<texture diffuse="diffuse/gradientlandscapetop100.png" colordiffuse="$VAR[color_hub_backgroundlayer1]">colors/white70.png</texture>
			<aspectratio scalediffuse="true" align="right" aligny="top">stretch</aspectratio>
		</control>
		
		
		<!-- Conditional Info stuff -->
		<control type="group">
			<animation effect="fade" start="0" end="100" time="350" condition="Control.HasFocus(5011)">conditional</animation>
			<visible>Control.HasFocus(5011)</visible>
			<control type="image">
				<fadetime>350</fadetime>
				<description>need variable</description>
				<bordertexture diffuse="diffuse/gradientlandscapetop100.png" colordiffuse="$VAR[color_hub_backgroundlayer1]">colors/white.png</bordertexture>
				<!-- <texture background="true" diffuse="diffuse/gradientlandscapetop50.png" fallback="$INFO[Container(5010).ListItem.Art(thumb)]">$INFO[Container(5010).ListItem.Art(fanart)]</texture> -->
				<texture background="true" diffuse="diffuse/gradientlandscapetop50.png" fallback="$INFO[Container(5011).ListItem.Icon]">$INFO[Container(5011).ListItem.Art(fanart)]</texture>
				<aspectratio scalediffuse="true" align="right" aligny="top">keep</aspectratio>
				<!-- <texture background="true" diffuse="diffuse/gradientlandscapetop50.png" fallback="">$INFO[Container(5011).ListItem.Icon]</texture>
				<aspectratio scalediffuse="true" align="right" aligny="top">scale</aspectratio> -->
			</control>
			
			<control type="image">
				<!-- <top>100</top> -->
				<top>50</top>
				<height>300</height>
				<aspectratio align="right" aligny="top">keep</aspectratio>
				<texture diffuse="colors/white40.png">$INFO[Container(5010).ListItem.Art(clearlogo)]</texture>
			</control>
			
		</control>
	</control>
	
	<control type="group">
		<description>S I D E    B A R    L E F T</description>
		
		<animation effect="slide" start="0,0" end="-450,0" time="300" tween="cubic" easing="inout" condition="String.IsEqual(Window(home).Property(CurrentPlaylistVisible),mediawindow)">conditional</animation>
		<height>100%</height>
        <width>16%</width>
		<posy>100</posy>
		
		<include content="bg_gradientmulticolor" />
		
		<control type="grouplist" id="9000">
			<posx>10</posx>
			<onup>8001</onup>
			<ondown>9000</ondown>
			<onleft>8000</onleft>
			<onright>6666</onright>
			<orientation>vertical</orientation>
			<itemgap>10</itemgap>
			
			<include content="hub_sectionheader">
				<param name="id" value="01" />
				<param name="label" value="$LOCALIZE[10516]" />
			</include>
			
			<include content="hub_button">
				<param name="visible" value="PVR.HasRadioChannels" />
				<param name="id" value="02" />
				<param name="property" value="pvr" />
				<param name="action" value="ActivateWindow(PVR,pvr://channels/radio/,return)" />
				<param name="label" value="$LOCALIZE[19024]" />
				<param name="radio_icon" value="defaultaddonartistinfo.png" />
			</include>
			
			<include content="hub_button">
				<param name="id" value="03" />
				<param name="property" value="common" />
				<param name="action" value="ActivateWindow(Music,sources://music/,return)" />
				<param name="label" value="$LOCALIZE[2]" />
				<param name="radio_icon" value="defaultaddonmusic.png" />
			</include>
			
			<include content="hub_button">
				<param name="id" value="04" />
				<param name="property" value="musicvideos" />
				<param name="action" value="ActivateWindow(Videos,videodb://musicvideos/titles/,return)" />
				<param name="label" value="$LOCALIZE[20389]" />
				<param name="radio_icon" value="defaultmusicvideos.png" />
			</include>
			
			<include content="hub_button">
				<param name="id" value="05" />
				<param name="property" value="musicaddons" />
				<param name="action" value="ActivateWindow(Music,addons://sources/audio/,return)" />
				<param name="label" value="$LOCALIZE[1038]" />
				<param name="radio_icon" value="defaultaddonlibrary.png" />
			</include>
			
			<!-- to much api calls ?
			<include content="hub_button">
				<param name="visible" value="System.HasAddon(plugin.video.youtube)" />
				<param name="id" value="06" />
				<param name="property" value="youtube" />
				<param name="action" value="RunPlugin(plugin.video.youtube)" />
				<param name="label" value="You Tube" />
				<param name="radio_icon" value="icons/youtube.png" />
			</include>
			-->
			<!-- 
			<include content="hub_button">
				<param name="visible" value="System.HasAddon(plugin.audio.spotify)" />
				<param name="id" value="07" />
				<param name="property" value="musicaddons" />
				<param name="action" value="RunPlugin(plugin.audio.spotify)" />
				<param name="label" value="Spotify" />
				<param name="radio_icon" value="icons/spotify.png" />
			</include>
			<include content="hub_button">
				<param name="visible" value="System.HasAddon(plugin.audio.soundcloud)" />
				<param name="id" value="08" />
				<param name="property" value="soundcloud" />
				<param name="action" value="RunPlugin(plugin.audio.soundcloud)" />
				<param name="label" value="Soundcloud" />
				<param name="radio_icon" value="icons/sound2.png" />
			</include> -->
			
			<include content="spacer_h">
				<param name="id" value="10" />
			</include>
			<include content="hub_sectionheader">
				<param name="id" value="11" />
				<param name="label" value="$LOCALIZE[21866]" />
			</include>
			
			<include content="hub_button">
				<param name="id" value="12" />
				<param name="property" value="artists" />
				<param name="action" value="ActivateWindow(Music,musicdb://artists/,return)" />
				<param name="label" value="$LOCALIZE[133]" />
				<param name="radio_icon" value="defaultmusicartists.png" />
			</include>
			
			<include content="hub_button">
				<param name="id" value="13" />
				<param name="property" value="albums" />
				<param name="action" value="ActivateWindow(Music,musicdb://albums/,return)" />
				<param name="label" value="$LOCALIZE[132]" />
				<param name="radio_icon" value="defaultmusicalbums.png" />
			</include>
			<include content="hub_button">
				<param name="id" value="14" />
				<param name="property" value="compilations" />
				<param name="action" value="ActivateWindow(Music,musicdb://compilations/,return)" />
				<param name="label" value="$LOCALIZE[521]" />
				<param name="radio_icon" value="defaultmusiccompilations.png" />
			</include>
			
			<include content="hub_button">
				<param name="id" value="15" />
				<param name="property" value="songs" />
				<param name="action" value="ActivateWindow(Music,musicdb://songs/,return)" />
				<param name="label" value="$LOCALIZE[134]" />
				<param name="radio_icon" value="defaultaddonaudiodecoder.png" />
			</include>
			
			<include content="hub_button">
				<param name="id" value="16" />
				<param name="property" value="genres" />
				<param name="action" value="ActivateWindow(Music,musicdb://genres/,return)" />
				<param name="label" value="$LOCALIZE[135]" />
				<param name="radio_icon" value="defaultmusicgenres.png" />
			</include>
			
			<include content="hub_button">
				<param name="id" value="17" />
				<param name="property" value="years" />
				<param name="action" value="ActivateWindow(Music,musicdb://years/,return)" />
				<param name="label" value="$LOCALIZE[345]" />
				<param name="radio_icon" value="defaultyear.png" />
			</include>
			
			<include content="spacer_h">
				<param name="id" value="20" />
			</include>
			<include content="hub_sectionheader">
				<param name="id" value="21" />
				<param name="label" value="$LOCALIZE[20382]" />
			</include>
			
			<include content="hub_button">
				<param name="id" value="22" />
				<param name="property" value="album_recentadd" />
				<param name="action" value="ActivateWindow(Music,musicdb://recentlyaddedalbums/,return)" />
				<param name="label" value="$LOCALIZE[359]" />
				<param name="radio_icon" value="defaultaddonaudiodecoder.png" />
			</include>
			<include content="hub_button">
				<param name="id" value="23" />
				<param name="property" value="albums_recentplayed" />
				<param name="action" value="ActivateWindow(Music,musicdb://recentlyplayedalbums/,return)" />
				<param name="label" value="$LOCALIZE[517]" />
				<param name="radio_icon" value="defaultaddonaudiodecoder.png" />
			</include>
			<include content="hub_button">
				<param name="id" value="24" />
				<param name="property" value="musicvideos_recentadd" />
				<param name="action" value="ActivateWindow(Videos,videodb://recentlyaddedmusicvideos/,return)" />
				<param name="label" value="$LOCALIZE[20390]" />
				<param name="radio_icon" value="defaultaddonaudiodecoder.png" />
			</include>
			
			<include content="spacer_h">
				<param name="id" value="40" />
				<param name="gap" value="100" />
			</include>
			
			<include content="hub_sectionheader">
				<param name="id" value="41" />
				<param name="label" value="Meine Playlists" />
			</include>
			<include content="hub_button">
				<param name="id" value="4299" />
				<param name="visible" value="false" />
				<param name="property" value="true" />
				<param name="has_action_1" value="false" />
				<param name="action" value="ActivateWindow(music,newsmartplaylist://music/,return)" />
				<param name="has_action_2" value="true" />
				<param name="action2" value="AlarmClock(delayedfocus,ActivateWindow(smartplaylisteditor),00:01,silent)" />
				<param name="label" value="[B]+[/B] Create smart Playlist" />
				<param name="radio_icon" value="none.png" />
			</include>
			<control type="panel" id="9042">
				<description>stored playlists</description>
				<preloaditems>2</preloaditems>
				<orientation>vertical</orientation>
				<width>300</width>
				<height>159</height>
				<onleft>41</onleft>
				<onright condition="Control.IsVisible(5040)">5040</onright>
				<onup>41</onup>
				<ondown>42</ondown>
				
				<!-- <onclick>ActivateWindow(Music,special://musicplaylists/,return)</onclick> -->
				<onclick>SetProperty(HUB_Music,playlists,home)</onclick>
				
				<scrolltime tween="quadratic">400</scrolltime>
				
				<itemlayout height="40" width="240">
					<control type="image">
						<top>-5</top>
						<width>40</width>
						<height>40</height>
						<left>10</left>
						<texture colordiffuse="$VAR[color_hub_menu_text_nf]">defaultplaylist.png</texture>
					</control>
					<control type="textbox">
						<left>60</left>
						<width>110%</width>
						<height>25</height>
						<textcolor>$VAR[color_hub_menu_text_nf]</textcolor>
						<font>notosans_18_bold</font>
						<autoscroll>false</autoscroll>
						<label>$INFO[ListItem.Label]</label>
					</control>
				</itemlayout>
				<focusedlayout height="40" width="240">
					<control type="image">
						<top>-5</top>
						<width>40</width>
						<height>40</height>
						<left>10</left>
						<texture colordiffuse="$VAR[color_hub_menu_text_fo]">defaultplaylist.png</texture>
					</control>
					<control type="textbox">
						<left>60</left>
						<width>110%</width>
						<height>25</height>
						<font>notosans_18_bold</font>
						<textcolor>$VAR[color_hub_menu_text_fo]</textcolor>
						<autoscroll>true</autoscroll>
						<label>$INFO[ListItem.Label]</label>
					</control>
				</focusedlayout>
				<!-- 
				<content>
					<item id="111">
						<label>Partymode</label>
						<label2 />
						<icon>defaultplaylist.png</icon>
						<thumb>defaultplaylist.png</thumb>
						<onclick>PlayerControl(Partymode(music))</onclick>
					</item>
				</content>
				-->
				<content>special://musicplaylists/</content>
				<content>special://skin/playlists/music/</content>
			</control>
		</control>
	</control>
	
	
	
	
	<!-- multiple gouplist based on visible by prop ? -->
	<control type="grouplist" id="6666">
		<animation effect="slide" start="0,0" end="-300,0" time="300" tween="cubic" easing="in" condition="String.IsEqual(Window(home).Property(CurrentPlaylistVisible),mediawindow)">conditional</animation>
		<description>fucking scrollbar issue drives me nuts</description>
		<top>150</top>
		<bottom>5</bottom>
		<left>19%</left>
		<width>81%</width>
		<itemgap>-45</itemgap>
		<orientation>vertical</orientation>
		<usecontrolcoords>true</usecontrolcoords>
		<scrolltime tween="cubic" easing="in">300</scrolltime>
		
		<ondown>6666</ondown>
		<onup>8001</onup>
		
		<pagecontrol>666660</pagecontrol>
		<onleft>666660</onleft>
		
		<include content="spacer_h">
			<param name="id" value="5000" />
			<param name="gap" value="0" />
		</include>
		
		<include content="HUB_ContainerHeader">
			<param name="id" value="01" />
			<param name="label" value="A R T I S T S" />
		</include>
		
		<include content="Hub_Container_Common">
			<param name="visible" value="String.IsEqual(Window(home).Property(HUB_Music),common)" />
			<param name="id" value="5001" />
			<param name="height" value="850" />
			
			<onup>8001</onup>
		
			<include condition="Skin.HasSetting(Force_StayInMusicHub)" content="hub_music_OverrideOnClick" />

			<itemlayout height="300" width="460">
				<control type="group">
					<height>243</height>
					<width>405</width>
					<include content="HUB_Landscape">
						<param name="colordiffuse" value="$VAR[color_hub_widget_frame_nf]" />
						<param name="infotags_autoscroll" value="false" />
						<param name="artwork_bg_bordersize" value="6" />
					</include>
				</control>
			</itemlayout>
			<focusedlayout height="300" width="460">
				
				<control type="group">
					<height>243</height>
					<width>405</width>
					<include>Animation_Item_Focus</include>
					<control type="group">
						<include content="HUB_Landscape">
							<param name="colordiffuse" value="$VAR[color_hub_widget_frame_fo]" />
							<param name="infotags_autoscroll" value="true" />
							<param name="artwork_bg_bordersize" value="4" />
						</include>
						<include content="layout_overlay_dimmer">
							<param name="diffusedimtext" value="artworkdiffuse/landscape.png" />
						</include>
					</control>
				</control>
			</focusedlayout>
			<include content="emptywidget">
				<param name="id" value="$PARAM[id]" />
			</include>
			<content sortby="label" target="music">$VAR[filtercontent_artists_contains_artist]</content>
		</include>
		
		<include content="HUB_ContainerHeader">
			<param name="id" value="02" />
			<param name="label" value="A L B U M S" />
			<param name="filter_label" value="albumtitleorartist" />
		</include>
		<include content="Hub_Container_Common">
			<param name="visible" value="String.IsEqual(Window(home).Property(HUB_Music),common)" />
			<param name="id" value="5002" />
			<param name="height" value="610" />
			
			<include condition="Skin.HasSetting(Force_StayInMusicHub)" content="hub_music_OverrideOnClick" />
			<itemlayout height="300" width="300">
				<control type="group">
					<height>280</height>
					<width>280</width>
					<include content="HUB_square">
						<param name="colordiffuse" value="$VAR[color_hub_widget_frame_nf]" />
						<param name="infotags_autoscroll" value="false" />
						<param name="artwork_bg_bordersize" value="6" />
					</include>
				</control>
			</itemlayout>
			<focusedlayout height="300" width="300">
				
				<control type="group">
					<height>280</height>
					<width>280</width>
					<include>Animation_Item_Focus</include>
					<control type="group">
						<include content="HUB_square">
							<param name="colordiffuse" value="$VAR[color_hub_widget_frame_fo]" />
							<param name="infotags_autoscroll" value="true" />
							<param name="artwork_bg_bordersize" value="4" />
						</include>
					</control>
				</control>
			</focusedlayout>
			<include content="emptywidget">
				<param name="id" value="$PARAM[id]" />
			</include>
			<content sortby="year" sortorder="ascending">$VAR[filtercontent_albums_contains_albumartist_or_album]</content>
		</include>
		
		<include content="HUB_ContainerHeader">
			<param name="id" value="04" />
			<param name="label" value="S O N G S" />
			<param name="filter_label" value="songtitleorartist" />
		</include>
		<include content="Hub_Container_Common">
			<param name="visible" value="String.IsEqual(Window(home).Property(HUB_Music),common)" />
			<param name="id" value="5004" />
			<param name="height" value="200" />
			
			<onclick>RunScript(script.swan.helper,action=select)</onclick>
			
			<itemlayout height="100" width="500">
				<control type="group">
					<height>90</height>
					<width>480</width>
					<include content="HUB_box">
						<param name="colordiffuse" value="$VAR[color_hub_widget_frame_nf]" />
						<param name="infotags_autoscroll" value="false" />
						<param name="artwork_bg_bordersize" value="6" />
					</include>
				</control>
			</itemlayout>
			<focusedlayout height="100" width="500">
				<control type="group">
					<height>90</height>
					<width>480</width>
					<include>Animation_Item_Focus</include>
					
					<control type="group">
						<include content="HUB_box">
							<param name="colordiffuse" value="$VAR[color_hub_widget_frame_fo]" />
							<param name="infotags_autoscroll" value="true" />
							<param name="artwork_bg_bordersize" value="4" />
						</include>
					</control>
					<control type="image">
						<centertop>50%</centertop>
						<visible>!String.IsEqual(ListItem.Label,$LOCALIZE[284])</visible>
						<visible>!ListItem.IsPlaying</visible>
						<left>14</left>
						<visible>true</visible>
						<width>60</width>
						<height>60</height>
						<texture diffuse="artworkdiffuse/circle.png" background="true">overlay/overlayplay.png</texture>
						<colordiffuse>white</colordiffuse>
						<bordersize>2</bordersize>
						<bordertexture colordiffuse="55000000">artworkdiffuse/circle.png</bordertexture>
					</control>
				</control>
			</focusedlayout>
			<include content="emptywidget">
				<param name="id" value="$PARAM[id]" />
			</include>
			<content sortby="title" sortorder="ascending">$VAR[filtercontent_songs_contains_title_or_artist]</content>
		</include>
		
		<include content="HUB_ContainerHeader">
			<param name="id" value="08" />
			<param name="label" value="Music Video Genres" />
			<param name="filter_label" value="none" />
		</include>
		<include content="Hub_Container_Genre">
			<param name="visible" value="!String.IsEqual(Window(home).Property(HUB_Music),common) + String.IsEqual(Window(home).Property(HUB_Music),musicvideos)" />
			<param name="id" value="5008" />
			<param name="height" value="150" />
			<param name="focusonback_id" value="9000"/>
			<itemlayout height="110" width="320">
				<control type="group">
					<height>100</height>
					<width>300</width>
					<include content="HUB_box_old">
						<param name="colordiffuse" value="$VAR[color_hub_widget_frame_nf]" />
						<param name="infotags_autoscroll" value="false" />
						<param name="artwork_bg_bordersize" value="6" />
					</include>
				</control>
			</itemlayout>
			<focusedlayout height="110" width="320">
				<control type="group">
					<height>100</height>
					<width>300</width>
					<include>Animation_Item_Focus</include>
					<control type="group">
						<include content="HUB_box_old">
							<param name="colordiffuse" value="$VAR[color_hub_widget_frame_fo]" />
							<param name="infotags_autoscroll" value="true" />
							<param name="artwork_bg_bordersize" value="4" />
						</include>
						<include content="layout_overlay_dimmer">
							<param name="diffusedimtext" value="artworkdiffuse/landscape.png" />
						</include>
					</control>
				</control>
			</focusedlayout>
			<content target="videos">videodb://musicvideos/genres/</content>
		</include>
		<include content="HUB_ContainerHeader">
			<param name="id" value="07" />
			<param name="label" value="Music Videos" />
			<param name="filter_label" value="songtitleorartist" />
		</include>
		<include content="Hub_Container_Common">
			<param name="visible" value="String.IsEqual(Window(home).Property(HUB_Music),common) | String.IsEqual(Window(home).Property(HUB_Music),musicvideos)" />
			<param name="id" value="5007" />
			<param name="height" value="850" />
			
			<itemlayout height="300" width="460">
				<control type="group">
					<height>243</height>
					<width>405</width>
					<include content="HUB_Landscape">
						<param name="colordiffuse" value="$VAR[color_hub_widget_frame_nf]" />
						<param name="infotags_autoscroll" value="false" />
						<param name="artwork_bg_bordersize" value="6" />
					</include>
				</control>
			</itemlayout>
			<focusedlayout height="300" width="460">
				
				<control type="group">
					<height>243</height>
					<width>405</width>
					<include>Animation_Item_Focus</include>
					<control type="group">
						<include content="HUB_Landscape">
							<param name="colordiffuse" value="$VAR[color_hub_widget_frame_fo]" />
							<param name="infotags_autoscroll" value="true" />
							<param name="artwork_bg_bordersize" value="4" />
						</include>
						<include content="layout_overlay_dimmer">
							<param name="diffusedimtext" value="artworkdiffuse/landscape.png" />
						</include>
					</control>
				</control>
			</focusedlayout>
			<include content="emptywidget">
				<param name="id" value="$PARAM[id]" />
			</include>
			<content sortby="artistyear" sortorder="ascending" limit="0" target="videos">$VAR[filtercontent_musicvideos_contains_title_or_artist]</content>
		</include>
		add musicvideo genres ? if prop match
		
		
		<include content="HUB_ContainerHeader">
			<param name="id" value="10" />
			<param name="label" value="A R T I S T S" />
		</include>
		<include content="Hub_Container_Uncommon">
			<param name="visible" value="String.IsEqual(Window(home).Property(HUB_Music),artists)" />
			<param name="id" value="5010" />
			<param name="type" value="fixedlist" />
			<param name="height" value="450" />
			<param name="onleft" value="9000" />
			
			<onback>9000</onback>
			<include condition="Skin.HasSetting(Force_StayInMusicHub)" content="hub_music_OverrideOnClick" />
			
			<animation effect="slide" start="0,0" end="-400,0" time="350" condition="Control.HasFocus(5011)">conditional</animation>
			
			<itemlayout height="400" width="450">
				<control type="group">
				<animation effect="fade" start="100" end="0" time="300" condition="Control.HasFocus(5011)">conditional</animation>
					<top>20</top>
					<height>350</height>
					<width>350</width>
					<include content="HUB_Circle">
						<param name="colordiffuse" value="$VAR[color_hub_widget_frame_nf]" />
						<param name="infotags_autoscroll" value="false" />
						<param name="artwork_bg_bordersize" value="4" />
					</include>
				</control>
			</itemlayout>
			<focusedlayout height="400" width="450">
				
				<control type="group">
					<top>20</top>
					<height>350</height>
					<width>350</width>
					<include>Animation_Item_Focus</include>
					<control type="group">
						<include content="HUB_Circle">
							<param name="colordiffuse" value="$VAR[color_hub_widget_frame_fo]" />
							<param name="infotags_autoscroll" value="true" />
							<param name="artwork_bg_bordersize" value="6" />
						</include>
						<include content="layout_overlay_dimmer">
							<param name="diffusedimtext" value="artworkdiffuse/circle.png" />
						</include>
					</control>
				</control>
			</focusedlayout>
			<include content="emptywidget">
				<param name="id" value="$PARAM[id]" />
			</include>
			<content sortby="artist" target="music">$VAR[filtercontent_artists_contains_artist]</content>
		</include>
		
		
		
		<include content="HUB_ContainerHeader">
			<param name="id" value="11" />
			<param name="label" value="A L B U M S" />
			<param name="filter_label" value="none" />
		</include>
		<include content="Hub_Container_Uncommon">
			<param name="visible" value="String.IsEqual(Window(home).Property(HUB_Music),artists)" />
			<param name="id" value="5011" />
			<param name="type" value="panel" />
			<param name="height" value="310" />
			<param name="onleft" value="5011" />
			<onback>5010</onback>
			
			<include condition="Skin.HasSetting(Force_StayInMusicHub)" content="hub_music_OverrideOnClick" />
			
			<itemlayout height="300" width="300">
				<control type="group">
					<height>280</height>
					<width>280</width>
					<include content="HUB_square">
						<param name="colordiffuse" value="$VAR[color_hub_widget_frame_nf]" />
						<param name="infotags_autoscroll" value="false" />
						<param name="artwork_bg_bordersize" value="6" />
					</include>
				</control>
			</itemlayout>
			<focusedlayout height="300" width="300">
				
				<control type="group">
					<height>280</height>
					<width>280</width>
					<include>Animation_Item_Focus</include>
					<control type="group">
						<include content="HUB_square">
							<param name="colordiffuse" value="$VAR[color_hub_widget_frame_fo]" />
							<param name="infotags_autoscroll" value="true" />
							<param name="artwork_bg_bordersize" value="4" />
						</include>
					</control>
				</control>
			</focusedlayout>
			<content target="music" sortby="year" sortorder="ascending">$INFO[Container(5010).ListItem.FolderPath]</content>
		</include>
			
		<!-- <include content="spacer_h">
				<param name="id" value="7567567" />
				<param name="gap" value="400" />
			</include>
			<include content="HUB_ContainerHeader">
				<param name="id" value="13" />
				<param name="label" value="M U S I C    V I D E O S" />
			</include>
			<include content="Hub_Container_Uncommon">
				<param name="visible" value="String.IsEqual(Window(home).Property(HUB_Music),artists)" />
				<param name="id" value="5013" />
				<param name="type" value="panel" />
				<param name="height" value="400" />
				<param name="onleft" value="5013" />
				<include condition="Skin.HasSetting(Force_StayInMusicHub)" content="hub_music_OverrideOnClick" />
			
				<itemlayout height="300" width="420">
				<control type="group">
					<height>243</height>
					<width>405</width>
					<include content="HUB_Landscape">
						<param name="colordiffuse" value="$VAR[color_hub_widget_frame_nf]" />
						<param name="infotags_autoscroll" value="false" />
						<param name="artwork_bg_bordersize" value="6" />
					</include>
				</control>
				</itemlayout>
				<focusedlayout height="300" width="420">
					<control type="group">
						<height>243</height>
						<width>405</width>
						<include>Animation_Item_Focus</include>
						<control type="group">
							<include content="HUB_Landscape">
								<param name="colordiffuse" value="$VAR[color_hub_widget_frame_fo]" />
								<param name="infotags_autoscroll" value="true" />
								<param name="artwork_bg_bordersize" value="4" />
							</include>
							<include content="layout_overlay_dimmer">
								<param name="diffusedimtext" value="artworkdiffuse/landscape.png" />
							</include>
						</control>
					</control>
				</focusedlayout>
		need video artist dbid <content target="music" sortby="year" sortorder="ascending">videodb://musicvideos/artists/$INFO[Container(5010).ListItem.dbid]/-1/?artistid$INFO[Container(5010).ListItem.dbid]</content> 
				<content target="videos" sortby="year" sortorder="ascending">videodb://musicvideos/titles/?xsp=%7B%22rules%22%3A%7B%22and%22%3A%5B%7B%22field%22%3A%22artist%22%2C%22operator%22%3A%22is%22%2C%22value%22%3A%5B%22a%20perfect%20circle%22%5D%7D%5D%7D%2C%22type%22%3A%22musicvideos%22%7D</content>
			</include>
		
		-->
		<!-- 
		use genre only instead ??
		<include content="HUB_ContainerHeader">
			<param name="id" value="21" />
			<param name="label" value="GERNES" />
		</include>
		<include content="Hub_Container_Genre">
			<param name="visible" value="!String.IsEqual(Window(home).Property(HUB_Music),common) + String.IsEqual(Window(home).Property(HUB_Music),albums)" />
			<param name="id" value="5021" />
			<param name="height" value="150" />
			<param name="focusonback_id" value="9000"/>
			<itemlayout height="110" width="320">
				<control type="group">
					<height>100</height>
					<width>300</width>
					<include content="HUB_box_old">
						<param name="colordiffuse" value="$VAR[color_hub_widget_frame_nf]" />
						<param name="infotags_autoscroll" value="false" />
						<param name="artwork_bg_bordersize" value="6" />
					</include>
				</control>
			</itemlayout>
			<focusedlayout height="110" width="320">
				<control type="group">
					<height>100</height>
					<width>300</width>
					<include>Animation_Item_Focus</include>
					<control type="group">
						<include content="HUB_box_old">
							<param name="colordiffuse" value="$VAR[color_hub_widget_frame_fo]" />
							<param name="infotags_autoscroll" value="true" />
							<param name="artwork_bg_bordersize" value="4" />
						</include>
						<include content="layout_overlay_dimmer">
							<param name="diffusedimtext" value="artworkdiffuse/landscape.png" />
						</include>
					</control>
				</control>
			</focusedlayout>
			<content target="music" sortby="year" sortorder="ascending">musicdb://genres/</content>
		</include> -->
		<include content="HUB_ContainerHeader">
			<param name="id" value="20" />
			<param name="label" value="A L B U M S" />
		</include>
		<include content="Hub_Container_Common">
			<param name="visible" value="String.IsEqual(Window(home).Property(HUB_Music),albums)" />
			<param name="id" value="5020" />
			<param name="height" value="820" />
			
			<include condition="Skin.HasSetting(Force_StayInMusicHub)" content="hub_music_OverrideOnClick" />
			
			<itemlayout height="410" width="390">
				<control type="group">
					<height>380</height>
					<width>380</width>
					<include content="HUB_square">
						<param name="colordiffuse" value="$VAR[color_hub_widget_frame_nf]" />
						<param name="infotags_autoscroll" value="false" />
						<param name="artwork_bg_bordersize" value="6" />
					</include>
				</control>
			</itemlayout>
			<focusedlayout height="410" width="390">
				<control type="group">
					<height>380</height>
					<width>380</width>
					
					<include>Animation_Item_Focus</include>
					<control type="group">
						<include content="HUB_square">
							<param name="colordiffuse" value="$VAR[color_hub_widget_frame_fo]" />
							<param name="infotags_autoscroll" value="true" />
							<param name="artwork_bg_bordersize" value="4" />
						</include>
					</control>
				</control>
			</focusedlayout>
			<include content="emptywidget">
				<param name="id" value="$PARAM[id]" />
			</include>
			<content sortby="year" sortorder="ascending" limit="0">$VAR[filtercontent_albums_contains_album]</content>
		</include>
		
		<!-- let it filter ? -->
		<include content="HUB_ContainerHeader">
			<param name="id" value="26" />
			<param name="label" value="S O U N D T R A C K S" />
			<param name="item_label" value="$INFO[Container.ListItem.Album,[B],[/B]]" />
		</include>
		
		<include content="Hub_Container_Common">
			<param name="visible" value="String.IsEqual(Window(home).Property(HUB_Music),compilations)" />
			<param name="id" value="5026" />
			<param name="height" value="850" />
			
			<include condition="Skin.HasSetting(Force_StayInMusicHub)" content="hub_music_OverrideOnClick" />
			
			<itemlayout height="305" width="300">
				<control type="group">
					<height>280</height>
					<width>280</width>
					<include content="HUB_square">
						<param name="colordiffuse" value="$VAR[color_hub_widget_frame_nf]" />
						<param name="infotags_autoscroll" value="false" />
						<param name="artwork_bg_bordersize" value="6" />
					</include>
				</control>
			</itemlayout>
			<focusedlayout height="305" width="300">
				
				<control type="group">
					<height>280</height>
					<width>280</width>
					<include>Animation_Item_Focus</include>
					<control type="group">
						<include content="HUB_square">
							<param name="colordiffuse" value="$VAR[color_hub_widget_frame_fo]" />
							<param name="infotags_autoscroll" value="true" />
							<param name="artwork_bg_bordersize" value="4" />
						</include>
					</control>
				</control>
			</focusedlayout>
			<include content="emptywidget">
				<param name="id" value="$PARAM[id]" />
			</include>
			<content target="music" sortby="year">musicdb://albums/?xsp=%7B%22rules%22%3A%7B%22and%22%3A%5B%7B%22field%22%3A%22type%22%2C%22operator%22%3A%22contains%22%2C%22value%22%3A%5B%22soundtrack%22%5D%7D%5D%7D%2C%22type%22%3A%22albums%22%7D</content>
		</include>
		
		<!-- let it filter ? -->
		<include content="HUB_ContainerHeader">
			<param name="id" value="27" />
			<param name="label" value="C O M P I L A T I O N S" />
			<param name="item_label" value="$INFO[Container.ListItem.Album,[B],[/B]]" />
		</include>
		
		<include content="Hub_Container_Common">
			<param name="visible" value="String.IsEqual(Window(home).Property(HUB_Music),compilations)" />
			<param name="id" value="5027" />
			<param name="height" value="850" />
			
			<include condition="Skin.HasSetting(Force_StayInMusicHub)" content="hub_music_OverrideOnClick" />
			
			<itemlayout height="305" width="300">
				<control type="group">
					<height>280</height>
					<width>280</width>
					<include content="HUB_square">
						<param name="colordiffuse" value="$VAR[color_hub_widget_frame_nf]" />
						<param name="infotags_autoscroll" value="false" />
						<param name="artwork_bg_bordersize" value="6" />
					</include>
				</control>
			</itemlayout>
			<focusedlayout height="305" width="300">
				
				<control type="group">
					<height>280</height>
					<width>280</width>
					<include>Animation_Item_Focus</include>
					<control type="group">
						<include content="HUB_square">
							<param name="colordiffuse" value="$VAR[color_hub_widget_frame_fo]" />
							<param name="infotags_autoscroll" value="true" />
							<param name="artwork_bg_bordersize" value="4" />
						</include>
					</control>
				</control>
			</focusedlayout>
			<include content="emptywidget">
				<param name="id" value="$PARAM[id]" />
			</include>
			<content target="music" sortby="year">musicdb://compilations/?xsp=%7B%22rules%22%3A%7B%22and%22%3A%5B%7B%22field%22%3A%22type%22%2C%22operator%22%3A%22doesnotcontain%22%2C%22value%22%3A%5B%22soundtrack%22%5D%7D%5D%7D%2C%22type%22%3A%22albums%22%7D</content>
		</include>
		
		<include content="HUB_ContainerHeader">
			<param name="id" value="18" />
			<param name="label" value="S O N G S" />
		</include>
		<include content="Hub_Container_Common">
			<param name="visible" value="String.IsEqual(Window(home).Property(HUB_Music),songs)" />
			<param name="id" value="5018" />
			<param name="height" value="820" />
		
			<itemlayout height="103" width="500">
				<control type="group">
					<top>10</top>
					<height>90</height>
					<width>480</width>
					<include content="HUB_box">
						<param name="colordiffuse" value="$VAR[color_hub_widget_frame_nf]" />
						<param name="infotags_autoscroll" value="false" />
						<param name="artwork_bg_bordersize" value="6" />
					</include>
				</control>
			</itemlayout>
			<focusedlayout height="103" width="500">
				
				<control type="group">
					<height>90</height>
					<width>480</width>
					<top>10</top>
					<include>Animation_Item_Focus</include>
					<control type="group">
						<include content="HUB_box">
							<param name="colordiffuse" value="$VAR[color_hub_widget_frame_fo]" />
							<param name="infotags_autoscroll" value="true" />
							<param name="artwork_bg_bordersize" value="4" />
						</include>
					</control>
					<control type="image">
						<centertop>50%</centertop>
						<visible>!ListItem.IsPlaying</visible>
						<visible>!String.IsEqual(ListItem.Label,$LOCALIZE[284])</visible>
						<left>14</left>
						<visible>true</visible>
						<width>60</width>
						<height>60</height>
						<texture diffuse="artworkdiffuse/circle.png" background="true">overlay/overlayplay.png</texture>
						<colordiffuse>white</colordiffuse>
						<bordersize>2</bordersize>
						<bordertexture colordiffuse="55000000">artworkdiffuse/circle.png</bordertexture>
					</control>
				</control>
			</focusedlayout>
			<content>
				<include content="emptywidget">
					<param name="id" value="$PARAM[id]" />
				</include>
			  </content>
			<content sortby="title" sortorder="ascending">$VAR[filtercontent_songs_contains_title]</content>
		</include>
		
		<control type="group" id="4930">
			<visible>String.IsEqual(Window(home).Property(HUB_Music),genres) | String.IsEqual(Window(home).Property(HUB_Music),years)</visible>
			<!-- <visible>Control.IsVisible(5030) + [Container(5030).IsUpdating | Integer.IsGreater(Container(5030).NumItems,0)]</visible> -->
			<top>50</top>
			<height>55</height>
			<width>400</width>
			<animation effect="fade" start="100" end="20" time="0" condition="Container(5030).IsUpdating">conditional</animation>
			<animation effect="fade" start="20" end="10" time="350" condition="!Container(5030).IsUpdating">conditional</animation>
			<control type="label">
				<visible>[String.IsEqual(Window(home).Property(HUB_Music),genres) + !Container(5030).IsUpdating] | [String.IsEqual(Window(home).Property(HUB_Music),years) + !Container(5035).IsUpdating]</visible>
				<top>0</top>
				<height>55</height>
				<width>400</width>
				<label>[B]$VAR[HUB_BGHEADING_GenreOrYear][/B]</label>
				<aligny>center</aligny>
				<align>center</align>
				<textcolor>$VAR[color_hub_text_main]</textcolor>
				
				<height>22</height>
			</control>
			<control type="image">
				<top>270</top>
				<texture colordiffuse="$VAR[color_hub_text_main]">icons/musicheadphone.png</texture>
				<height>170</height>
				<width>400</width>
				<aspectratio align="center">keep</aspectratio>
			</control>
			<control type="image">
				<visible>[String.IsEqual(Window(home).Property(HUB_Music),genres) + Container(5030).IsUpdating] | [String.IsEqual(Window(home).Property(HUB_Music),years) + Container(5035).IsUpdating]</visible>
				<top>210</top>
				<texture colordiffuse="$VAR[color_hub_text_main]">special://skin/extras/busy/busyload2.apng</texture>
				<height>300</height>
				<width>400</width>
				<aspectratio align="center">keep</aspectratio>
			</control>
			<control type="label">
				<visible>[String.IsEqual(Window(home).Property(HUB_Music),genres) + Container(5030).IsUpdating] | [String.IsEqual(Window(home).Property(HUB_Music),years) + Container(5035).IsUpdating]</visible>
				<top>510</top>
				<height>55</height>
				<width>400</width>
				<label>Loading[CR][B]$VAR[HUB_BGHEADING_GenreOrYear][/B]</label>
				<aligny>center</aligny>
				<align>center</align>
				<textcolor>$VAR[color_hub_text_main]</textcolor>
				
				<height>22</height>
				<animation delay="300" effect="fade" start="100" end="50" time="600" pulse="true" condition="true">Conditional</animation>
			</control>
		</control>
		
		<!-- root - future left side vertical fixedlist - belonging content right side 1 row -->
		<control type="fixedlist" id="5030">
			<visible>String.IsEqual(Window(home).Property(HUB_Music),genres)</visible>
			<left>5</left>
			<top>50</top>
			<width>400</width>
			<height>820</height>
			<right>10</right>
			<focusposition>2</focusposition>
			<preloaditems>2</preloaditems>
			<orientation>vertical</orientation>
			<scrolltime tween="quadratic">400</scrolltime>
			<!-- <onclick>SetFocus(5031)</onclick> -->
			<onclick>RunScript(script.swan.helper,action=select)</onclick>
			
			<onback>9000</onback>
			<onleft>9000</onleft>
			<onright>6030</onright>
			
			
			<itemlayout height="80" width="390">
				<control type="group">
					<height>75</height>
					<width>380</width>
					<include content="HUB_textcontainer">
						<param name="font" value="roboto_32_condensedregular" />
						<param name="infotags_autoscroll" value="false" />
						<param name="textcolor" value="$VAR[color_hub_text_secondary]" />
					</include>
				</control>
			</itemlayout>
			<focusedlayout height="80" width="390">
				
				<control type="group">
					<height>75</height>
					<width>380</width>
					<include>Animation_Item_Focus</include>
					<include content="HUB_textcontainer">
						<param name="font" value="roboto_36_condensedregular" />
						<param name="infotags_autoscroll" value="true" />
						<param name="textcolor" value="$VAR[color_hub_text_main]" />
					</include>
				</control>
			</focusedlayout>
			<content target="music">musicdb://genres/</content>
		</control>
		
		<control type="grouplist" id="6030">
			<top>-900</top>
			<left>450</left>
			<height>950</height>
			<itemgap>-45</itemgap>
			<orientation>vertical</orientation>
			<usecontrolcoords>true</usecontrolcoords>
			<scrolltime tween="cubic" easing="in">300</scrolltime>
			<visible>String.IsEqual(Window(home).Property(HUB_Music),genres)</visible>
			
			
			<include content="HUB_ContainerHeader">
				<param name="id" value="31" />
				<param name="label" value="$INFO[Container(5030).ListItem.Label]  Artists" />
				<param name="filter_label" value="none" />
			</include>
			
			<include content="Hub_Container_Genre">
				<param name="visible" value="String.IsEqual(Window(home).Property(HUB_Music),genres) + !String.IsEmpty(Container(5030).ListItem.dbid)" />
				<param name="id" value="5031" />
				<param name="height" value="200" />
				<param name="left" value="30" />
				
				<include condition="Skin.HasSetting(Force_StayInMusicHub)" content="hub_music_OverrideOnClick" />
				<itemlayout height="200" width="400">
					<control type="group">
						<height>150</height>
						<width>380</width>
						<include content="HUB_box_old">
							<param name="colordiffuse" value="$VAR[color_hub_widget_frame_nf]" />
							<param name="infotags_autoscroll" value="false" />
							<param name="artwork_bg_bordersize" value="6" />
						</include>
					</control>
				</itemlayout>
				<focusedlayout height="200" width="400">
					
					<control type="group">
						<height>150</height>
						<width>380</width>
						<include>Animation_Item_Focus</include>
						<control type="group">
							<include content="HUB_box_old">
								<param name="colordiffuse" value="$VAR[color_hub_widget_frame_fo]" />
								<param name="infotags_autoscroll" value="true" />
								<param name="artwork_bg_bordersize" value="4" />
							</include>
							<include content="layout_overlay_dimmer">
								<param name="diffusedimtext" value="artworkdiffuse/landscape.png" />
								<param name="bordersize" value="8" />
							</include>
						</control>
					</control>
				</focusedlayout>
				<content target="music">$VAR[5031_artists_by_genre]</content>
			</include>
			<include content="HUB_ContainerHeader">
				<param name="id" value="32" />
				<param name="label" value="$INFO[Container(5030).ListItem.Label]  Albums" />
				<param name="filter_label" value="none" />
			</include>
			
			<include content="Hub_Container_Genre">
				<param name="visible" value="String.IsEqual(Window(home).Property(HUB_Music),genres) + !String.IsEmpty(Container(5030).ListItem.dbid)" />
				<param name="id" value="5032" />
				<param name="height" value="300" />
				
				<include condition="Skin.HasSetting(Force_StayInMusicHub)" content="hub_music_OverrideOnClick" />
				<itemlayout height="250" width="250">
					<control type="group">
						<height>250</height>
						<width>250</width>
						<include content="HUB_square">
							<param name="colordiffuse" value="$VAR[color_hub_widget_frame_nf]" />
							<param name="infotags_autoscroll" value="false" />
							<param name="artwork_bg_bordersize" value="6" />
						</include>
					</control>
				</itemlayout>
				<focusedlayout height="250" width="250">
					
					<control type="group">
						<height>250</height>
						<width>250</width>
						<include>Animation_Item_Focus</include>
						<control type="group">
							<include content="HUB_square">
								<param name="colordiffuse" value="$VAR[color_hub_widget_frame_fo]" />
								<param name="infotags_autoscroll" value="true" />
								<param name="artwork_bg_bordersize" value="4" />
							</include>
							<include content="layout_overlay_dimmer">
								<param name="diffusedimtext" value="artworkdiffuse_unthemed/square_borderalpha00.png" />
								<param name="bordersize" value="8" />
							</include>
						</control>
					</control>
				</focusedlayout>
				
				<content target="music">$VAR[5032_albums_by_genre]</content>
			</include>
			<include content="HUB_ContainerHeader">
				<param name="id" value="33" />
				<param name="label" value="$INFO[Container(5030).ListItem.Label]  SONGS" />
				<param name="filter_label" value="none" />
			</include>
			
			<include content="Hub_Container_Genre">
				<param name="visible" value="String.IsEqual(Window(home).Property(HUB_Music),genres) + !String.IsEmpty(Container(5030).ListItem.dbid)" />
				<param name="id" value="5033" />
				<param name="height" value="200" />
				<param name="left" value="30" />
				
				<onclick>RunScript(script.swan.helper,action=select)</onclick>
				
				<itemlayout height="100" width="600">
					<control type="group">
						<height>90</height>
						<width>580</width>
						<include content="HUB_box">
							<param name="colordiffuse" value="$VAR[color_hub_widget_frame_nf]" />
							<param name="infotags_autoscroll" value="false" />
							<param name="artwork_bg_bordersize" value="6" />
						</include>
					</control>
				</itemlayout>
				<focusedlayout height="100" width="600">
					
					<control type="group">
						<height>90</height>
						<width>580</width>
						<include>Animation_Item_Focus</include>
						<control type="group">
							<include content="HUB_box">
								<param name="colordiffuse" value="$VAR[color_hub_widget_frame_fo]" />
								<param name="infotags_autoscroll" value="true" />
								<param name="artwork_bg_bordersize" value="4" />
							</include>
							
						</control>
					</control>
				</focusedlayout>
				
				<content target="music">$VAR[5033_songs_by_genre]</content>
			</include>
			<!-- 
			<include content="HUB_ContainerHeader">
				<param name="id" value="34" />
				<param name="label" value="$INFO[Container(5030).ListItem.Label]  MUSICVIDEOS" />
				<param name="filter_label" value="none" />
			</include>
			
			<include content="Hub_Container_Genre">
				<param name="visible" value="String.IsEqual(Window(home).Property(HUB_Music),genres) + !String.IsEmpty(Container(5030).ListItem.label)" />
				<param name="id" value="5034" />
				<param name="height" value="300" />
				<itemlayout height="300" width="420">
				<control type="group">
					<height>243</height>
					<width>405</width>
					<include content="HUB_Landscape">
						<param name="colordiffuse" value="$VAR[color_hub_widget_frame_nf]" />
						<param name="infotags_autoscroll" value="false" />
						<param name="artwork_bg_bordersize" value="6" />
					</include>
				</control>
			</itemlayout>
			<focusedlayout height="300" width="420">
				
				<control type="group">
					<height>243</height>
					<width>405</width>
					<include>Animation_Item_Focus</include>
					<control type="group">
						<include content="HUB_Landscape">
							<param name="colordiffuse" value="$VAR[color_hub_widget_frame_fo]" />
							<param name="infotags_autoscroll" value="true" />
							<param name="artwork_bg_bordersize" value="4" />
						</include>
						<include content="layout_overlay_dimmer">
							<param name="diffusedimtext" value="artworkdiffuse/landscape.png" />
							<param name="bordersize" value="8" />
						</include>
					</control>
				</control>
			</focusedlayout>
				
				<content target="music">$VAR[Container_HUB_5030_Genre_musicvideos]</content>
			</include>	 -->		
		</control>
		
		
		<control type="fixedlist" id="5035">
			<visible>String.IsEqual(Window(home).Property(HUB_Music),years)</visible>
			<left>5</left>
			<top>50</top>
			<width>400</width>
			<height>820</height>
			<right>10</right>
			<focusposition>2</focusposition>
			<preloaditems>2</preloaditems>
			<orientation>vertical</orientation>
			<scrolltime tween="quadratic">400</scrolltime>
			<onback>9000</onback>
			<onleft>9000</onleft>
			<onright>6035</onright>
			<!-- <onclick>SetFocus(5036)</onclick> -->
			<onclick>RunScript(script.swan.helper,action=select)</onclick>
			<itemlayout height="80" width="390">
				<control type="group">
					<height>75</height>
					<width>380</width>
					<include content="HUB_textcontainer">
						<param name="font" value="roboto_36_condensedregular" />
						<param name="infotags_autoscroll" value="false" />
						<param name="textcolor" value="$VAR[color_hub_text_secondary]" />
					</include>
				</control>
			</itemlayout>
			<focusedlayout height="80" width="390">
				
				<control type="group">
					<height>75</height>
					<width>380</width>
					<include>Animation_Item_Focus</include>
					<include content="HUB_textcontainer">
						<param name="font" value="roboto_40_condensedregular" />
						<param name="infotags_autoscroll" value="true" />
						<param name="textcolor" value="$VAR[color_hub_text_main]" />
						<param name="label" value="$INFO[ListItem.Label,[B],[/B]]" />
					</include>
				</control>
			</focusedlayout>
			
			<content sortby="label" target="music" sortorder="descending">musicdb://years/</content>
		</control>
		
		<control type="grouplist" id="6035">
			<top>-900</top>
			<left>450</left>
			<height>970</height>
			<itemgap>-45</itemgap>
			<orientation>vertical</orientation>
			<usecontrolcoords>true</usecontrolcoords>
			<scrolltime tween="cubic" easing="in">300</scrolltime>
			<visible>String.IsEqual(Window(home).Property(HUB_Music),years)</visible>
			
			<include content="HUB_ContainerHeader">
				<param name="id" value="36" />
				<param name="label" value="$INFO[Container(5035).ListItem.Label]  A L B U M S" />
				<param name="filter_label" value="none" />
			</include>
			
			<include content="Hub_Container_Genre">
				<param name="visible" value="String.IsEqual(Window(home).Property(HUB_Music),years) + !String.IsEmpty(Container(5035).ListItem.label)" />
				<param name="id" value="5036" />
				<param name="height" value="300" />
				<param name="focusonback_id" value="5035"/>
				<include condition="Skin.HasSetting(Force_StayInMusicHub)" content="hub_music_OverrideOnClick" />
				
				<itemlayout height="250" width="250">
					<control type="group">
						<height>250</height>
						<width>250</width>
						<include content="HUB_square">
							<param name="colordiffuse" value="$VAR[color_hub_widget_frame_nf]" />
							<param name="infotags_autoscroll" value="false" />
							<param name="artwork_bg_bordersize" value="6" />
						</include>
					</control>
				</itemlayout>
				<focusedlayout height="250" width="250">
					
					<control type="group">
						<height>250</height>
						<width>250</width>
						<include>Animation_Item_Focus</include>
						<control type="group">
							<include content="HUB_square">
								<param name="colordiffuse" value="$VAR[color_hub_widget_frame_fo]" />
								<param name="infotags_autoscroll" value="true" />
								<param name="artwork_bg_bordersize" value="4" />
							</include>
							<include content="layout_overlay_dimmer">
								<param name="diffusedimtext" value="artworkdiffuse_unthemed/square_borderalpha00.png" />
								<param name="bordersize" value="8" />
							</include>
						</control>
					</control>
				</focusedlayout>
				<content target="music">$VAR[5036_albums_by_year]</content>
			</include>
			<include content="HUB_ContainerHeader">
				<param name="id" value="37" />
				<param name="label" value="$INFO[Container(5035).ListItem.Label]  S O N G S" />
				<param name="filter_label" value="none" />
			</include>
			
			<include content="Hub_Container_Genre">
				<param name="visible" value="String.IsEqual(Window(home).Property(HUB_Music),years) + !String.IsEmpty(Container(5035).ListItem.label)" />
				<param name="id" value="5037" />
				<param name="focusonback_id" value="5035"/>
				<param name="height" value="200" />
				<param name="left" value="30" />
				
				<onclick>RunScript(script.swan.helper,action=select)</onclick>
				
				<itemlayout height="100" width="600">
					<control type="group">
						<height>90</height>
						<width>580</width>
						<include content="HUB_box">
							<param name="colordiffuse" value="$VAR[color_hub_widget_frame_nf]" />
							<param name="infotags_autoscroll" value="false" />
							<param name="artwork_bg_bordersize" value="6" />
						</include>
					</control>
				</itemlayout>
				<focusedlayout height="100" width="600">
					
					<control type="group">
						<height>90</height>
						<width>580</width>
						<include>Animation_Item_Focus</include>
						<control type="group">
							<include content="HUB_box">
								<param name="colordiffuse" value="$VAR[color_hub_widget_frame_fo]" />
								<param name="infotags_autoscroll" value="true" />
								<param name="artwork_bg_bordersize" value="4" />
							</include>
						</control>
					</control>
				</focusedlayout>
				<content target="music">$VAR[5037_songs_by_year]</content>
			</include>
			<include content="HUB_ContainerHeader">
				<param name="id" value="38" />
				<param name="label" value="$INFO[Container(5035).ListItem.Label]  MUSICVIDEOS" />
				<param name="filter_label" value="none" />
			</include>
			
			<include content="Hub_Container_Genre">
				<param name="visible" value="String.IsEqual(Window(home).Property(HUB_Music),years) + !String.IsEmpty(Container(5035).ListItem.label)" />
				<param name="id" value="5038" />
				<param name="height" value="230" />
				<param name="focusonback_id" value="5035"/>
				<param name="left" value="30" />
				<itemlayout height="210" width="420">
					<control type="group">
					<height>200</height>
					<width>350</width>
					<include content="HUB_Landscape">
						<param name="colordiffuse" value="$VAR[color_hub_widget_frame_nf]" />
						<param name="infotags_autoscroll" value="false" />
						<param name="artwork_bg_bordersize" value="6" />
					</include>
				</control>
			</itemlayout>
			<focusedlayout height="210" width="420">
				
				<control type="group">
					<height>200</height>
					<width>350</width>
					<include>Animation_Item_Focus</include>
					<control type="group">
						<include content="HUB_Landscape">
							<param name="colordiffuse" value="$VAR[color_hub_widget_frame_fo]" />
							<param name="infotags_autoscroll" value="true" />
							<param name="artwork_bg_bordersize" value="4" />
						</include>
						<include content="layout_overlay_dimmer">
							<param name="diffusedimtext" value="artworkdiffuse/landscape.png" />
							<param name="bordersize" value="8" />
						</include>
					</control>
				</control>
			</focusedlayout>
			<content sortby="rating" target="videos">$VAR[5038_musicvideos_by_year]</content>
			</include>
		</control>
		
		<include content="HUB_ContainerHeader">
			<param name="id" value="28" />
			<param name="label" value="$LOCALIZE[359]" />
			<param name="item_label" value="$INFO[Container.ListItem.Artist,Artist : [B],[/B]]" />
		</include>
		<include content="Hub_Container_Common">
			<param name="visible" value="String.IsEqual(Window(home).Property(HUB_Music),album_recentadd)" />
			<param name="id" value="5028" />
			<param name="height" value="850" />
			
			<include condition="Skin.HasSetting(Force_StayInMusicHub)" content="hub_music_OverrideOnClick" />
			<itemlayout height="305" width="300">
				<control type="group">
					<height>280</height>
					<width>280</width>
					<include content="HUB_square">
						<param name="colordiffuse" value="$VAR[color_hub_widget_frame_nf]" />
						<param name="infotags_autoscroll" value="false" />
						<param name="artwork_bg_bordersize" value="6" />
					</include>
				</control>
			</itemlayout>
			<focusedlayout height="305" width="300">
				
				<control type="group">
					<height>280</height>
					<width>280</width>
					<include>Animation_Item_Focus</include>
					<control type="group">
						<include content="HUB_square">
							<param name="colordiffuse" value="$VAR[color_hub_widget_frame_fo]" />
							<param name="infotags_autoscroll" value="true" />
							<param name="artwork_bg_bordersize" value="4" />
						</include>
					</control>
				</control>
			</focusedlayout>
				<include content="emptywidget">
					<param name="id" value="$PARAM[id]" />
				</include>
			<content target="music" sortby="dateadded" sortorder="descending" limit="25">$VAR[filtercontent_albums_contains_album]</content>
		</include>
		
		<include content="HUB_ContainerHeader">
			<param name="id" value="29" />
			<param name="label" value="$LOCALIZE[517]" />
			<param name="item_label" value="$INFO[Container.ListItem.Artist,Artist : [B],[/B]]" />
		</include>
		
		<include content="Hub_Container_Common">
			<param name="visible" value="String.IsEqual(Window(home).Property(HUB_Music),albums_recentplayed)" />
			<param name="id" value="5029" />
			<param name="height" value="850" />
			
			<include condition="Skin.HasSetting(Force_StayInMusicHub)" content="hub_music_OverrideOnClick" />
			
			<itemlayout height="305" width="300">
				<control type="group">
					<height>280</height>
					<width>280</width>
					<include content="HUB_square">
						<param name="colordiffuse" value="$VAR[color_hub_widget_frame_nf]" />
						<param name="infotags_autoscroll" value="false" />
						<param name="artwork_bg_bordersize" value="6" />
					</include>
				</control>
			</itemlayout>
			<focusedlayout height="305" width="300">
				
				<control type="group">
					<height>280</height>
					<width>280</width>
					<include>Animation_Item_Focus</include>
					<control type="group">
						<include content="HUB_square">
							<param name="colordiffuse" value="$VAR[color_hub_widget_frame_fo]" />
							<param name="infotags_autoscroll" value="true" />
							<param name="artwork_bg_bordersize" value="4" />
						</include>
					</control>
				</control>
			</focusedlayout>
				<include content="emptywidget">
					<param name="id" value="$PARAM[id]" />
				</include>
				<content target="music" sortorder="ascending">musicdb://recentlyplayedalbums/</content>
		</include>
		
		<include content="HUB_ContainerHeader">
			<param name="id" value="77" />
			<param name="label" value="$LOCALIZE[20382]" />
			<param name="item_label" value="$INFO[Container.ListItem.Artist,Artist : [B],[/B]]$INFO[Container.ListItem.Album, - Album : [B],[/B]]" />
		</include>
		
		<include content="Hub_Container_Common">
			<param name="visible" value="String.IsEqual(Window(home).Property(HUB_Music),musicvideos_recentadd)" />
			<param name="id" value="5077" />
			<param name="height" value="850" />
			
			<itemlayout height="300" width="460">
				<control type="group">
					<height>243</height>
					<width>405</width>
					<include content="HUB_Landscape">
						<param name="colordiffuse" value="$VAR[color_hub_widget_frame_nf]" />
						<param name="infotags_autoscroll" value="false" />
						<param name="artwork_bg_bordersize" value="6" />
					</include>
				</control>
			</itemlayout>
			<focusedlayout height="300" width="460">
				
				<control type="group">
					<height>243</height>
					<width>405</width>
					<include>Animation_Item_Focus</include>
					<control type="group">
						<include content="HUB_Landscape">
							<param name="colordiffuse" value="$VAR[color_hub_widget_frame_fo]" />
							<param name="infotags_autoscroll" value="true" />
							<param name="artwork_bg_bordersize" value="4" />
						</include>
						<include content="layout_overlay_dimmer">
							<param name="diffusedimtext" value="artworkdiffuse/landscape.png" />
							<param name="bordersize" value="8" />
						</include>
					</control>
				</control>
			</focusedlayout>
				<include content="emptywidget">
					<param name="id" value="$PARAM[id]" />
				</include>
				<content target="videos" sortorder="ascending">videodb://recentlyaddedmusicvideos/</content>
		</include>
		
		
		<include content="HUB_ContainerHeader">
			<param name="id" value="60" />
			<param name="label" value="Music Addons" />
			<param name="filter_label" value="none" />
		</include>
		
		<include content="Hub_Container_Common">
			<param name="visible" value="String.IsEqual(Window(home).Property(HUB_Music),musicaddons)" />
			<param name="id" value="5060" />
			<param name="height" value="850" />
			
			<itemlayout height="300" width="460">
				<control type="group">
					<height>243</height>
					<width>405</width>
					<include content="HUB_Landscape">
						<param name="colordiffuse" value="$VAR[color_hub_widget_frame_nf]" />
						<param name="infotags_autoscroll" value="false" />
						<param name="artwork_bg_bordersize" value="6" />
					</include>
				</control>
			</itemlayout>
			<focusedlayout height="300" width="460">
				<control type="group">
					<height>243</height>
					<width>405</width>
					<include>Animation_Item_Focus</include>
					<control type="group">
						<include content="HUB_Landscape">
							<param name="colordiffuse" value="$VAR[color_hub_widget_frame_fo]" />
							<param name="infotags_autoscroll" value="true" />
							<param name="artwork_bg_bordersize" value="4" />
						</include>
						<include content="layout_overlay_dimmer">
							<param name="diffusedimtext" value="artworkdiffuse/landscape.png" />
							<param name="bordersize" value="8" />
						</include>
					</control>
				</control>
			</focusedlayout>
			<content>
				<item id="940">
					<label>Get More Music Addons</label>
					<label2 />
					<onclick>ActivateWindow(AddonBrowser,addons://all/xbmc.addon.audio,return)</onclick>
					<visible>!Skin.HasSetting(Hide_HUB_GetMoreMAddonsItem)</visible>
					<icon>defaultaddoninputstream.png</icon>
					<thumb>defaultaddoninputstream.png</thumb>
				</item>
			</content>
			<content target="music">addons://sources/audio/</content>
		</include>
		
		<include content="HUB_ContainerHeader">
			<param name="id" value="40" />
			<param name="label" value="$INFO[Container(9042).ListItem.Label]" />
		</include>
		<control type="panel" id="5040">
			<description>Get Playlist Content by id 9042</description>
			<visible>String.IsEqual(Window(home).Property(HUB_Music),playlists)</visible>
			
			<left>5</left>
			<top>50</top>
			<width>1600</width>
			<height>850</height>
			
			<preloaditems>2</preloaditems>
			<orientation>vertical</orientation>
			
			<onleft>666660</onleft>
			<onright></onright>
			<pagecontrol></pagecontrol>
			
			<onup>5009</onup>
			<ondown>5009</ondown>
			
			<scrolltime tween="quadratic">400</scrolltime>
			<!-- <include condition="Skin.HasSetting(Force_StayInMusicHub)" content="hub_music_OverrideOnClick" /> -->
			<onclick condition="!String.IsEqual(Container(5040).ListItem.DBtype,song)">PlayMedia($INFO[Container(9042).ListItem.Folderpath],isdir)</onclick>
			<onclick condition="String.IsEqual(Container(5040).ListItem.DBtype,song)">PlayMedia($INFO[Container(9042).ListItem.Folderpath])</onclick>

			<itemlayout height="300" width="300">
				<control type="group">
					<height>280</height>
					<width>280</width>
					<include content="HUB_square">
						<param name="colordiffuse" value="$VAR[color_hub_widget_frame_nf]" />
						<param name="infotags_autoscroll" value="false" />
						<param name="artwork_bg_bordersize" value="6" />
					</include>
				</control>
			</itemlayout>
			<focusedlayout height="300" width="300">
				
				<control type="group">
					<height>280</height>
					<width>280</width>
					<include>Animation_Item_Focus</include>
					<control type="group">
						<include content="HUB_square">
							<param name="colordiffuse" value="$VAR[color_hub_widget_frame_fo]" />
							<param name="infotags_autoscroll" value="true" />
							<param name="artwork_bg_bordersize" value="4" />
						</include>
					</control>
				</control>
			</focusedlayout>
			<include content="emptywidget">
				<param name="id" value="5040" />
			</include>
			
			<content target="music">$INFO[Container(9042).ListItem.Folderpath]</content>
		</control>
		
		
		
		<!-- ################### -->
		<!-- SPECIAL ARTIST VIEW -->
		<!-- ################### -->
		<control type="group" id="6020">
			<description>metadata album</description>
			
			<height>350</height>
			<width>100%</width>
			<visible>String.IsEqual(Window(home).Property(HUB_Music),SongsByAlbum)</visible>
			
			<control type="textbox" id="6021">
				<description>artist name</description>
				<top>160</top>
				<aligny>top</aligny>
				<height>50</height>
				<width>100%</width>
				<font>roboto_32_condensedregular</font>
				<label>$INFO[Container(5120).ListItem.Artist]</label>
				<textcolor>$VAR[color_hub_text_main]</textcolor>
			</control>
			<control type="textbox" id="6022">
				<top>200</top>
				<height>200</height>
				<aligny>top</aligny>
				<width>100%</width>
				<font>roboto_22_condensedregular</font>
				<label>$INFO[Container(5120).NumAllItems,Albums (,)][CR][CR]$INFO[ListItem.Property(Artist_YearsActive)]</label>
				<textcolor>$VAR[color_hub_text_main]</textcolor>
			</control>
		</control>
		
		<control type="grouplist" id="6023">
			<description>albums and song - by artist</description>
			<visible>String.IsEqual(Window(home).Property(HUB_Music),SongsByAlbum)</visible>
			<left>0</left>
			<height>675</height>
			<width>100%</width>
			
			<itemgap>30</itemgap>
			<orientation>horizontal</orientation>
			
			<usecontrolcoords>true</usecontrolcoords>
			
			<scrolltime tween="cubic" easing="in">300</scrolltime>
			
			<onleft>9000</onleft>
			<onright>7060</onright>
			
			<control type="image" id="6099">
				<visible>!String.IsEmpty(Window(home).Property(HUB_containerpath_songs))</visible>
				<width>450</width>
				<height>450</height>
				<texture background="true" diffuse="artworkdiffuse_unthemed/thumb.png" fallback="defaultaudio.png">$INFO[Container(5121).ListItem.Art(thumb)]</texture>
				<bordersize>2</bordersize>
				<bordertexture colordiffuse="$VAR[color_hub_text_main]">artworkdiffuse_unthemed/thumbborder.png</bordertexture>
				<aspectratio scalediffuse="true" align="left" aligny="top">keep</aspectratio>
			</control>
			<include content="Music_ConatinerUpdating">
				<param name="visible" value="[Control.IsVisible(5120) + Container(5120).IsUpdating] | [!Control.IsVisible(5120) + Container(5121).IsUpdating]" />
			</include>
			
			<control type="panel" id="5120">
				
				<!-- <animation effect="fade" start="100" end="0" condition="!Integer.IsGreater(Container(5120).NumItems,0) | Container(5120).IsUpdating">Conditional</animation> -->
				
				<visible>!String.IsEmpty(Window(home).Property(HUB_containerpath_albums))</visible>
				<width>450</width>
				<height>680</height>
				<preloaditems>2</preloaditems>
				<orientation>vertical</orientation>
				
				<scrolltime tween="quadratic">400</scrolltime>
				<pagecontrol />
						
				<onup>5002</onup>
				<ondown>5002</ondown>
				
				<include content="hub_music_ClearPropsOnBack" />
				
				<onclick>RunScript(script.swan.helper,action=select)</onclick>
				
				<onback>9000</onback>
			
				<itemlayout height="680" width="500">
					<control type="group">
						<visible>!Container(5120).IsUpdating</visible>
						<height>450</height>
						<width>450</width>
						<control type="image">
							<texture background="true" diffuse="artworkdiffuse_unthemed/thumb.png" fallback="defaultaudio.png">$INFO[ListItem.Art(thumb)]</texture>
							<bordersize>2</bordersize>
							<bordertexture colordiffuse="$VAR[color_hub_text_main]">artworkdiffuse_unthemed/thumbborder.png</bordertexture>
							<aspectratio scalediffuse="true" align="left" aligny="top">keep</aspectratio>
						</control>
						<control type="textbox">
							<top>460</top>
							<height>350</height>
							<font>roboto_26_condensedregular</font>
							<textcolor>$VAR[color_hub_text_main]</textcolor>
							<label>$INFO[Container(5120).ListItem.Albumartist,[B],[/B]]$VAR[5020_Label_AlbumName]$INFO[ListItem.Year,  (,)]</label>
							<aligny>top</aligny>
							<wrapmultiline>true</wrapmultiline>
						</control>
					</control>
				</itemlayout>
				<focusedlayout height="680" width="500">
					
					<control type="group">
						<visible>!Container(5120).IsUpdating</visible>
						<!-- <animation type="Visible">
							<effect type="fade" start="0" end="100" time="300" tween="sine" easing="in" />
							<effect type="zoom" center="50%" start="0" end="100" time="300" tween="cubic" easing="out" />
						</animation> -->
						<height>450</height>
						<width>450</width>
						<control type="image">
							<texture background="true" diffuse="artworkdiffuse_unthemed/thumb.png" fallback="defaultaudio.png">$INFO[ListItem.Art(thumb)]</texture>
							<bordersize>2</bordersize>
							<bordertexture colordiffuse="$VAR[color_hub_accent]">artworkdiffuse_unthemed/thumbborder.png</bordertexture>
							<aspectratio scalediffuse="true" align="left" aligny="top">keep</aspectratio>
						</control>
						<control type="textbox">
							<top>460</top>
							<height>350</height>
							<font>roboto_26_condensedregular</font>
							<textcolor>$VAR[color_hub_text_main]</textcolor>
							<label>$INFO[Container(5120).ListItem.Albumartist,[B],[/B]]$VAR[5020_Label_AlbumName]$INFO[ListItem.Year,  (,)]</label>
							<aligny>top</aligny>
							<wrapmultiline>true</wrapmultiline>
						</control>
					</control>
				</focusedlayout>
				<content>
					<item>
						<visible>Container(5120).IsUpdating</visible>
						<label />
                        <icon />
                        <thumb />
                    </item>
				</content>
				<content sortby="artistyear" sortorder="ascending">$VAR[5120_albums]</content>
			</control>
			
			<control type="panel" id="5121">
				
				<!-- <visible allowhiddenfocus="true">[!String.IsEmpty(Window(home).Property(HUB_containerpath_songs)) | !String.IsEmpty(Window(home).Property(HUB_containerpath_albums))] + [Integer.IsGreater(Container(5121).NumItems,0) | Container(5121).IsUpdating]</visible> -->
				<animation effect="fade" start="100" end="0" condition="!Integer.IsGreater(Container(5121).NumItems,0) | Container(5121).IsUpdating">Conditional</animation>
				
				<width>1020</width>
				<height>679</height>
				
				<preloaditems>2</preloaditems>
				<orientation>vertical</orientation>
				
				<scrolltime tween="quadratic">400</scrolltime>
				
				<onclick>RunScript(script.swan.helper,action=select)</onclick>
				
				<pagecontrol>7060</pagecontrol>
				
				<onright>7060</onright>
				
				<onup>5121</onup>
				<ondown>5121</ondown>
				
				<include content="hub_music_ClearPropsOnBack" />
				
				<onback>6666</onback>
			
				<itemlayout height="50" width="1000">
					<control type="group">
						<height>40</height>
						<width>1000</width>
						<include content="HUB_box_test">
							<param name="colordiffuse" value="$VAR[color_hub_widget_frame_nf]" />
							<param name="infotags_autoscroll" value="false" />
							<param name="artwork_bg_bordersize" value="6" />
						</include>
					</control>
				</itemlayout>
				<focusedlayout height="50" width="1000">
					
					<control type="group">
						<height>40</height>
						<width>1000</width>
						<control type="image">
							<width>1000</width>
							<bordertexture colordiffuse="$VAR[color_hub_text_main]">colors/white10.png</bordertexture>
							<texture colordiffuse="$VAR[color_hub_text_main]" background="true">colors/white10.png</texture>
							<bordersize>4</bordersize>
						</control>
						<control type="group">
							<include content="HUB_box_test">
								<param name="colordiffuse" value="$VAR[color_hub_widget_frame_fo]" />
								<param name="infotags_autoscroll" value="true" />
								<param name="artwork_bg_bordersize" value="4" />
							</include>
						</control>
						<control type="image">
							<centertop>50%</centertop>
							<visible>!ListItem.IsPlaying</visible>
							<visible>!String.IsEqual(ListItem.Label,$LOCALIZE[284])</visible>
							<left>14</left>
							<visible>true</visible>
							<width>40</width>
							<height>40</height>
							<texture diffuse="artworkdiffuse/circle.png" background="true">overlay/overlayplay.png</texture>
							<colordiffuse>white</colordiffuse>
							<bordersize>2</bordersize>
							<bordertexture colordiffuse="55000000">artworkdiffuse/circle.png</bordertexture>
						</control>
					</control>
				</focusedlayout>
				<content target="music" sortby="tracknumber" sortorder="ascending">$VAR[5121_songs]</content>
				
			</control>
		</control>
	</control>
	
		<control type="scrollbar" id="666660">
			<animation effect="slide" start="0,0" end="-300,0" time="200" tween="cubic" easing="in" condition="String.IsEqual(Window(home).Property(CurrentPlaylistVisible),mediawindow)">conditional</animation>
			<description>prop common all content LeftScrollBar</description>
			<showonepage>true</showonepage>
			<visible>String.IsEqual(Window(home).Property(HUB_Music),common) | String.IsEqual(Window(home).Property(HUB_Music),compilations)</visible>
			<left>301</left>
			<top>100</top>
			<height>980</height>
			<onup>8000</onup>
			<ondown>666660</ondown>
			<onleft>9000</onleft>
			<onright>6666</onright>
		</control>
		
		<control type="scrollbar" id="500160">
			<animation effect="slide" start="0,0" end="-480,0" time="300" tween="cubic" easing="in" condition="String.IsEqual(Window(home).Property(CurrentPlaylistVisible),mediawindow)">conditional</animation>
			<description>common artist container</description>
			<visible>String.IsEqual(Window(home).Property(HUB_Music),common) + Control.IsVisible(5001)</visible>
			<visible>String.IsEqual(Window.Property(Scrollbar),500160)</visible>
			<right>10</right>
			<top>180</top>
			
			<onup>500160</onup>
			<ondown>500160</ondown>
			<include content="hubscrollbar_onright">
				<param name="origin_container" value="5001" />
			</include>
			<onleft>6666</onleft>
			<height>800</height>
		</control>
		
		<control type="scrollbar" id="500260">
			<animation effect="slide" start="0,0" end="-480,0" time="300" tween="cubic" easing="in" condition="String.IsEqual(Window.Property(CurrentPlaylistVisible),mediawindow)">conditional</animation>
			<description>common album</description>
			<visible>String.IsEqual(Window(home).Property(HUB_Music),common) + Control.IsVisible(5002)</visible>
			<visible>String.IsEqual(Window.Property(Scrollbar),500260)</visible>
			<right>10</right>
			<top>180</top>
			
			<onup>500260</onup>
			<ondown>500260</ondown>
			<include content="hubscrollbar_onright">
				<param name="origin_container" value="5002" />
			</include>
			<onleft>6666</onleft>
			<height>800</height>
		</control>
		
		<control type="scrollbar" id="500460">
			<animation effect="slide" start="0,0" end="-480,0" time="300" tween="cubic" easing="in" condition="String.IsEqual(Window.Property(CurrentPlaylistVisible),mediawindow)">conditional</animation>
			<description>common songs</description>
			<visible>String.IsEqual(Window(home).Property(HUB_Music),common) + Control.IsVisible(5004)</visible>
			<visible>String.IsEqual(Window.Property(Scrollbar),500460)</visible>
			<right>10</right>
			<bottom>180</bottom>
			<height>800</height>
			<onup>500460</onup>
			<ondown>500460</ondown>
			<include content="hubscrollbar_onright">
				<param name="origin_container" value="5004" />
			</include>
			<onleft>6666</onleft>
			
		</control>
		
		<control type="scrollbar" id="500760">
			<animation effect="slide" start="0,0" end="-480,0" time="300" tween="cubic" easing="in" condition="String.IsEqual(Window.Property(CurrentPlaylistVisible),mediawindow)">conditional</animation>
			<description>common musicvideo</description>
			<visible>String.IsEqual(Window(home).Property(HUB_Music),common) + Control.IsVisible(5007)</visible>
			<visible>String.IsEqual(Window.Property(Scrollbar),500760)</visible>
			<right>10</right>
			<top>180</top>
			<height>800</height>
			
			<onup>500760</onup>
			<ondown>500760</ondown>
			<include content="hubscrollbar_onright">
				<param name="origin_container" value="5007" />
			</include>
			<onleft>6666</onleft>
			
		</control>
		
		<control type="scrollbar" id="502060">
			<animation effect="slide" start="0,0" end="-480,0" time="300" tween="cubic" easing="in" condition="String.IsEqual(Window.Property(CurrentPlaylistVisible),mediawindow)">conditional</animation>
			<description>album</description>
			<visible>String.IsEqual(Window(home).Property(HUB_Music),albums) + Control.IsVisible(5020)</visible>
			<visible>String.IsEqual(Window.Property(Scrollbar),502060)</visible>
			<right>10</right>
			<top>180</top>
			<height>850</height>
			
			<onup>501560</onup>
			<ondown>501560</ondown>
			<include content="hubscrollbar_onright">
				<param name="origin_container" value="5020" />
			</include>
			<onleft>6666</onleft>
			
		</control>
		
		<control type="scrollbar" id="502660">
			<animation effect="slide" start="0,0" end="-480,0" time="300" tween="cubic" easing="in" condition="String.IsEqual(Window.Property(CurrentPlaylistVisible),mediawindow)">conditional</animation>
			<description>soundtracks</description>
			<visible>String.IsEqual(Window(home).Property(HUB_Music),compilations) + Control.IsVisible(5026)</visible>
			<visible>String.IsEqual(Window.Property(Scrollbar),502660)</visible>
			<right>10</right>
			<top>180</top>
			<height>850</height>
			
			<onup>502660</onup>
			<ondown>502660</ondown>
			
			<include content="hubscrollbar_onright">
				<param name="origin_container" value="5026" />
			</include>
			<onleft>6666</onleft>
			
		</control>
		
		<control type="scrollbar" id="501860">
			<animation effect="slide" start="0,0" end="-480,0" time="300" tween="cubic" easing="in" condition="String.IsEqual(Window.Property(CurrentPlaylistVisible),mediawindow)">conditional</animation>
			<description>songs</description>
			<visible>String.IsEqual(Window(home).Property(HUB_Music),songs) + Control.IsVisible(5018)</visible>
			<visible>String.IsEqual(Window.Property(Scrollbar),501860)</visible>
			<right>10</right>
			<top>180</top>
			<height>850</height>
			
			<onup>501860</onup>
			<ondown>501860</ondown>
			
			<include content="hubscrollbar_onright">
				<param name="origin_container" value="5018" />
			</include>
			<onleft>6666</onleft>
			
		</control>
		
		
		
		<control type="scrollbar" id="7060">
			<description>current artist view,scroll albumtitles</description>
			<visible>!String.IsEmpty(Window(home).Property(HUB_containerpath_albums)) + !Window.IsActive(1140)</visible>
			<right>50</right>
			<top>400</top>
			<onup>7060</onup>
			<ondown>7060</ondown>
			<onleft>5121</onleft>
			<include content="hubscrollbar_onright">
				<param name="origin_container" value="5121" />
			</include>
			<height>675</height>
		</control>
		<include condition="Skin.HasSetting(window_frame)" content="window_frame" />
		
		
	<include condition="Skin.HasSetting(SwanDebug)" content="swan_debug_overlay">
	<param name="nested_debuginfo" value="[COLOR orange]HUB PROPERTYS[/COLOR]
 HUB_Music ( = Current)  : $INFO[Window(home).Property(HUB_Music),[COLOR cyan][B],[/B][/COLOR]]    [CR]     HUB_Music_PrevProp : $INFO[Window(home).Property(HUB_Music_PrevProp),[COLOR cyan][B],[/B][/COLOR]]   |   HUB_Music_PrevID : $INFO[Window(home).Property(HUB_Music_PrevID),[COLOR cyan][B],[/B][/COLOR]]
 Window(home).Property(HUB_artwork) : $INFO[Window(home).Property(HUB_artwork),[COLOR cyan][B],[/B][/COLOR]]
 HUB_containerpath_songs $INFO[Window(home).Property(HUB_containerpath_songs),[COLOR cyan][B],[/B][/COLOR]]  
 HUB_containerpath_albums $INFO[Window(home).Property(HUB_containerpath_albums),[COLOR cyan][B],[/B][/COLOR]]
playlist_itemcontrol $INFO[window(home).property(playlist_itemcontrol)]
[COLOR orange]CURRENT[/COLOR]

  $INFO[System.CurrentControlID,Container(,).CurrentItem] : $INFO[ListItem.CurrentItem,[COLOR cyan][B],[/B][/COLOR]]
  ListItem.dbtype  $INFO[ListItem.dbtype,[COLOR cyan][B],[/B][/COLOR]]  |   ListItem.dbid  $INFO[ListItem.dbid,[COLOR cyan][B],[/B][/COLOR]] 
  ListItem.DiscNumber  $INFO[ListItem.DiscNumber,[COLOR cyan][B],[/B][/COLOR]]   /   TotalDiscs $INFO[ListItem.TotalDiscs,[COLOR cyan][B],[/B][/COLOR]] DiscTitle $INFO[ListItem.DiscTitle,[COLOR cyan][B],[/B][/COLOR]]
	ListItem.DateAdded $INFO[ListItem.DateAdded,[COLOR cyan][B],[/B][/COLOR]]  ListItem.Date $INFO[ListItem.Date,[COLOR cyan][B],[/B][/COLOR]]
  Container.ListItem.FileNameAndPath : $INFO[Container.ListItem.FilenameAndPath,[COLOR cyan][B],[/B][/COLOR]]
  ListItem.FileNameAndPath : $INFO[ListItem.FileNameAndPath,[COLOR cyan][B],[/B][/COLOR]]
  ListItem.Path : $INFO[ListItem.Path,[COLOR cyan][B],[/B][/COLOR]]
  ListItem.FolderName : $INFO[ListItem.FolderName,[COLOR cyan][B],[/B][/COLOR]]    ListItem.FileName : $INFO[ListItem.FileName,[COLOR cyan][B],[/B][/COLOR]]
  ListItem.FolderPath : $INFO[ListItem.FolderPath,[COLOR cyan][B],[/B][/COLOR]]
  ListItem.FileExtension : $INFO[ListItem.FileExtension,[COLOR cyan][B],[/B][/COLOR]]



local xsp   Container(9042).ListItem.Folderpath  :  $INFO[Container(9042).ListItem.Folderpath]
local xsp   Container(9042).ListItem.FileNameAndPath  :  $INFO[Container(9042).ListItem.FileNameAndPath]
"/>
	</include>
	</controls>
</window>