<?xml version="1.0" encoding="UTF-8"?>
<!-- S W A N -->
<colors>

	<!-- ##################### -->
	<!-- ## D E F A U L T S ##-->
	<!-- ##################### -->
	<color name="none">00FFFFFF</color>
	<color name="None">00FFFFFF</color>
	
	<color name="black">FF000000</color>
	<color name="white">FFFFFFFF</color>
	
	<color name="grey">FFA0A0A0</color>
	<color name="softgrey">FFAAAAAA</color>
	<color name="lightgrey">FF858585</color>
	<color name="midgrey">FF686868</color>
	<color name="bluegrey">ffC6C6C8</color>
	<color name="darkgrey">FF3E3E3E</color>
	<color name="darkgrey2">FF666769</color>
	
	<color name="blue">FF7ACAFE</color>
	<color name="darkblue">FF011222</color>
	<color name="blue2">FF0000FF</color>
	<color name="blue3">FF0288d1</color>
	<color name="blue4">FF00b8ff</color>
	
	<color name="red">FFFF0000</color>
	<color name="red2">FFCE4421</color>
	<color name="red3">FFd32f2f</color>
	<color name="bloodorange">FFAF2820</color>
		
	<color name="orange">FFF57F17</color>
	<color name="orange2">FFFF7800</color>
	
	<color name="green">FF00FF00</color>
	<color name="green2">FF388E3C</color>
	
	<color name="pink">FFFFC0CB</color>
	
	<color name="purple">FF3A0079</color>
	
	<color name="lime">FF32CD32</color>
	
	<color name="yellow">FFFFFF00</color>
	
	<color name="cyan">FF00FFFF</color>
	
	<color name="magenta">FFFF00FF</color>
	
	<color name="avalon">FF6AA5CB</color>
	
	<color name="turquoise">FF009688</color>
	
	<color name="lila">FF6B689D</color>
	
	
	
<!-- ################### -->
<!-- ### T H E M E S ### -->
<!-- ################### -->
<!-- script.skin.helper.skinbackup wiki

	What settings are stored in the theme file ?
		All Skin Settings settings that contain one of these words: 
		
			color, opacity, texture.
		
		Also the skin's theme will be saved (if any). So, to make sure the skin themes feature works properly you must be sure that all of your color-settings contain the word color.
	
-->

	<!-- ################################### -->
	<!-- ## P R O F I L E      L O G I N  ## -->
	<!-- ################################### -->
	<color name="color_profilelogin_text_main">FFFFFFFF</color>
	<color name="color_profilelogin_text_secondary">5cC6C6C8</color>
	<color name="color_profilelogin_accent">FF00FFFF</color>
	
	<!-- ############################### -->
	<!-- ### S H U T D O W N M E N U ### -->
	<!-- ############################### -->
	<color name="color_shutdown_dimmed_background">FF000000</color>
	<color name="color_shutdown_item_fo">FF00FFFF</color>
	<color name="color_shutdown_item_nf">5CA0A0A0</color>
	
	
	<!-- ################### -->
	<!-- ### G L O B A L  ## -->
	<!-- ################### -->
		
	<!-- background -->
	<color name="color_global_background_layer1">ff131313</color>
	<color name="color_global_background_layer2">ff132c2c</color>
	<color name="color_global_background_layer3">ff000000</color>

	<!-- background dialogs common-->
	<color name="color_global_dialog_background">ff101010</color>
	<color name="color_global_dialog_accent">FFF57F17</color>
	
		<!-- VAR[color_global_dialog_accent] vs VAR[color_global_button_selected] !! 
			-	dialogextendedprogressbar.xml
				dialogkeyboard.xml
				dialogmediasource.xml
				dialognotification.xml
				dialogsettings.xml
				filebrowser.xml
				settingscategory.xml
				script-skin_helper_service-colorpicker.xml
				SettingsSystemInfo.xml
				
					SkinName_Include_Skinsettings.xml - event log items
					Dialog_Percent_BGPanel
				
		consider Use Sidebar MenuControl as Unique or merge into color_global_dialog ?
					- buttons,playbackctrl buttons, textlabels, bg panel??
				
				-->

	<!-- scrollbar may change -->
	<color name="color_global_scrollbar_panel">ff3a3a3a</color>
	<color name="color_global_scrollbar_slider_fo">ff00ffff</color>
	<color name="color_global_scrollbar_slider_nf">FF888888</color>

	<!-- Buttons -->
		
	<color name="color_global_button_text_fo">FFFFFFFF</color>
	<color name="color_global_button_text_nf">FFA0A0A0</color>
	<color name="color_global_button_panel_fo">CC606060</color>
	<color name="color_global_button_panel_nf">11FFFFFF</color>
	
	<color name="color_global_button_selected">ff00ffff</color>
	
	<color name="color_global_button_disabled">40FFFFFF</color>
	<color name="color_global_button_invalid">CCFF0000</color>

		
	<!-- ################################ -->
	<!-- #### H E A D E R      B A R #### -->
	<!-- ################################ -->
	<color name="color_header_backgroundpanel">44000000</color>
	<color name="color_header_text_main">FFA0A0A0</color>
	<color name="color_header_text_accent">FF00CCCB</color>
	
	<!-- ################################ -->
	<!-- #### F O O T E R      B A R #### -->
	<!-- ################################ -->
	<color name="color_footer_backgroundpanel">44000000</color>
	<color name="color_footer_items">FFA0A0A0</color>
			<!-- note - get unique color for flags if not footer or use params -->
	
	<!-- ############### -->
	<!-- #### H U B #### -->
	<!-- ############### -->
		
	<color name="color_hub_backgroundlayer1">ff181818</color>
	
	<color name="color_hub_menu_panel_gradienttop">FF111111</color>
	<color name="color_hub_menu_panel_gradientcenter">ff00667f</color>
	<color name="color_hub_menu_panel_gradientbottom">ff4c002e</color>
	<color name="color_hub_menu_text_fo">FFFFFFFF</color>
	<color name="color_hub_menu_text_nf">FFA0A0A0</color>
	
	<!-- widgetheader,thumbwidget tag label1, listwidget label1,stars rating	 -->				
	<color name="color_hub_text_main">ffffffff</color>
	
	<!-- thumbwidget tag label2, listwidget label2	 -->						
	<color name="color_hub_text_secondary">ffafafaf</color>
	
	<!-- widgetheader seperator,busyloader	- maybe stars rating fo later -->	
	<color name="color_hub_accent">ff671041</color>
	
	<!-- thumbwidget frames -->	
	<color name="color_hub_widget_frame_fo">ffffffff</color>
	<color name="color_hub_widget_frame_nf">33ffffe3</color>
	
	<!-- ################ -->
	<!-- ### H O M E  ### -->
	<!-- ################ -->
	
	<color name="color_home_background_layer1">FF181818</color>
	<color name="color_home_background_layer2">ff00667f</color>
	<color name="color_home_background_layer3">ff671041</color>
	
	<color name="color_home_menu_backgroundpanel">ff101010</color>
	<color name="color_home_menu_accent">ffaf2820</color>
	<color name="color_home_menu_itempanel_fo">CC606060</color>
	<color name="color_home_menu_item_fo">FFFFFFFF</color>
	<color name="color_home_menu_itempanel_nf">22A0A0A0</color>
	<color name="color_home_menu_item_nf">FF6B6B6B</color>
	
	<color name="color_home_text_main">ffffffff</color>
	<color name="color_home_text_secondary">ffC6C6C8</color>
	<color name="color_home_accent">FFA71B6A</color>
	
	<color name="color_home_flags">ffffffff</color>
	
	<color name="color_home_widget_header">ffffffff</color>
			
	<color name="color_home_widgetitem_frame_fo">ffffffff</color>
	<color name="color_home_widgetitem_frame_nf">FF505050</color>
	
	<color name="color_home_widgetitem_itemtag_bgpanel_fo">657C7C7C</color>
	<color name="color_home_widgetitem_itemtag_label1_fo">FFFFFFFF</color>
	<color name="color_home_widgetitem_itemtag_label2_fo">FF8C8C8C</color>
	<color name="color_home_widgetitem_itemtag_bgpanel_nf">657C7C7C</color>
	<color name="color_home_widgetitem_itemtag_label1_nf">FFFFFFFF</color>
	<color name="color_home_widgetitem_itemtag_label2_nf">FF8C8C8C</color>
	<color name="color_home_widgetitem_overlayicon">00FFFFFF</color>
	<color name="color_home_watchedoverlay_progressbar_progress">FF6AA5CB</color>
	<color name="color_home_watchedoverlay_progressbar_remain">11181818</color>
	
	<!-- LIB OR GLOBAL -->
	<color name="color_lib_backgroundlayer4">ff000000</color>
	
	<color name="color_lib_menu_backgroundpanel">ff101010</color>
	<color name="color_lib_menu_accent">ff009999</color>
	<color name="color_lib_menu_itempanel_fo">CC606060</color>
	<color name="color_lib_menu_item_fo">FFFFFFFF</color>
	<color name="color_lib_menu_itempanel_nf">22A0A0A0</color>
	<color name="color_lib_menu_item_nf">FF6B6B6B</color>
	
	<color name="color_spotlightlib_background_layer1">FF011222</color>
	<color name="color_spotlightlib_main">FFFFFFFF</color>
	<color name="color_spotlightlib_secondary">FFA0A0A0</color>
	<color name="color_spotlightlib_accent">FFF57F17</color>
	<color name="color_spotlightlib_flags_backgroundpanel">1affffff</color>
	<color name="color_spotlightlib_flags">FFFFFFFF</color>
	<color name="color_spotlightlib_contentheading">FFFFFFFF</color>
	<color name="color_spotlightlib_itemframe_fo">FFFFFFFF</color>
	<color name="color_spotlightlib_bottomtag_fo">FF011222</color>
	<color name="color_spotlightlib_itemframe_nf">4dafafaf</color>
	<color name="color_spotlightlib_bottomtag_nf">FFA0A0A0</color>
	
	
	
	
	<color name="color_lib_text_main">FFFFFFFF</color>
	<color name="color_lib_text_secondary">FF858585</color>
	<color name="color_lib_selected">FFFFFF00</color>
	<color name="color_lib_accent">FF009688</color>
	
	<color name="color_lib_widget_header">FFfffeff</color>
	
	<color name="color_lib_widgetitem_frame_fo">ffffffff</color>
	<color name="color_lib_widgetitem_itemtag_bgpanel_fo">657C7C7C</color>
	<color name="color_lib_widgetitem_itemtag_label1_fo">FFFFFFFF</color>
	<color name="color_lib_widgetitem_itemtag_label2_fo">FF8C8C8C</color>
	<color name="color_lib_widgetitem_frame_nf">FF505050</color>
	<color name="color_lib_widgetitem_itemtag_bgpanel_nf">657C7C7C</color>
	<color name="color_lib_widgetitem_itemtag_label1_nf">FFFFFFFF</color>
	<color name="color_lib_widgetitem_itemtag_label2_nf">FF8C8C8C</color>
	<color name="color_lib_widgetitem_overlayicon">ccffffff</color>
	
	<color name="color_lib_watchedoverlay_progressbar_progress">FFFF0000</color>
	<color name="color_lib_watchedoverlay_progressbar_remain">ffa0a0a0</color>
	
	<color name="color_lib_watchedoverlay_frame">ffffffff</color>
	<color name="color_lib_watchedoverlay_watched">FFF57F17</color>
	<color name="color_lib_watchedoverlay_resumeable">FF00FFFF</color>
	
	not used (set,folder...) , current is color_lib_text_main
		color_lib_listitem_indicator

	<!-- ################### -->
	<!-- ### O S D    V I D E O  ### -->
	<!-- ################### -->

	<color name="color_osdvideo_dimmedbg">FF000000</color>
	<color name="color_osdvideo_busyspinner">FFAF2820</color>
	<color name="color_osdvideo_bgpanel">FF131313</color>
	not in use
		color_osdvideo_bgpanelseperator
	<color name="color_osdvideo_main">FFA0A0A0</color>
	<color name="color_osdvideo_secondary">FFA71B6A</color>
	
	<color name="color_osdvideo_button_fo">FFA71B6A</color>
	<color name="color_osdvideo_button_nf">cc3E3E3E</color>
	
	<color name="color_osdvideo_progress">FF00FFFF</color>
	<color name="color_osdvideo_remain">FF000000</color>
	not in use
		
		color_osdvideo_flags
		
		color_osdvideo_progressbar_progress
		color_osdvideo_progressbar_remain
		color_osdvideo_progressbar_frame ??
		color_osdvideo_progressbar_chaptermark


	<!-- ################### -->
	<!-- ### O S D    M U S I C  ### -->
	<!-- ################### -->
		
	<color name="color_osdmusic_bgpanel">FF7ACAFE</color>
	<color name="color_osdmusic_bgpanelseperator">FF000000</color>
	<color name="color_osdmusic_main">FFFFFFFF</color>
	<color name="color_osdmusic_secondary">FFA0A0A0</color>
	<color name="color_osdmusic_accent">FF00FFFF</color>
</colors>