<?xml version="1.0" encoding="UTF-8"?>
<includes>
	<!-- 
	<onclick condition="[!System.GetBool(videolibrary.groupmoviesets) | String.IsEqual(Container($PARAM[id]).ListItem.dbtype,tvshow)] + Skin.HasSetting(DialogItemsForceInfo)">ReplaceWindow(Videos,$INFO[Container($PARAM[id]).ListItem.folderpath])</onclick>
	-->
	<include name="Action_ItemForceInfo">
		<onclick>Dialog.Close(movieinformation)</onclick>
		<onclick condition="String.IsEqual(Container($PARAM[id]).ListItem.dbtype,movie) + [!System.GetBool(videolibrary.groupmoviesets) | [System.GetBool(videolibrary.groupmoviesets) + String.IsEmpty(Container($PARAM[id]).ListItem.SetId)]]">ReplaceWindow(Videos,videodb://movies/titles/$INFO[Container($PARAM[id]).ListItem.dbid])</onclick>
		<onclick condition="String.IsEqual(Container($PARAM[id]).ListItem.dbtype,movie) + System.GetBool(videolibrary.groupmoviesets) + !String.IsEmpty(Container($PARAM[id]).ListItem.SetId)">ReplaceWindow(Videos,videodb://movies/sets/$INFO[Container($PARAM[id]).ListItem.SetId]/$INFO[Container($PARAM[id]).ListItem.dbid]?setid=$INFO[Container($PARAM[id]).ListItem.SetId])</onclick>
		<onclick condition="String.IsEqual(Container($PARAM[id]).ListItem.dbtype,tvshow)">ReplaceWindow(Videos,videodb://tvshows/titles/$INFO[Container($PARAM[id]).ListItem.dbid])</onclick>
		<onclick>Action(info)</onclick>
	</include>
	
	<include name="Action_ItemForceSelect">
		<onclick condition="String.IsEqual(Container($PARAM[id]).ListItem.dbtype,movie)">PlayMedia($INFO[Container($PARAM[id]).ListItem.filenameandpath],resume)</onclick>
		<onclick>Dialog.Close(movieinformation)</onclick>
		<onclick condition="String.IsEqual(Container($PARAM[id]).ListItem.dbtype,tvshow)">ReplaceWindow(Videos,videodb://tvshows/titles/$INFO[Container($PARAM[id]).ListItem.dbid]/)</onclick> 
	</include>
		<!-- <onclick condition="String.IsEqual(Container($PARAM[id]).ListItem.dbtype,movie)">ReplaceWindow(Videos,$INFO[Container($PARAM[id]).ListItem.folderpath])</onclick> -->
	
	<!-- test avoid call via visible condition fail, use variable instead -->
	<variable name="content_youtube_videoinfo">
		<value condition="!$EXP[IsOfflineMode] + System.HasAddon(plugin.video.youtube)">plugin://plugin.video.youtube/search/?q=$VAR[Title]</value>
	</variable>
	
	<variable name="directorthumb">
		<value condition="System.HasAddon(resource.images.moviedirectorthumbs)">$INFO[ListItem.Director,resource.images.moviedirectorthumbs/,.png]</value>
		<value>defaultdirector.png</value>
	</variable>
	
	<include name="ArtworkSlideshow">
		<param name="id" default="1"/>
		<param name="pagecontrol_id" default="2"/>
		<param name="artwork" default="$INFO[ListItem.Icon]"/>
		
		<definition>
		<control type="image">
			<include content="Animation_OpenClose_MediaWindow"/>
			<texture colordiffuse="ff181818">colors/white70.png</texture>
		</control>
		<control type="list" id="$PARAM[id]">
			<include content="Animation_OpenClose_Zoom"/>
			<description>REQUIRED: The list of images</description>
			<width>1920</width>
			<height>1080</height>
			<orientation>horizontal</orientation>
			<pagecontrol>$PARAM[pagecontrol_id]</pagecontrol>
			<scrolltime tween="quadratic">400</scrolltime>
			<itemlayout>
				<control type="image">
					<width>1920</width>
					<height>1080</height>
					<aspectratio aligny="center" align="center">keep</aspectratio>
					<texture>$PARAM[artwork]</texture>
				</control>
			</itemlayout>
			<focusedlayout>
				<control type="image">
					<width>1920</width>
					<height>1080</height>
					<aspectratio aligny="center" align="center">keep</aspectratio>
					<texture>$PARAM[artwork]</texture>
				</control>
			</focusedlayout>
			<nested />
		</control>
		<control type="scrollbar" id="$PARAM[pagecontrol_id]">
			<include content="Animation_OpenClose_MediaWindow"/>
			<bottom>0</bottom>
			<width>1920</width>
			<centerleft>50%</centerleft>
			<height>5</height>
			<onleft>$PARAM[pagecontrol_id]</onleft>
			<onright>$PARAM[pagecontrol_id]</onright>
			<orientation>horizontal</orientation>
			<texturesliderbackground colordiffuse="$VAR[color_global_scrollbar_panel]">colors/white.png</texturesliderbackground>
			<texturesliderbar colordiffuse="$VAR[color_global_scrollbar_slider_fo]">colors/white.png</texturesliderbar>
			<textureslidernib />
		</control>
		</definition>
	</include>
	
	
	<variable name="Title">
		<value condition="String.IsEqual(ListItem.dbtype,episode) | String.IsEqual(ListItem.dbtype,season)">$INFO[ListItem.TVShowTitle]</value>
		<value>$INFO[ListItem.Title]</value>
	</variable>
	<variable name="videoinfo_youtube_SearchLabel">
		<value condition="String.IsEqual(ListItem.dbtype,episode) | String.IsEqual(ListItem.dbtype,season)">$INFO[ListItem.TVShowTitle]</value>
		<value condition="!String.IsEmpty(ListItem.TVShowTitle)">$INFO[ListItem.TVShowTitle] $LOCALIZE[20364]</value>
		<value>$INFO[ListItem.Title]</value>
	</variable>
	
	<!-- <value condition="!$EXP[IsOfflineMode] + System.HasAddon(plugin.video.youtube)">plugin://plugin.video.youtube/kodion/search/query/?q=$VAR[videoinfo_youtube_SearchLabel,, OST]&amp;searchtype=playlist</value> -->
	<variable name="videoinfo_content_youtube_soundtrack">
		<value condition="!$EXP[IsOfflineMode] + System.HasAddon(plugin.video.youtube)">plugin://plugin.video.youtube/search/?q=$VAR[videoinfo_youtube_SearchLabel,, OST]</value>
	</variable>
	<variable name="videoinfo_content_youtube">
		<value condition="!$EXP[IsOfflineMode] + System.HasAddon(plugin.video.youtube)">plugin://plugin.video.youtube/search/?q=$VAR[videoinfo_youtube_SearchLabel]</value>
	</variable>
	
	<!-- KODI BUG - EVEN IF dbtype=season - it'll fallback to IsTvShow expression -->
	<variable name="value_subheader">
		<value condition="$EXP[IsEpisode]">$INFO[ListItem.Season,$LOCALIZE[20373] , • ]$INFO[ListItem.Episode,$LOCALIZE[20452] [B],[/B]]$INFO[ListItem.Title, : [B],[/B]]</value>
		<value condition="$EXP[IsSeason]">$INFO[ListItem.Label]</value>
		<value condition="$EXP[IsTVShow]">$VAR[NumerusSeasons] $INFO[ListItem.Property(TotalSeasons)]</value>
		<value condition="!String.IsEqual(ListItem.TagLine)">$INFO[ListItem.TagLine]</value>
	</variable>	
	<variable name="NumerusSeasons">
		<value condition="Integer.IsEqual(ListItem.Property(TotalSeasons),1)">$LOCALIZE[20373]</value>
		<value>$LOCALIZE[33054]</value>
	</variable>
	
	<variable name="EncodeTitle">
		<value condition="[ContainerContent(episodes) | String.IsEqual(ListItem.DBTYPE,episode)]">$INFO[ListItem.TVShowTitle]</value>
		<value>$INFO[ListItem.Label]</value>
	</variable>
		<!-- keep for later check , but not in use anymore -->
		<variable name="Similiar_Content">
			<value condition="String.IsEqual(ListItem.DBType,movie) + !String.IsEmpty(ListItem.DBID)">plugin://script.embuary.helper/?info=getsimilar&amp;dbid=$INFO[ListItem.DBID]&amp;type=movie</value>
			<value condition="String.IsEqual(ListItem.DBType,tvshow) + !String.IsEmpty(ListItem.DBID)">plugin://script.embuary.helper/?info=getsimilar&amp;dbid=$INFO[ListItem.DBID]&amp;type=tvshow</value>
		</variable>
	<include name="Button_VideoInfo">
		<width>280</width>
		<height>40</height>
		<align>center</align>
		<textoffsetx>5</textoffsetx>
	</include>
	
	
	<include name="Static_InfoList">
		<control type="group">
			<width>470</width>
			<height>85</height>
			<control type="label">
				<height>20</height>
				<font>SearchControl</font>
				<aligny>center</aligny>
				<textcolor>$VAR[color_lib_accent]</textcolor>
				<label>$INFO[ListItem.Label,[B],[/B]]</label>
			</control>
			<control type="textbox">
				<height>60</height>
				<wrapmultiline>true</wrapmultiline>
				<top>22</top>
				<font>DialogListItem</font>
				<aligny>top</aligny>
				<textcolor>$VAR[color_lib_text_main]</textcolor>
				<label>$INFO[ListItem.Label2]</label>
			</control>
			
			<control type="image">
				<top>25</top>
				<width>40</width>
				<height>40</height>
				<texture>$INFO[ListItem.Icon]</texture>
				<visible>!String.IsEmpty(ListItem.Icon)</visible>
			</control>
			<control type="image">
				<top>25</top>
				<left>50</left>
				<width>40</width>
				<height>40</height>
				<texture>$INFO[ListItem.Property(Icon2)]</texture>
				<visible>!String.IsEmpty(ListItem.Property(Icon2))</visible>
			</control>
			<control type="image">
				<top>25</top>
				<left>100</left>
				<width>40</width>
				<height>40</height>
				<texture>$INFO[ListItem.Property(Icon3)]</texture>
				<visible>!String.IsEmpty(ListItem.Property(Icon3))</visible>
			</control>
			<control type="image">
				<top>25</top>
				<left>150</left>
				<width>40</width>
				<height>40</height>
				<texture>$INFO[ListItem.Property(Icon4)]</texture>
				<visible>!String.IsEmpty(ListItem.Property(Icon4))</visible>
			</control>
			
			
		</control>
	</include>
	
		
	<include name="Info_ActorThumb">
				
		<control type="group">
			<nested />
			<left>70</left>
			
			<control type="image">
				<width>500</width>
				<height>750</height>
				<top>160</top>
				<bordersize>1</bordersize>
				<bordertexture border="2" colordiffuse="$VAR[color_lib_text_main]">frames/frame.png</bordertexture>
				<texture background="true" fallback="defaultactor.png">$INFO[Container(10051).ListItem.Art(thumb)]</texture>
				<aspectratio>scale</aspectratio>
			</control>	
			<!-- fadelabel ctrl postercontainer-->
		
			<control type="label">
				<visible>!Control.HasFocus(100)</visible>
				<top>920</top>
				<height>40</height>
				<font>font45_title</font>
				<info>container(10051).listitem.label</info>
				<textcolor>$VAR[color_lib_text_main]</textcolor>
			</control>
			<control type="textbox">
				<visible>!Control.HasFocus(100)</visible>
				<height>40</height>
				<top>970</top>
				<font>font20_title</font>
				<label>$INFO[Container(10052).NumAllItems,[B]$LOCALIZE[342][/B] : ,   ]$INFO[Container(10053).NumAllItems,[B]$LOCALIZE[20343][/B] : ,   ]</label>
				<textcolor>$VAR[color_lib_text_secondary]</textcolor>
			</control>			
		</control>
	</include>
	
	<!-- consider 95% 1824 x 1026 -->
	<!--  1891 x 1064 -->
				
	<include name="VideoInfo_SlideshowNav">
		<param name="origin" default="FileNameAndPath" />
		<definition>
		<control type="group">
			<visible>Control.HasFocus($PARAM[ButtonID])</visible>
			<animation effect="fade" start="0" end="100" time="350" tween="cubic" easing="inout">Visible</animation>
			<animation effect="fade" start="0" end="100" time="350" tween="cubic" easing="inout">WindowOpen</animation>
			<animation effect="fade" end="0" start="100" time="150">Hidden</animation>
			<animation effect="fade" end="0" start="100" time="150">WindowClose</animation>
			<control type="button" id="$PARAM[ButtonID]">
				<visible allowhiddenfocus="true">false</visible>
				<width>1</width>
				<height>1</height>
				<texturefocus />
				<texturenofocus />
				<onleft>Control.Move($PARAM[ContainerID],-1)</onleft>
				<onright>Control.Move($PARAM[ContainerID],1)</onright>
				<onup>Control.Move($PARAM[ContainerID],1)</onup>
				<ondown>Control.Move($PARAM[ContainerID],-1)</ondown>
				<onback>$PARAM[ContainerID]</onback>
				<oninfo>$PARAM[ContainerID]</oninfo>
				<onclick>SetFocus($PARAM[ContainerID])</onclick>
			</control>
			<control type="image">
				<texture colordiffuse="ff181818">colors/white50.png</texture>
			</control>
			<control type="group">
				<animation effect="slide" start="0" end="-1920" condition="!Container($PARAM[ContainerID]).OnNext" reversible="false" time="350" tween="quadratic">Conditional</animation>
				<animation effect="slide" start="0" end="1920" condition="!Container($PARAM[ContainerID]).OnPrevious" reversible="false" time="350" tween="quadratic">Conditional</animation>
				<control type="image">
					<centerleft>50%</centerleft>
					<centertop>50%</centertop>
					<width>1920</width>
					<height>1080</height>
					<left>-1920</left>
					<aspectratio>keep</aspectratio>
					<texture background="true">$INFO[Container($PARAM[ContainerID]).ListItem(-1).$PARAM[origin]]</texture>
				</control>
				<control type="image">
					<centerleft>50%</centerleft>
					<centertop>50%</centertop>
					<width>1920</width>
					<height>1080</height>
					<aspectratio>keep</aspectratio>
					<texture background="true">$INFO[Container($PARAM[ContainerID]).ListItem.$PARAM[origin]]</texture>
				</control>
				<control type="image">
					<centerleft>50%</centerleft>
					<centertop>50%</centertop>
					<width>1920</width>
					<height>1080</height>
					<left>1920</left>
					<aspectratio>keep</aspectratio>
					<texture background="true">$INFO[Container($PARAM[ContainerID]).ListItem(1).$PARAM[origin]]</texture>
				</control>
			</control>
		</control>
		</definition>
	</include>
	
	<variable name="extrasLocation_lookup">
		<value condition="String.Contains(listitem.filenameandpath,VIDEO_TS)">$INFO[listitem.path,,VIDEO_TS\extras/]</value>
		<value condition="String.Contains(listitem.filenameandpath,BDMV)">$INFO[listitem.path,,BDMV\extras/]</value>
		<value>$INFO[listitem.path,,extras/]</value>
	</variable>
	
	<!-- disablefor plugin ? -->
	<variable name="extrasLocation_contentpath">
		<value condition="String.Contains(listitem.filenameandpath,VIDEO_TS) + !String.IsEmpty(Window(home).Property(bonuscontentavail))">$INFO[listitem.path,,VIDEO_TS\extras/]</value>
		<value condition="String.Contains(listitem.filenameandpath,BDMV) + !String.IsEmpty(Window(home).Property(bonuscontentavail))">$INFO[listitem.path,,BDMV\extras/]</value>
		<value condition="!String.IsEmpty(Window(home).Property(bonuscontentavail))">$INFO[listitem.path,,extras/]</value>
	</variable>
	
	<include name="ExtrafanartFolderPath">
		<content>$VAR[extraFanartLocation]</content>
	</include>
	<variable name="extraFanartLocation">
        <value condition="[container.content(movies) | String.IsEqual(ListItem.DBTYPE,movie)]">$INFO[listitem.path,,extrafanart]</value>
        <value condition="[container.content(tvshows) | String.IsEqual(ListItem.DBTYPE,tvshow)]">$INFO[listitem.filenameandpath,,extrafanart]</value>
        <value condition="[container.content(seasons) | String.IsEqual(ListItem.DBTYPE,season)]">$INFO[container.listitem.path,,extrafanart]</value>
    </variable>
	<variable name="extraThumbsLocation">
        <value condition="[container.content(movies) | String.IsEqual(ListItem.DBTYPE,movie)]">$INFO[listitem.path,,extrathumbs]</value>
        <value condition="[container.content(tvshows) | String.IsEqual(ListItem.DBTYPE,tvshow)]">$INFO[listitem.filenameandpath,,extrathumbs]</value>
        <value condition="[container.content(seasons) | String.IsEqual(ListItem.DBTYPE,season)]">$INFO[container.listitem.path,,extrathumbs]</value>
    </variable>
	
	<include name="ExtrafanartSource">
		<param name="prefix" />
		<definition>
		<content>
			<include content="ItemArtTemplate">
				<param name="postfix" value="" />
				<param name="parentfolder" value="$PARAM[prefix]" />
				<param name="type" value="clearlogo" />
			</include>
			
			
			<include content="ItemArtTemplate">
				<param name="postfix" value="" />
				<param name="parentfolder" value="$PARAM[prefix]" />
				<param name="type" value="thumb" />
			</include>
			<include content="ItemArtTemplate">
				<param name="postfix" value="" />
				<param name="parentfolder" value="$PARAM[prefix]" />
				<param name="type" value="back" />
			</include>
			<include content="ItemArtTemplate">
				<param name="postfix" value="" />
				<param name="parentfolder" value="$PARAM[prefix]" />
				<param name="type" value="spine" />
			</include>
			
			<include content="ItemArtTemplate">
				<param name="postfix" value="1" />
				<param name="parentfolder" value="$PARAM[prefix]" />
				<param name="type" value="booklet" />
			</include>
			<include content="ItemArtTemplate">
				<param name="postfix" value="2" />
				<param name="parentfolder" value="$PARAM[prefix]" />
				<param name="type" value="booklet" />
			</include>
			<include content="ItemArtTemplate">
				<param name="postfix" value="3" />
				<param name="parentfolder" value="$PARAM[prefix]" />
				<param name="type" value="booklet" />
			</include>
			<include content="ItemArtTemplate">
				<param name="postfix" value="4" />
				<param name="parentfolder" value="$PARAM[prefix]" />
				<param name="type" value="booklet" />
			</include>
			<include content="ItemArtTemplate">
				<param name="postfix" value="5" />
				<param name="parentfolder" value="$PARAM[prefix]" />
				<param name="type" value="booklet" />
			</include>
			
			
			
			
			<include content="ItemArtTemplate">
				<param name="postfix" value="" />
				<param name="parentfolder" value="$PARAM[prefix]" />
				<param name="type" value="animatedfanart" />
			</include>
			<include content="ItemArtTemplate">
				<param name="postfix" value="" />
				<param name="parentfolder" value="$PARAM[prefix]" />
				<param name="type" value="animatedposter" />
			</include>
			<include content="ItemArtTemplate">
				<param name="postfix" value="" />
				<param name="parentfolder" value="$PARAM[prefix]" />
				<param name="type" value="poster" />
			</include>
			<include content="ItemArtTemplate">
				<param name="postfix" value="1" />
				<param name="parentfolder" value="$PARAM[prefix]" />
				<param name="type" value="poster" />
			</include>
			<include content="ItemArtTemplate">
				<param name="postfix" value="2" />
				<param name="parentfolder" value="$PARAM[prefix]" />
				<param name="type" value="poster" />
			</include>
			<include content="ItemArtTemplate">
				<param name="postfix" value="3" />
				<param name="parentfolder" value="$PARAM[prefix]" />
				<param name="type" value="poster" />
			</include>
			<include content="ItemArtTemplate">
				<param name="postfix" value="4" />
				<param name="parentfolder" value="$PARAM[prefix]" />
				<param name="type" value="poster" />
			</include>
			<include content="ItemArtTemplate">
				<param name="postfix" value="5" />
				<param name="parentfolder" value="$PARAM[prefix]" />
				<param name="type" value="poster" />
			</include>
			<include content="ItemArtTemplate">
				<param name="postfix" value="" />
				<param name="parentfolder" value="$PARAM[prefix]" />
				<param name="type" value="keyart" />
			</include>
			<include content="ItemArtTemplate">
				<param name="postfix" value="1" />
				<param name="parentfolder" value="$PARAM[prefix]" />
				<param name="type" value="keyart" />
			</include>
			<include content="ItemArtTemplate">
				<param name="postfix" value="2" />
				<param name="parentfolder" value="$PARAM[prefix]" />
				<param name="type" value="keyart" />
			</include>
			<include content="ItemArtTemplate">
				<param name="postfix" value="3" />
				<param name="parentfolder" value="$PARAM[prefix]" />
				<param name="type" value="keyart" />
			</include>
			<include content="ItemArtTemplate">
				<param name="postfix" value="4" />
				<param name="parentfolder" value="$PARAM[prefix]" />
				<param name="type" value="keyart" />
			</include>
			<include content="ItemArtTemplate">
				<param name="postfix" value="5" />
				<param name="parentfolder" value="$PARAM[prefix]" />
				<param name="type" value="keyart" />
			</include>
			<include content="ItemArtTemplate">
				<param name="postfix" value="" />
				<param name="parentfolder" value="$PARAM[prefix]" />
				<param name="type" value="discart" />
			</include>
			<include content="ItemArtTemplate">
				<param name="postfix" value="" />
				<param name="parentfolder" value="$PARAM[prefix]" />
				<param name="type" value="landscape" />
			</include>
			<include content="ItemArtTemplate">
				<param name="postfix" value="" />
				<param name="parentfolder" value="$PARAM[prefix]" />
			</include>
			<include content="ItemArtTemplate">
				<param name="postfix" value="1" />
				<param name="parentfolder" value="$PARAM[prefix]" />
			</include>
			<include content="ItemArtTemplate">
				<param name="postfix" value="2" />
				<param name="parentfolder" value="$PARAM[prefix]" />
			</include>
			<include content="ItemArtTemplate">
				<param name="postfix" value="3" />
				<param name="parentfolder" value="$PARAM[prefix]" />
			</include>
			<include content="ItemArtTemplate">
				<param name="postfix" value="4" />
				<param name="parentfolder" value="$PARAM[prefix]" />
			</include>
			<include content="ItemArtTemplate">
				<param name="postfix" value="5" />
				<param name="parentfolder" value="$PARAM[prefix]" />
			</include>
			<include content="ItemArtTemplate">
				<param name="postfix" value="6" />
				<param name="parentfolder" value="$PARAM[prefix]" />
			</include>
			<include content="ItemArtTemplate">
				<param name="postfix" value="7" />
				<param name="parentfolder" value="$PARAM[prefix]" />
			</include>
			<include content="ItemArtTemplate">
				<param name="postfix" value="8" />
				<param name="parentfolder" value="$PARAM[prefix]" />
			</include>
			<include content="ItemArtTemplate">
				<param name="postfix" value="9" />
				<param name="parentfolder" value="$PARAM[prefix]" />
			</include>
			<include content="ItemArtTemplate">
				<param name="postfix" value="10" />
				<param name="parentfolder" value="$PARAM[prefix]" />
			</include>
			<include content="ItemArtTemplate">
				<param name="postfix" value="11" />
				<param name="parentfolder" value="$PARAM[prefix]" />
			</include>
			<include content="ItemArtTemplate">
				<param name="postfix" value="12" />
				<param name="parentfolder" value="$PARAM[prefix]" />
			</include>
			<include content="ItemArtTemplate">
				<param name="postfix" value="13" />
				<param name="parentfolder" value="$PARAM[prefix]" />
			</include>
			<include content="ItemArtTemplate">
				<param name="postfix" value="14" />
				<param name="parentfolder" value="$PARAM[prefix]" />
			</include>
			<include content="ItemArtTemplate">
				<param name="postfix" value="15" />
				<param name="parentfolder" value="$PARAM[prefix]" />
			</include>
			<include content="ItemArtTemplate">
				<param name="postfix" value="16" />
				<param name="parentfolder" value="$PARAM[prefix]" />
			</include>
			<include content="ItemArtTemplate">
				<param name="postfix" value="17" />
				<param name="parentfolder" value="$PARAM[prefix]" />
			</include>
			<include content="ItemArtTemplate">
				<param name="postfix" value="18" />
				<param name="parentfolder" value="$PARAM[prefix]" />
			</include>
			<include content="ItemArtTemplate">
				<param name="postfix" value="19" />
				<param name="parentfolder" value="$PARAM[prefix]" />
			</include>
			<include content="ItemArtTemplate">
				<param name="postfix" value="20" />
				<param name="parentfolder" value="$PARAM[prefix]" />
			</include>
			<include content="ItemArtTemplate">
				<param name="postfix" value="" />
				<param name="parentfolder" value="$PARAM[prefix]" />
				<param name="type" value="banner" />
			</include>
			<include content="ItemArtTemplate">
				<param name="postfix" value="" />
				<param name="parentfolder" value="$PARAM[prefix]" />
				<param name="type" value="clearart" />
			</include>
			<include content="ItemArtTemplate">
				<param name="postfix" value="1" />
				<param name="parentfolder" value="$PARAM[prefix]" />
				<param name="type" value="clearart" />
			</include>
			<include content="ItemArtTemplate">
				<param name="postfix" value="2" />
				<param name="parentfolder" value="$PARAM[prefix]" />
				<param name="type" value="clearart" />
			</include>
			<include content="ItemArtTemplate">
				<param name="postfix" value="3" />
				<param name="parentfolder" value="$PARAM[prefix]" />
				<param name="type" value="clearart" />
			</include>
			<include content="ItemArtTemplate">
				<param name="postfix" value="4" />
				<param name="parentfolder" value="$PARAM[prefix]" />
				<param name="type" value="clearart" />
			</include>
			<include content="ItemArtTemplate">
				<param name="postfix" value="5" />
				<param name="parentfolder" value="$PARAM[prefix]" />
				<param name="type" value="clearart" />
			</include>
			<include content="ItemArtTemplate">
				<param name="postfix" value="1" />
				<param name="parentfolder" value="$PARAM[prefix]" />
				<param name="type" value="characterart" />
			</include>
			<include content="ItemArtTemplate">
				<param name="postfix" value="2" />
				<param name="parentfolder" value="$PARAM[prefix]" />
				<param name="type" value="characterart" />
			</include>
			<include content="ItemArtTemplate">
				<param name="postfix" value="3" />
				<param name="parentfolder" value="$PARAM[prefix]" />
				<param name="type" value="characterart" />
			</include>
			<include content="ItemArtTemplate">
				<param name="postfix" value="4" />
				<param name="parentfolder" value="$PARAM[prefix]" />
				<param name="type" value="characterart" />
			</include>
			<include content="ItemArtTemplate">
				<param name="postfix" value="5" />
				<param name="parentfolder" value="$PARAM[prefix]" />
				<param name="type" value="characterart" />
			</include>
			<include content="ItemArtTemplate">
				<param name="postfix" value="1" />
				<param name="parentfolder" value="$PARAM[prefix]" />
				<param name="type" value="landscape" />
			</include>
			<include content="ItemArtTemplate">
				<param name="postfix" value="2" />
				<param name="parentfolder" value="$PARAM[prefix]" />
				<param name="type" value="landscape" />
			</include>
			<include content="ItemArtTemplate">
				<param name="postfix" value="3" />
				<param name="parentfolder" value="$PARAM[prefix]" />
				<param name="type" value="landscape" />
			</include>
			<include content="ItemArtTemplate">
				<param name="postfix" value="4" />
				<param name="parentfolder" value="$PARAM[prefix]" />
				<param name="type" value="landscape" />
			</include>
			<include content="ItemArtTemplate">
				<param name="postfix" value="5" />
				<param name="parentfolder" value="$PARAM[prefix]" />
				<param name="type" value="landscape" />
			</include>
			<include content="ItemArtTemplate">
				<param name="postfix" value="6" />
				<param name="parentfolder" value="$PARAM[prefix]" />
				<param name="type" value="landscape" />
			</include>
			<include content="ItemArtTemplate">
				<param name="postfix" value="7" />
				<param name="parentfolder" value="$PARAM[prefix]" />
				<param name="type" value="landscape" />
			</include>
			<include content="ItemArtTemplate">
				<param name="postfix" value="8" />
				<param name="parentfolder" value="$PARAM[prefix]" />
				<param name="type" value="landscape" />
			</include>
			<include content="ItemArtTemplate">
				<param name="postfix" value="9" />
				<param name="parentfolder" value="$PARAM[prefix]" />
				<param name="type" value="landscape" />
			</include>
			<include content="ItemArtTemplate">
				<param name="postfix" value="10" />
				<param name="parentfolder" value="$PARAM[prefix]" />
				<param name="type" value="landscape" />
			</include>
			<include content="ItemArtTemplate">
				<param name="postfix" value="11" />
				<param name="parentfolder" value="$PARAM[prefix]" />
				<param name="type" value="landscape" />
			</include>
			<include content="ItemArtTemplate">
				<param name="postfix" value="12" />
				<param name="parentfolder" value="$PARAM[prefix]" />
				<param name="type" value="landscape" />
			</include>
			<include content="ItemArtTemplate">
				<param name="postfix" value="13" />
				<param name="parentfolder" value="$PARAM[prefix]" />
				<param name="type" value="landscape" />
			</include>
			<include content="ItemArtTemplate">
				<param name="postfix" value="14" />
				<param name="parentfolder" value="$PARAM[prefix]" />
				<param name="type" value="landscape" />
			</include>
			<include content="ItemArtTemplate">
				<param name="postfix" value="15" />
				<param name="parentfolder" value="$PARAM[prefix]" />
				<param name="type" value="landscape" />
			</include>
			<include content="ItemArtTemplate">
				<param name="postfix" value="16" />
				<param name="parentfolder" value="$PARAM[prefix]" />
				<param name="type" value="landscape" />
			</include>
			<include content="ItemArtTemplate">
				<param name="postfix" value="17" />
				<param name="parentfolder" value="$PARAM[prefix]" />
				<param name="type" value="landscape" />
			</include>
			<include content="ItemArtTemplate">
				<param name="postfix" value="18" />
				<param name="parentfolder" value="$PARAM[prefix]" />
				<param name="type" value="landscape" />
			</include>
			<include content="ItemArtTemplate">
				<param name="postfix" value="19" />
				<param name="parentfolder" value="$PARAM[prefix]" />
				<param name="type" value="landscape" />
			</include>
			<include content="ItemArtTemplate">
				<param name="postfix" value="20" />
				<param name="parentfolder" value="$PARAM[prefix]" />
				<param name="type" value="landscape" />
			</include>
		</content>
		</definition>
	</include>
	
	get cond visibility based on content? e.g. albums 
	<include name="ItemArtTemplate">
		<param name="type" default="fanart" />
		<definition>
		<item>
			<label />
			<label2 />
			<visible>!String.IsEmpty(ListItem.Art($PARAM[parentfolder]$PARAM[type]$PARAM[postfix]))</visible>
			<icon>$INFO[ListItem.Art($PARAM[parentfolder]$PARAM[type]$PARAM[postfix])]</icon>
			<thumb>$INFO[ListItem.Art($PARAM[parentfolder]$PARAM[type]$PARAM[postfix])]</thumb>
		</item>
		</definition>
	</include>	
	
	<include name="panel_100">
		<control type="panel" id="100">
			<description>temp use hardcoded b/w</description>
			<top>$PARAM[top]</top>
			<height>100</height>
			<width>100%</width>
			<orientation>horizontal</orientation>
			<defaultcontrol always="true">0</defaultcontrol>
			<onright>noop</onright>
			<onleft>noop</onleft>
			<ondown>10052</ondown>
			<itemlayout height="100" width="220">
				<control type="group">
					<top>30</top>
					<width>185</width>
					<height>100</height>
					<control type="group">
						<height>62</height>
						<control type="image">
							<texture border="2" colordiffuse="white">frames/frame.png</texture>
						</control>
						<control type="label">
							<height>62</height>
							<align>center</align>
							<aligny>center</aligny>
							<font>font12</font>
							<textcolor>white</textcolor>
							<label>$INFO[ListItem.Label]</label>
						</control>
					</control>
				</control>
			</itemlayout>
			<focusedlayout height="100" width="220">
				<control type="group">
					<top>30</top>
					<width>185</width>
					<height>100</height>
					<control type="group">
						<height>62</height>
						<control type="image">
							<texture colordiffuse="white">colors/white.png</texture>
						</control>
						<control type="label">
							<height>62</height>
							<align>center</align>
							<aligny>center</aligny>
							<font>font12</font>
							<textcolor>black</textcolor>
							<label>$INFO[ListItem.Label]</label>
						</control>
					</control>
				</control>
			</focusedlayout>
			
			<nested />
		</control>
	</include>
	<include name="Ratings_Hor">
		<param name="texture" default="themoviedb" />
		<param name="rating" default="rating" />
		<param name="ratingpostfix" default="" />
		<definition>
			<include content="spacer_h">
				<param name="gap" value="10" />
			</include>
			<control type="image">
				<width>40</width>
				<texture colordiffuse="$VAR[color_lib_text_main]">flags/ratings/$PARAM[texture]_monochrome.png</texture>
				<aspectratio>keep</aspectratio>
				<visible>!String.IsEmpty(Container(10051).ListItem.$PARAM[rating])</visible>
			</control>
			<control type="label">
				<label>$INFO[Container(10051).ListItem.$PARAM[rating],,$PARAM[ratingpostfix]]</label>
				<width>auto</width>
				<font>font20_title</font>
				<textcolor>$VAR[color_lib_text_main]</textcolor>
				<visible>!String.IsEmpty(Container(10051).ListItem.$PARAM[rating])</visible>
			</control>
		</definition>
	</include>
	
	<variable name="Img_Rotten">
		<value condition="!Integer.IsGreaterOrEqual(Container(10051).ListItem.Property(rating.rotten),60)">critics_rotten_rotten</value>
		<value condition="Integer.IsGreaterOrEqual(Container(10051).ListItem.Property(rating.rotten),60)">critics_rotten_fresh</value>
	</variable>
	<variable name="EmbInfo_ContentHeader">
		<value condition="!String.IsEqual(Container(10051).ListItem.DBType,season)">$ADDON[script.embuary.info 32018]</value>
		<value condition="String.IsEqual(Container(10051).ListItem.DBType,season)">$ADDON[script.embuary.info 32039]</value>
	</variable>
	<!--
	<animation type="conditional" condition="Control.HasFocus($PARAM[id])" reversible="false">
		<effect type="zoom" end="115,115" time="250" tween="sine" easing="out" center="110,0" />
		<effect type="zoom" end="91,91" time="150" tween="sine" delay="250" easing="out" center="110,0" />
	</animation>
	<animation type="conditional" condition="!Control.HasFocus($PARAM[id])" reversible="false">
		<effect type="zoom" end="91,91" time="150" tween="sine" easing="out" center="100,0" />
	</animation>
	-->
				
	<include name="EmbInfo_ContentContainer">
		<param name="groupheight" default="520" />
		<param name="layout" default="poster" />
		<param name="tags_visible" default="true" />
		<param name="type_height" default="455" />
		<param name="layout_height" default="455" />
		<param name="layout_width" default="257" />
		<param name="itemwidth" default="241" />
		<param name="itemheight" default="361" />
		<param name="left" default="65" />
		<param name="load_studiocontent" default="false" />
		<param name="aspectratio" default="scale" />
		<param name="visible" default="true" />
		<definition>
		<control type="group">
			<visible>Integer.IsGreater(Container($PARAM[id]).NumItems,0) | Container($PARAM[id]).IsUpdating</visible>
			<visible>Control.IsVisible($PARAM[id])</visible>
			
			<right>0</right>
			<height>$PARAM[groupheight]</height>
			<left>$PARAM[left]</left>
			
			<include content="Universal_ContainerHeader">
				<param name="id" value="$PARAM[id]" />
				<param name="top" value="0" />
				<param name="label" value="$PARAM[header]" />
			</include>
				
			<include content="Universal_Container">
				<param name="id" value="$PARAM[id]" />
				<param name="type_height" value="$PARAM[type_height]" />
				<param name="type_pos_top" value="70" />
				<param name="tags_visible" value="$PARAM[tags_visible]" />
				<param name="visible" value="$PARAM[visible]" />
				<param name="layout_height" value="$PARAM[layout_height]" />
				<param name="layout_width" value="$PARAM[layout_width]" />
				<param name="itemwidth" value="$PARAM[itemwidth]" />
				<param name="itemheight" value="$PARAM[itemheight]" />
				<param name="layout" value="$PARAM[layout]" />
				<param name="forced_aspectratio" value="$PARAM[aspectratio]" />
				
				<ondown>$PARAM[ondown]</ondown>
				<onup>$PARAM[onup]</onup>
				
				<include condition="$PARAM[load_studiocontent]" content="embinfo_static_container" />
			</include>
			
			
		</control>
		</definition>
	</include>
	<include name="embinfo_static_container">
		<content>
			<include content="embinfo_staticitem_template">
				<param name="listitem" value="studio" /> 
				<param name="absolutevalue" value="0" />
			</include>
			<include condition="!String.IsEmpty(Container(10051).ListItem.Property(studio.1))"  content="embinfo_staticitem_template">
				<param name="listitem" value="studio" /> 
				<param name="absolutevalue" value="1" /> 
			</include>
			<include condition="!String.IsEmpty(Container(10051).ListItem.Property(studio.2))"  content="embinfo_staticitem_template">
				<param name="listitem" value="studio" /> 
				<param name="absolutevalue" value="2" /> 
			</include>
			<include condition="!String.IsEmpty(Container(10051).ListItem.Property(studio.3))"  content="embinfo_staticitem_template">
				<param name="listitem" value="studio" /> 
				<param name="absolutevalue" value="3" /> 
			</include>
			<include condition="!String.IsEmpty(Container(10051).ListItem.Property(studio.4))"  content="embinfo_staticitem_template">
				<param name="listitem" value="studio" /> 
				<param name="absolutevalue" value="4" /> 
			</include>
			<include condition="!String.IsEmpty(Container(10051).ListItem.Property(studio.5))"  content="embinfo_staticitem_template">
				<param name="listitem" value="studio" /> 
				<param name="absolutevalue" value="5" /> 
			</include>
			<include condition="!String.IsEmpty(Container(10051).ListItem.Property(network.0))"  content="embinfo_staticitem_template">
				<param name="listitem" value="network" /> 
				<param name="absolutevalue" value="0" /> 
			</include>
			<include condition="!String.IsEmpty(Container(10051).ListItem.Property(network.1))"  content="embinfo_staticitem_template">
				<param name="listitem" value="network" /> 
				<param name="absolutevalue" value="1" /> 
			</include>
			<include condition="!String.IsEmpty(Container(10051).ListItem.Property(network.2))"  content="embinfo_staticitem_template">
				<param name="listitem" value="network" /> 
				<param name="absolutevalue" value="2" /> 
			</include>
			<include condition="!String.IsEmpty(Container(10051).ListItem.Property(network.3))"  content="embinfo_staticitem_template">
				<param name="listitem" value="network" /> 
				<param name="absolutevalue" value="3" /> 
			</include>
			<include condition="!String.IsEmpty(Container(10051).ListItem.Property(network.4))"  content="embinfo_staticitem_template">
				<param name="listitem" value="network" /> 
				<param name="absolutevalue" value="4" /> 
			</include>
			<include condition="!String.IsEmpty(Container(10051).ListItem.Property(network.5))"  content="embinfo_staticitem_template">
				<param name="listitem" value="network" /> 
				<param name="absolutevalue" value="5" /> 
			</include>
		</content>
	</include>
   	<!-- false positive ???
	<content>
			<include condition="!String.IsEmpty(Container(10051).ListItem.Property(studio.0))" content="embinfo_staticitem_template">
				<param name="listitem" value="studio" /> 
				<param name="absolutevalue" value="0" />
			</include>
			<include condition="!String.IsEmpty(Container(10051).ListItem.Property(studio.1))"  content="embinfo_staticitem_template">
				<param name="listitem" value="studio" /> 
				<param name="absolutevalue" value="1" /> 
			</include>
			<include condition="!String.IsEmpty(Container(10051).ListItem.Property(studio.2))"  content="embinfo_staticitem_template">
				<param name="listitem" value="studio" /> 
				<param name="absolutevalue" value="2" /> 
			</include>
			<include condition="!String.IsEmpty(Container(10051).ListItem.Property(studio.3))"  content="embinfo_staticitem_template">
				<param name="listitem" value="studio" /> 
				<param name="absolutevalue" value="3" /> 
			</include>
			<include condition="!String.IsEmpty(Container(10051).ListItem.Property(studio.4))"  content="embinfo_staticitem_template">
				<param name="listitem" value="studio" /> 
				<param name="absolutevalue" value="4" /> 
			</include>
			<include condition="!String.IsEmpty(Container(10051).ListItem.Property(studio.5))"  content="embinfo_staticitem_template">
				<param name="listitem" value="studio" /> 
				<param name="absolutevalue" value="5" /> 
			</include>
			<include condition="!String.IsEmpty(Container(10051).ListItem.Property(network.0))"  content="embinfo_staticitem_template">
				<param name="listitem" value="network" /> 
				<param name="absolutevalue" value="0" /> 
			</include>
			<include condition="!String.IsEmpty(Container(10051).ListItem.Property(network.1))"  content="embinfo_staticitem_template">
				<param name="listitem" value="network" /> 
				<param name="absolutevalue" value="1" /> 
			</include>
			<include condition="!String.IsEmpty(Container(10051).ListItem.Property(network.2))"  content="embinfo_staticitem_template">
				<param name="listitem" value="network" /> 
				<param name="absolutevalue" value="2" /> 
			</include>
			<include condition="!String.IsEmpty(Container(10051).ListItem.Property(network.3))"  content="embinfo_staticitem_template">
				<param name="listitem" value="network" /> 
				<param name="absolutevalue" value="3" /> 
			</include>
			<include condition="!String.IsEmpty(Container(10051).ListItem.Property(network.4))"  content="embinfo_staticitem_template">
				<param name="listitem" value="network" /> 
				<param name="absolutevalue" value="4" /> 
			</include>
			<include condition="!String.IsEmpty(Container(10051).ListItem.Property(network.5))"  content="embinfo_staticitem_template">
				<param name="listitem" value="network" /> 
				<param name="absolutevalue" value="5" /> 
			</include>
		</content>
		-->
	<!--
	<icon>$INFO[Container(10051).ListItem.Property($PARAM[listitem].$PARAM[absolutevalue]),resource://resource.images.studios.white/,.png]</icon>
	<thumb>$INFO[Container(10051).ListItem.Property($PARAM[listitem].icon.$PARAM[absolutevalue])]</thumb>
	visible cond not workin , no idea why
	<visible>!String.IsEmpty(Container(10051).ListItem.Property($PARAM[listitem].$PARAM[absolutevalue]))</visible>
	
	<onclick>Dialog.Close(all,true)</onclick>
	<onclick condition="">Activate.Window(Videos)Close(all,true)</onclick>
	
	-->
	<include name="embinfo_staticitem_template">
		<item>
			<label>$INFO[Container(10051).ListItem.Property($PARAM[listitem].$PARAM[absolutevalue])]</label>
			<label2 />
			<thumb></thumb>
			<icon>$INFO[Container(10051).ListItem.Property($PARAM[listitem].icon.$PARAM[absolutevalue])]</icon>
		</item>
   </include>
   
	<include name="EmbInfo_Onunload">
		<onunload condition="!String.IsEmpty(Window(home).Property(CastMemberTumb))">ClearProperty(CastMemberTumb,home)</onunload>
		<onunload condition="!String.IsEmpty(Window(home).Property(CastMemberLabel))">ClearProperty(CastMemberLabel,home)</onunload>
		<onload>SetProperty(onnext,SetFocus(100))</onload>
		<onload>SetProperty(onback_10052,SetFocus(100))</onload>
		<onload>SetProperty(onback_10053,SetFocus(100))</onload>
		<onload>SetProperty(onback_10054,SetFocus(100))</onload>
		<onload>SetProperty(onback_10055,SetFocus(100))</onload>
		<onload>SetProperty(onback_10056,SetFocus(100))</onload>
		<onload>SetProperty(onback_10057,SetFocus(100))</onload>
		<onload>SetProperty(onback_10058,SetFocus(100))</onload>
		<onload>SetProperty(onback_10059,SetFocus(100))</onload>
	</include>
	
	<include name="EmbInfo_Logo">
		<control type="image">
			<top>$PARAM[top]</top>
			<right>0</right>
			<width>335</width>
			<height>120</height>
			<texture colordiffuse="$VAR[color_lib_accent]">buttons/embuaryinfo.png</texture>
			<aspectratio align="left">keep</aspectratio>
		</control>
	</include>
	<include name="EmbInfo_Facts">
		<control type="grouplist">
			<top>90</top>
			<width>320</width>
			<right>0</right>
			<height>640</height>
			<itemgap>5</itemgap>
			<orientation>vertical</orientation>
			<aligny>top</aligny>
			
			<include content="EmbInfo_FactTemplate">
				<param name="info" value="Property(Gender)" />
				<param name="headline" value="$LOCALIZE[39025]" />
			</include>
			<include content="EmbInfo_FactTemplate">
				<param name="info" value="Property(Known_For_Department)" />
				<param name="headline" value="$ADDON[script.embuary.info 32017]" />
			</include>
			<include content="EmbInfo_FactTemplate">
				<param name="info" value="Property(age)" />
				<param name="headline" value="$ADDON[script.embuary.info 32006]" />
			</include>
			<include content="EmbInfo_FactTemplate">
				<param name="info" value="Property(birthday)" />
				<param name="headline" value="$LOCALIZE[21893]" />
			</include>
			<include content="EmbInfo_FactTemplate">
				<param name="info" value="Property(deathday)" />
				<param name="headline" value="$LOCALIZE[21897]" />
			</include>
			<include content="EmbInfo_FactTemplate">
				<param name="info" value="Property(Place_Of_Birth)" />
				<param name="headline" value="$ADDON[script.embuary.info 32007]" />
			</include>
			<include content="EmbInfo_FactTemplate">
				<param name="info" value="Premiered" />
				<param name="headline" value="$ADDON[script.embuary.info 32011]" />
			</include>
			<include content="EmbInfo_FactTemplate">
				<param name="info" value="Property(release)" />
				<param name="headline" value="$ADDON[script.embuary.info 32012]" />
			</include>
			<include content="EmbInfo_FactTemplate">
				<param name="info" value="Property(Budget)" />
				<param name="headline" value="$ADDON[script.embuary.info 32013]" />
			</include>
			<include content="EmbInfo_FactTemplate">
				<param name="info" value="Property(Revenue)" />
				<param name="headline" value="$ADDON[script.embuary.info 32014]" />
			</include>
			<include content="EmbInfo_FactTemplate">
				<param name="height" value="140" />
				<param name="info" value="Property(Awards)" />
				<param name="headline" value="$ADDON[script.embuary.info 32015]" />
			</include>
		</control>
	</include>
	<include name="EmbInfo_FactTemplate">
		<param name="height" default="70" />
		<definition>
			<control type="label">
				<height>$PARAM[height]</height>
				<font>font12_lowline</font>
				<textcolor>$VAR[color_lib_text_main]</textcolor>
				<scroll>false</scroll>
				<wrapmultiline>true</wrapmultiline>
				<align>left</align>
				<aligny>top</aligny>
				<label>[COLOR $VAR[color_lib_accent]]$PARAM[headline]:[/COLOR][CR]$INFO[Container(10051).ListItem.$PARAM[info]]</label>
				<visible>!String.IsEmpty(Container(10051).ListItem.$PARAM[info])</visible>
			</control>
		</definition>
	</include>
	
	<variable name="videoinfo_cast_container_id">
		<value condition="Control.IsVisible(8603)">$INFO[Container(8603).ListItem.Label]</value>
		<value condition="!Control.IsVisible(8603) + Control.IsVisible(50)">$INFO[Container(50).ListItem.Label]</value>
	</variable>
	
	<variable name="videoinfo_ost_lookup">
		<value condition="Library.HasContent(music)">musicdb://albums/?xsp=%7B%22rules%22%3A%7B%22and%22%3A%5B%7B%22field%22%3A%22album%22%2C%22operator%22%3A%22contains%22%2C%22value%22%3A%5B%22$INFO[Window(home).Property(EncodedTitle)]%22%5D%7D%2C%7B%22field%22%3A%22type%22%2C%22operator%22%3A%22contains%22%2C%22value%22%3A%5B%22soundtrack%22%5D%7D%5D%7D%2C%22type%22%3A%22albums%22%7D</value>
	</variable>
	
	<variable name="videoinfo_cast_container_id">
		<value condition="Control.IsVisible(8603)">$INFO[Container(8603).ListItem.Label]</value>
		<value condition="!Control.IsVisible(8603) + Control.IsVisible(50)">$INFO[Container(50).ListItem.Label]</value>
	</variable>
	
	
</includes>