<?xml version="1.0" encoding="UTF-8"?>
<includes>
	
	<include name="1103_Content_SwanWidgetShortcuts">
		
		<control type="label" id="10">
			<height>60</height>
			<label>1212</label>
			<font>font30_title</font>
		</control>
		<control type="button" id="11">
			<visible>Library.HasContent(video)</visible>
			<onclick>Dialog.Close(1103)</onclick>
			<onclick>SetProperty(ShortcutPlaylistContent,video,home)</onclick>
			<onclick>ActivateWindow(selectdialog)</onclick>
			<label>$LOCALIZE[20012]</label>
		</control>
		<include content="SwanShortcuts_SetTargetAndPath_CommonButton">
			<param name="visible" value="Library.HasContent(movies)" />
			<param name="id" value="12" />
			<param name="label" value="$LOCALIZE[342]" />
			<param name="target" value="videos" />
			<param name="path" value="Videos,videodb://movies/" />
		</include>
		<include content="SwanShortcuts_SetTargetAndPath_CommonButton">
			<param name="visible" value="Library.HasContent(tvshows)" />
			<param name="id" value="13" />
			<param name="label" value="$LOCALIZE[20343]" />
			<param name="target" value="videos" />
			<param name="path" value="Videos,videodb://tvshows/" />
		</include>
		<include content="SwanShortcuts_SetTargetAndPath_CommonButton">
			<param name="visible" value="Library.HasContent(musicvideos)" />
			<param name="id" value="14" />
			<param name="label" value="$LOCALIZE[20389]" />
			<param name="target" value="videos" />
			<param name="path" value="Videos,videodb://musicvideos/ " />
		</include>
		<include content="SwanShortcuts_SetTargetAndPath_CommonButton">
			<param name="id" value="15" />
			<param name="label" value="$LOCALIZE[1037]" />
			<param name="target" value="videos" />
			<param name="path" value="Videos,addons://sources/video/" />
		</include>
		<include content="SwanShortcuts_SetTargetAndPath_CommonButton">
			<param name="visible" value="Library.HasContent(movies)" />
			<param name="id" value="16" />
			<param name="label" value="$LOCALIZE[24005] ( $LOCALIZE[14215] )" />
			<param name="target" value="videos" />
			<param name="path" value="Videos,sources://video/" />
		</include>
		
		<control type="label" id="20">
			<height>60</height>
			<label>1211</label>
			<font>font30_title</font>
		</control>
		<control type="button" id="21">
			<visible>Library.HasContent(Music)</visible>
			<onclick>Dialog.Close(1103)</onclick>
			<visible>String.IsEqual(Window(home).Property(SetShortcutInProgress),mainmenu)</visible>
			<onclick>Skin.Reset(mainmenuitem$INFO[Window(home).Property(shortcutitem_nr)]_path)</onclick>
			<onclick>Skin.Reset(mainmenuitem$INFO[Window(home).Property(shortcutitem_nr)]_executebuiltin)</onclick>
			
			<onclick>Skin.SetString(mainmenuitem$INFO[Window(home).Property(shortcutitem_nr)]_target,1110)</onclick>
			<onclick>Skin.SetString(mainmenuitem$INFO[Window(home).Property(shortcutitem_nr)]_name,Music HUB)</onclick>
			<onclick>Skin.SetString(mainmenuitem$INFO[Window(home).Property(shortcutitem_nr)]_thumb,defaultaddonaudiodecoder.png)</onclick>
			
			<onclick condition="!String.IsEmpty(Window(home).Property(shortcutitem_nr))">ClearProperty(shortcutitem_nr,home)</onclick>
			<onclick condition="!String.IsEmpty(Window(home).Property(SetShortcutInProgress))">ClearProperty(SetShortcutInProgress,home)</onclick>
			<label>Music HUB</label>
		</control>
		
		<control type="button" id="22">
			<visible>Library.HasContent(Music)</visible>
			<description>Set target Template, action window and action set string direct e.g. plailist?xsp path</description>
			<onclick>Dialog.Close(1103)</onclick>
			<onclick>SetProperty(ShortcutPlaylistContent,music,home)</onclick>
			<onclick>ActivateWindow(selectdialog)</onclick>
			<label>$LOCALIZE[20011]</label>
		</control>
		<include content="SwanShortcuts_SetTargetAndPath_CommonButton">
			<param name="visible" value="Library.HasContent(Music)" />
			<param name="id" value="23" />
			<param name="label" value="$LOCALIZE[249]" />
			<param name="target" value="music" />
			<param name="path" value="Music,library://music/" />
		</include>
		<include content="SwanShortcuts_SetTargetAndPath_CommonButton">
			
			<param name="id" value="24" />
			<param name="label" value="$LOCALIZE[1038]" />
			<param name="target" value="music" />
			<param name="path" value="Music,addons://sources/audio/" />
		</include>
		<include content="SwanShortcuts_SetTargetAndPath_CommonButton">
			<param name="visible" value="Library.HasContent(Music)" />
			<param name="id" value="25" />
			<param name="label" value="$LOCALIZE[24005] ( $LOCALIZE[10502] )" />
			<param name="target" value="music" />
			<param name="path" value="Music,sources://music/" />
		</include>
		
		<control type="label" id="30">
			<height>60</height>
			<label>$LOCALIZE[14204]</label>
			<font>font30_title</font>
		</control>
		<!-- go to:  mypvrrecordings.xml tv
		<include content="SwanShortcuts_SetTargetAndPath_CommonButton" description="TVRecordings,pvr://recordings/tv/active/$INFO[SkinString(NEEDSKINSTRINGSTOREDDIRECTORYBEFORE)]/">
			<param name="id" value="31" />
			<param name="visible" value="System.HasPVRAddon" />
			<param name="label" value="PVR TV Recordings" />
			<param name="target" value="tvrecordings" />
			<param name="path" value="TVRecordings,pvr://recordings/tv/active?view=flat" />
		</include>
		-->
		<!-- go to:  mypvrchannels.xml tv-->
		<include content="SwanShortcuts_SetTargetAndPath_CommonButton">
			<param name="id" value="32" />
			<param name="visible" value="System.HasPVRAddon" />
			<param name="label" value="$LOCALIZE[19180]" />
			<param name="target" value="tvchannels" />
			<param name="path" value="TVChannels,pvr://channels/tv/" />
		</include>
		<!-- go to:  mypvrrecordings.xml radio
		<include content="SwanShortcuts_SetTargetAndPath_CommonButton">
			<param name="id" value="33" />
			<param name="visible" value="System.HasPVRAddon" />
			<param name="label" value="PVR Radio Recordings" />
			<param name="target" value="tvrecordings" />
			<param name="path" value="TVRecordings,pvr://recordings/radio/active?view=flat" />
		</include>
		-->
		<!-- go to:  mypvrchannels.xml radio-->
		<include content="SwanShortcuts_SetTargetAndPath_CommonButton">
			<param name="id" value="34" />
			<param name="visible" value="System.HasPVRAddon" />
			<param name="label" value="$LOCALIZE[19183]" />
			<param name="target" value="radiochannels" />
			<param name="path" value="RadioChannels,pvr://channels/radio/" />
		</include>
		
		<control type="label" id="40">
			<height>60</height>
			<label>1</label>
			<font>font30_title</font>
		</control>
		<include content="SwanShortcuts_SetTargetAndPath_CommonButton">
			<param name="id" value="41" />
			<param name="label" value="$LOCALIZE[1]" />
			<param name="target" value="pictures" />
			<param name="path" value="pictures,pictures://" />
		</include>
		
		<control type="label" id="50">
			<height>60</height>
			<label>21459</label>
			<font>font30_title</font>
		</control>
		<control type="button" id="51">
			<onclick>Dialog.Close(1103)</onclick>
			<visible>String.IsEqual(Window(home).Property(SetShortcutInProgress),mainmenu)</visible>
			<onclick>Skin.Reset(mainmenuitem$INFO[Window(home).Property(shortcutitem_nr)]_path)</onclick>
			<onclick>Skin.Reset(mainmenuitem$INFO[Window(home).Property(shortcutitem_nr)]_executebuiltin)</onclick>
			
			<onclick>Skin.SetString(mainmenuitem$INFO[Window(home).Property(shortcutitem_nr)]_target,settings)</onclick>
			<onclick>Skin.SetString(mainmenuitem$INFO[Window(home).Property(shortcutitem_nr)]_name,$LOCALIZE[10004])</onclick>
			<onclick>Skin.SetString(mainmenuitem$INFO[Window(home).Property(shortcutitem_nr)]_thumb,icons/swanwidgets.png)</onclick>
			<onclick condition="!String.IsEmpty(Window(home).Property(shortcutitem_nr))">ClearProperty(shortcutitem_nr,home)</onclick>
			<onclick condition="!String.IsEmpty(Window(home).Property(SetShortcutInProgress))">ClearProperty(SetShortcutInProgress,home)</onclick>
			<label>$LOCALIZE[10004]</label>
		</control>
		<control type="button" id="52">
			<onclick>Dialog.Close(1103)</onclick>
			<visible>String.IsEqual(Window(home).Property(SetShortcutInProgress),mainmenu)</visible>
			<onclick>Skin.Reset(mainmenuitem$INFO[Window(home).Property(shortcutitem_nr)]_path)</onclick>
			<onclick>Skin.Reset(mainmenuitem$INFO[Window(home).Property(shortcutitem_nr)]_executebuiltin)</onclick>
			
			<onclick>Skin.SetString(mainmenuitem$INFO[Window(home).Property(shortcutitem_nr)]_target,skinsettings)</onclick>
			<onclick>Skin.SetString(mainmenuitem$INFO[Window(home).Property(shortcutitem_nr)]_name,$LOCALIZE[10035])</onclick>
			<onclick>Skin.SetString(mainmenuitem$INFO[Window(home).Property(shortcutitem_nr)]_thumb,icons/skinsettings)</onclick>
			
			<onclick condition="!String.IsEmpty(Window(home).Property(shortcutitem_nr))">ClearProperty(shortcutitem_nr,home)</onclick>
			<onclick condition="!String.IsEmpty(Window(home).Property(SetShortcutInProgress))">ClearProperty(SetShortcutInProgress,home)</onclick>
			<label>$LOCALIZE[10035]</label>
		</control>
		
		<control type="button" id="53">
			<onclick>Dialog.Close(1103)</onclick>
			
			<onclick condition="String.IsEqual(Window(home).Property(SetShortcutInProgress),mainmenu)">Skin.Reset(mainmenuitem$INFO[Window(home).Property(shortcutitem_nr)]_executebuiltin)</onclick>
			<onclick condition="String.IsEqual(Window(home).Property(SetShortcutInProgress),mainmenu)">Skin.Reset(mainmenuitem$INFO[Window(home).Property(shortcutitem_nr)]_path)</onclick>
			<onclick condition="String.IsEqual(Window(home).Property(SetShortcutInProgress),mainmenu)">Skin.Reset(mainmenuitem$INFO[Window(home).Property(shortcutitem_nr)]_fanart)</onclick>
			<onclick condition="String.IsEqual(Window(home).Property(SetShortcutInProgress),mainmenu)">Skin.SetString(mainmenuitem$INFO[Window(home).Property(shortcutitem_nr)]_target,favourites)</onclick>
			<onclick condition="String.IsEqual(Window(home).Property(SetShortcutInProgress),mainmenu)">Skin.SetString(mainmenuitem$INFO[Window(home).Property(shortcutitem_nr)]_name,$LOCALIZE[1036])</onclick>
			<onclick condition="String.IsEqual(Window(home).Property(SetShortcutInProgress),mainmenu)">Skin.SetString(mainmenuitem$INFO[Window(home).Property(shortcutitem_nr)]_thumb,special://skin/extras/tempfoldersqaurethumbs/favourites_1.png)</onclick>
			
			<onclick condition="String.IsEqual(Window(home).Property(SetShortcutInProgress),widget)">Skin.Reset(userwidget$INFO[Window(home).Property(shortcutitem_nr)]_target)</onclick>
			<onclick condition="String.IsEqual(Window(home).Property(SetShortcutInProgress),widget)">Skin.Reset(userwidget$INFO[Window(home).Property(shortcutitem_nr)]_limit)</onclick>
			<onclick condition="String.IsEqual(Window(home).Property(SetShortcutInProgress),widget)">Skin.Reset(userwidget$INFO[Window(home).Property(shortcutitem_nr)]_sortorder)</onclick>
			<onclick condition="String.IsEqual(Window(home).Property(SetShortcutInProgress),widget)">Skin.Reset(userwidget$INFO[Window(home).Property(shortcutitem_nr)]_sortorder.label)</onclick>
			<onclick condition="String.IsEqual(Window(home).Property(SetShortcutInProgress),widget)">Skin.Reset(userwidget$INFO[Window(home).Property(shortcutitem_nr)]_sortby)</onclick>
			<onclick condition="String.IsEqual(Window(home).Property(SetShortcutInProgress),widget)">Skin.Reset(userwidget$INFO[Window(home).Property(shortcutitem_nr)]_sortby.label)</onclick>
			<onclick condition="String.IsEqual(Window(home).Property(SetShortcutInProgress),widget)">Skin.SetString(userwidget$INFO[Window(home).Property(shortcutitem_nr)]_path,favourites://)</onclick>
			<onclick condition="String.IsEqual(Window(home).Property(SetShortcutInProgress),widget)">Skin.SetString(userwidget$INFO[Window(home).Property(shortcutitem_nr)]_name,$LOCALIZE[1036])</onclick>
			<onclick condition="String.IsEqual(Window(home).Property(SetShortcutInProgress),widget)">Skin.SetString(userwidget$INFO[Window(home).Property(shortcutitem_nr)]_layout,landscape)</onclick>
			<onclick condition="String.IsEqual(Window(home).Property(SetShortcutInProgress),widget)">Skin.SetString(userwidget$INFO[Window(home).Property(shortcutitem_nr)]_layout.label,landscape)</onclick>
			
			<onclick condition="!String.IsEmpty(Window(home).Property(SetShortcutInProgress))">ClearProperty(SetShortcutInProgress,home)</onclick>
			
			<label>$LOCALIZE[1036]</label>
		</control>
		
		<!-- weather  may need static items ??? for widgets - usi include content conditions for static later ?-->
		<control type="button" id="54">
			<description>for widgets use hidden list ? static item and use container folderpath? or static content with include conditions or fetch container via activate window -fetch path store to prop - close </description>
			<onclick>Dialog.Close(1103)</onclick>
			<visible>false</visible>
			
			<!-- <visible>String.IsEqual(Window(home).Property(SetShortcutInProgress),mainmenu)</visible> -->
			
			<onclick>Skin.Reset(mainmenuitem$INFO[Window(home).Property(shortcutitem_nr)]_executebuiltin)</onclick>
			<onclick>Skin.Reset(mainmenuitem$INFO[Window(home).Property(shortcutitem_nr)]_path)</onclick>
			
			<onclick>Skin.SetString(mainmenuitem$INFO[Window(home).Property(shortcutitem_nr)]_target,weather)</onclick>
			<onclick>Skin.SetString(mainmenuitem$INFO[Window(home).Property(shortcutitem_nr)]_name,$LOCALIZE[12600])</onclick>
			<onclick>Skin.SetString(mainmenuitem$INFO[Window(home).Property(shortcutitem_nr)]_thumb,special://skin/extras/tempfoldersqaurethumbs/weather.png)</onclick>
			<onclick condition="!String.IsEmpty(Window(home).Property(shortcutitem_nr))">ClearProperty(shortcutitem_nr,home)</onclick>
			<onclick condition="!String.IsEmpty(Window(home).Property(SetShortcutInProgress))">ClearProperty(SetShortcutInProgress,home)</onclick>
			<label>$LOCALIZE[12600]</label>
		</control>
		
		<!--
		<control type="button" id="55">
			<onclick>Dialog.Close(1103)</onclick>
			<visible>String.IsEqual(Window(home).Property(SetShortcutInProgress),mainmenu)</visible>
			<onclick>Skin.SetString(mainmenuitem$INFO[Window(home).Property(shortcutitem_nr)]_path,1125)</onclick>
			<onclick>Skin.SetString(mainmenuitem$INFO[Window(home).Property(shortcutitem_nr)]_name, X S P)</onclick>
			<onclick>Skin.SetString(mainmenuitem$INFO[Window(home).Property(shortcutitem_nr)]_thumb,icons/swanwidgets.png)</onclick>
			<onclick>Skin.Reset(mainmenuitem$INFO[Window(home).Property(shortcutitem_nr)]_target)</onclick>
			<onclick condition="!String.IsEmpty(Window(home).Property(shortcutitem_nr))">ClearProperty(shortcutitem_nr,home)</onclick>
			<onclick condition="!String.IsEmpty(Window(home).Property(SetShortcutInProgress))">ClearProperty(SetShortcutInProgress,home)</onclick>
			<label>$LOCALIZE[10004]</label>
		</control>
		-->
		<!-- search -->
		<control type="button" id="56">
			<onclick>Dialog.Close(1103)</onclick>
			<visible>String.IsEqual(Window(home).Property(SetShortcutInProgress),mainmenu)</visible>
			<onclick>Skin.Reset(mainmenuitem$INFO[Window(home).Property(shortcutitem_nr)]_executebuiltin)</onclick>
			<onclick>Skin.Reset(mainmenuitem$INFO[Window(home).Property(shortcutitem_nr)]_path)</onclick>
			<onclick>Skin.SetString(mainmenuitem$INFO[Window(home).Property(shortcutitem_nr)]_target,1120)</onclick>
			<onclick>Skin.SetString(mainmenuitem$INFO[Window(home).Property(shortcutitem_nr)]_name,$LOCALIZE[137])</onclick>
			<onclick>Skin.SetString(mainmenuitem$INFO[Window(home).Property(shortcutitem_nr)]_thumb,special://skin/extras/tempfoldersqaurethumbs/search.png)</onclick>
			<onclick condition="!String.IsEmpty(Window(home).Property(shortcutitem_nr))">ClearProperty(shortcutitem_nr,home)</onclick>
			<onclick condition="!String.IsEmpty(Window(home).Property(SetShortcutInProgress))">ClearProperty(SetShortcutInProgress,home)</onclick>
			<label>$LOCALIZE[137]</label>
		</control>
		<control type="label" id="61">
			<height>60</height>
			<label>24001</label>
			<font>font30_title</font>
		</control>
		<include content="SwanShortcuts_SetTargetAndPath_CommonButton">
			<param name="id" value="62" />
			<param name="label" value="$LOCALIZE[24998]" />
			<param name="target" value="addonBrowser" />
			<param name="path" value="AddonBrowser,addons://user/" />
		</include>
		<include content="SwanShortcuts_SetTargetAndPath_CommonButton">
			<param name="id" value="63" />
			<param name="visible" value="System.Platform.Android" />
			<param name="label" value="$LOCALIZE[20244]" />
			<param name="target" value="programs" />
			<param name="path" value="Programs,androidapp://sources/apps/" />
		</include>
		<include content="SwanShortcuts_SetTargetAndPath_CommonButton">
			<param name="id" value="64" />
			<param name="label" value="$LOCALIZE[1043]" />
			<param name="target" value="programs" />
			<param name="path" value="Programs,addons://sources/executable/" />
		</include>
		
		<control type="label" id="71">
			<description>set direct or use selectdialog ?</description>
			<height>60</height>
			<label>CUSTOM [I]( a d v a n c e d)[/I]</label>
			<font>font30_title</font>
		</control>
		<control type="button" id="72">
			<label>set target   </label>
			<label2>https://kodi.wiki/view/Opening_Windows_and_Dialogs | https://kodi.wiki/view/Window_IDs</label2>
			<onclick condition="String.IsEqual(Window(home).Property(SetShortcutInProgress),mainmenu)">Skin.Reset(mainmenuitem$INFO[Window(home).Property(shortcutitem_nr)]_executebuiltin)</onclick>
			<onclick condition="String.IsEqual(Window(home).Property(SetShortcutInProgress),mainmenu)">Skin.Reset(mainmenuitem$INFO[Window(home).Property(shortcutitem_nr)]_path)</onclick>
			<onclick condition="String.IsEqual(Window(home).Property(SetShortcutInProgress),mainmenu)">Skin.SetString(mainmenuitem$INFO[Window(home).Property(shortcutitem_nr)]_target)</onclick>
			<onclick condition="String.IsEqual(Window(home).Property(SetShortcutInProgress),widget)">Skin.SetString(userwidget$INFO[Window(home).Property(shortcutitem_nr)]_target)</onclick>
		</control>
		<control type="button" id="73">
			<label>set path   </label>
			<label2>https://kodi.wiki/view/Opening_Windows_and_Dialogs</label2>
			<onclick condition="String.IsEqual(Window(home).Property(SetShortcutInProgress),mainmenu)">Skin.Reset(mainmenuitem$INFO[Window(home).Property(shortcutitem_nr)]_executebuiltin)</onclick>
			<onclick condition="String.IsEqual(Window(home).Property(SetShortcutInProgress),mainmenu)">Skin.SetString(mainmenuitem$INFO[Window(home).Property(shortcutitem_nr)]_path)</onclick>
			<onclick condition="String.IsEqual(Window(home).Property(SetShortcutInProgress),widget)">Skin.SetString(userwidget$INFO[Window(home).Property(shortcutitem_nr)]_path)</onclick>
		</control>
		<control type="button" id="74">
			<visible>String.IsEqual(Window(home).Property(SetShortcutInProgress),mainmenu)</visible>
			<label>use executebuiltin</label>
			<label2>https://kodi.wiki/view/List_of_built-in_functions</label2>
			<onclick>Skin.Reset(mainmenuitem$INFO[Window(home).Property(shortcutitem_nr)]_target)</onclick>
			<onclick>Skin.Reset(mainmenuitem$INFO[Window(home).Property(shortcutitem_nr)]_path)</onclick>
			<onclick>Skin.SetString(mainmenuitem$INFO[Window(home).Property(shortcutitem_nr)]_executebuiltin)</onclick>
		</control>
	</include>
	
	<include name="SwanShortcuts_SetTargetAndPath_CommonButton">
		<control type="button" id="$PARAM[id]">
		<description>set string need be set on save me button - need var for system window, therefore preset here use unlocalized for label string is intended Set target Template, action window and action set string direct e.g. plailist?xsp path</description>
				<onclick condition="String.IsEqual(Window(home).Property(SetShortcutInProgress),mainmenu)">Skin.SetString(mainmenuitem$INFO[Window(home).Property(shortcutitem_nr)]_target,$PARAM[target])</onclick>
				<onclick condition="String.IsEqual(Window(home).Property(SetShortcutInProgress),widget)">Skin.SetString(userwidget$INFO[Window(home).Property(shortcutitem_nr)]_target,$PARAM[target])</onclick>
				<onclick condition="String.IsEqual(Window(home).Property(SetShortcutInProgress),mainmenu)">Skin.SetString(mainmenuitem$INFO[Window(home).Property(shortcutitem_nr)]_target.label,$PARAM[target])</onclick>
				<onclick condition="String.IsEqual(Window(home).Property(SetShortcutInProgress),widget)">Skin.SetString(userwidget$INFO[Window(home).Property(shortcutitem_nr)]_target.label,$PARAM[target])</onclick>
		<onclick>Dialog.Close(1103)</onclick>
		<onclick>ActivateWindow($PARAM[path])</onclick>
		<label>$PARAM[label]</label>
		<visible>$PARAM[visible]</visible>
	</control>
	</include>
	
	<!-- NOTE CHECK THE VIEWTYPE LABELS -->
	<include name="SwanShortcuts_Container">
		<animation effect="slide" start="0,0" end="-700,0" time="250" tween="sine" condition="Window.IsActive(selectdialog)">Conditional</animation>
			
		
			
		<control type="group">
			<description>BG</description>
			<include content="DialogBackground_TriplePanel" />
		</control>

		<include content="Dialog_CommonInfo">
			<param name="Header_posy" value="50" />
			<param name="Header_label" value="Browse and Set your[CR][B]W I D G E T[/B]" />
			<param name="Item_Description" value="[CR]" />
		</include>
		
		<control type="image">
			<right>8%</right>
			<centertop>51%</centertop>
			<width>350</width>
			<height>350</height>
			<aspectratio>keep</aspectratio>
			<fadetime>150</fadetime>
			<texture>icons/swanwidgets.png</texture>
			<align>center</align>
			<animation effect="fade" start="100" end="5" time="250" tween="sine" condition="ControlGroup(200).HasFocus()">Conditional</animation>
		</control>
		
		<control type="group">
			<visible>Control.IsVisible(50)</visible>
			<control type="list" id="50">
				<viewtype label="$LOCALIZE[535]">list</viewtype>
				<include content="SwanShortcuts_PanelList" />
			</control>
		</control>
		
		<control type="group">
			<visible>Control.IsVisible(51)</visible>
			<control type="panel" id="51">
				<viewtype label="$LOCALIZE[31240]">poster panel</viewtype>
				<include content="SwanShortcuts_PanelList" />
			</control>
		</control>
		
		<control type="group">
			<visible>Control.IsVisible(52)</visible>
			<control type="panel" id="52">
				<viewtype label="$LOCALIZE[31241]">circle panel</viewtype>
				<include content="SwanShortcuts_PanelList" />
			</control>
		</control>
		
		<control type="group">
			<visible>Control.IsVisible(53)</visible>
			<control type="panel" id="53">
				<viewtype label="$LOCALIZE[31242]">landscape panel</viewtype>
				<include content="SwanShortcuts_PanelList" />
			</control>
		</control>
		
		<control type="group">
			<visible>Control.IsVisible(54)</visible>
			<control type="panel" id="54">
				<viewtype label="$LOCALIZE[31243]">square panel</viewtype>
				<include content="SwanShortcuts_PanelList" />
			</control>
		</control>
		
		<control type="group">
			<visible>Control.IsVisible(56)</visible>
			<control type="panel" id="56">
				<viewtype label="$LOCALIZE[31250]">vertical infolist</viewtype>
				<include content="SwanShortcuts_PanelList" />
			</control>
		</control>
		
		<control type="group">
			<visible>Control.IsVisible(58)</visible>
			<control type="panel" id="58">
				<viewtype label="$LOCALIZE[31260]">spotlight season info</viewtype>
				<include content="SwanShortcuts_PanelList" />
			</control>
		</control>
		<control type="group">
			<visible>Control.IsVisible(502)</visible>
			<control type="panel" id="502">
				<viewtype label="$LOCALIZE[31259]">spotlight infocards</viewtype>
				<include content="SwanShortcuts_PanelList" />
			</control>
		</control>
		<control type="group">
			<visible>Control.IsVisible(503)</visible>
			<control type="panel" id="503">
				<viewtype label="$LOCALIZE[31261]">spotlight poster</viewtype>
				<include content="SwanShortcuts_PanelList" />
			</control>
		</control>
		<control type="group">
			<visible>Control.IsVisible(504)</visible>
			<control type="panel" id="504">
				<viewtype label="$LOCALIZE[31262]">spotlight landscape</viewtype>
				<include content="SwanShortcuts_PanelList" />
			</control>
		</control>
		<!-- include shortcut save button
				String.IsEqual(Window(home).Property(SetShortcutInProgress),mainmenu) 
						mainmenuitem
								
				String.IsEqual(Window(home).Property(SetShortcutInProgress),widget) 
						userwidget
						
				Skin.SetString($INFO[Window(home).Property(SetShortcutInProgress)]$INFO[Window(home).Property(shortcutitem_nr)]_name,$INFO[System.CurrentWindow,, • ]$INFO[Container.FolderName])
		-->
		
		<control type="grouplist" id="200">
			<description>Widget Settings/Attributes</description>
			<right>-440</right>
			<top>25%</top>
			<width>550</width>
			<height>80%</height>
			
			<onup>200</onup>
			<ondown>200</ondown>
			<onright>50</onright>
			<onleft>50</onleft>		
			
			<control type="radiobutton" id="8998">
				<include content="SwanWidgetShortcutAttributes_Button">
					<param name="label" value="SAVE ME" />
				</include>
				<textureradioonfocus colordiffuse="white">buttons/enter.png</textureradioonfocus>
				<textureradioonnofocus colordiffuse="5cC6C6C8">buttons/enter.png</textureradioonnofocus>
				<textureradioofffocus colordiffuse="white">buttons/enter.png</textureradioofffocus>
				<textureradiooffnofocus colordiffuse="5cC6C6C8">buttons/enter.png</textureradiooffnofocus>
				
				<onclick condition="String.IsEqual(Window(home).Property(SetShortcutInProgress),mainmenu)">Skin.Reset(mainmenuitem$INFO[Window(home).Property(shortcutitem_nr)]_executebuiltin)</onclick>
				<onclick condition="String.IsEqual(Window(home).Property(SetShortcutInProgress),mainmenu)">Skin.SetString(mainmenuitem$INFO[Window(home).Property(shortcutitem_nr)]_path,$INFO[Container.Folderpath])</onclick>
				<onclick condition="String.IsEqual(Window(home).Property(SetShortcutInProgress),mainmenu) + String.IsEmpty(Window(home).Property(shortcutitem_name))">Skin.SetString(mainmenuitem$INFO[Window(home).Property(shortcutitem_nr)]_name,$INFO[System.CurrentWindow,, • ]$INFO[Container.FolderName])</onclick>
				
				<onclick condition="String.IsEqual(Window(home).Property(SetShortcutInProgress),widget)">Skin.SetString(userwidget$INFO[Window(home).Property(shortcutitem_nr)]_path,$INFO[Container.Folderpath])</onclick>
				<onclick condition="String.IsEqual(Window(home).Property(SetShortcutInProgress),widget) + String.IsEmpty(Window(home).Property(shortcutitem_name))">Skin.SetString(userwidget$INFO[Window(home).Property(shortcutitem_nr)]_name,$INFO[System.CurrentWindow,, • ]$INFO[Container.FolderName])</onclick>
				<onclick condition="String.IsEqual(Window(home).Property(SetShortcutInProgress),widget) + String.IsEmpty(Window(home).Property(userwidgetLayout))">Skin.SetString(userwidget$INFO[Window(home).Property(shortcutitem_nr)]_layout,$VAR[ContainerViewmode])</onclick>
				<onclick condition="String.IsEqual(Window(home).Property(SetShortcutInProgress),widget) + String.IsEmpty(Window(home).Property(userwidgetLayout))">Skin.SetString(userwidget$INFO[Window(home).Property(shortcutitem_nr)]_layout.label,$VAR[ContainerViewmode])</onclick>
				<onclick condition="String.IsEqual(Window(home).Property(SetShortcutInProgress),widget)">Skin.SetString(userwidget$INFO[Window(home).Property(shortcutitem_nr)]_sortby,$VAR[ContainerSortMethods])</onclick>
				<onclick condition="String.IsEqual(Window(home).Property(SetShortcutInProgress),widget)">Skin.SetString(userwidget$INFO[Window(home).Property(shortcutitem_nr)]_sortby.label,$INFO[Container.SortMethod])</onclick>
				<onclick condition="String.IsEqual(Window(home).Property(SetShortcutInProgress),widget)">Skin.SetString(userwidget$INFO[Window(home).Property(shortcutitem_nr)]_sortorder,$VAR[ContainerSortOrder])</onclick>
				<onclick condition="String.IsEqual(Window(home).Property(SetShortcutInProgress),widget)">Skin.SetString(userwidget$INFO[Window(home).Property(shortcutitem_nr)]_sortorder.label,$INFO[Container.SortOrder])</onclick>
				
				<onclick condition="String.IsEqual(Window(home).Property(SetShortcutInProgress),widget)">ClearProperty(userwidgetLayout,home)</onclick>
				
				<onclick condition="!String.IsEmpty(Window(home).Property(shortcutitem_name))">ClearProperty(shortcutitem_name,home)</onclick>
				<onclick>ClearProperty(SetShortcutInProgress,home)</onclick>
				<onclick>ClearProperty(shortcutitem_nr,home)</onclick>
				<onclick>ReplaceWindow(skinsettings)</onclick>
			</control>
			
			<include content="spacer_h">
				<param name="id" value="11030" />
				<param name="gap" value="20" />
			</include>
		
			<control type="radiobutton" id="11031">
				<include content="SwanWidgetShortcutAttributes_Button">
					<param name="label" value="Set Name" />
				</include>
				<textureradioonfocus colordiffuse="white">buttons/setname.png</textureradioonfocus>
				<textureradioonnofocus colordiffuse="5cC6C6C8">buttons/setname.png</textureradioonnofocus>
				<textureradioofffocus colordiffuse="white">buttons/setname.png</textureradioofffocus>
				<textureradiooffnofocus colordiffuse="5cC6C6C8">buttons/setname.png</textureradiooffnofocus>
				
				<onclick>SetProperty(DialogHeader,Set Name for Widget $INFO[Window(home).Property(shortcutitem_nr)],home)</onclick>
				<onclick>SetProperty(shortcutitem_name,true,home)</onclick>
				<onclick condition="String.IsEqual(Window(home).Property(SetShortcutInProgress),widget)">Skin.SetString(userwidget$INFO[Window(home).Property(shortcutitem_nr)]_name)</onclick>
				<onclick condition="String.IsEqual(Window(home).Property(SetShortcutInProgress),mainmenu)">Skin.SetString(mainmenuitem$INFO[Window(home).Property(shortcutitem_nr)]_name)</onclick>
			</control>
			<control type="radiobutton" id="11033">
				<visible>String.IsEqual(Window(home).Property(SetShortcutInProgress),widget)</visible>
				<include content="SwanWidgetShortcutAttributes_Button">
					<param name="label" value="Layout" />
				</include>
				<textureradioonfocus colordiffuse="white">defaultpicture.png</textureradioonfocus>
				<textureradioonnofocus colordiffuse="5cC6C6C8">defaultpicture.png</textureradioonnofocus>
				<textureradioofffocus colordiffuse="white">defaultpicture.png</textureradioofffocus>
				<textureradiooffnofocus colordiffuse="5cC6C6C8">defaultpicture.png</textureradiooffnofocus>
				
				<onclick>SetProperty(Dialog.1.Label,$LOCALIZE[31200])</onclick>
				<onclick>SetProperty(Dialog.1.BuiltIn,Skin.SetString(userwidget$INFO[Window(home).Property(shortcutitem_nr)]_layout,poster)||Skin.SetString(userwidget$INFO[Window(home).Property(shortcutitem_nr)]_layout.label,$LOCALIZE[20021]))</onclick>
				
				<onclick>SetProperty(Dialog.2.Label,$LOCALIZE[31201])</onclick>
				<onclick>SetProperty(Dialog.2.BuiltIn,Skin.SetString(userwidget$INFO[Window(home).Property(shortcutitem_nr)]_layout,landscape)||Skin.SetString(userwidget$INFO[Window(home).Property(shortcutitem_nr)]_layout.label,$LOCALIZE[31205]))</onclick>
				
				<onclick>SetProperty(Dialog.3.Label,$LOCALIZE[31202])</onclick>
				<onclick>SetProperty(Dialog.3.BuiltIn,Skin.SetString(userwidget$INFO[Window(home).Property(shortcutitem_nr)]_layout,square)||Skin.SetString(userwidget$INFO[Window(home).Property(shortcutitem_nr)]_layout.label,$LOCALIZE[31206]))</onclick>
				
				<onclick>SetProperty(Dialog.4.Label,$LOCALIZE[31203])</onclick>
				<onclick>SetProperty(Dialog.4.BuiltIn,Skin.SetString(userwidget$INFO[Window(home).Property(shortcutitem_nr)]_layout,circle)||Skin.SetString(userwidget$INFO[Window(home).Property(shortcutitem_nr)]_layout.label,$LOCALIZE[31207]))</onclick>
				
				<onclick>SetProperty(Dialog.5.Label,$LOCALIZE[31204])</onclick>
				<onclick>SetProperty(Dialog.5.BuiltIn,Skin.SetString(userwidget$INFO[Window(home).Property(shortcutitem_nr)]_layout,banner)||Skin.SetString(userwidget$INFO[Window(home).Property(shortcutitem_nr)]_layout.label,$LOCALIZE[20020]))</onclick>
				
				<onclick>SetProperty(Dialog.6.Label,$LOCALIZE[31200]   &amp;   $LOCALIZE[31201])</onclick>
				<onclick>SetProperty(Dialog.6.BuiltIn,Skin.SetString(userwidget$INFO[Window(home).Property(shortcutitem_nr)]_layout,poster_to_fanart)||Skin.SetString(userwidget$INFO[Window(home).Property(shortcutitem_nr)]_layout.label,$LOCALIZE[20021] &amp; $LOCALIZE[31205]))</onclick>
				
				<onclick>RunScript(script.embuary.helper,action=createselect,header=$LOCALIZE[21858])</onclick>
				<onclick>SetProperty(userwidgetLayout,true,home)</onclick>
			</control>
			
			<control type="radiobutton" id="113">
				<visible>String.IsEqual(Window(home).Property(SetShortcutInProgress),widget)</visible>
				<visible>Control.IsEnabled(3)</visible>
				<description>Select sort method (sort by: name, date size, etc...)</description>
				<include content="SwanWidgetShortcutAttributes_Button">
					<param name="label" value="$LOCALIZE[21429] ..." />
				</include>
				
				<textureradioonfocus colordiffuse="white">defaultaddonservice.png</textureradioonfocus>
				<textureradioonnofocus colordiffuse="5cC6C6C8">defaultaddonservice.png</textureradioonnofocus>
				<textureradioofffocus colordiffuse="white">defaultaddonservice.png</textureradioofffocus>
				<textureradiooffnofocus colordiffuse="5cC6C6C8">defaultaddonservice.png</textureradiooffnofocus>
				
				<onclick>SendClick(3)</onclick>
			</control>
			
			
			<control type="radiobutton" id="114">
				<visible>String.IsEqual(Window(home).Property(SetShortcutInProgress),widget)</visible>
				<visible>Control.IsEnabled(4)</visible>
				<description>Select sortmode (ascending or descending)</description>
				<include content="SwanWidgetShortcutAttributes_Button">
					<param name="label" value="Sort Method" />
				</include>
				
				<textureradioonfocus colordiffuse="white">buttons/ascending.png</textureradioonfocus>
				<textureradioonnofocus colordiffuse="5cC6C6C8">buttons/ascending.png</textureradioonnofocus>
				<textureradioofffocus colordiffuse="white">buttons/descending.png</textureradioofffocus>
				<textureradiooffnofocus colordiffuse="5cC6C6C8">buttons/descending.png</textureradiooffnofocus>
				
				<onclick>SendClick(4)</onclick>
			</control>
			
			<include content="spacer_h">
				<param name="id" value="11035" />
				<param name="gap" value="20" />
			</include>
			
			<control type="radiobutton" id="11036">
				<include content="SwanWidgetShortcutAttributes_Button">
					<param name="label" value="Cancel" />
				</include>
			
				<textureradioonfocus colordiffuse="white">buttons/cancel.png</textureradioonfocus>
				<textureradioonnofocus colordiffuse="5cC6C6C8">buttons/cancel.png</textureradioonnofocus>
				<textureradioofffocus colordiffuse="white">buttons/cancel.png</textureradioofffocus>
				<textureradiooffnofocus colordiffuse="5cC6C6C8">buttons/cancel.png</textureradiooffnofocus>
				
				<onclick>ClearProperty(SetShortcutInProgress,home)</onclick>
				<onclick>ClearProperty(shortcutitem_nr,home)</onclick>
				<onclick>ReplaceWindow(skinsettings)</onclick>
			</control>
		</control>
	
		
	</include>
	
	<variable name="ContainerViewmode">
		<value condition="!String.IsEmpty(Container.Viewmode) + String.IsEqual(Container.Viewmode,$LOCALIZE[535])">poster</value>
		<value condition="!String.IsEmpty(Container.Viewmode) + String.IsEqual(Container.Viewmode,poster)">poster</value>
		<value condition="!String.IsEmpty(Container.Viewmode) + String.IsEqual(Container.Viewmode,landscape)">landscape</value>
		<value condition="!String.IsEmpty(Container.Viewmode) + String.IsEqual(Container.Viewmode,square)">square</value>
		<value condition="!String.IsEmpty(Container.Viewmode) + String.IsEqual(Container.Viewmode,banner)">banner</value>
		<value condition="!String.IsEmpty(Container.Viewmode) + String.IsEqual(Container.Viewmode,circle)">circle</value>
		<value>poster</value>
	</variable>
	<variable name="NextSortOrder">
		<value condition="String.IsEqual(Container.SortOrder,$LOCALIZE[584])">$LOCALIZE[585]</value>
		<value condition="String.IsEqual(Container.SortOrder,$LOCALIZE[585])">$LOCALIZE[584]</value>
	</variable>
	<variable name="ContainerSortOrder">
		<value condition="String.IsEqual(Container.SortOrder,$LOCALIZE[584])">ascending</value>
		<value condition="String.IsEqual(Container.SortOrder,$LOCALIZE[585])">descending</value>
	</variable>
	
	
	<include name="SwanWidgetShortcutAttributes_Button">
		<param name="radiowidth" default="90" />
		<param name="radioheight" default="90" />
		<definition>
				<include content="Animation_ButtonFocusSlide" />
				<textoffsetx>140</textoffsetx>
				<radiowidth>$PARAM[radiowidth]</radiowidth>
				<radioheight>$PARAM[radiowidth]</radioheight>
				<radioposx>10</radioposx>
				<textureradioondisabled />
				<textureradiooffdisabled />
				<texturefocus flipx="true" colordiffuse="$VAR[color_global_background_layer2]">diffuse/gradientborderleft.png</texturefocus>
				<texturenofocus flipx="true" colordiffuse="5cC6C6C8">diffuse/gradientborderleft.png</texturenofocus>
				<height>100</height>
				<focusedcolor>white</focusedcolor>
				<textcolor>5cC6C6C8</textcolor>
				<label>$PARAM[label]</label>
		</definition>
	</include>
	
	<!--
	sortby
	
	content : random ? , label ? , status ? , country ? , studio ? , inprogress ? , path ? , lastplayed(missed in movies) , rating(missed in tvshows)
	
	(video)files : name, size , date , file
	(video)addons : name , lastused
	movies: title , year , rating , userrating , mpaa , duration , dateadded , playcount
		
	actors/ directors: name , appearences
	sets : name
		
	tvshow : title , episode , lastplayed , dateadded , year , userrating
	episode: episode , rating , userrating , mpaa , production code=status?, date , playcount , name
	
	artist: artist , dateadded
	album : album , artist , artistthenyear / , year , dateadded , playcount , lastplayed , rating , userrating
	song : track , title , album , artist , artistthenyear , name , duration , rating , userrating , year , dateadded , playcount , lastplayed
	
	
	Notification(header,message[,time,image])	Will display a notification dialog with the specified header and message, in addition you can set the length of time it displays in milliseconds and a icon image.
	
	https://kodi.wiki/view/List_of_built-in_functions#List_of_sort_methods
	https://github.com/xbmc/xbmc/blob/75b31098a8800da653b373cd99a025b483029cfc/xbmc/utils/SortUtils.h#L49-L164
	
	https://github.com/xbmc/xbmc/blob/master/xbmc/utils/SortUtils.cpp#L529-L577
	

container.setsortmethod()
1	Name
2	Date
3	Size
4	File
5	Path
6	DriveType
7	Title
8	TrackNumber
9	Time
10	Artist
11	ArtistThenYear
12	Album
13	AlbumType
14	Genre
15	Country
16	Year
17	Rating
18	UserRating
19	Votes
20	Top250
21	ProgramCount
22	PlaylistOrder
23	EpisodeNumber
24	Season
25	NumberOfEpisodes
26	NumberOfWatchedEpisodes
27	TvShowStatus
28	TvShowTitle
29	SortTitle
30	ProductionCode
31	MPAA
32	VideoResolution
33	VideoCodec
34	VideoAspectRatio
35	AudioChannels
36	AudioCodec
37	AudioLanguage
38	SubtitleLanguage
39	Studio
40	DateAdded
41	LastPlayed
42	Playcount
43	Listeners
44	Bitrate
45	Random
46	Channel
47	ChannelNumber
48	DateTaken
49	Relevance
50	InstallDate
51	LastUpdated
52	LastUsed
	-->


	<variable name="ContainerSortMethods">
		
		<value condition="String.IsEqual(Container.SortMethod,$LOCALIZE[551])">name</value>
		<value condition="String.IsEqual(Container.SortMethod,$LOCALIZE[552])">date</value>
		<value condition="String.IsEqual(Container.SortMethod,$LOCALIZE[553])">size</value>
		<value condition="String.IsEqual(Container.SortMethod,$LOCALIZE[561])">file</value>
		<value condition="String.IsEqual(Container.SortMethod,$LOCALIZE[573])">path</value>
		<value condition="String.IsEqual(Container.SortMethod,$LOCALIZE[556])">title</value>
		<value condition="String.IsEqual(Container.SortMethod,$LOCALIZE[554])">tracknumber</value>
		<value condition="String.IsEqual(Container.SortMethod,$LOCALIZE[555])">time</value>
		<value condition="String.IsEqual(Container.SortMethod,$LOCALIZE[557])">artist</value>
		<value condition="String.IsEqual(Container.SortMethod,$LOCALIZE[578])">artistthenyear</value>
		<value condition="String.IsEqual(Container.SortMethod,$LOCALIZE[558])">album</value>
		<value condition="String.IsEqual(Container.SortMethod,$LOCALIZE[564])">albumtype</value>
		<value condition="String.IsEqual(Container.SortMethod,$LOCALIZE[515])">genre</value>
		<value condition="String.IsEqual(Container.SortMethod,$LOCALIZE[574])">country</value>
		<value condition="String.IsEqual(Container.SortMethod,$LOCALIZE[562])">year</value>
		<value condition="String.IsEqual(Container.SortMethod,$LOCALIZE[563])">rating</value>
		<value condition="String.IsEqual(Container.SortMethod,$LOCALIZE[38018])">userrating</value>
		<value condition="String.IsEqual(Container.SortMethod,$LOCALIZE[205])">votes</value>
		<value condition="String.IsEqual(Container.SortMethod,$LOCALIZE[13409])">top250</value>
		<value condition="String.IsEqual(Container.SortMethod,$LOCALIZE[568])">lastplayed</value>
		<value condition="String.IsEqual(Container.SortMethod,$LOCALIZE[567])">playcount</value>
		<value condition="String.IsEqual(Container.SortMethod,$LOCALIZE[572])">studio</value>
		<value condition="String.IsEqual(Container.SortMethod,$LOCALIZE[570])">dateadded</value>
		<value condition="String.IsEqual(Container.SortMethod,$LOCALIZE[12012])">lastused</value>
 	   <value condition="String.IsEqual(Container.SortMethod,$LOCALIZE[590])">random</value>
		<value></value>
	</variable>
	<!-- value condition="String.IsEqual(Container.SortMethod,$LOCALIZE[566])" albumartist -->
	<!-- value condition="String.IsEqual(Container.SortMethod,$LOCALIZE[575])" inprogress -->
		
	<include name="SwanShortcuts_PanelList">
			<top>250</top>
			<left>33.3%</left>
			<width>33.3%</width>
			<height>70%</height>
			
			<ondown>200</ondown>
			<onup>200</onup>
			<onright>200</onright>
			<onleft>200</onleft>
			
			
			<scrolltime tween="cubic" easing="out">300</scrolltime>
			
			
			<itemlayout height="110">
				<control type="image">
					<texture>frames/separator.png</texture>
				</control>
				<control type="image">
					<width>110</width>
					<height>110</height>
					<bordersize>7</bordersize>
					<aspectratio scalediffuse="false" aligny="center" align="center">scale</aspectratio>
					<texture diffuse="diffuse/circle.png" fallback="defaultaddon.png">$INFO[ListItem.Icon]</texture>
				</control>
				<control type="label">
					<left>150</left>
					<label>$INFO[ListItem.Label]</label>
					<textcolor>$VAR[color_global_button_text_nf]</textcolor>
					<scroll>true</scroll>
				</control>
			</itemlayout>
			<focusedlayout height="110">
				<control type="image">
					<texture>colors/white.png</texture>
					<colordiffuse>$VAR[color_global_button_panel_fo]</colordiffuse>
				</control>
				<control type="image">
					<width>110</width>
					<height>110</height>
					<bordersize>7</bordersize>
					<aspectratio scalediffuse="false" aligny="center" align="center">scale</aspectratio>
					<texture diffuse="diffuse/circle.png" fallback="defaultaddon.png">$INFO[ListItem.Icon]</texture>
				</control>
				<control type="label">
					<left>150</left>
					<label>$INFO[ListItem.Label,[B],[/B]]</label>
					<textcolor>$VAR[color_global_button_text_fo]</textcolor>
					<scroll>true</scroll>
				</control>
			</focusedlayout>
			
	</include>
	<!-- SkinSettings.xml widget script.skinshortcuts - set path-->
	<!-- 1103 -->
	<!-- WidgetAttributes	 -->
	<include name="1103_Content_MainmenuAttributes">
		<include content="Mainmenu_SetAttributes_ButtonTemplate" condition="String.IsEqual(Window(home).Property(shortcutitem_nr),1)">
			<param name="nr" value="1"/>
		</include>
		<include content="Mainmenu_SetAttributes_ButtonTemplate" condition="String.IsEqual(Window(home).Property(shortcutitem_nr),2)">
			<param name="nr" value="2"/>
		</include>
		<include content="Mainmenu_SetAttributes_ButtonTemplate" condition="String.IsEqual(Window(home).Property(shortcutitem_nr),3)">
			<param name="nr" value="3"/>
		</include>
		<include content="Mainmenu_SetAttributes_ButtonTemplate" condition="String.IsEqual(Window(home).Property(shortcutitem_nr),4)">
			<param name="nr" value="4"/>
		</include>
		<include content="Mainmenu_SetAttributes_ButtonTemplate" condition="String.IsEqual(Window(home).Property(shortcutitem_nr),5)">
			<param name="nr" value="5"/>
		</include>
		<include content="Mainmenu_SetAttributes_ButtonTemplate" condition="String.IsEqual(Window(home).Property(shortcutitem_nr),6)">
			<param name="nr" value="6"/>
		</include>
		<include content="Mainmenu_SetAttributes_ButtonTemplate" condition="String.IsEqual(Window(home).Property(shortcutitem_nr),7)">
			<param name="nr" value="7"/>
		</include>
		<include content="Mainmenu_SetAttributes_ButtonTemplate" condition="String.IsEqual(Window(home).Property(shortcutitem_nr),8)">
			<param name="nr" value="8"/>
		</include>
		<include content="Mainmenu_SetAttributes_ButtonTemplate" condition="String.IsEqual(Window(home).Property(shortcutitem_nr),9)">
			<param name="nr" value="9"/>
		</include>
		<include content="Mainmenu_SetAttributes_ButtonTemplate" condition="String.IsEqual(Window(home).Property(shortcutitem_nr),10)">
			<param name="nr" value="10"/>
		</include>
		<include content="Mainmenu_SetAttributes_ButtonTemplate" condition="String.IsEqual(Window(home).Property(shortcutitem_nr),11)">
			<param name="nr" value="11"/>
		</include>
		<include content="Mainmenu_SetAttributes_ButtonTemplate" condition="String.IsEqual(Window(home).Property(shortcutitem_nr),12)">
			<param name="nr" value="12"/>
		</include>
		<include content="Mainmenu_SetAttributes_ButtonTemplate" condition="String.IsEqual(Window(home).Property(shortcutitem_nr),13)">
			<param name="nr" value="13"/>
		</include>
		<include content="Mainmenu_SetAttributes_ButtonTemplate" condition="String.IsEqual(Window(home).Property(shortcutitem_nr),14)">
			<param name="nr" value="14"/>
		</include>
		<include content="Mainmenu_SetAttributes_ButtonTemplate" condition="String.IsEqual(Window(home).Property(shortcutitem_nr),15)">
			<param name="nr" value="15"/>
		</include>
		<include content="Mainmenu_SetAttributes_ButtonTemplate" condition="String.IsEqual(Window(home).Property(shortcutitem_nr),16)">
			<param name="nr" value="16"/>
		</include>
		<include content="Mainmenu_SetAttributes_ButtonTemplate" condition="String.IsEqual(Window(home).Property(shortcutitem_nr),17)">
			<param name="nr" value="17"/>
		</include>
		<include content="Mainmenu_SetAttributes_ButtonTemplate" condition="String.IsEqual(Window(home).Property(shortcutitem_nr),18)">
			<param name="nr" value="18"/>
		</include>
		<include content="Mainmenu_SetAttributes_ButtonTemplate" condition="String.IsEqual(Window(home).Property(shortcutitem_nr),19)">
			<param name="nr" value="19"/>
		</include>
		<include content="Mainmenu_SetAttributes_ButtonTemplate" condition="String.IsEqual(Window(home).Property(shortcutitem_nr),20)">
			<param name="nr" value="20"/>
		</include>
	</include>
	
	<include name="1103_Content_WidgetAttributes">
		<include content="Widget_SetAttributes_ButtonTemplate" condition="String.IsEqual(Window(home).Property(shortcutitem_nr),1)">
			<param name="nr" value="1"/>
		</include>
		<include content="Widget_SetAttributes_ButtonTemplate" condition="String.IsEqual(Window(home).Property(shortcutitem_nr),2)">
			<param name="nr" value="2"/>
		</include>
		<include content="Widget_SetAttributes_ButtonTemplate" condition="String.IsEqual(Window(home).Property(shortcutitem_nr),3)">
			<param name="nr" value="3"/>
		</include>
		<include content="Widget_SetAttributes_ButtonTemplate" condition="String.IsEqual(Window(home).Property(shortcutitem_nr),4)">
			<param name="nr" value="4"/>
		</include>
		<include content="Widget_SetAttributes_ButtonTemplate" condition="String.IsEqual(Window(home).Property(shortcutitem_nr),5)">
			<param name="nr" value="5"/>
		</include>
		<include content="Widget_SetAttributes_ButtonTemplate" condition="String.IsEqual(Window(home).Property(shortcutitem_nr),6)">
			<param name="nr" value="6"/>
		</include>
		<include content="Widget_SetAttributes_ButtonTemplate" condition="String.IsEqual(Window(home).Property(shortcutitem_nr),7)">
			<param name="nr" value="7"/>
		</include>
		<include content="Widget_SetAttributes_ButtonTemplate" condition="String.IsEqual(Window(home).Property(shortcutitem_nr),8)">
			<param name="nr" value="8"/>
		</include>
		<include content="Widget_SetAttributes_ButtonTemplate" condition="String.IsEqual(Window(home).Property(shortcutitem_nr),9)">
			<param name="nr" value="9"/>
		</include>
		<include content="Widget_SetAttributes_ButtonTemplate" condition="String.IsEqual(Window(home).Property(shortcutitem_nr),10)">
			<param name="nr" value="10"/>
		</include>
		<include content="Widget_SetAttributes_ButtonTemplate" condition="String.IsEqual(Window(home).Property(shortcutitem_nr),11)">
			<param name="nr" value="11"/>
		</include>
		<include content="Widget_SetAttributes_ButtonTemplate" condition="String.IsEqual(Window(home).Property(shortcutitem_nr),12)">
			<param name="nr" value="12"/>
		</include>
		<include content="Widget_SetAttributes_ButtonTemplate" condition="String.IsEqual(Window(home).Property(shortcutitem_nr),13)">
			<param name="nr" value="13"/>
		</include>
		<include content="Widget_SetAttributes_ButtonTemplate" condition="String.IsEqual(Window(home).Property(shortcutitem_nr),14)">
			<param name="nr" value="14"/>
		</include>
		<include content="Widget_SetAttributes_ButtonTemplate" condition="String.IsEqual(Window(home).Property(shortcutitem_nr),15)">
			<param name="nr" value="15"/>
		</include>
		<include content="Widget_SetAttributes_ButtonTemplate" condition="String.IsEqual(Window(home).Property(shortcutitem_nr),16)">
			<param name="nr" value="16"/>
		</include>
		<include content="Widget_SetAttributes_ButtonTemplate" condition="String.IsEqual(Window(home).Property(shortcutitem_nr),17)">
			<param name="nr" value="17"/>
		</include>
		<include content="Widget_SetAttributes_ButtonTemplate" condition="String.IsEqual(Window(home).Property(shortcutitem_nr),18)">
			<param name="nr" value="18"/>
		</include>
		<include content="Widget_SetAttributes_ButtonTemplate" condition="String.IsEqual(Window(home).Property(shortcutitem_nr),19)">
			<param name="nr" value="19"/>
		</include>
		<include content="Widget_SetAttributes_ButtonTemplate" condition="String.IsEqual(Window(home).Property(shortcutitem_nr),20)">
			<param name="nr" value="20"/>
		</include>
		<include content="Widget_SetAttributes_ButtonTemplate" condition="String.IsEqual(Window(home).Property(shortcutitem_nr),21)">
			<param name="nr" value="21"/>
		</include>
		<include content="Widget_SetAttributes_ButtonTemplate" condition="String.IsEqual(Window(home).Property(shortcutitem_nr),22)">
			<param name="nr" value="22"/>
		</include>
		<include content="Widget_SetAttributes_ButtonTemplate" condition="String.IsEqual(Window(home).Property(shortcutitem_nr),23)">
			<param name="nr" value="23"/>
		</include>
		<include content="Widget_SetAttributes_ButtonTemplate" condition="String.IsEqual(Window(home).Property(shortcutitem_nr),24)">
			<param name="nr" value="24"/>
		</include>
		<include content="Widget_SetAttributes_ButtonTemplate" condition="String.IsEqual(Window(home).Property(shortcutitem_nr),25)">
			<param name="nr" value="25"/>
		</include>
		<include content="Widget_SetAttributes_ButtonTemplate" condition="String.IsEqual(Window(home).Property(shortcutitem_nr),26)">
			<param name="nr" value="26"/>
		</include>
		<include content="Widget_SetAttributes_ButtonTemplate" condition="String.IsEqual(Window(home).Property(shortcutitem_nr),27)">
			<param name="nr" value="27"/>
		</include>
		<include content="Widget_SetAttributes_ButtonTemplate" condition="String.IsEqual(Window(home).Property(shortcutitem_nr),28)">
			<param name="nr" value="28"/>
		</include>
		<include content="Widget_SetAttributes_ButtonTemplate" condition="String.IsEqual(Window(home).Property(shortcutitem_nr),29)">
			<param name="nr" value="29"/>
		</include>
		<include content="Widget_SetAttributes_ButtonTemplate" condition="String.IsEqual(Window(home).Property(shortcutitem_nr),30)">
			<param name="nr" value="30"/>
		</include>
		<include content="Widget_SetAttributes_ButtonTemplate" condition="String.IsEqual(Window(home).Property(shortcutitem_nr),31)">
			<param name="nr" value="31"/>
		</include>
		<include content="Widget_SetAttributes_ButtonTemplate" condition="String.IsEqual(Window(home).Property(shortcutitem_nr),32)">
			<param name="nr" value="32"/>
		</include>
		<include content="Widget_SetAttributes_ButtonTemplate" condition="String.IsEqual(Window(home).Property(shortcutitem_nr),33)">
			<param name="nr" value="33"/>
		</include>
		<include content="Widget_SetAttributes_ButtonTemplate" condition="String.IsEqual(Window(home).Property(shortcutitem_nr),34)">
			<param name="nr" value="34"/>
		</include>
		<include content="Widget_SetAttributes_ButtonTemplate" condition="String.IsEqual(Window(home).Property(shortcutitem_nr),35)">
			<param name="nr" value="35"/>
		</include>
		<include content="Widget_SetAttributes_ButtonTemplate" condition="String.IsEqual(Window(home).Property(shortcutitem_nr),36)">
			<param name="nr" value="36"/>
		</include>
		<include content="Widget_SetAttributes_ButtonTemplate" condition="String.IsEqual(Window(home).Property(shortcutitem_nr),37)">
			<param name="nr" value="37"/>
		</include>
		<include content="Widget_SetAttributes_ButtonTemplate" condition="String.IsEqual(Window(home).Property(shortcutitem_nr),38)">
			<param name="nr" value="38"/>
		</include>
		<include content="Widget_SetAttributes_ButtonTemplate" condition="String.IsEqual(Window(home).Property(shortcutitem_nr),39)">
			<param name="nr" value="39"/>
		</include>
		<include content="Widget_SetAttributes_ButtonTemplate" condition="String.IsEqual(Window(home).Property(shortcutitem_nr),40)">
			<param name="nr" value="40"/>
		</include>
		<include content="Widget_SetAttributes_ButtonTemplate" condition="String.IsEqual(Window(home).Property(shortcutitem_nr),41)">
			<param name="nr" value="41"/>
		</include>
		<include content="Widget_SetAttributes_ButtonTemplate" condition="String.IsEqual(Window(home).Property(shortcutitem_nr),42)">
			<param name="nr" value="42"/>
		</include>
		<include content="Widget_SetAttributes_ButtonTemplate" condition="String.IsEqual(Window(home).Property(shortcutitem_nr),43)">
			<param name="nr" value="43"/>
		</include>
		<include content="Widget_SetAttributes_ButtonTemplate" condition="String.IsEqual(Window(home).Property(shortcutitem_nr),44)">
			<param name="nr" value="44"/>
		</include>
		<include content="Widget_SetAttributes_ButtonTemplate" condition="String.IsEqual(Window(home).Property(shortcutitem_nr),45)">
			<param name="nr" value="45"/>
		</include>
		<include content="Widget_SetAttributes_ButtonTemplate" condition="String.IsEqual(Window(home).Property(shortcutitem_nr),46)">
			<param name="nr" value="46"/>
		</include>
		<include content="Widget_SetAttributes_ButtonTemplate" condition="String.IsEqual(Window(home).Property(shortcutitem_nr),47)">
			<param name="nr" value="47"/>
		</include>
		<include content="Widget_SetAttributes_ButtonTemplate" condition="String.IsEqual(Window(home).Property(shortcutitem_nr),48)">
			<param name="nr" value="48"/>
		</include>
		<include content="Widget_SetAttributes_ButtonTemplate" condition="String.IsEqual(Window(home).Property(shortcutitem_nr),49)">
			<param name="nr" value="49"/>
		</include>
		<include content="Widget_SetAttributes_ButtonTemplate" condition="String.IsEqual(Window(home).Property(shortcutitem_nr),50)">
			<param name="nr" value="50"/>
		</include>
		<include content="Widget_SetAttributes_ButtonTemplate" condition="String.IsEqual(Window(home).Property(shortcutitem_nr),51)">
			<param name="nr" value="51"/>
		</include>
		<include content="Widget_SetAttributes_ButtonTemplate" condition="String.IsEqual(Window(home).Property(shortcutitem_nr),52)">
			<param name="nr" value="52"/>
		</include>
		<include content="Widget_SetAttributes_ButtonTemplate" condition="String.IsEqual(Window(home).Property(shortcutitem_nr),53)">
			<param name="nr" value="53"/>
		</include>
		<include content="Widget_SetAttributes_ButtonTemplate" condition="String.IsEqual(Window(home).Property(shortcutitem_nr),54)">
			<param name="nr" value="54"/>
		</include>
		<include content="Widget_SetAttributes_ButtonTemplate" condition="String.IsEqual(Window(home).Property(shortcutitem_nr),55)">
			<param name="nr" value="55"/>
		</include>
		<include content="Widget_SetAttributes_ButtonTemplate" condition="String.IsEqual(Window(home).Property(shortcutitem_nr),56)">
			<param name="nr" value="56"/>
		</include>
		<include content="Widget_SetAttributes_ButtonTemplate" condition="String.IsEqual(Window(home).Property(shortcutitem_nr),57)">
			<param name="nr" value="57"/>
		</include>
		<include content="Widget_SetAttributes_ButtonTemplate" condition="String.IsEqual(Window(home).Property(shortcutitem_nr),58)">
			<param name="nr" value="58"/>
		</include>
		<include content="Widget_SetAttributes_ButtonTemplate" condition="String.IsEqual(Window(home).Property(shortcutitem_nr),59)">
			<param name="nr" value="59"/>
		</include>
		<include content="Widget_SetAttributes_ButtonTemplate" condition="String.IsEqual(Window(home).Property(shortcutitem_nr),60)">
			<param name="nr" value="60"/>
		</include>
		<include content="Widget_SetAttributes_ButtonTemplate" condition="String.IsEqual(Window(home).Property(shortcutitem_nr),61)">
			<param name="nr" value="61"/>
		</include>
		<include content="Widget_SetAttributes_ButtonTemplate" condition="String.IsEqual(Window(home).Property(shortcutitem_nr),62)">
			<param name="nr" value="62"/>
		</include>
		<include content="Widget_SetAttributes_ButtonTemplate" condition="String.IsEqual(Window(home).Property(shortcutitem_nr),63)">
			<param name="nr" value="63"/>
		</include>
		<include content="Widget_SetAttributes_ButtonTemplate" condition="String.IsEqual(Window(home).Property(shortcutitem_nr),64)">
			<param name="nr" value="64"/>
		</include>
		<include content="Widget_SetAttributes_ButtonTemplate" condition="String.IsEqual(Window(home).Property(shortcutitem_nr),65)">
			<param name="nr" value="65"/>
		</include>
		<include content="Widget_SetAttributes_ButtonTemplate" condition="String.IsEqual(Window(home).Property(shortcutitem_nr),66)">
			<param name="nr" value="66"/>
		</include>
		<include content="Widget_SetAttributes_ButtonTemplate" condition="String.IsEqual(Window(home).Property(shortcutitem_nr),67)">
			<param name="nr" value="67"/>
		</include>
		<include content="Widget_SetAttributes_ButtonTemplate" condition="String.IsEqual(Window(home).Property(shortcutitem_nr),68)">
			<param name="nr" value="68"/>
		</include>
		<include content="Widget_SetAttributes_ButtonTemplate" condition="String.IsEqual(Window(home).Property(shortcutitem_nr),69)">
			<param name="nr" value="69"/>
		</include>
		<include content="Widget_SetAttributes_ButtonTemplate" condition="String.IsEqual(Window(home).Property(shortcutitem_nr),70)">
			<param name="nr" value="70"/>
		</include>
		<include content="Widget_SetAttributes_ButtonTemplate" condition="String.IsEqual(Window(home).Property(shortcutitem_nr),71)">
			<param name="nr" value="71"/>
		</include>
		<include content="Widget_SetAttributes_ButtonTemplate" condition="String.IsEqual(Window(home).Property(shortcutitem_nr),72)">
			<param name="nr" value="72"/>
		</include>
		<include content="Widget_SetAttributes_ButtonTemplate" condition="String.IsEqual(Window(home).Property(shortcutitem_nr),73)">
			<param name="nr" value="73"/>
		</include>
		<include content="Widget_SetAttributes_ButtonTemplate" condition="String.IsEqual(Window(home).Property(shortcutitem_nr),74)">
			<param name="nr" value="74"/>
		</include>
		<include content="Widget_SetAttributes_ButtonTemplate" condition="String.IsEqual(Window(home).Property(shortcutitem_nr),75)">
			<param name="nr" value="75"/>
		</include>
		<include content="Widget_SetAttributes_ButtonTemplate" condition="String.IsEqual(Window(home).Property(shortcutitem_nr),76)">
			<param name="nr" value="76"/>
		</include>
		<include content="Widget_SetAttributes_ButtonTemplate" condition="String.IsEqual(Window(home).Property(shortcutitem_nr),77)">
			<param name="nr" value="77"/>
		</include>
		<include content="Widget_SetAttributes_ButtonTemplate" condition="String.IsEqual(Window(home).Property(shortcutitem_nr),78)">
			<param name="nr" value="78"/>
		</include>
		<include content="Widget_SetAttributes_ButtonTemplate" condition="String.IsEqual(Window(home).Property(shortcutitem_nr),79)">
			<param name="nr" value="79"/>
		</include>
		<include content="Widget_SetAttributes_ButtonTemplate" condition="String.IsEqual(Window(home).Property(shortcutitem_nr),80)">
			<param name="nr" value="80"/>
		</include>
		<include content="Widget_SetAttributes_ButtonTemplate" condition="String.IsEqual(Window(home).Property(shortcutitem_nr),81)">
			<param name="nr" value="81"/>
		</include>
		<include content="Widget_SetAttributes_ButtonTemplate" condition="String.IsEqual(Window(home).Property(shortcutitem_nr),82)">
			<param name="nr" value="82"/>
		</include>
		<include content="Widget_SetAttributes_ButtonTemplate" condition="String.IsEqual(Window(home).Property(shortcutitem_nr),83)">
			<param name="nr" value="83"/>
		</include>
		<include content="Widget_SetAttributes_ButtonTemplate" condition="String.IsEqual(Window(home).Property(shortcutitem_nr),84)">
			<param name="nr" value="84"/>
		</include>
		<include content="Widget_SetAttributes_ButtonTemplate" condition="String.IsEqual(Window(home).Property(shortcutitem_nr),85)">
			<param name="nr" value="85"/>
		</include>
		<include content="Widget_SetAttributes_ButtonTemplate" condition="String.IsEqual(Window(home).Property(shortcutitem_nr),86)">
			<param name="nr" value="86"/>
		</include>
		<include content="Widget_SetAttributes_ButtonTemplate" condition="String.IsEqual(Window(home).Property(shortcutitem_nr),87)">
			<param name="nr" value="87"/>
		</include>
		<include content="Widget_SetAttributes_ButtonTemplate" condition="String.IsEqual(Window(home).Property(shortcutitem_nr),88)">
			<param name="nr" value="88"/>
		</include>
		<include content="Widget_SetAttributes_ButtonTemplate" condition="String.IsEqual(Window(home).Property(shortcutitem_nr),89)">
			<param name="nr" value="89"/>
		</include>
		<include content="Widget_SetAttributes_ButtonTemplate" condition="String.IsEqual(Window(home).Property(shortcutitem_nr),90)">
			<param name="nr" value="90"/>
		</include>
		<include content="Widget_SetAttributes_ButtonTemplate" condition="String.IsEqual(Window(home).Property(shortcutitem_nr),91)">
			<param name="nr" value="91"/>
		</include>
		<include content="Widget_SetAttributes_ButtonTemplate" condition="String.IsEqual(Window(home).Property(shortcutitem_nr),92)">
			<param name="nr" value="92"/>
		</include>
		<include content="Widget_SetAttributes_ButtonTemplate" condition="String.IsEqual(Window(home).Property(shortcutitem_nr),93)">
			<param name="nr" value="93"/>
		</include>
		<include content="Widget_SetAttributes_ButtonTemplate" condition="String.IsEqual(Window(home).Property(shortcutitem_nr),94)">
			<param name="nr" value="94"/>
		</include>
		<include content="Widget_SetAttributes_ButtonTemplate" condition="String.IsEqual(Window(home).Property(shortcutitem_nr),95)">
			<param name="nr" value="95"/>
		</include>
		<include content="Widget_SetAttributes_ButtonTemplate" condition="String.IsEqual(Window(home).Property(shortcutitem_nr),96)">
			<param name="nr" value="96"/>
		</include>
		<include content="Widget_SetAttributes_ButtonTemplate" condition="String.IsEqual(Window(home).Property(shortcutitem_nr),97)">
			<param name="nr" value="97"/>
		</include>
		<include content="Widget_SetAttributes_ButtonTemplate" condition="String.IsEqual(Window(home).Property(shortcutitem_nr),98)">
			<param name="nr" value="98"/>
		</include>
		<include content="Widget_SetAttributes_ButtonTemplate" condition="String.IsEqual(Window(home).Property(shortcutitem_nr),99)">
			<param name="nr" value="99"/>
		</include>
	</include>
	
	<include name="Widget_SetPath_ButtonTemplate">
		
		<include content="SectionHeadline">
			<param name="id" value="$PARAM[id]0"/>
			<param name="height" value="60"/>
			<param name="align" value="left" />
			<param name="label" value="WIDGET $PARAM[nr]$INFO[Skin.String(userwidget$PARAM[nr]_name), : [B],[/B]]"/>
		</include>
		
		<control type="radiobutton" id="$PARAM[id]1">
			<radioposx>200</radioposx>
			<radioposxy>5</radioposxy>
			<radiowidth>42</radiowidth>
			<radioheight>20</radioheight>
			<textureradioonfocus colordiffuse="$VAR[color_global_button_text_fo]">icons/settings.png</textureradioonfocus>
			<textureradioonnofocus colordiffuse="$VAR[color_global_button_text_nf]">icons/settings.png</textureradioonnofocus>
			<textureradioofffocus colordiffuse="$VAR[color_global_button_text_fo]">icons/settings.png</textureradioofffocus>
			<textureradiooffnofocus colordiffuse="$VAR[color_global_button_text_nf]">icons/settings.png</textureradiooffnofocus>
			<textureradioondisabled colordiffuse="disabled">icons/settings.png</textureradioondisabled>
			<textureradiooffdisabled colordiffuse="disabled">icons/settings.png</textureradiooffdisabled>
			
			<onclick>SetProperty(shortcutitem_nr,$PARAM[nr],home)</onclick>
			<onclick>SetProperty(SettingSection,SwanWidgetShortcuts,home)</onclick>
			<onclick>SetProperty(SetShortcutInProgress,widget,home)</onclick>
			
			<onclick>ActivateWindow(1103,return)</onclick>
			<label>                             Set Widget Path</label>
			<label2>$INFO[Skin.String(userwidget$PARAM[nr]_path)]</label2>
		</control>
		
		<control type="radiobutton" id="$PARAM[id]2">
			<description>ADJUST Attributes</description>
			<height>80</height>
			<radioposx>200</radioposx>
			<radioposxy>5</radioposxy>
			<radiowidth>42</radiowidth>
			<radioheight>20</radioheight>
			<textureradioonfocus colordiffuse="$VAR[color_global_button_text_fo]">icons/settings.png</textureradioonfocus>
			<textureradioonnofocus colordiffuse="$VAR[color_global_button_text_nf]">icons/settings.png</textureradioonnofocus>
			<textureradioofffocus colordiffuse="$VAR[color_global_button_text_fo]">icons/settings.png</textureradioofffocus>
			<textureradiooffnofocus colordiffuse="$VAR[color_global_button_text_nf]">icons/settings.png</textureradiooffnofocus>
			<textureradioondisabled colordiffuse="disabled">icons/settings.png</textureradioondisabled>
			<textureradiooffdisabled colordiffuse="disabled">icons/settings.png</textureradiooffdisabled>
			<visible>!String.IsEmpty(Skin.String(userwidget$PARAM[nr]_path))</visible>
			<onclick>SetProperty(shortcutitem_nr,$PARAM[nr],home)</onclick>
			<onclick>SetProperty(SettingSection,WidgetAttributes,home)</onclick>
			<onclick>ActivateWindow(1103)</onclick>
			<label>                             Change Attributes</label>
			<label2>$INFO[Skin.String(userwidget$PARAM[nr]_layout.label),[B]$LOCALIZE[21858][/B]: ,]$INFO[Skin.String(userwidget$PARAM[nr]_target),  [B]$LOCALIZE[467][/B]: ,]$INFO[Skin.String(userwidget$PARAM[nr]_sortby.label),   [B]$LOCALIZE[581][/B]: ',']$INFO[Skin.String(userwidget$PARAM[nr]_sortorder.label),   [B]$LOCALIZE[21429][/B]: ',']$INFO[Skin.String(userwidget$PARAM[nr]_limit),   [B]$LOCALIZE[21427][/B]: (,)]</label2>
		</control>
		<control type="button" id="$PARAM[id]4">
			<description>RESET</description>
			<visible>!String.IsEmpty(Skin.String(userwidget$PARAM[nr]_path))</visible>
			<height>25</height>
			<onclick>Skin.Reset(userwidget$PARAM[nr]_name)</onclick>
			<onclick>Skin.Reset(userwidget$PARAM[nr]_target)</onclick>
			<onclick>Skin.Reset(userwidget$PARAM[nr]_path)</onclick>
			<onclick>Skin.Reset(userwidget$PARAM[nr]_limit)</onclick>
			<onclick>Skin.Reset(userwidget$PARAM[nr]_sortby)</onclick>
			<onclick>Skin.Reset(userwidget$PARAM[nr]_sortby.label)</onclick>
			<onclick>Skin.Reset(userwidget$PARAM[nr]_sortorder)</onclick>
			<onclick>Skin.Reset(userwidget$PARAM[nr]_sortorder.label)</onclick>
			<onclick>Skin.Reset(userwidget$PARAM[nr]_layout)</onclick>
			<onclick>Skin.Reset(userwidget$PARAM[nr]_layout.label)</onclick>
			<label>                        Remove/Reset</label>
			<label2 />
		</control>
		<control type="group" id="$PARAM[id]3">
			<description>DONT remove group control</description>
			<control type="image">
				<visible>!String.IsEmpty(Skin.String(userwidget$PARAM[nr]_path))</visible>
				<description>Image extras WidgetLayout</description>
				<top>-160</top>
				<left>4</left>
				<height>155</height>
				<width>180</width>
				<bordersize>2</bordersize>
				<texture fallback="special://skin/extras/selectdialog/widgetlayout_nolayout.png">$INFO[Skin.String(userwidget$PARAM[nr]_layout),special://skin/extras/selectdialog/widgetlayout_,.jpg]</texture>
				<aspectratio>keep</aspectratio>
			</control>
		</control>
		
	</include>
	<include name="ShortCut_mainmenu_SetPath_ButtonTemplate">
		
		<include content="SectionHeadline">
			<param name="id" value="$PARAM[id]0"/>
			<param name="height" value="60"/>
			<param name="align" value="left" />
			<param name="label" value="MAIN MENU ENTRY  $PARAM[nr]$INFO[Skin.String(mainmenuitem$PARAM[nr]_name), : [B],[/B]]"/>
		</include>
		
		<control type="radiobutton" id="$PARAM[id]1">
			<description> need var Skin.String(mainmenuitem$PARAM[nr]_foo)] but may not workin</description>
			<radioposx>200</radioposx>
			<radioposxy>5</radioposxy>
			<radiowidth>42</radiowidth>
			<radioheight>20</radioheight>
			<textureradioonfocus colordiffuse="$VAR[color_global_button_text_fo]">icons/settings.png</textureradioonfocus>
			<textureradioonnofocus colordiffuse="$VAR[color_global_button_text_nf]">icons/settings.png</textureradioonnofocus>
			<textureradioofffocus colordiffuse="$VAR[color_global_button_text_fo]">icons/settings.png</textureradioofffocus>
			<textureradiooffnofocus colordiffuse="$VAR[color_global_button_text_nf]">icons/settings.png</textureradiooffnofocus>
			<textureradioondisabled colordiffuse="disabled">icons/settings.png</textureradioondisabled>
			<textureradiooffdisabled colordiffuse="disabled">icons/settings.png</textureradiooffdisabled>
			
			<onclick>SetProperty(shortcutitem_nr,$PARAM[nr],home)</onclick>
			
			<onclick>SetProperty(SettingSection,SwanWidgetShortcuts,home)</onclick>
			<onclick>SetProperty(SetShortcutInProgress,mainmenu,home)</onclick>
			
			<onclick>ActivateWindow(1103,return)</onclick>
			<label>                             Set Entry</label>
			<label2>ActivateWindow($INFO[Skin.String(mainmenuitem$PARAM[nr]_target)]$INFO[Skin.String(mainmenuitem$PARAM[nr]_path)]$COMMAreturn)$INFO[Skin.String(mainmenuitem$PARAM[nr]_executebuiltin)]</label2>
		</control>
		<control type="radiobutton" id="$PARAM[id]2">
			<height>80</height>
			<radioposx>200</radioposx>
			<radioposxy>5</radioposxy>
			<radiowidth>42</radiowidth>
			<radioheight>20</radioheight>
			<textureradioonfocus colordiffuse="$VAR[color_global_button_text_fo]">icons/settings.png</textureradioonfocus>
			<textureradioonnofocus colordiffuse="$VAR[color_global_button_text_nf]">icons/settings.png</textureradioonnofocus>
			<textureradioofffocus colordiffuse="$VAR[color_global_button_text_fo]">icons/settings.png</textureradioofffocus>
			<textureradiooffnofocus colordiffuse="$VAR[color_global_button_text_nf]">icons/settings.png</textureradiooffnofocus>
			<textureradioondisabled colordiffuse="disabled">icons/settings.png</textureradioondisabled>
			<textureradiooffdisabled colordiffuse="disabled">icons/settings.png</textureradiooffdisabled>
			<description>$INFO[Window(home).Property(shortcutitem_nr)]</description>
			<visible>!String.IsEmpty(Skin.String(mainmenuitem$PARAM[nr]_target)) | !String.IsEmpty(Skin.String(mainmenuitem$PARAM[nr]_path)) | !String.IsEmpty(Skin.String(mainmenuitem$PARAM[nr]_executebuiltin))</visible>
			<onclick>SetProperty(shortcutitem_nr,$PARAM[nr],home)</onclick>
			<onclick>SetProperty(SettingSection,MainmenuAttributes,home)</onclick>
			<onclick>ActivateWindow(1103)</onclick>
			<label>                             Change Attributes</label>
			<label2 />
		</control>
		
		<control type="button" id="$PARAM[id]4">
			<description>RESET</description>
			<visible>!String.IsEmpty(Skin.String(mainmenuitem$PARAM[nr]_target)) | !String.IsEmpty(Skin.String(mainmenuitem$PARAM[nr]_path)) | !String.IsEmpty(Skin.String(mainmenuitem$PARAM[nr]_executebuiltin))</visible>
			<height>25</height>
			<onclick>Skin.Reset(mainmenuitem$PARAM[nr]_executebuiltin)</onclick>
			<onclick>Skin.Reset(mainmenuitem$PARAM[nr]_target)</onclick>
			<onclick>Skin.Reset(mainmenuitem$PARAM[nr]_path)</onclick>
			<onclick>Skin.Reset(mainmenuitem$PARAM[nr]_name)</onclick>
			<onclick>Skin.Reset(mainmenuitem$PARAM[nr]_thumb)</onclick>
			<onclick>Skin.Reset(mainmenuitem$PARAM[nr]_fanart)</onclick>
			<label>                        Remove/Reset</label>
			<label2 />
		</control>
		<control type="group" id="$PARAM[id]6">
			<description>DONT remove group control</description>
			<control type="image">
				<visible>!String.IsEmpty(Skin.String(mainmenuitem$PARAM[nr]_thumb))</visible>
				<description>Image extras WidgetLayout</description>
				<top>-111</top>
				<left>30</left>
				<height>80</height>
				<width>70</width>
				<bordersize>2</bordersize>
				<texture fallback="">$INFO[Skin.String(mainmenuitem$PARAM[nr]_thumb)]</texture>
				<aspectratio aligny="center" align="center">keep</aspectratio>
			</control>
			
			<control type="image">
				<visible>!String.IsEmpty(Skin.String(mainmenuitem$PARAM[nr]_fanart))</visible>
				<description>Image extras WidgetLayout</description>
				<top>-111</top>
				<right>30</right>
				<height>80</height>
				<width>200</width>
				<bordersize>2</bordersize>
				<texture fallback="">$INFO[Skin.String(mainmenuitem$PARAM[nr]_fanart)]</texture>
				<aspectratio>keep</aspectratio>
			</control>
		</control>
		
	</include>
	
	<include name="Mainmenu_SetAttributes_ButtonTemplate">
		<control type="button" id="11031">
			<onclick>SetProperty(DialogHeader,Set Name for Main Menu Entry $PARAM[nr],home)</onclick>
			<onclick>Skin.SetString(mainmenuitem$PARAM[nr]_name)</onclick>
			<label>Main Menu Entry Name</label>
			<label2>$INFO[Skin.String(mainmenuitem$PARAM[nr]_name)]</label2>
		</control>
		
		<!--
		<control type="radiobutton" id="11032">
			<description>toggle linked color</description>
			<onclick>Skin.ToggleSetting(userwidget$PARAM[nr]_OverrideColor)</onclick>
			<label>Use override color for the menu tile</label>
			<label2>      </label2>
			<selected>Skin.HasSetting(userwidget$PARAM[nr]_OverrideColor)</selected>
		</control>
		set color button 

		-->
		<control type="button" id="11035">
			<description>set thumb</description>
			<height>50</height>
			<label>                        [I]Set[/I]    [B]ICON / THUMB[/B]</label>
			<label2 />
			<onclick condition="String.IsEmpty(Skin.String(texturepath_userdefined))">Skin.SetImage(mainmenuitem$PARAM[nr]_thumb,special://skin/extras/tempfoldersqaurethumbs)</onclick>
			<onclick condition="!String.IsEmpty(Skin.String(texturepath_userdefined))">Skin.SetImage(mainmenuitem$PARAM[nr]_thumb,$INFO[Skin.String(texturepath_userdefined)])</onclick>
		</control>
		<control type="button" id="11036">
			<description>set fanart</description>
			<height>50</height>
			<label>                        [I]Set[/I]    [B]FANART[/B]</label>
			<label2 />
			<onclick condition="String.IsEmpty(Skin.String(texturepath_userdefined))">Skin.SetImage(mainmenuitem$PARAM[nr]_fanart,special://skin/extras/backgroundimages)</onclick>
			<onclick condition="!String.IsEmpty(Skin.String(texturepath_userdefined))">Skin.SetImage(mainmenuitem$PARAM[nr]_fanart,$INFO[Skin.String(texturepath_userdefined)])</onclick>
		</control>
	</include>
		<!-- <texture fallback="special://skin/extras/selectdialog/widgetlayout_nolayout.png">$INFO[Skin.String(userwidget$PARAM[nr]_layout),artworkdiffuse/,.png]</texture> -->
		<!-- SkinSettings.xml widget script.embuary helper - set attributes - call custom window 1103 -->
	
	
	<!-- revisit ? - check where reload needed -->
	
	<include name="Widget_SetAttributes_ButtonTemplate">
		
		<control type="button" id="11031">
			<onclick>SetProperty(DialogHeader,Set Name for Widget $PARAM[nr],home)</onclick>
			<onclick>Skin.SetString(userwidget$PARAM[nr]_name)</onclick>
			<label>Widget Name</label>
			<label2>$INFO[Skin.String(userwidget$PARAM[nr]_name)]</label2>
		</control>
		<control type="radiobutton" id="11032">
			<description>Toggle as Category Widget</description>
			<onclick>Skin.ToggleSetting(userwidget$PARAM[nr]_IsSection)</onclick>
			<onclick condition="Skin.HasSetting(userwidget$PARAM[nr]_bottominfo) + !Skin.HasSetting(userwidget$PARAM[nr]_IsSection)">Skin.ToggleSetting(userwidget$PARAM[nr]_bottominfo)</onclick>
			<label>Use As Category / Section Menu</label>
			<label2>      </label2>
			<selected>Skin.HasSetting(userwidget$PARAM[nr]_IsSection)</selected>
		</control>
		<control type="button" id="11033">
			<description>Set Layout</description>
			<onclick>SetProperty(Dialog.1.Label,$LOCALIZE[31200])</onclick>
			<onclick>SetProperty(Dialog.1.BuiltIn,Skin.SetString(userwidget$PARAM[nr]_layout,poster)||Skin.SetString(userwidget$PARAM[nr]_layout.label,$LOCALIZE[20021]))</onclick>
			
			<onclick>SetProperty(Dialog.2.Label,$LOCALIZE[31201])</onclick>
			<onclick>SetProperty(Dialog.2.BuiltIn,Skin.SetString(userwidget$PARAM[nr]_layout,landscape)||Skin.SetString(userwidget$PARAM[nr]_layout.label,$LOCALIZE[31205]))</onclick>
			
			<onclick>SetProperty(Dialog.3.Label,$LOCALIZE[31202])</onclick>
			<onclick>SetProperty(Dialog.3.BuiltIn,Skin.SetString(userwidget$PARAM[nr]_layout,square)||Skin.SetString(userwidget$PARAM[nr]_layout.label,$LOCALIZE[31206]))</onclick>
			
			<onclick>SetProperty(Dialog.4.Label,$LOCALIZE[31203])</onclick>
			<onclick>SetProperty(Dialog.4.BuiltIn,Skin.SetString(userwidget$PARAM[nr]_layout,circle)||Skin.SetString(userwidget$PARAM[nr]_layout.label,$LOCALIZE[31207]))</onclick>
			
			<onclick>SetProperty(Dialog.5.Label,$LOCALIZE[31204])</onclick>
			<onclick>SetProperty(Dialog.5.BuiltIn,Skin.SetString(userwidget$PARAM[nr]_layout,banner)||Skin.SetString(userwidget$PARAM[nr]_layout.label,$LOCALIZE[20020]))</onclick>
			
			<onclick>SetProperty(Dialog.6.Label,$LOCALIZE[31200]   &amp;   $LOCALIZE[31201])</onclick>
			<onclick>SetProperty(Dialog.6.BuiltIn,Skin.SetString(userwidget$PARAM[nr]_layout,poster_to_fanart)||Skin.SetString(userwidget$PARAM[nr]_layout.label,$LOCALIZE[20021] &amp; $LOCALIZE[31205]))</onclick>
				
			<onclick>RunScript(script.embuary.helper,action=createselect,header=$LOCALIZE[21858])</onclick>
			<label>Layout</label>
			<label2>$INFO[Skin.String(userwidget$PARAM[nr]_layout.label)]</label2>
		</control>
		<control type="radiobutton" id="11034">
			<description>Set fixed</description>
			<label>Use Fixed Layout</label>
			<description>Toggle Tags</description>
			<onclick>Skin.ToggleSetting(userwidget$PARAM[nr]_forceFixedlist)</onclick>
			<label>Force_Tags</label>
			<selected>Skin.HasSetting(userwidget$PARAM[nr]_forceFixedlist)</selected>
		</control>
		<control type="radiobutton" id="11035">
			<description>Toggle Tags - need reload</description>
			<onclick>Skin.ToggleSetting(userwidget$PARAM[nr]_forceTag)</onclick>
			<onclick>SetProperty(RefreshWidgets,tags,home)</onclick>
			<label>Force_Tags</label>
			<selected>Skin.HasSetting(userwidget$PARAM[nr]_forceTag)</selected>
		</control>
		<control type="radiobutton" id="11036">
			<visible>!String.IsEqual(Skin.String(HomeLayout),Spotlight)</visible>
			<description>Widget Info panel</description>
			<onclick condition="!Skin.HasSetting(userwidget$PARAM[nr]_forceFixedlist)">Skin.ToggleSetting(userwidget$PARAM[nr]_forceFixedlist)</onclick>
			<onclick condition="Skin.HasSetting(userwidget$PARAM[nr]_forceTag)">Skin.ToggleSetting(userwidget$PARAM[nr]_forceTag)</onclick>
			<onclick>Skin.ToggleSetting(userwidget$PARAM[nr]_bottominfo)</onclick>
			<label>Show Widget Info at bottom (tags will be diasabled)</label>
			<selected>Skin.HasSetting(userwidget$PARAM[nr]_bottominfo)</selected>
		</control>
		<control type="button" id="11037">
			<label>$LOCALIZE[581]</label>
			<description>need overhaul in LOCALIZEd maybe include depending on type</description>
			<onclick>SetProperty(Dialog.1.Label,$LOCALIZE[571])</onclick>
			<onclick>SetProperty(Dialog.1.BuiltIn,Skin.Reset(userwidget$PARAM[nr]_sortby)||Skin.SetString(userwidget$PARAM[nr]_sortby.label,$LOCALIZE[13278]))</onclick>
			
			<onclick>SetProperty(Dialog.2.Label,$LOCALIZE[21899])</onclick>
			<onclick>SetProperty(Dialog.2.BuiltIn,Skin.SetString(userwidget$PARAM[nr]_sortby,label)||Skin.SetString(userwidget$PARAM[nr]_sortby.label,$LOCALIZE[21899]))</onclick>
			
			<onclick>SetProperty(Dialog.3.Label,$LOCALIZE[556])</onclick>
			<onclick>SetProperty(Dialog.3.BuiltIn,Skin.SetString(userwidget$PARAM[nr]_sortby,title)||Skin.SetString(userwidget$PARAM[nr]_sortby.label,$LOCALIZE[556]))</onclick>
			
			<onclick>SetProperty(Dialog.4.Label,$LOCALIZE[36902]-$LOCALIZE[551])</onclick>
			<onclick>SetProperty(Dialog.4.BuiltIn,Skin.SetString(userwidget$PARAM[nr]_sortby,tvshowtitle)||Skin.SetString(userwidget$PARAM[nr]_sortby.label,$LOCALIZE[36902]-$LOCALIZE[551]))</onclick>
			
			<onclick>SetProperty(Dialog.5.Label,$LOCALIZE[171])</onclick>
			<onclick>SetProperty(Dialog.5.BuiltIn,Skin.SetString(userwidget$PARAM[nr]_sortby,sorttitle)||Skin.SetString(userwidget$PARAM[nr]_sortby.label,$LOCALIZE[171]))</onclick>
			
			<onclick>SetProperty(Dialog.6.Label,$LOCALIZE[557])</onclick>
			<onclick>SetProperty(Dialog.6.BuiltIn,Skin.SetString(userwidget$PARAM[nr]_sortby,artist)||Skin.SetString(userwidget$PARAM[nr]_sortby.label,$LOCALIZE[557]))</onclick>
			
			<onclick>SetProperty(Dialog.7.Label,$LOCALIZE[558])</onclick>
			<onclick>SetProperty(Dialog.7.BuiltIn,Skin.SetString(userwidget$PARAM[nr]_sortby,album)||Skin.SetString(userwidget$PARAM[nr]_sortby.label,$LOCALIZE[558]))</onclick>
			
			<onclick>SetProperty(Dialog.8.Label,$LOCALIZE[563])</onclick>
			<onclick>SetProperty(Dialog.8.BuiltIn,Skin.SetString(userwidget$PARAM[nr]_sortby,rating)||Skin.SetString(userwidget$PARAM[nr]_sortby.label,$LOCALIZE[563]))</onclick>
			
			<onclick>SetProperty(Dialog.9.Label,$LOCALIZE[38018])</onclick>
			<onclick>SetProperty(Dialog.9.BuiltIn,Skin.SetString(userwidget$PARAM[nr]_sortby,userrating)||Skin.SetString(userwidget$PARAM[nr]_sortby.label,$LOCALIZE[38018]))</onclick>
			
			<onclick>SetProperty(Dialog.10.Label,$LOCALIZE[13409])</onclick>
			<onclick>SetProperty(Dialog.10.BuiltIn,Skin.SetString(userwidget$PARAM[nr]_sortby,top250)||Skin.SetString(userwidget$PARAM[nr]_sortby.label,$LOCALIZE[13409]))</onclick>
			
			<onclick>SetProperty(Dialog.11.Label,$LOCALIZE[590])</onclick>
			<onclick>SetProperty(Dialog.11.BuiltIn,Skin.SetString(userwidget$PARAM[nr]_sortby,random)||Skin.SetString(userwidget$PARAM[nr]_sortby.label,$LOCALIZE[590]))</onclick>
			<!-- 20 - top250  .xsp only no corresponding media type-->
			<onclick>SetProperty(Dialog.12.Label,$LOCALIZE[562])</onclick>
			<onclick>SetProperty(Dialog.12.BuiltIn,Skin.SetString(userwidget$PARAM[nr]_sortby,year)||Skin.SetString(userwidget$PARAM[nr]_sortby.label,$LOCALIZE[562]))</onclick>
			
			<onclick>SetProperty(Dialog.13.Label,$LOCALIZE[570])</onclick>
			<onclick>SetProperty(Dialog.14.BuiltIn,Skin.SetString(userwidget$PARAM[nr]_sortby,dateadded)||Skin.SetString(userwidget$PARAM[nr]_sortby.label,$LOCALIZE[570]))</onclick>
			
			<onclick>SetProperty(Dialog.14.Label,$LOCALIZE[568])</onclick>
			<onclick>SetProperty(Dialog.15.BuiltIn,Skin.SetString(userwidget$PARAM[nr]_sortby,lastplayed)||Skin.SetString(userwidget$PARAM[nr]_sortby.label,$LOCALIZE[568]))</onclick>
			
			<onclick>SetProperty(Dialog.15.Label,$LOCALIZE[567])</onclick>
			<onclick>SetProperty(Dialog.15.BuiltIn,Skin.SetString(userwidget$PARAM[nr]_sortby,playcount)||Skin.SetString(userwidget$PARAM[nr]_sortby.label,$LOCALIZE[567]))</onclick>
			
			<onclick>SetProperty(Dialog.16.Label,$LOCALIZE[36904])</onclick>
			<onclick>SetProperty(Dialog.16.BuiltIn,Skin.SetString(userwidget$PARAM[nr]_sortby,season)||Skin.SetString(userwidget$PARAM[nr]_sortby.label,$LOCALIZE[36904]))</onclick>
			
			<onclick>SetProperty(Dialog.17.Label,$LOCALIZE[36906])</onclick>
			<onclick>SetProperty(Dialog.17.BuiltIn,Skin.SetString(userwidget$PARAM[nr]_sortby,episode)||Skin.SetString(userwidget$PARAM[nr]_sortby.label,$LOCALIZE[36906]))</onclick>
			
			<onclick>SetProperty(Dialog.18.Label,$LOCALIZE[554])</onclick>
			<onclick>SetProperty(Dialog.18.BuiltIn,Skin.SetString(userwidget$PARAM[nr]_sortby,tracknumber)||Skin.SetString(userwidget$PARAM[nr]_sortby.label,$LOCALIZE[554]))</onclick>
			
			<onclick>RunScript(script.embuary.helper,action=createselect,header=$LOCALIZE[581])</onclick>
			<label2>$INFO[Skin.String(userwidget$PARAM[nr]_sortby.label)]</label2>
		</control>
		<control type="button" id="11038">
			<description>Set Sortorder</description>
			<label>$LOCALIZE[580]</label>
			<onclick>SetProperty(Dialog.1.Label,$LOCALIZE[571])</onclick>
			<onclick>SetProperty(Dialog.1.BuiltIn,Skin.Reset(userwidget$PARAM[nr]_sortorder))||||Skin.SetString(userwidget$PARAM[nr]_sortorder.label,$LOCALIZE[571]))</onclick>
			<onclick>SetProperty(Dialog.2.Label,$LOCALIZE[584])</onclick>
			<onclick>SetProperty(Dialog.2.BuiltIn,Skin.SetString(userwidget$PARAM[nr]_sortorder,ascending)||Skin.SetString(userwidget$PARAM[nr]_sortorder.label,$LOCALIZE[584]))</onclick>
			<onclick>SetProperty(Dialog.3.Label,$LOCALIZE[585])</onclick>
			<onclick>SetProperty(Dialog.3.BuiltIn,Skin.SetString(userwidget$PARAM[nr]_sortorder,descending)||Skin.SetString(userwidget$PARAM[nr]_sortorder.label,$LOCALIZE[585]))</onclick>
			<onclick>RunScript(script.embuary.helper,action=createselect,header=$LOCALIZE[580])</onclick>
			<label2>$INFO[Skin.String(userwidget$PARAM[nr]_sortorder.label)]</label2>
		</control>
		<control type="button" id="11039">
			<description>Set Limit</description>
			<label>$LOCALIZE[21427]</label>
			<onclick>Skin.SetNumeric(userwidget$PARAM[nr]_limit)</onclick>
			<label2>$INFO[Skin.String(userwidget$PARAM[nr]_limit)]</label2>
		</control>
		<control type="button" id="11040">
			<description>Define Target</description>
			<label>$LOCALIZE[467]</label>
			<onclick>SetProperty(Dialog.1.Label,$LOCALIZE[3])</onclick>
			<onclick>SetProperty(Dialog.1.BuiltIn,Skin.SetString(userwidget$PARAM[nr]_target,videos)||Skin.SetString(userwidget$PARAM[nr]_target.label,$LOCALIZE[3]))</onclick>
			<onclick>SetProperty(Dialog.2.Label,$LOCALIZE[2])</onclick>
			<onclick>SetProperty(Dialog.2.BuiltIn,Skin.SetString(userwidget$PARAM[nr]_target,music)||Skin.SetString(userwidget$PARAM[nr]_target.label,$LOCALIZE[2]))</onclick>
			<onclick>SetProperty(Dialog.3.Label,$LOCALIZE[1])</onclick>
			<onclick>SetProperty(Dialog.3.BuiltIn,Skin.SetString(userwidget$PARAM[nr]_target,pictures)||Skin.SetString(userwidget$PARAM[nr]_target.label,$LOCALIZE[1]))</onclick>
			<onclick>SetProperty(Dialog.4.Label,$LOCALIZE[0])</onclick>
			<onclick>SetProperty(Dialog.4.BuiltIn,Skin.SetString(userwidget$PARAM[nr]_target,programs)||Skin.SetString(userwidget$PARAM[nr]_target.label,$LOCALIZE[0]))</onclick>
			<onclick>SetProperty(Dialog.5.Label,  - $LOCALIZE[504] ($LOCALIZE[13007]))</onclick>
			<onclick>SetProperty(Dialog.5.BuiltIn,Skin.Reset(userwidget$PARAM[nr]_target)||Skin.SetString(userwidget$PARAM[nr]_target.label,$LOCALIZE[504]))</onclick>
			<onclick>RunScript(script.embuary.helper,action=createselect,header=$LOCALIZE[467])</onclick>
			<label2>$INFO[Skin.String(userwidget$PARAM[nr]_target.label)]</label2>
		</control>
	</include>
	
</includes>