<?xml version="1.0" encoding="UTF-8"?>
<includes>

	<include name="view_58">
		
		<control type="group">
			<visible>Control.IsVisible(58)</visible>
			
			<control type="list" id="58">
				<include content="view_locking" condition="skin.hassetting(skin_locked_views)">
					<param name="view_id" value="58" />
				</include>
				<include content="view_58_noLocking" condition="!skin.hassetting(skin_locked_views)" />
				
				<viewtype label="$LOCALIZE[31260]">spotlight season info</viewtype>
				
				<onfocus condition="String.IsEqual(Window(Home).Property(menucontrol_active),common)">ClearProperty(menucontrol_active,home)</onfocus>
				<onfocus>RunScript(script.embuary.helper,action=encode,string='"$INFO[ListItem.TVShowTitle]"',prop=EncodedTitle)</onfocus>
				<onfocus condition="!String.IsEmpty(Window.Property(refreshtrailer))">RunScript(script.embuary.helper,action=lookforfile,file='"$INFO[container.listitem.path]$INFO[container.listitem.FolderName,,-trailer.mp4]"',prop=trailer_avail)</onfocus>
				<onfocus condition="!String.IsEmpty(Window.Property(refreshtrailer))">SetProperty(listitemtrailer,$INFO[container.listitem.path]$INFO[container.listitem.FolderName,,-trailer.mp4],home)</onfocus>
				<onfocus condition="!String.IsEmpty(Window.Property(refreshtrailer))">ClearProperty(refreshtrailer)</onfocus>
				<onfocus>SetFocus(58001)</onfocus>
				<include>HiddenContainer</include>
			</control>
			
			<animation type="Visible" reversible="false">
				<effect type="zoom" start="0" end="100" center="50%,50%" tween="quadratic" easing="in" time="500" />
				<effect type="fade" delay="160" end="100" time="240" />
			</animation>
			<animation type="Hidden" reversible="false">
				<effect type="zoom" start="100" end="0" center="50%,50%" tween="quadratic" easing="out" time="200" />
				<effect type="fade" start="100" end="0" time="240" />
			</animation>
			
			<control type="group">
				<description>hide if 58001 + string.isempty(window(home).property(menucontrol_active))</description>
				<visible>Skin.HasSetting(view_58_EnableFanartBG)</visible>
				<control type="image">
					<visible>!Control.HasFocus(58001) + Skin.HasSetting(view_58_EnableBottomPanel)</visible>
					<fadetime>350</fadetime>
					<bordersize>0,0,0,418</bordersize>
					<texture background="true" diffuse="colors/white20.png">$VAR[ArtworkThumb]</texture>
					<aspectratio scalediffuse="true" aligny="top">scale</aspectratio>
					<animation effect="slide" start="0,1080" end="0,0" tween="quadratic" easing="in" time="400">VisibleChange</animation>
				</control>
				<control type="image">
					<visible>!Control.HasFocus(58001) + !Skin.HasSetting(view_58_EnableBottomPanel)</visible>
					<fadetime>350</fadetime>
					<texture background="true" diffuse="colors/white10.png">$VAR[ArtworkThumb]</texture>
					<aspectratio scalediffuse="true" aligny="top">scale</aspectratio>
					<animation effect="slide" start="0,1080" end="0,0" tween="quadratic" easing="in" time="400">VisibleChange</animation>
				</control>
			</control>
			
			<control type="grouplist" id="58000">
				<include>FullScreenDimensions</include>
				<animation reversible="true" time="300" effect="fade" start="100" end="0" condition="$EXP[TrailerIsPlaying]">Conditional</animation>
				<top>110</top>
					
				<onup>58000</onup>
				<ondown>58000</ondown>
				<pagecontrol>5860</pagecontrol>
				
				<control type="button" id="58001">
					
					<texturefocus />
					<texturenofocus />
					<onfocus condition="Control.IsVisible(58)">RunScript(script.embuary.helper,action=lookforfile,file='"$INFO[listitem.path]$INFO[listitem.FolderName,,-trailer.mp4]"',prop=trailer_avail)</onfocus>
					
					<onleft condition="Control.IsVisible(58)">menu</onleft>
					<onright condition="Control.IsVisible(58)">menu</onright>
					<onup condition="Control.IsVisible(58)">58004</onup>
					<ondown condition="Control.IsVisible(58)">58004</ondown>
					
					<onfocus condition="String.IsEqual(Window(Home).Property(menucontrol_active),common)">ClearProperty(menucontrol_active,home)</onfocus>
<!-- 
					<onfocus condition="String.IsEmpty(Window(Home).Property(firstload),done) + Control.IsVisible(58) + Skin.HasSetting(view_58_FirstFocus_NextUp)">SetFocus(58004)</onfocus>
					<onfocus condition="String.IsEmpty(Window(Home).Property(firstload),done) + Control.IsVisible(58) + Skin.HasSetting(view_58_FirstFocus_Seasons)">SetFocus(580051)</onfocus>
				 -->	
					<onfocus condition="!Control.IsVisible(58)">SetFocus(50)</onfocus>
					<onright condition="!Control.IsVisible(58)">SetFocus(50)</onright>
					<onleft condition="!Control.IsVisible(58)">SetFocus(50)</onleft>
					<onup condition="!Control.IsVisible(58)">SetFocus(50)</onup>
					<ondown condition="!Control.IsVisible(58)">SetFocus(50)</ondown>
					<height>1</height>
					<onback>SetFocus(50)</onback>
					<onback>ClearProperty(firstload,home)</onback>
				</control>
			
				<control type="group" id="58002">
					<description>PAGE 1. only workaround to respact screen aspect are includes which detect screen reso,currently ommit width tag</description>
					<height>970</height>
					
					<include content="Fanart_Diffused">
						<right>0</right>
						<param name="diffuse" value="diffuse/spotlightleftdiffuse.png" />
						<param name="visible" value="!Skin.HasSetting(view_58_FanartLeftAlignment)" />
					</include>
					<include content="Fanart_Diffused">
						<left>0</left>
						<param name="diffuse" value="diffuse/spotlightrightdiffuse.png" />
						<param name="visible" value="Skin.HasSetting(view_58_FanartLeftAlignment)" />
					</include>
					
					<control type="textbox">
						<right>60</right>
						<align>right</align>
						<visible>Skin.HasSetting(view_58_FanartLeftAlignment)</visible>
						<include content="view_58_Plot_Shift" />
					</control>
					
					<control type="textbox">
						<left>110</left>
						<align>left</align>
						<visible>!Skin.HasSetting(view_58_FanartLeftAlignment)</visible>
						<include content="view_58_Plot_Shift" />
					</control>
					
				</control>
				
				<control type="group" id="58003">
					<description>PAGE 2 next up</description>
					<height>1080</height>
					<left>100</left>
					<include content="Special_Header">
						<param name="pos_top" value="300" />
						<param name="align" value="left" />
						<param name="widgetdesc" value="[B]$VAR[view_58_Label_ResumeOrNext][/B]" />
					</include>
									
					<control type="label">
						<top>505</top>
						<left>680</left>
						<width>55%</width>
						<font>font36_title</font>
						<height>50</height>
						<align>left</align>
						<aligny>bottom</aligny>
						<scroll delay="2000">true</scroll>
						<scrollspeed>40</scrollspeed>
						<textcolor>$VAR[color_spotlightlib_accent]</textcolor>
						<info>Container(58004).ListItem.Title</info>
					</control>
					<control type="textbox">
						<top>570</top>
						<left>680</left>
						<width>40%</width>
						<font>font_SpotlightPlot_RegMedium</font>
						<height>165</height>
						<align>left</align>
						<aligny>top</aligny>
						<autoscroll>false</autoscroll>
						<textcolor>$VAR[color_spotlightlib_secondary]</textcolor>
						<info>Container(58004).ListItem.Plot</info>
					</control>
					<control type="textbox">
						<top>740</top>
						<left>680</left>
						<width>40%</width>
						<font>MenucontrolItem</font>
						<height>30</height>
						<align>left</align>
						<aligny>top</aligny>
						<autoscroll>false</autoscroll>
						<textcolor>$VAR[color_spotlightlib_accent]</textcolor>
						<label>$INFO[Container(58004).ListItem().Duration(m),, $LOCALIZE[12391]]</label>
					</control>
					<control type="textbox">
						<top>740</top>
						<left>680</left>
						<width>40%</width>
						<font>MenucontrolItem</font>
						<height>30</height>
						<align>right</align>
						<aligny>top</aligny>
						<autoscroll>false</autoscroll>
						<textcolor>$VAR[color_spotlightlib_accent]</textcolor>
						<info>Container(58004).ListItem.Premiered</info>
					</control>
					
					<include content="Universal_Container">
						<description>Resume Or Next - Item</description>
						<param name="id" value="58004" />
						<param name="type_height" value="1080" />
						<param name="type_pos_top" value="370" />
						<param name="bordercolor_fo" value="$VAR[color_spotlightlib_main]" />
						<param name="bordercolor_nf" value="$VAR[color_spotlightlib_main]" />
						<param name="visible" value="" />
						<param name="layout_height" value="388" />
						<param name="layout_width" value="648" />
						<param name="itemheight" value="388" />
						<param name="itemwidth" value="648" />
						<param name="layout" value="landscape" />
						<param name="focusoverlay_visible" value="false" />
						<param name="root_conditional_artworkdiffuse_themed" value="true" />
						<param name="root_conditional_artworkdiffuse_override" value="false" />
						<param name="SetPropOnFocus" value="false" />
						<onback>SetFocus(50)</onback>
						<onup>58001</onup>
						<ondown>580051</ondown>
						<onfocus condition="String.IsEqual(Window(Home).Property(menucontrol_active),common)">ClearProperty(menucontrol_active,home)</onfocus>
						<content>$VAR[view_58_Content_NextUp]</content>
					</include>
				</control>
				
				<control type="group" id="58005">
					<description>PAGE 3 seasons + episodes</description>
					
					<left>100</left>
					<height>1080</height>
					
					<include content="Special_Header">
						<param name="pos_top" value="80" />
						<param name="widgetdesc" value="$INFO[Container(580051).ListItem.Label,[B],[/B]]" />
					</include>
					
					<include content="Universal_Container">
						
						<param name="id" value="580051" />
						<param name="type_height" value="370" />
						<param name="type_pos_top" value="160" />
						<param name="bordercolor_fo" value="$VAR[color_spotlightlib_itemframe_fo]" />
						<param name="bordercolor_nf" value="$VAR[color_spotlightlib_itemframe_nf]" />
						<param name="tags_visible" value="true" />
						<param name="visible" value="" />
						<param name="layout_height" value="300" />
						<param name="layout_width" value="220" />
						<param name="itemheight" value="300" />
						<param name="itemwidth" value="207" />
						<param name="layout" value="poster" />
						<param name="ls_overlay_visible" value="false" />
						<param name="SetPropOnFocus" value="false" />
						
						<onback>SetFocus(50)</onback>
						<onup>58004</onup>
						<ondown condition="Integer.IsGreater(Container(580052).NumItems,0)">Control.SetFocus(580052,0,absolute)</ondown>
						<ondown condition="!Integer.IsGreater(Container(580052).NumItems,0)">580061</ondown>
						<onfocus condition="String.IsEqual(Window(Home).Property(menucontrol_active),common)">ClearProperty(menucontrol_active,home)</onfocus>
						<content target="videos" sortby="season">$VAR[view_58_Content_Seasons]</content>
					</include>
					
					<include>view_58_seperator</include>
					
					<control type="panel" id="580052">
						<description>folder content - episode thumb</description>
						<top>590</top>
						<width>98%</width>
						<height>430</height>
						<onback>SetFocus(50)</onback>
						<onup>580051</onup>
						<ondown>580061</ondown>
						<preloaditems>2</preloaditems>
						<orientation>horizontal</orientation>
						<scrolltime tween="quadratic" easing="in">400</scrolltime>
						<onfocus condition="String.IsEqual(Window(Home).Property(menucontrol_active),common)">ClearProperty(menucontrol_active,home)</onfocus>
				
						<itemlayout height="430" width="460" condition="!Skin.HasSetting(view_58_EpisodeInfoRight)">
							<control type="group">
								<top>25</top>
								<height>242</height>
								<width>410</width>
								<include content="UniversalLayout">
									<param name="colordiffuse" value="$VAR[color_spotlightlib_itemframe_nf]" />
									<param name="bottompanelcolor" value="none" />
									<param name="bottomtaglabelcolor" value="$VAR[color_spotlightlib_secondary]" />
									<param name="artwork" value="landscape" />
									<param name="get_tags" value="false" />
									<param name="autoscroll" value="false" />
									<param name="bordersize_bg" value="6" />
									<param name="conditional_artworkdiffuse_themed" value="true" />
									<param name="conditional_artworkdiffuse_override" value="false" />
								</include>
								
								<control type="label">
									<top>-30</top>
									<height>25</height>
									<font>MenucontrolSectionHeading</font>
									<label>$INFO[ListItem.Episode, $LOCALIZE[36906]  ,]$INFO[ListItem.Title, :  ,]</label>
									<textcolor>$VAR[color_spotlightlib_main]</textcolor>
									<selectedcolor>$VAR[color_spotlightlib_accent]</selectedcolor>
								</control>
								<control type="textbox">
									<autoscroll delay="2000" time="1500" repeat="1500">false</autoscroll>
									<top>250</top>
									<wrapmultiline>true</wrapmultiline>
									<height>90</height>
									<font>font20_title</font>
									<align>left</align>
									<aligny>center</aligny>
									<textcolor>$VAR[color_spotlightlib_secondary]</textcolor>
									<selectedcolor>white</selectedcolor>
									<label>$INFO[ListItem.Plot]</label>
								</control>
							</control>
						</itemlayout>
						<focusedlayout height="430" width="460" condition="!Skin.HasSetting(view_58_EpisodeInfoRight)">
							<control type="group">
								<height>242</height>
								<width>410</width>
								<top>25</top>
								<include content="UniversalLayout">
									<param name="colordiffuse" value="$VAR[color_spotlightlib_itemframe_fo]" />
									<param name="bottompanelcolor" value="none" />
									<param name="artwork" value="landscape" />
									<param name="get_tags" value="false" />
									<param name="autoscroll" value="false" />
									<param name="bordersize_bg" value="4" />
									<param name="conditional_artworkdiffuse_themed" value="true" />
									<param name="conditional_artworkdiffuse_override" value="false" />
								</include>
								<control type="label">
									<top>-30</top>
									<height>25</height>
									<font>MenucontrolSectionHeading</font>
									<label>$INFO[ListItem.Episode, $LOCALIZE[36906]  ,]$INFO[ListItem.Title, :  ,]</label>
									<textcolor>$VAR[color_spotlightlib_accent]</textcolor>
									<selectedcolor>white</selectedcolor>
								</control>
								<animation type="Focus" reversible="false">
									<effect type="zoom" end="112,112" time="200" tween="sine" easing="out" center="auto" />
									<effect type="zoom" end="91,91" time="150" tween="sine" delay="200" easing="out" center="auto" />
								</animation>
								<include content="FocusOverlay">
									<param name="diffusedimtext" value="artworkdiffuse/landscape.png" />
								</include>
							</control>
							<control type="textbox">
								<autoscroll delay="2000" time="1500" repeat="1500">true</autoscroll>
								<top>282</top>
								<left>5</left>
								<right>50</right>
								<wrapmultiline>true</wrapmultiline>
								<height>90</height>
								<font>font20_title</font>
								<align>left</align>
								<aligny>center</aligny>
								<textcolor>$VAR[color_spotlightlib_main]</textcolor>
								<selectedcolor>white</selectedcolor>
								<label>$INFO[ListItem.Plot]</label>
							</control>
						</focusedlayout>
						<itemlayout height="430" width="860" condition="Skin.HasSetting(view_58_EpisodeInfoRight)">
							<control type="group">
								<top>25</top>
								<height>242</height>
								<width>410</width>
								<include content="UniversalLayout">
									<param name="colordiffuse" value="$VAR[color_spotlightlib_itemframe_nf]" />
									<param name="bottompanelcolor" value="none" />
									<param name="bottomtaglabelcolor" value="$VAR[color_spotlightlib_secondary]" />
									<param name="artwork" value="landscape" />
									<param name="get_tags" value="false" />
									<param name="autoscroll" value="false" />
									<param name="bordersize_bg" value="6" />
									<param name="conditional_artworkdiffuse_themed" value="true" />
									<param name="conditional_artworkdiffuse_override" value="false" />
								</include>
								<control type="label">
									<left>5</left>
									<top>-30</top>
									<height>25</height>
									<font>font20_title</font>
									<textcolor>$VAR[color_spotlightlib_secondary]</textcolor>
									<selectedcolor>white</selectedcolor>
									<label>$INFO[ListItem.Episode,$LOCALIZE[36906][B] ,[/B]]</label>
								</control>
							</control>
							<include content="view_58_Layout_EpisodeInfo_right">
								<param name="color_accent" value="$VAR[color_spotlightlib_secondary]" />
								<param name="color_main" value="$VAR[color_spotlightlib_secondary]" />
								<param name="color_secondary" value="$VAR[color_spotlightlib_secondary]" />
							</include>
						</itemlayout>
						<focusedlayout height="430" width="860" condition="Skin.HasSetting(view_58_EpisodeInfoRight)">
							<control type="group">
								<top>25</top>
								<height>242</height>
								<width>410</width>
								<include content="UniversalLayout">
									<param name="colordiffuse" value="$VAR[color_spotlightlib_itemframe_fo]" />
									<param name="bottompanelcolor" value="none" />
									<param name="artwork" value="landscape" />
									<param name="get_tags" value="false" />
									<param name="autoscroll" value="false" />
									<param name="bordersize_bg" value="4" />
									<param name="conditional_artworkdiffuse_themed" value="true" />
									<param name="conditional_artworkdiffuse_override" value="false" />
								</include>
								<include content="FocusOverlay">
									<param name="diffusedimtext" value="artworkdiffuse/landscape.png" />
								</include>
								<animation type="Focus" reversible="false">
									<effect type="zoom" end="112,112" time="200" tween="sine" easing="out" center="auto" />
									<effect type="zoom" end="91,91" time="150" tween="sine" delay="200" easing="out" center="auto" />
								</animation>
								<control type="label">
									<top>-30</top>
									<left>5</left>
									<height>25</height>
									<font>font20_title</font>
									<textcolor>$VAR[color_spotlightlib_main]</textcolor>
									<selectedcolor>white</selectedcolor>
									<label>$INFO[ListItem.Episode,$LOCALIZE[36906][B] ,[/B]]</label>
									<label2>$INFO[ListItem.Duration]</label2>
								</control>
							</control>
							<include content="view_58_Layout_EpisodeInfo_right">
								<param name="color_accent" value="$VAR[color_spotlightlib_accent]" />
								<param name="color_main" value="$VAR[color_spotlightlib_main]" />
								<param name="color_secondary" value="$VAR[color_spotlightlib_secondary]" />
							</include>
						</focusedlayout>
						<content sortby="episodenumber">$VAR[view_58_Content_Episodes]</content>
					</control>
				
					<control type="group">
						<visible>String.IsEqual(Container(580051).ListItem.dbtype,movie)</visible>
						<top>580</top>
						<width>100%</width>
						<height>400</height>
						
						<control type="image">
							<bottom>15%</bottom>
							<fadetime>350</fadetime>
							<centerleft>15%</centerleft>
							<height>300</height>         
							<texture background="true">$INFO[Container(580051).ListItem.Art(landscape)]</texture>
							<aspectratio aligny="center">keep</aspectratio>
						</control>
						<control type="image">
							<fadetime>350</fadetime>
							<centerleft>50%</centerleft>
							<height>140</height>         
							<texture background="true">$INFO[Container(580051).ListItem.Art(clearlogo)]</texture>
							<aspectratio aligny="top">keep</aspectratio>
						</control>
						<control type="textbox">
							<autoscroll>false</autoscroll>
							<top>150</top>
							<centerleft>50%</centerleft>
							<width>450</width>
							<height>165</height>
							<font>font20_title</font>
							<align>center</align>
							<textcolor>$VAR[color_spotlightlib_main]</textcolor>
							<selectedcolor>white</selectedcolor>
							<label>$INFO[Container(580051).ListItem.Plot]</label>
						</control>
						<control type="image">
							<bottom>15%</bottom>
							<fadetime>350</fadetime>
							<centerright>17%</centerright>
							<height>300</height>         
							<texture background="true">$INFO[Container(580051).ListItem.Art(discart)]</texture>
							<aspectratio aligny="center">keep</aspectratio>
						</control>
					</control>
					
				</control>
				
				<control type="group" id="58006">
					<description>PAGE 4, cast and trailer</description>
					<left>130</left>
					<height>1080</height>
					<include content="Special_Header">
						<param name="visible" value="Integer.IsGreater(Container(580061).NumItems,0) | Container(580061).IsUpdating" />
						<param name="pos_top" value="80" />
						<param name="widgetdesc" value="[B]B  E  S  E  T  Z  U  N  G[/B]" />
					</include>
					
					<control type="panel" id="580061">
						<onup>580052</onup>
						<ondown condition="Control.IsVisible(580062)">580062</ondown>
						<ondown condition="!Control.IsVisible(580062)">580071</ondown>
						<onfocus condition="String.IsEqual(Window(Home).Property(menucontrol_active),common)">ClearProperty(menucontrol_active,home)</onfocus>
				
						<include>Action_CastMemberSearchForceOption</include>
						<top>190</top>
						<left>40</left>
						<width>1620</width>
						<height>350</height>
						<onback>SetFocus(50)</onback>
						<preloaditems>2</preloaditems>
						<orientation>horizontal</orientation>
						<scrolltime tween="quadratic">400</scrolltime>
					
						<itemlayout height="400" width="270">
							<control type="group">
								<height>250</height>
								<width>250</width>
								<include content="Circle_CastWidget">
									<param name="colordiffuse" value="$VAR[color_spotlightlib_itemframe_nf]" />
									<param name="autoscroll" value="false" />
									<param name="bordersize_bg" value="6" />
								</include>
							</control>
						</itemlayout>
						<focusedlayout height="400" width="270">
							<control type="group">
								<height>250</height>
								<width>250</width>
								<include>Animation_Item_Focus</include>
								<control type="group">
									<include content="Circle_CastWidget">
										<param name="colordiffuse" value="$VAR[color_spotlightlib_itemframe_fo]" />
										<param name="autoscroll" value="true" />
										<param name="bordersize_bg" value="4" />
									</include>
								</control>
							</control>
						</focusedlayout>
						<content>$VAR[view_58_Content_Cast]</content>
					</control>
				
					<include content="Special_Header">
						<param name="visible" value="Integer.IsGreater(Container(580062).NumItems,0) | Container(580062).IsUpdating" />
						<param name="pos_top" value="575" />
						<param name="widgetdesc" value="[B]T  R  A  I  L  E  R  S[/B]" />
					</include>
					<include content="Universal_Container">
						<description>trailers</description>
						<param name="id" value="580062" />
						<param name="type_height" value="300" />
						<param name="type_pos_top" value="640" />
						<param name="bordercolor_fo" value="$VAR[color_spotlightlib_itemframe_fo]" />
						<param name="bordercolor_nf" value="$VAR[color_spotlightlib_itemframe_nf]" />
						<param name="tags_visible" value="true" />
						<param name="visible" value="" />
						<param name="layout_height" value="250" />
						<param name="layout_width" value="440" />
						<param name="itemheight" value="243" />
						<param name="itemwidth" value="432" />
						<param name="layout" value="landscape" />
						<param name="ls_overlay_visible" value="true" />
						<param name="SetPropOnFocus" value="false" />
						
						<onup>580061</onup>
						<ondown>580071</ondown>
						<onfocus condition="String.IsEqual(Window(Home).Property(menucontrol_active),common)">ClearProperty(menucontrol_active,home)</onfocus>
						
						<onclick condition="String.IsEqual(Container(580062).ListItem.Property(LocalTrailer),true)">PlayMedia($INFO[Window(home).Property(listitemtrailer)],1)</onclick>
						<onclick condition="String.IsEmpty(Container(580062).ListItem.Property(LocalTrailer))">PlayMedia($INFO[Container(580062).ListItem.FilenameAndPath],1)</onclick>
						<onclick>SetProperty(TrailerIsPlaying,true,home)</onclick>
						<onback>SetFocus(50)</onback>
						
						<content>
							<item>
								<visible>!String.IsEmpty(Window(home).Property(listitemtrailer))</visible>
								<label>Local Trailer</label>
								<label2 />
								<property name="LocalTrailer">true</property>
								<icon>$VAR[view_58_Image_LocalTrailer]</icon>
								<thumb>$VAR[view_58_Image_LocalTrailer]</thumb>
							</item>
						</content>
						<include condition="!Skin.HasSetting(View_58_DisableOnlineTrailers)">view_58_Content_YoutubeTrailer</include>
					</include>
				</control>
				
				<control type="group" id="58007">
					<description>PAGE 5, similiar</description>
					
					<left>100</left>
					<height>1080</height>
					
					<include content="Special_Header">
						<param name="visible" value="Integer.IsGreater(Container(580071).NumItems,0) | Container(580071).IsUpdating" />
						<param name="pos_top" value="230" />
						<param name="widgetdesc" value="[B]S  I  M  I  L  I  A  R[/B]" />
						<param name="align" value="left" />
					</include>
					
					<include content="Universal_Container">
						<description>2 rows hor orientation , similiar, landscape</description>
						<param name="id" value="580071" />
						<param name="type_height" value="500" />
						<param name="type_pos_top" value="305" />
						<param name="bordercolor_fo" value="$VAR[color_spotlightlib_itemframe_fo]" />
						<param name="bordercolor_nf" value="$VAR[color_spotlightlib_itemframe_nf]" />
						<param name="tags_visible" value="false" />
						<param name="visible" value="" />
						<param name="layout_height" value="250" />
						<param name="layout_width" value="440" />
						<param name="itemheight" value="243" />
						<param name="itemwidth" value="432" />
						<param name="layout" value="landscape" />
						<param name="ls_overlay_visible" value="true" />
						<param name="SetPropOnFocus" value="false" />
						<param name="root_conditional_artworkdiffuse_themed" value="true" />
						<param name="root_conditional_artworkdiffuse_override" value="false" />
						<param name="diffuse_art_topedges" value="false" />
						<param name="diffuse_art_alledges" value="true" />
		
						<onback>SetFocus(50)</onback>
						<onfocus condition="String.IsEqual(Window(Home).Property(menucontrol_active),common)">ClearProperty(menucontrol_active,home)</onfocus>
						<onup condition="Control.IsVisible(580063)">580063</onup>
						<onup condition="Control.IsVisible(580062)">580062</onup>
						<onup condition="![Control.IsVisible(580062) + Control.IsVisible(580063)]">58006</onup>
						<onclick>SetProperty(refreshtrailer,true)</onclick>
						<onclick condition="!string.IsEmpty(container(580071).listitem.dbid)">SetProperty(dbid,$INFO[container(580071).listitem.dbid],home)</onclick>
						<onclick condition="!string.IsEmpty(container(580071).listitem.rating)">SetProperty(rating,$INFO[container(580071).listitem.rating],home)</onclick>
						<onclick condition="!string.IsEmpty(container(580071).listitem.userrating) + string.IsEmpty(container(580071).listitem.rating)">SetProperty(rating,$INFO[container(580071).listitem.userrating],home)</onclick>
						<onclick condition="!string.IsEmpty(container(580071).listitem.Property(totalseasons))">SetProperty(totalseasons,$INFO[container(580071).listitem.Property(totalseasons)],home)</onclick>
						<onclick condition="!string.IsEmpty(container(580071).listitem.Property(totalepisodes))">SetProperty(totalepisodes,$INFO[container(580071).listitem.Property(totalepisodes)],home)</onclick>
						<onclick condition="!string.IsEmpty(container(580071).listitem.status)">SetProperty(status,$INFO[container(580071).listitem.status],home)</onclick>
						<onclick>ReplaceWindow(videos,$INFO[container(580071).listitem.path])</onclick>
						<ondown>58001</ondown>
						
						<content target="videos">$VAR[view_58_Content_EmbuarySimiliar]</content>
					</include>
				</control>
			</control>
			
			<control type="group">
				<description>ClearLogo Overlay</description>
				<visible>!Skin.HasSetting(view_58_FanartLeftAlignment)</visible>
				<left>110</left>
				
				<include content="view_58_ClearLogo_or_Title">
					<param name="align" value="left" />
				</include>
				<animation center="12%,-88%" effect="zoom" start="100,100" end="75,75" time="400" tween="quadratic" condition="!Control.HasFocus(58001)">Conditional</animation>
			</control>
			
			<control type="group">
				
				<description>ClearLogo Overlay, pretty ugly pos x for other than page 1</description>
				<visible>Skin.HasSetting(view_58_FanartLeftAlignment)</visible>
				<right>45</right>
				<include content="view_58_ClearLogo_or_Title">
					<param name="align" value="right" />
				</include>
				<animation center="99%,-88%" effect="zoom" start="100,100" end="75,75" time="400" tween="quadratic" condition="!Control.HasFocus(58001)">Conditional</animation>
			</control>
			
			<control type="group">
				<control type="image">
					<description>studio logo </description>
					<animation effect="fade" start="5" end="100" time="400" tween="quadratic" condition="Control.HasFocus(58001) | Control.HasFocus(58004)">conditional</animation>
					<bottom>10</bottom>
					<right>50</right>
					<height>200</height>
					<width>200</width>
					<aspectratio align="left" aligny="bottom">keep</aspectratio>
					<colordiffuse>$VAR[color_footer_items]</colordiffuse>
					<texture background="true">resource://resource.images.studios.white/$INFO[ListItem.Studio].png</texture>
				</control>
			</control>
			
			<control type="grouplist">
				<visible>!Skin.HasSetting(view_58_FanartLeftAlignment)</visible>
				<align>left</align>
				<left>110</left>
				<include>MetaUncommon_Season</include>
				<animation effect="slide" start="0,0" end="-20,-310" tween="quadratic" time="400" condition="!Control.HasFocus(58001)">Conditional</animation>
			</control>	
			<control type="grouplist">
				<visible>Skin.HasSetting(view_58_FanartLeftAlignment)</visible>
				<align>right</align>
				<right>60</right>
				<include>MetaUncommon_Season</include>
				<animation effect="slide" alignx="true" start="0,0" end="0,-310" tween="quadratic" time="400" condition="!Control.HasFocus(58001)">Conditional</animation>
			</control>
			<control type="videowindow">
				<visible>Player.HasMedia + !String.IsEmpty(Window(Home).Property(TrailerIsPlaying))</visible>
				<height>70%</height>
				<centerleft>50%</centerleft>
				<centertop>60%</centertop>
			</control>
		</control>
	</include>
	
<!-- need cleanup -->
		
	<!-- need compare to universal -->
	<include name="Special_Header">
		<param name="pos_top" default="200" />
		<param name="align" default="center" />
		<param name="visible" default="true" />
		<definition>

			<control type="grouplist">
				<visible>$PARAM[visible]</visible>
				<top>$PARAM[pos_top]</top>
				<height>50</height>
				<width>90%</width>
				<align>$PARAM[align]</align>
				<orientation>horizontal</orientation>
				<usecontrolcoords>true</usecontrolcoords>
				<itemgap>10</itemgap>
				
				<control type="label">
					<height>35</height>
					<width>auto</width>
					<label>|</label>
					<aligny>center</aligny>
					<textcolor>$VAR[color_spotlightlib_accent]</textcolor>
					<font>font29</font>
				</control>
				<control type="label">
					<left>15</left>
					<height>40</height>
					<width>auto</width>
					<label>$PARAM[widgetdesc]</label>
					<aligny>top</aligny>
					<textcolor>$VAR[color_spotlightlib_main]</textcolor>
					<font>font29</font>
				</control>
				<control type="label">
					<height>35</height>
					<width>auto</width>
					<label> |</label>
					<aligny>center</aligny>
					<textcolor>$VAR[color_spotlightlib_accent]</textcolor>
					<font>Bold36</font>
				</control>
				<control type="label">
					<visible>Control.HasFocus(58004)</visible>
					<height>40</height>
					<width>auto</width>
					<label>$INFO[Container(58004).ListItem.Season, $LOCALIZE[36904] ,]$INFO[Container(58004).ListItem.Episode, | $LOCALIZE[36906] ,]</label>
					<aligny>center</aligny>
					<textcolor>$VAR[color_spotlightlib_main]</textcolor>
					<font>Bold36</font>
				</control>
			</control>
				
        </definition>
    </include>
	
	<!-- need compare Meta_Uncommon_Top , Widget_Container_BottomInfo -->
	<include name="MetaUncommon_Season">
		<nested />
		
		<top>500</top>
		<orientation>horizontal</orientation>
		<usecontrolcoords>true</usecontrolcoords>
		<height>50</height>
		<itemgap>10</itemgap>
		
		<include content="stars_rating">
			<param name="colordiffuse" value="$VAR[color_spotlightlib_accent]" />
			<visible>Control.HasFocus(58001)</visible>
		</include>
		
		<control type="label">
			<visible>!String.IsEmpty(ListItem.Year)</visible>	
			<top>5</top>
			<left>10</left>
			<height>35</height>
			<width>auto</width>
			<aligny>center</aligny>
			<font>font_SpotlightMetaDataBar</font>
			<label>$INFO[ListItem.Year,[B],[/B]]</label>
			<textcolor>$VAR[color_spotlightlib_main]</textcolor>
		</control>
		<control type="button">
			<width min="50">auto</width>
			<font>font_SpotlightMetaDataBar</font>
			<label>$INFO[ListItem.MPAA,[B],[/B]]</label>
			<aligny>top</aligny>
			<align>center</align>
			<textcolor>$VAR[color_spotlightlib_main]</textcolor>
			<disabledcolor>$VAR[color_spotlightlib_main]</disabledcolor>
			<posy>3</posy>
			<height>40</height>
			<textoffsetx>20</textoffsetx>
			<textoffsety>4</textoffsety>
			<texturenofocus border="-2" colordiffuse="white">flags/detailframe.png</texturenofocus>
			<enable>false</enable>
			<visible>!String.IsEmpty(ListItem.MPAA)</visible>
		</control>
		<control type="label">
			<posy>5</posy>
			<width>auto</width>
			<label>$INFO[Window(home).Property(totalseasons)] $VAR[Season_PluSing] | $INFO[Window(home).Property(totalepisodes)] $VAR[Episode_PluSing] $INFO[Window(home).Property(status),  | [B],[/B]]</label>
			<height>35</height>
			<aligny>center</aligny>
			<textcolor>$VAR[color_spotlightlib_main]</textcolor>
			<font>font_SpotlightMetaDataBar</font>
		</control>
	</include>
	
	<include name="view_58_ClearLogo_or_Title">
		<top>240</top>
		<!--
		<animation effect="slide" start="0,0" end="600,0" time="100" tween="cubic" condition="!Skin.HasSetting(view_58_FanartLeftAlignment) + !String.IsEmpty(Window(Home).Property(TrailerIsPlaying))">conditional</animation>
		<animation effect="slide" start="0,0" end="-650,0" time="100" tween="cubic" condition="Skin.HasSetting(view_58_FanartLeftAlignment) + !String.IsEmpty(Window(Home).Property(TrailerIsPlaying))">conditional</animation>
		 -->		
		<control type="image">
			<visible>[!String.IsEmpty(ListItem.Art(tvshow.clearlogo)) | !String.IsEmpty(ListItem.Art(clearlogo)) | !String.IsEmpty(Container.Art(tvshow.clearlogo))]</visible>
			<height>265</height>
			<bordersize>10</bordersize>
			<aspectratio align="$PARAM[align]" aligny="top">keep</aspectratio>
			<texture background="true">$VAR[ListItemClearLogo]</texture>
		</control>
		<control type="textbox">
			<description>Fallback Label</description>
			<left>10</left>
			<width>36%</width>
			<visible>String.IsEmpty(ListItem.Art(tvshow.clearlogo)) + String.IsEmpty(ListItem.Art(clearlogo)) + String.IsEmpty(Container.Art(tvshow.clearlogo))</visible>
			<height>255</height>
			<wrapmultiline>true</wrapmultiline>
			<font>font_SpotlightTitle_Large</font>
			<align>$PARAM[align]</align>
			<textcolor>$VAR[color_spotlightlib_accent]</textcolor>
			<label>$INFO[ListItem.TVShowTitle]</label>
		</control>
	</include>
	<!-- 
	
	
	sort by playcount + exclude watched via playcount 0
	- hide till new episodes if all current watched
	{"limit":1,"order":{"direction":"ascending","method":"playcount"},"rules":{"and":[{"field":"playcount","operator":"is","value":["0"]},{"field":"tvshow","operator":"is","value":["tvshowtitle"]}]},"type":"episodes"}
	%7B%22limit%22%3A1%2C%22order%22%3A%7B%22direction%22%3A%22descending%22%2C%22method%22%3A%22playcount%22%7D%2C%22rules%22%3A%7B%22and%22%3A%5B%7B%22field%22%3A%22playcount%22%2C%22operator%22%3A%22is%22%2C%22value%22%3A%5B%220%22%5D%7D%2C%7B%22field%22%3A%22tvshow%22%2C%22operator%22%3A%22is%22%2C%22value%22%3A%5B%22tvshowtitle%22%5D%7D%5D%7D%2C%22type%22%3A%22episodes%22%7D
	
	vs
	sort by playcount 
	- if some eposode(s) watched more often than it' ll break the wished behaviour
	{"limit":1,"order":{"direction":"ascending","method":"playcount"},"rules":{"and":[{"field":"tvshow","operator":"is","value":["$INFO[Window(home).Property(EncodedTitle)]"]}]},"type":"episodes"}
	%7B%22limit%22%3A1%2C%22order%22%3A%7B%22direction%22%3A%22ascending%22%2C%22method%22%3A%22playcount%22%7D%2C%22rules%22%3A%7B%22and%22%3A%5B%7B%22field%22%3A%22tvshow%22%2C%22operator%22%3A%22is%22%2C%22value%22%3A%5B%22$INFO[Window(home).Property(EncodedTitle)]%22%5D%7D%5D%7D%2C%22type%22%3A%22episodes%22%7D
	
	 -->
	<variable name="view_58_Label_ResumeOrNext">
		<value condition="Container(58004).ListItem.IsResumable">$LOCALIZE[31230]</value>
		<value>$LOCALIZE[31231]</value>
	</variable>
	
	<include name="view_58_Plot_Shift">
		<animation time="300" effect="slide" end="0,200" reversible="true" easing="inout" condition="ControlGroup(9000).HasFocus">Conditional</animation>
		<visible>!Window.IsActive(shutdownmenu)</visible>
		<width>39%</width>
		<height>225</height>
		<top>460</top>
		<bottom>10</bottom>
		<aligny>top</aligny>
		<label>$VAR[plot]</label>
		<textcolor>$VAR[color_spotlightlib_main]</textcolor>
		<font>font_SpotlightPlot_RegMedium</font>
	</include>	
	
	<variable name="view_58_Image_LocalTrailer">
		<value condition="!String.IsEmpty(Container.Art(tvshow.landscape))">$INFO[Container.Art(tvshow.landscape)]</value>
		<value condition="!String.IsEmpty(Container.Art(tvshow.fanart))">$INFO[Container.Art(tvshow.fanart)]</value>
		<value condition="!String.IsEmpty(ListItem.Art(tvshow.landscape))">$INFO[ListItem.Art(tvshow.landscape)]</value>
		<value condition="!String.IsEmpty(ListItem.Art(tvshow.fanart))">$INFO[ListItem.Art(tvshow.fanart)]</value>
	</variable>
	
	<include name="view_58_Layout_EpisodeInfo_right">
		<control type="label">
			<top>30</top>
			<left>425</left>
			<right>50</right>
			<height>40</height>
			<font>font20_title</font>
			<textcolor>$PARAM[color_accent]</textcolor>
			<selectedcolor>white</selectedcolor>
			<label>$INFO[ListItem.Title,[B],[/B]][CR][COLOR=$PARAM[color_secondary]]$VAR[ListItemDuration][/COLOR]</label>
		</control>
		<control type="textbox">
			<autoscroll delay="2000" time="1500" repeat="1500">false</autoscroll>
			<top>100</top>
			<left>425</left>
			<right>30</right>
			<wrapmultiline>true</wrapmultiline>
			<height>145</height>
			<font>font20_title</font>
			<align>left</align>
			<aligny>center</aligny>
			<textcolor>$PARAM[color_main]</textcolor>
			<selectedcolor>white</selectedcolor>
			<label>$INFO[ListItem.Plot]</label>
		</control>
		<control type="label">
			<top>255</top>
			<left>425</left>
			<right>35</right>
			<height>20</height>
			<font>font20_title</font>
			<textcolor>$PARAM[color_accent]</textcolor>
			<selectedcolor>white</selectedcolor>
			<label>$INFO[ListItem.Premiered]</label>
		</control>
	</include>
	
	<include name="view_58_seperator">
		<control type="image">
			<description>seperator, no place for header</description>
			<top>555</top>
			<left>-100</left>
			<width>110%</width>
			<height>1</height>
			<texture colordiffuse="$VAR[color_spotlightlib_accent]">colors/white50.png</texture>
		</control>
	</include>
	
	<variable name="view_58_Content_NextUp">
		<value condition="String.IsEqual(Container.ViewMode,$LOCALIZE[31260]) + !String.IsEmpty(ListItem.TvShowDBID)">videodb://tvshows/titles/$INFO[ListItem.TvShowDBID]/-1/?xsp=%7B%22limit%22%3A1%2C%22order%22%3A%7B%22direction%22%3A%22ascending%22%2C%22ignorefolders%22%3A0%2C%22method%22%3A%22playcount%22%7D%2C%22rules%22%3A%7B%22and%22%3A%5B%7B%22field%22%3A%22season%22%2C%22operator%22%3A%22isnot%22%2C%22value%22%3A%5B%220%22%5D%7D%5D%7D%2C%22type%22%3A%22episodes%22%7D</value>
		<value condition="String.IsEqual(Container.ViewMode,$LOCALIZE[31260]) + String.IsEmpty(ListItem.TvShowDBID) + !String.IsEmpty(Window(home).Property(dbid))">videodb://tvshows/titles/$INFO[Window(home).Property(dbid)]/-1/?xsp=%7B%22limit%22%3A1%2C%22order%22%3A%7B%22direction%22%3A%22ascending%22%2C%22ignorefolders%22%3A0%2C%22method%22%3A%22playcount%22%7D%2C%22rules%22%3A%7B%22and%22%3A%5B%7B%22field%22%3A%22season%22%2C%22operator%22%3A%22isnot%22%2C%22value%22%3A%5B%220%22%5D%7D%5D%7D%2C%22type%22%3A%22episodes%22%7D</value>
		<value condition="String.IsEqual(Container.ViewMode,$LOCALIZE[31260]) + String.IsEmpty(ListItem.TvShowDBID) + String.IsEmpty(Window(home).Property(dbid)) + !String.IsEmpty(Window(home).Property(EncodedTitle))">videodb://inprogresstvshows/-1/-1/?xsp=%7B%22limit%22%3A1%2C%22order%22%3A%7B%22direction%22%3A%22ascending%22%2C%22method%22%3A%22playcount%22%7D%2C%22rules%22%3A%7B%22and%22%3A%5B%7B%22field%22%3A%22tvshow%22%2C%22operator%22%3A%22is%22%2C%22value%22%3A%5B%22$INFO[Window(home).Property(EncodedTitle)]%22%5D%7D%2C%7B%22field%22%3A%22season%22%2C%22operator%22%3A%22isnot%22%2C%22value%22%3A%5B%220%22%5D%7D%5D%7D%2C%22type%22%3A%22episodes%22%7D</value>
	</variable>
	<variable name="view_58_Content_Seasons">
		<value condition="String.IsEqual(Container.ViewMode,$LOCALIZE[31260]) + !String.IsEmpty(Container.Folderpath)">$INFO[Container.Folderpath]</value>
	</variable>
	<variable name="view_58_Content_Episodes">
		<value condition="String.IsEqual(Container.ViewMode,$LOCALIZE[31260]) + !String.IsEmpty(Container(580051).ListItem.Folderpath)">$INFO[Container(580051).ListItem.Folderpath]</value>
	</variable>
	<variable name="view_58_Content_Cast">
		<value condition="String.IsEqual(Container.ViewMode,$LOCALIZE[31260]) + !String.IsEmpty(ListItem.TvShowDBID)">plugin://script.embuary.helper?info=getcast&amp;type=tvshow&amp;dbid=$INFO[ListItem.TvShowDBID]</value>
		<value condition="String.IsEqual(Container.ViewMode,$LOCALIZE[31260]) + String.IsEmpty(ListItem.TvShowDBID) + !String.IsEmpty(Window(home).Property(dbid))">plugin://script.embuary.helper?info=getcast&amp;type=tvshow&amp;dbid=$INFO[Window(home).Property(dbid)]</value>
	</variable>
	
	<include name="view_58_Content_YoutubeTrailer">
		<content target="videos" sortby="file" limit="3">$VAR[view_58_Content_YoutubeTrailer]</content>
	</include>
	<variable name="view_58_Content_YoutubeTrailer">
		<value condition="String.IsEqual(Container.ViewMode,$LOCALIZE[31260]) + [!$EXP[IsOfflineMode] + System.HasAddon(plugin.video.youtube) + !Skin.HasSetting(View_58_DisableOnlineTrailers)]">plugin://plugin.video.youtube/search/?q=$INFO[Container.FolderName]$INFO[System.Language, $LOCALIZE[20410],]</value>
	</variable>
	
	<variable name="view_58_Content_EmbuarySimiliar">
		<value condition="String.IsEqual(Container.ViewMode,$LOCALIZE[31260]) + !String.IsEmpty(ListItem.TvShowDBID)">plugin://script.embuary.helper/?info=getsimilar&amp;type=tvshow&amp;dbid=$INFO[ListItem.TvShowDBID]&amp;reload=$INFO[Window(home).Property(EmbuaryWidgetUpdate)]</value>
		<value condition="String.IsEqual(Container.ViewMode,$LOCALIZE[31260]) + String.IsEmpty(ListItem.TvShowDBID) + !String.IsEmpty(Window(home).Property(dbid))">plugin://script.embuary.helper/?info=getsimilar&amp;type=tvshow&amp;dbid=$INFO[Window(home).Property(dbid)]&amp;reload=$INFO[Window(home).Property(EmbuaryWidgetUpdate)]</value>
	</variable>
</includes>
