<?xml version="1.0" encoding="UTF-8"?>
<window>
	<menucontrol>97</menucontrol>
	<controls>
		<control type="group">
			
			<control type="togglebutton" id="3012">
				<include content="HiddenObject" />
				<label>190</label>
				<onfocus>SetFocus(97)</onfocus>
			</control>
			
			<control type="image">
				<texture colordiffuse="ff181818">colors/white.png</texture>
			</control>
		
			<control type="label" id="1">
				<top>20</top>
				<width>99%</width>
				<height>50</height>
				<font>PlotLarge</font>
				<label>$ADDON[script.skin.helper.colorpicker 32011]</label>
				<align>center</align>
				<textcolor>ff009999</textcolor>
			</control>
			
			<control type="button" id="3030">
				<visible>!String.IsEmpty(Window.Property(palettename))</visible>
				<animation type="Focus" reversible="false">
					<effect type="zoom" start="100" end="120" center="auto" time="200"  />
				</animation>
				<animation type="Unfocus" reversible="false">
					<effect type="zoom" start="120" end="100" center="auto" time="100" />
				</animation>
				<centerleft>50%</centerleft>
				<top>90</top>
				<height>70</height>
				<texturefocus colordiffuse="ffcccccc">colors/white.png</texturefocus>
				<texturenofocus colordiffuse="22cccccc">colors/white.png</texturenofocus>
				<focusedcolor>ff181818</focusedcolor>
				<textcolor>ffcccccc</textcolor>
				<height>60</height>
				<font>font30_title</font>
				<align>center</align>
				<label>$ADDON[script.skin.helper.colorpicker 32141]: $INFO[Window.Property(palettename)]</label>
				<onup>97</onup>
				<ondown>3110</ondown>
			</control>
			
		   <control type="panel" id="3110">
				<viewtype label="31438">icons</viewtype>
				<animation effect="zoom" time="200" tween="quadratic" easing="out" start="100" end="95" center="auto" condition="Control.HasFocus(3030)">conditional</animation>
				<centerleft>50%</centerleft>
				<top>200</top>
				<width>1800</width>
				<height>765</height>
				<orientation>vertical</orientation>
				<onleft>3110</onleft>
				<onright>3110</onright>
				<onup>3030</onup>
				<ondown>3010</ondown>
				<preloaditems>2</preloaditems>
				
				<itemlayout height="40" width="125" condition="String.Contains(Control.Getlabel(3030),material) | String.Contains(Control.Getlabel(3030),basic)">
					<control type="image">
						<bordersize>1</bordersize>
						<bordertexture colordiffuse="ff181818">colors/white.png</bordertexture>
						<texture diffuse="colors/white.png">$INFO[ListItem.Icon]</texture>
					</control>
				</itemlayout>
				<focusedlayout height="40" width="125" condition="String.Contains(Control.Getlabel(3030),material) | String.Contains(Control.Getlabel(3030),basic)">
					<control type="image">
						<animation effect="zoom" time="200" tween="sine" easing="inout" start="100" end="180" center="auto">Focus</animation>
						<bordersize>1</bordersize>
						<bordertexture colordiffuse="ff181818">colors/white.png</bordertexture>
						<texture diffuse="colors/white.png.png">$INFO[ListItem.Icon]</texture>
					</control>
				</focusedlayout>
				<itemlayout height="45" width="58" condition="String.Contains(Control.Getlabel(3030),Rainbow)">
					<control type="image">
						<bordersize>1</bordersize>
						<bordertexture colordiffuse="ff181818">colors/white.png</bordertexture>
						<texture diffuse="colors/white.png">$INFO[ListItem.Icon]</texture>
					</control>
				</itemlayout>
				<focusedlayout height="45" width="58" condition="String.Contains(Control.Getlabel(3030),Rainbow)">
					<control type="image">
						<animation effect="zoom" time="200" tween="sine" easing="inout" start="100" end="180" center="auto">Focus</animation>
						<bordersize>1</bordersize>
						<bordertexture colordiffuse="ff181818">colors/white.png</bordertexture>
						<texture diffuse="colors/white.png">$INFO[ListItem.Icon]</texture>
					</control>
				 </focusedlayout>
				 <itemlayout height="40" width="43" condition="String.Contains(Control.Getlabel(3030),web)">
					<control type="image">
						<bordersize>1</bordersize>
						<bordertexture colordiffuse="ff181818">colors/white.png</bordertexture>
						<texture diffuse="colors/white.png">$INFO[ListItem.Icon]</texture>
					</control>
				</itemlayout>
				<focusedlayout height="40" width="43" condition="String.Contains(Control.Getlabel(3030),web)">
					<control type="image">
						<animation effect="zoom" time="200" tween="sine" easing="inout" start="100" end="180" center="auto">Focus</animation>
						<bordersize>1</bordersize>
						<bordertexture colordiffuse="ff181818">colors/white.png</bordertexture>
						<texture diffuse="colors/white.png">$INFO[ListItem.Icon]</texture>
					</control>
				 </focusedlayout>
			</control>
			
			<control type="image">
				<bottom>0</bottom>
				<height>100</height>
				<texture diffuse="diffuse/gradientlandscapetop50.png" colordiffuse="22cccccc">artworkdiffuse_unthemed/thumb.png</texture>
			</control>
			
			<control type="grouplist">
				<orientation>horizontal</orientation>
				<itemgap>20</itemgap>
				<left>60</left>
				<top>1010</top>
				<width>1800</width>
				<onright>3015</onright>
				
				<control type="button" id="3010">
					<width>450</width>
					<align>left</align>
					<onup>3110</onup>
					<ondown>3110</ondown>
					<onright>3011</onright>
					<texturefocus colordiffuse="ffcccccc">colors/white.png</texturefocus>
					<texturenofocus colordiffuse="22cccccc">colors/white.png</texturenofocus>
					<focusedcolor>ff181818</focusedcolor>
					<textcolor>ffcccccc</textcolor>
					<label>$ADDON[script.skin.helper.colorpicker 32012]</label>
					<label2>$INFO[Window.Property(colorstring)]</label2>
				</control>
				
				<control type="image" id="99">
					<width>140</width>
					<height>50</height>
					<bordersize>3</bordersize>
					<bordertexture colordiffuse="22cccccc">frames/frame320x380.png</bordertexture>
					<texture colordiffuse="$INFO[Window.Property(colorstring)]">colors/white.png</texture>
				</control>
				
				<include content="spacer_w">
					<param name="id" value="98" />
					<param name="gap" value="50" />
				</include>
				
				<!-- revisit NO RADIOBUTTON NEEDED -->
				<control type="radiobutton" id="97">
					<top>-5</top>
					<onup>3110</onup>
					<include>Animation_Item_Focus</include>
					<include content="Dialog_RadioButton">
						<param name="onfo" value="ffffffff" />
						<param name="onnf" value="22cccccc" />
						<param name="symbol" value="enter" />
					</include>
					<onclick>SendClick(3012)</onclick>
				</control>

				<control type="radiobutton" id="96">
					<top>-5</top>
					<onup>3110</onup>
					<include>Animation_Item_Focus</include>
					<include content="Dialog_RadioButton">
						<param name="onfo" value="ffcccccc" />
						<param name="onnf" value="22cccccc" />
						<param name="symbol" value="cancel" />
					</include>
					<onclick>Action(back)</onclick>
					<label>abort</label>
				</control>
															
				<include content="spacer_w">
					<param name="id" value="95" />
					<param name="gap" value="10" />
				</include>
				
				<control type="button" id="3011">
					<include>Animation_Item_Focus</include>
					<texturefocus border="25" colordiffuse="ffffffff">frames/bordercircler25.png</texturefocus>
					<texturenofocus  border="25" colordiffuse="22cccccc">frames/bordercircler25.png</texturenofocus>
					<focusedcolor>ffcccccc</focusedcolor>
					<textcolor>22cccccc</textcolor>
					<height>50</height>
					<width>250</width>
					<textoffsetx>10</textoffsetx>
					<align>center</align>
					<onup>3110</onup>
					<onleft>3010</onleft>
					<label>[LOWERCASE]$ADDON[script.skin.helper.colorpicker 32013][/LOWERCASE]</label>
				</control>		
				
				<include content="spacer_w">
					<param name="id" value="94" />
					<param name="gap" value="45" />
				</include>
				
				<control type="group" id="3020">
					<animation effect="zoom" time="200" tween="sine" easing="inout" start="100" end="110" center="auto" condition="Control.HasFocus(3015)">conditional</animation>
					<animation effect="fade" time="200" start="100" end="20" condition="!Control.HasFocus(3015)">conditional</animation>
					<width>450</width>
					<height>40</height>
					<control type="label" id="3016">
						<width>180</width>
						<align>left</align>
						<onup>3110</onup>
						<label>$ADDON[script.skin.helper.colorpicker 32049]</label>
						<textcolor>ccffffff</textcolor>
					</control>
					<control type="slider" id="3015">
						<top>10</top>
						<left>160</left>
						<onup>97</onup>
						<ondown>97</ondown>
						<height>30</height>
						<width>170</width>
					</control>
					<control type="label" id="3017">
						<width>100</width>
						<right>0</right>
						<align>right</align>
						<onup>3110</onup>
						<onleft>3010</onleft>
						<label>$INFO[Control.Getlabel(3015)]</label>
						<textcolor>$VAR[color_global_button_text_fo]</textcolor>
						<font>font13</font>
					</control>
				</control>
			</control>		
		</control>
	</controls>
</window>
