<?xml version="1.0" encoding="UTF-8"?>
<!-- SkinName -->
<colors>

	<!-- ############# -->
	<!--  C O M M O N  -->
	<!-- ############# -->
	
	<color name="none">00FFFFFF</color>
	<color name="None">00FFFFFF</color>
	
	<color name="black">FF000000</color>
	<color name="white">FFFFFFFF</color>
	
	
	<color name="grey">FFA0A0A0</color>
		<!--Grey Tonemaps -->
		<color name="softgrey">FFAAAAAA</color>
		<color name="lightgrey">FF858585</color>
		<color name="midgrey">FF686868</color>
		<color name="bluegrey">ffC6C6C8</color>
		<color name="darkgrey">FF3E3E3E</color>
		<color name="darkgrey2">FF666769</color>
	
	<color name="blue">FF7ACAFE</color>
		<color name="darkblue">FF011222</color>
		<color name="blue2">FF0000FF</color>
		<color name="blue3">FF0288d1</color>
		<color name="blue4">FF00b8ff</color>
	
	<color name="red">FFFF0000</color>
		<color name="red2">FFCE4421</color>
		<color name="red3">FFd32f2f</color>
	
	<color name="orange">FFF57F17</color>
		<color name="orange2">FFFF7800</color>
	
	<color name="green">FF00FF00</color>	
		<color name="green2">FF388E3C</color>
	
	<color name="pink">FFFFC0CB</color>
	
	<color name="purple">FF3A0079</color>
	
	<color name="lime">FF32CD32</color>
	
	<color name="yellow">FFFFFF00</color>
	
	<color name="cyan">FF00FFFF</color>
	
	<color name="magenta">FFFF00FF</color>
	
	<color name="avalon">FF6AA5CB</color>
	
	<color name="turquoise">FF009688</color>
	
	<color name="lila">FF6B689D</color>
	
	
	<!-- #################### -->
	<!--  Variables - Themes  -->
	<!-- #################### -->

	<!-- background -->
	<color name="BackgroundColor">FF131313</color>
	<color name="BackgroundImage_CDiffuse">cc3a0079</color>
	<color name="BackgroundOverlay_CDiffuse">CC101010</color>
	
	<!-- background Home-->
	<color name="BackgroundColor_Home">ff00ffff</color>
	<color name="BackgroundImage_CDiffuse_Home">cc3a0079</color>
	<color name="BackgroundOverlay_CDiffuse_Home">CC101010</color>
	
	<!-- header BAR -->
	<color name="Header_BG">44000000</color>
	<color name="Header_TextMain">FFA0A0A0</color>
	<color name="Header_TextSecondary">FF00CCCB</color>
	
	<!-- headlines -->
	<color name="Headingline_FO">FFA0A0A0</color>
	<color name="Headingline_NF">BB404040</color>
	
	<!-- widgets / media items-->
	<color name="Headingline_Widget">FFfffeff</color>
			<!-- add extra var, home false = Headingline_FO -->
	<color name="Container_item_fo">FF00CCCB</color>
	<color name="Container_item_nf">FF505050</color>
	<color name="Container_label_itemtag">FFFFFFFF</color>
	<color name="Container_label2_itemtag">FF7C7C7C</color>
	<color name="Widget_Progress_Watched">FFFF0000</color>
	<color name="Widget_Progress_Remain">FFA0A0A0</color>
	<color name="Widget_DimOverlay_Icon">ff00ffff</color>
	
	<!-- Buttons -->
	<color name="Button_Text_FO">FFFFFFFF</color>
	<color name="Button_Text_NF">FFA0A0A0</color>
	<color name="Button_Panel_FO">CC606060</color>
	<color name="Button_Panel_NF">11FFFFFF</color>
	<color name="Button_Selected">ff00ffff</color>
		<!-- 
		color name="Button_disabled" 40FFFFFF
		color name="Button_invalid"	CCFF0000
		-->
	<color name="Button_IconColor_FO">ff00ffff</color>
		<!--
		color name="Button_IconColor_NF"
		-->
	
	<!-- scrollbar -->
	<color name="scrollbar_panel">ff3a3a3a</color>
	<color name="scrollbar_slider_fo">ff00ffff</color>
	<color name="scrollbar_slider_nf">FF888888</color>

	<!-- dialogs -->
	<!-- 
	<color name="Dialog_BG">44000000</color>
	<color name="Dialog_Frame">FFA0A0A0</color>
	-->
	
	<!-- watched ,progress -->
	
</colors>