<?xml version="1.0" encoding="utf-8"?>
<includes>
	<variable name="color_weather_switchlocation_fo">
		<value condition="Skin.HasSetting(weather_windowlayout_2)">blue</value>
		<value>$VAR[color_global_button_panel_fo]</value>
	</variable>
	<variable name="color_weather_switchlocation_nf">
		<value condition="Skin.HasSetting(weather_windowlayout_2)">red</value>
		<value condition="!Skin.HasSetting(weather_windowlayout_2)">$VAR[color_global_button_panel_nf]</value>
	</variable>
	
	<include name="menucontrol_settings_windowweather">
		
		<control type="radiobutton" id="4001">
			<visible>Container(930).HasFocus(9302)</visible>
			<include content="Menucontrol_RadioButton">
				<param name="radio_on_texture" value="icons/settings.png" />
				<param name="radio_off_texture" value="icons/settings.png" />
			</include>
			<label>Settings $INFO[Weather.plugin]</label>
			<onclick>Addon.Default.OpenSettings(xbmc.python.weather)</onclick>
		</control>
		
		<control type="radiobutton" id="4011">
			<visible>Container(930).HasFocus(9302)</visible>
			<include>Menucontrol_RadioButton</include>
			<label>Disable Fanart Background (Disable Layer 2-3)</label>
			<onclick>Skin.ToggleSetting(weather_background_disabled)</onclick>
			<onclick condition="Skin.HasSetting(weather_background_multiimage)">Skin.ToggleSetting(weather_background_multiimage)</onclick>
			<onclick condition="Skin.HasSetting(weather_background_singleimage)">Skin.ToggleSetting(weather_background_singleimage)</onclick>
			<selected>Skin.HasSetting(weather_background_disabled)</selected>
		</control>
		<control type="radiobutton" id="4012">
			<visible>Container(930).HasFocus(9302)</visible>
			<include>Menucontrol_RadioButton</include>
			<label>Use Single Image Weather Art Background</label>
			<onclick condition="!System.HasAddon(resource.images.weatherfanart.single)">InstallAddon(resource.images.weatherfanart.single)</onclick>
			<onclick>Skin.ToggleSetting(weather_background_singleimage)</onclick>
			<onclick condition="Skin.HasSetting(weather_background_multiimage)">Skin.ToggleSetting(weather_background_multiimage)</onclick>
			<onclick condition="Skin.HasSetting(weather_background_disabled)">Skin.ToggleSetting(weather_background_disabled)</onclick>
			<selected>Skin.HasSetting(weather_background_singleimage)</selected>
		</control>
		<control type="radiobutton" id="4013">
			<visible>Container(930).HasFocus(9302)</visible>
			<include>Menucontrol_RadioButton</include>
			<label>Use Multi Image Weather Art Background</label>
			<onclick condition="!System.HasAddon(resource.images.weatherfanart.multi)">InstallAddon(resource.images.weatherfanart.multi)</onclick>
			<onclick>Skin.ToggleSetting(weather_background_multiimage)</onclick>
			<onclick condition="Skin.HasSetting(weather_background_singleimage)">Skin.ToggleSetting(weather_background_singleimage)</onclick>
			<onclick condition="Skin.HasSetting(weather_background_disabled)">Skin.ToggleSetting(weather_background_disabled)</onclick>
			<selected>Skin.HasSetting(weather_background_multiimage)</selected>
		</control>
		<control type="radiobutton" id="4014">
			<visible>Container(930).HasFocus(9302)</visible>
			<include>Menucontrol_RadioButton</include>
			<label>Get The Daylie Icon Centered</label>
			<visible>!Skin.HasSetting(weather_windowlayout_2)</visible>
			<onclick>Skin.ToggleSetting(weather_d_icon_centered)</onclick>
			<selected>Skin.HasSetting(weather_d_icon_centered)</selected>
		</control>
		<control type="radiobutton" id="4015">
			<visible>Container(930).HasFocus(9302)</visible>
			<include>Menucontrol_RadioButton</include>
			<label>Disable Scaled Artwork in The Daylie Widgets</label>
			<visible>System.HasAddon(resource.images.weatherfanart.single)</visible>
			<onclick>Skin.ToggleSetting(weather_disable_item_art)</onclick>
			<selected>Skin.HasSetting(weather_disable_item_art)</selected>
		</control>
		<control type="radiobutton" id="4016">
			<visible>Container(930).HasFocus(9302)</visible>
			<include>Menucontrol_RadioButton</include>
			<label>Use Clear Layout</label>
			<onclick condition="Skin.HasSetting(weather_windowlayout_3)">Skin.ToggleSetting(weather_windowlayout_3)</onclick>
			<onclick>Skin.ToggleSetting(weather_windowlayout_2)</onclick>
			<selected>Skin.HasSetting(weather_windowlayout_2)</selected>
		</control>
		<!-- 
		<control type="radiobutton" id="4017">
			<visible>Container(930).HasFocus(9302)</visible>
			<include>Menucontrol_RadioButton</include>
			<label>Use Clear Layout 2</label>
			<onclick condition="Skin.HasSetting(weather_windowlayout_2)">Skin.ToggleSetting(weather_windowlayout_2)</onclick>
			<onclick>Skin.ToggleSetting(weather_windowlayout_3)</onclick>
			<selected>Skin.HasSetting(weather_windowlayout_3)</selected>
		</control>
		 -->
		
		
				<!-- get all the labels first
		
		<control type="radiobutton" id="4010">
			<visible>Container(930).HasFocus(9302)</visible>
			<include>Menucontrol_RadioButton</include>
			<label>weather_itemlayout_2</label>
			<onclick>Skin.ToggleSetting(weather_itemlayout_2)</onclick>
			<selected>Skin.HasSetting(weather_itemlayout_2)</selected>
		</control>
		<control type="radiobutton" id="4020">
			<visible>Container(930).HasFocus(9302)</visible>
			<include>Menucontrol_RadioButton</include>
			<label>weather_itemlayout_3</label>
			<onclick>Skin.ToggleSetting(weather_itemlayout_3)</onclick>
			<selected>Skin.HasSetting(weather_itemlayout_3)</selected>
		</control>
		-->
	</include>
	
	<!-- deafult layout -->
	
	<include name="weather_atts">
		<control type="grouplist">
			<control type="grouplist">
				<visible>!String.IsEmpty(Window.Property(Current.FeelsLike))</visible>
				<height>30</height>
				<orientation>horizontal</orientation>
				<control type="image">
					<visible>Control.IsVisible(35)</visible>
					<width>40</width>
					<height>40</height>
					<bordersize>5</bordersize>
					<texture>icons/feelslike.png</texture>
				</control>
				<control type="label">
					<font>montserrat_14_extrabold</font>
					<left>10</left>
					<height>40</height>
					<description> feels like </description>
					<textcolor>$VAR[color_lib_text_main]</textcolor>
					<label fallback="test">$INFO[Control.GetLabel(224)] : $INFO[Window.Property(Current.FeelsLike)]$INFO[System.TemperatureUnits]</label>
				</control>
			</control>
			<control type="grouplist">
				<visible>!String.IsEmpty(Window.Property(Current.UVIndex))</visible>
				<height>30</height>
				<orientation>horizontal</orientation>
				<control type="image">
					<visible>Control.IsVisible(35)</visible>
					<width>40</width>
					<height>40</height>
					<bordersize>5</bordersize>
					<texture>icons/sun.png</texture>
				</control>
				<control type="label">
					<description> uv index </description>
					<font>montserrat_14_extrabold</font>
					<left>10</left>
					<height>40</height>
					<textcolor>$VAR[color_lib_text_main]</textcolor>
					<label>$INFO[Control.GetLabel(225)] : $INFO[Window.Property(Current.UVIndex)]</label>
				</control>
			</control>
			<control type="grouplist">
				<height>30</height>
				<orientation>horizontal</orientation>
				<visible>!String.IsEmpty(Window(weather).Property(Daily.1.Cloudiness))</visible>
				<control type="image">
					<visible>Control.IsVisible(35)</visible>
					<width>40</width>
					<height>40</height>
					<bordersize>5</bordersize>
					<texture>icons/cloud.png</texture>
				</control>
				<control type="label">
					<description> wind </description>
					<font>montserrat_14_extrabold</font>
					<left>10</left>
					<height>40</height>
					<textcolor>$VAR[color_lib_text_main]</textcolor>
					<label>Cloudyness : $INFO[Window(weather).Property(Daily.1.Cloudiness)]</label>
				</control>
			</control>
			<control type="grouplist">
				<visible>!String.IsEmpty(Window.Property(Current.Wind))</visible>
				<height>30</height>
				<orientation>horizontal</orientation>
				<control type="image">
					<visible>Control.IsVisible(35)</visible>
					<width>40</width>
					<height>40</height>
					<bordersize>5</bordersize>
					<texture>icons/windsock.png</texture>
				</control>
				<control type="label">
					<description> wind </description>
					<font>montserrat_14_extrabold</font>
					<left>10</left>
					<height>40</height>
					<textcolor>$VAR[color_lib_text_main]</textcolor>
					<label>$INFO[Control.GetLabel(226)] : $INFO[Window.Property(Current.Wind)]</label>
				</control>
			</control>
			<control type="grouplist">
				<visible>!String.IsEmpty(Window.Property(Current.DewPoint))</visible>
				<height>30</height>
				<orientation>horizontal</orientation>
				<control type="image">
					<visible>Control.IsVisible(35)</visible>
					<width>40</width>
					<height>40</height>
					<bordersize>5</bordersize>
					<texture>icons/dewpoint.png</texture>
				</control>
				<control type="label">
					<description> dew point </description>
					<font>montserrat_14_extrabold</font>
					<left>10</left>
					<height>40</height>
					<textcolor>$VAR[color_lib_text_main]</textcolor>
					<label>$INFO[Control.GetLabel(227)] : $INFO[Window.Property(Current.DewPoint)]$INFO[System.TemperatureUnits]</label>
				</control>
			</control>
			<control type="grouplist">
				<visible>!String.IsEmpty(Window.Property(Current.Humidity))</visible>
				<height>30</height>
				<orientation>horizontal</orientation>
				<control type="image">
					<visible>Control.IsVisible(35)</visible>
					<width>40</width>
					<height>40</height>
					<bordersize>5</bordersize>
					<texture>icons/humidity.png</texture>
				</control>
				<control type="label">
					<description> humidity </description>
					<font>montserrat_14_extrabold</font>
					<left>10</left>
					<height>40</height>
					<textcolor>$VAR[color_lib_text_main]</textcolor>
					<label>$INFO[Control.GetLabel(228)] : $INFO[Window.Property(Current.Humidity),  ,]</label>
				</control>
			</control>
		</control>
	</include>
	
	
	
	<include name="weather_window_layout_1">
		
		
	
		<control type="group">
			<left>120</left>
			<control type="image">
				<description>masking in here and keep frame - adjust labels to fit in here</description>
				<visible>true</visible>
				<top>250</top>
				<left>-10</left>
				<width>410</width>
				<bottom>335</bottom>
				<bordersize>10</bordersize>
				<bordertexture colordiffuse="ff131313">colors/white30.png</bordertexture>
				<texture colordiffuse="ff131313">colors/white50.png</texture>
			</control>
			<control type="button" id="200">
				<onfocus condition="!String.IsEmpty(Window(Home).Property(menucontrol_active))">ClearProperty(menucontrol_active,home)</onfocus>
				<animation type="Focus" reversible="false">
					<effect type="zoom" end="103,103" time="200" tween="sine" easing="out" center="auto" />
					<effect type="zoom" end="99,99" time="150" tween="sine" delay="200" easing="out" center="auto" />
				</animation>
				<left>-10</left>
				<top>251</top>
				<width>410</width>
				<height>494</height>
				<label />
				<texturefocus border="2" colordiffuse="$VAR[color_lib_text_main]">frames/frame.png</texturefocus>
				<texturenofocus />
				<onleft>menu</onleft>
				<onup>3</onup>
				<onright>50</onright>
				<ondown>51</ondown>
				<onclick>SendClick(2)</onclick>
			</control>
			<control type="grouplist">
				<description>now or and container(50).listitems</description>
				<left>10</left>
				<top>250</top>
				<width>390</width>
				<bottom>300</bottom>
				<control type="label">
					<top>20</top>
					<height>40</height>
					<textcolor>$VAR[color_lib_text_main]</textcolor>
					<label>[B]$INFO[Control.GetLabel(31)][/B]</label>
					<font>montserrat_40_extrabold</font>
				</control>
				<control type="label">
					<label />
					<height>5</height>
				</control>
				<control type="label">
					<height>10</height>
					<textcolor>$VAR[color_lib_accent]</textcolor>
					<label>$INFO[Window.Property(Location)]</label>
					<font>notosans_18_bold</font>
				</control>
				<control type="group">
					<top>10</top>
					<height>210</height>
					<width>390</width>
					<control type="image">
						<visible>Control.IsVisible(35)</visible>
						<width>230</width>
						<height>230</height>
						<bordersize>10</bordersize>
						<texture>$INFO[Control.GetLabel(35)]</texture>
					</control>
					<control type="label">
						<font>montserrat_40_extrabold</font>
						<align>right</align>
						<right>70</right>
						<height>90</height>
						<description> temperature </description>
						<textcolor>$VAR[color_lib_text_main]</textcolor>
						<label>$INFO[Weather.Temperature]</label>
					</control>
					<control type="label">
						<font>notosans_16_bold</font>
						<align>right</align>
						<right>20</right>
						<height>95</height>
						<description> temperature </description>
						<textcolor>$VAR[color_lib_text_main]</textcolor>
						<label>[COLOR blue]$INFO[Control.GetLabel(33),[B]↓[/B] ,][/COLOR][CR][COLOR red]$INFO[Control.GetLabel(32),[B]↑[/B] ,][/COLOR]</label>
					</control>
					<control type="label">
						<top>75</top>
						<right>20</right>
						<height>25</height>
						<font>notosans_22_bold_highlined</font>
						<description> condition</description>
						<align>right</align>
						<textcolor>$VAR[color_lib_text_secondary]</textcolor>
						<label>$INFO[Window.Property(Current.Condition)]</label>
					</control>
				</control>
				<include>weather_atts</include>
			</control>
		</control>
		
		<control type="group" id="3000">
			<include content="Weather_Container">
				<param name="id" value="50" />
				<param name="container_visible" value="!String.IsEmpty(Window(weather).Property(Daily.IsFetched))" />
				<param name="content_include" value="weather_items_dayly" />
				<param name="itemlayout_width" value="218" />
				<param name="itemlayout_height" value="485" />
				<param name="focusedlayout_width" value="218" />
				<param name="focusedlayout_height" value="485" />
				<param name="is_daily" value="true" />
				<param name="fanart_width" value="205" />
				<param name="disable_current" value="true" />
				
				<onup>3</onup>
				<ondown>51</ondown>
				<onleft>200</onleft>
				<left>590</left>
				<top>260</top>
				<bottom>500</bottom>
				<height>485</height>
			</include>
			
			<control type="label">
				<label>[B]$LOCALIZE[33036][/B]</label>
				<visible>!String.IsEmpty(Window(weather).Property(Hourly.IsFetched))</visible>
				<font>notosans_23_bold</font>
				<left>120</left>
				<top>760</top>
				<height>100</height>
			</control>
			<control type="image">
				<texture colordiffuse="ff131313">colors/white40.png</texture>
				<left>110</left>
				<height>250</height>
				<bottom>0</bottom>
			</control>
			<include content="Weather_Container">
				<param name="id" value="51" />
				<param name="container_visible" value="!String.IsEmpty(Window(weather).Property(Hourly.IsFetched))" />
				<param name="content_include" value="weather_items_hourly" />
				<param name="itemlayout_width" value="180" />
				<param name="itemlayout_height" value="200" />
				<param name="focusedlayout_width" value="180" />
				<param name="focusedlayout_height" value="200" />
				<param name="is_daily" value="false" />
				
				<onup>200</onup>
				<ondown condition="Control.IsVisible(2200)">2200</ondown>
				<ondown condition="!Control.IsVisible(2200) + Control.IsVisible(2300)">2300</ondown>
				<ondown condition="!Control.IsVisible(2200) + !Control.IsVisible(2300)">3</ondown>
				
				<left>90</left>
				<top>850</top>
				<bottom>100</bottom>
				<height>200</height>
			</include>
		
		</control>
	</include>
	
	<!-- clear layout -->
	<include name="weather_window_layout_2">
		
		<control type="group">
			<left>140</left>
			<control type="image">
				<visible>false</visible>
				<top>160</top>
				<width>530</width>
				<height>550</height>
				<texture colordiffuse="ff131313">diffuse/gradientleftsoft.png</texture>
				vs
				<texture colordiffuse="cf131313">diffuse/gradientleftlinear50.png</texture>
			</control>
			<control type="button" id="200">
				<onfocus condition="!String.IsEmpty(Window(Home).Property(menucontrol_active))">ClearProperty(menucontrol_active,home)</onfocus>
				<animation type="Focus" reversible="false">
					<effect type="zoom" end="103,103" time="200" tween="sine" easing="out" center="auto" />
					<effect type="zoom" end="99,99" time="150" tween="sine" delay="200" easing="out" center="auto" />
				</animation>
				<top>160</top>
				<width>530</width>
				<height>550</height>
				<label />
				<texturefocus border="2" colordiffuse="$VAR[color_lib_text_main]">frames/frame.png</texturefocus>
				<texturenofocus />
				<!-- <onleft>menu</onleft> -->
				<onleft>201</onleft>
				<onup>3</onup>
				<onright>51</onright>
				<ondown>50</ondown>
				<onclick>SendClick(2)</onclick>
			</control>
			<control type="button" id="201">
				<include>Animation_Item_Focus</include>
				<top>170</top>
				<width>50</width>
				<height>50</height>
				<label />
				<onclick>SetFocus(3)</onclick>
				<onclick>Action(select)</onclick>
				<onclick>SetFocus(200)</onclick>
				<onup>50</onup>
				<ondown>50</ondown>
				<!-- 
				<left>530</left>
				<texturefocus flipx="true">buttons/arrowleft.png</texturefocus>
				<texturenofocus flipx="true">buttons/arrowleft.png</texturenofocus>
					<onleft>200</onleft>
					<onright>51</onright>
				-->
				
				<left>-60</left>
				<texturefocus colordiffuse="$VAR[color_lib_text_main]">buttons/arrowleft.png</texturefocus>
				<texturenofocus colordiffuse="$VAR[color_lib_text_secondary]">buttons/arrowleft.png</texturenofocus>
					<onleft>menu</onleft>
					<onright>200</onright>
			</control>
			
			<!-- compare and merge -->
			<control type="grouplist">
				<description>now or and container(50).listitems</description>
				<left>20</left>
				<top>160</top>
				<right>200</right>
				<width>500</width>
				<bottom>300</bottom>
				<control type="label">
					<top>10</top>
					<height>40</height>
					<textcolor>$VAR[color_lib_text_main]</textcolor>
					<label>[B]$INFO[Control.GetLabel(31)][/B]</label>
					<font>montserrat_50_extrabold</font>
				</control>
				<control type="label">
					<label />
					<height>15</height>
				</control>
				<control type="label">
					<height>20</height>
					<textcolor>$VAR[color_lib_accent]</textcolor>
					<label>$INFO[Window.Property(Location)]  |  $INFO[Window.Property(Updated), updated • ,]</label>
					<font>notosans_18_bold</font>
				</control>
				<control type="group">
					<height>270</height>
					<width>500</width>
					<control type="image">
						<visible>Control.IsVisible(35)</visible>
						<width>290</width>
						<height>290</height>
						<bordersize>10</bordersize>
						<texture>$INFO[Control.GetLabel(35)]</texture>
					</control>
					<control type="label">
						<font>montserrat_50_extrabold</font>
						<align>right</align>
						<right>70</right>
						<height>90</height>
						<description> temperature </description>
						<textcolor>$VAR[color_lib_text_main]</textcolor>
						<label>$INFO[Weather.Temperature]</label>
					</control>
					<control type="label">
						<font>notosans_16_bold</font>
						<align>right</align>
						<right>10</right>
						<height>95</height>
						<description> temperature </description>
						<textcolor>$VAR[color_lib_text_main]</textcolor>
						<label>[COLOR blue]$INFO[Control.GetLabel(33),[B]↓[/B] ,][/COLOR][CR][COLOR red]$INFO[Control.GetLabel(32),[B]↑[/B] ,][/COLOR]</label>
					</control>
					<control type="label">
						<top>75</top>
						<right>10</right>
						<height>25</height>
						<font>notosans_23_bold</font>
						<description> condition</description>
						<align>right</align>
						<textcolor>$VAR[color_lib_text_secondary]</textcolor>
						<label>$INFO[Window.Property(Current.Condition)]</label>
					</control>
				</control>
				<include>weather_atts</include>
			</control>
		</control>	
		<control type="group" id="3000">
			<!-- <visible> + !Skin.HasSetting(Weather_view_51) ?? maybe alt layout</visible> -->
			<include content="Weather_Container">
				<param name="id" value="50" />
				<param name="type" value="panel" />
				<param name="container_visible" value="!String.IsEmpty(Window(weather).Property(Daily.IsFetched))" />
				<param name="content_include" value="weather_items_dayly" />
				<param name="itemlayout_width" value="200" />
				<param name="itemlayout_height" value="300" />
				<param name="focusedlayout_width" value="200" />
				<param name="focusedlayout_height" value="300" />
				<param name="is_daily" value="true" />
				
				<param name="fanart_width" value="245" />
				<onup>200</onup>
				<ondown condition="Control.IsVisible(2200)">2200</ondown>
				<ondown condition="!Control.IsVisible(2200) + Control.IsVisible(2300)">2300</ondown>
				<ondown condition="!Control.IsVisible(2200) + !Control.IsVisible(2300)">200</ondown>
				
				<onleft>menu</onleft>
				<onright>51</onright>
				<left>100</left>
				<bottom>50</bottom>
				<height>300</height>
				<right>375</right>
				
				
			</include>
			
			
			<control type="image">
				<texture colordiffuse="ff131313">colors/white40.png</texture>
				<top>130</top>
				<right>10</right>
				<width>200</width>
				<height>930</height>
			</control>
			<include content="Weather_Container">
				<param name="id" value="51" />
				<param name="orientation" value="vertical" />
				<param name="container_visible" value="!String.IsEmpty(Window(weather).Property(Hourly.IsFetched))" />
				<param name="content_include" value="weather_items_hourly" />
				<param name="itemlayout_width" value="180" />
				<param name="itemlayout_height" value="100" />
				<param name="focusedlayout_width" value="180" />
				<param name="focusedlayout_height" value="100" />
				<param name="is_daily" value="false" />
				
				<onleft>200</onleft>
				<onright>200</onright>
				<top>140</top>
				<right>10</right>
				<width>200</width>
				<height>900</height>
			</include>
		
		</control>
		
	</include>
	<include name="weather_window_layout_3">
		<control type="group">
			<left>140</left>
			<control type="image">
				<visible>false</visible>
				<top>160</top>
				<right>500</right>
				<texture colordiffuse="ff131313">diffuse/gradientleftsoft.png</texture>
			</control>
			
			<control type="grouplist">
				<description>now or and container(50).listitems</description>
				<top>660</top>
				<width>500</width>
				<bottom>100</bottom>
				<control type="label">
					<top>10</top>
					<height>40</height>
					<textcolor>$VAR[color_lib_text_main]</textcolor>
					<label>[B]$INFO[Control.GetLabel(31)][/B]</label>
					<font>montserrat_50_extrabold</font>
				</control>
				<control type="label">
					<label />
					<height>15</height>
				</control>
				<control type="label">
					<height>20</height>
					<textcolor>$VAR[color_lib_accent]</textcolor>
					<label>$INFO[Window.Property(Location)]  |  $INFO[Window.Property(Updated), updated • ,]</label>
					<font>notosans_18_bold</font>
				</control>
				<control type="group">
					<height>270</height>
					<width>600</width>
					<control type="label">
						<font>montserrat_190_bold</font>
						<align>left</align>
						<right>70</right>
						<height>190</height>
						<description> temperature </description>
						<textcolor>$VAR[color_lib_text_main]</textcolor>
						<label>$INFO[Weather.Temperature]</label>
					</control>
				</control>
				
			</control>
		</control>	
		<include content="Weather_Container">
			<param name="id" value="51" />
			<param name="orientation" value="vertical" />
			<param name="container_visible" value="!String.IsEmpty(Window(weather).Property(Hourly.IsFetched))" />
			<param name="content_include" value="weather_items_hourly" />
			<param name="itemlayout_width" value="500" />
			<param name="itemlayout_height" value="75" />
			<param name="focusedlayout_width" value="500" />
			<param name="focusedlayout_height" value="75" />
			<param name="is_daily" value="false" />
			
			<onleft>200</onleft>
			<onright>200</onright>
			<top>110</top>
			<right>0</right>
			<width>400</width>
			<height>980</height>
		</include>
		
	</include>
	
	
	<include name="Weather_Container">
		<param name="type" default="panel" />
		<param name="orientation" default="horizontal" />
		<definition>
		<control type="$PARAM[type]" id="$PARAM[id]">
			<nested />
			<visible>$PARAM[container_visible]</visible>
			<onback>200</onback>
			<orientation>$PARAM[orientation]</orientation>
			<onfocus condition="!String.IsEmpty(Window(Home).Property(menucontrol_active))">ClearProperty(menucontrol_active,home)</onfocus>
			<!-- idem color -->
			<itemlayout width="$PARAM[itemlayout_width]" height="$PARAM[itemlayout_height]">
				<include content="weather_container_layout_default">
					<param name="color" value="$VAR[color_lib_text_main]" />
					<param name="focusedlayout" value="false" />
					<param name="bg_alpha" value="30" />
					<param name="fanart_alpha" value="30" />
					<param name="fanart_width" value="$PARAM[fanart_width]" />
					<param name="is_daily" value="$PARAM[is_daily]" />
				</include>
			</itemlayout>
			<focusedlayout width="$PARAM[focusedlayout_width]" height="$PARAM[focusedlayout_height]">
				<include content="weather_container_layout_default">
					<param name="color" value="$VAR[color_lib_text_main]" />
					<param name="focusedlayout" value="true" />
					<param name="bg_alpha" value="90" />
					<param name="fanart_alpha" value="60" />
					<param name="fanart_width" value="$PARAM[fanart_width]" />
					<param name="is_daily" value="$PARAM[is_daily]" />
				</include>
			</focusedlayout>
			<include>$PARAM[content_include]</include>
		</control>
		</definition>
	</include>
	
	<include name="weather_container_layout_default">
		<control type="group">
			<visible>!$PARAM[is_daily]</visible>
			<control type="image">
				<visible>$PARAM[focusedlayout]</visible>
				<left>40</left>
				<bordertexture colordiffuse="$VAR[color_lib_accent]" border="2">frames/frame.png</bordertexture>
				<texture colordiffuse="ff131313">colors/white40.png</texture>
			</control>
			<control type="image">
				<left>40</left>
				<height>60</height>
				<texture colordiffuse="grey">colors/white20.png</texture>
			</control>
			<control type="image">
				<top>30</top>
				<left>18</left>
				<width>56</width>
				<height>56</height>
				<texture>$INFO[ListItem.Icon]</texture>
			</control>
			<control type="label">
				<font>notosans_16_bold</font>
				<textcolor>$PARAM[color]</textcolor>
				<top>29</top>
				<left>45</left>
				<right>5</right>
				<align>right</align>
				<height>65</height>
				<label>$INFO[ListItem.Label2]</label>
			</control>
			<control type="textbox">
				<visible>!String.IsEmpty(ListItem.Property(Outlook)) + !Skin.HasSetting(weather_windowlayout_2)</visible>
				<textcolor>$PARAM[color]</textcolor>
				<top>90</top>
				<left>45</left>
				<right>5</right>
				<align>right</align>
				<height>65</height>
				<font>notosans_16_bold</font>
				<label>$INFO[ListItem.Property(Outlook)]</label>
				<wrapmultiline>true</wrapmultiline>
			</control>
			<control type="image">
				<visible>!String.IsEmpty(ListItem.Property(Cloudiness)) + !Skin.HasSetting(weather_windowlayout_2)</visible>
				<top>160</top>
				<left>100</left>
				<width>25</width>
				<height>25</height>
				<texture>icons/cloud.png</texture>
			</control>
			<control type="label">
				<visible>!String.IsEmpty(ListItem.Property(Cloudiness)) + !Skin.HasSetting(weather_windowlayout_2)</visible>
				<textcolor>$PARAM[color]</textcolor>
				<top>140</top>
				<left>45</left>
				<right>5</right>
				<align>right</align>
				<height>65</height>
				<font>notosans_16_bold</font>
				<label>66%</label>
			</control>
		</control>
		<control type="label">
			<description>heading - booth</description>
			<top>5</top>
			<left>45</left>
			<right>0</right>
			<height>20</height>
			<textcolor>$PARAM[color]</textcolor>
			<label>$INFO[ListItem.Label,[B],[/B]]</label>
			<font>montserrat_18_extrabold</font>
		</control>
		<control type="group">
			<visible>$PARAM[is_daily]</visible>
			<top>40</top>
			<width>$PARAM[fanart_width]</width>
			<control type="image">
				<left>45</left>
				<texture colordiffuse="ff131313">colors/white$PARAM[bg_alpha].png</texture>
			</control>
			
			<control type="image">
				<visible>!Skin.HasSetting(weather_disable_item_art)</visible>
				<description>dimmed scaled fanart code img</description>
				<left>45</left>
				<bordersize>5</bordersize>
					<include condition="$PARAM[focusedlayout]">weather_border_fo</include>
				<aspectratio scalediffuse="false" align="center" aligny="center">scale</aspectratio>
				<texture fallback="kent.jpg" diffuse="colors/white$PARAM[fanart_alpha].png">$INFO[ListItem.Property(FanartCode),resource://resource.images.weatherfanart.single/,.jpg]</texture>
			</control>
			<control type="image">
				<left>-10</left>
				<top>108</top>
				<width>130</width>
				<height>130</height>
				<colordiffuse>$PARAM[color]</colordiffuse>
				<texture>$INFO[ListItem.Icon]</texture>
				<visible>!Skin.HasSetting(weather_d_icon_centered) + !Skin.HasSetting(weather_windowlayout_2)</visible>
			</control>
			<control type="image">
				<left>80</left>
				<centertop>35%</centertop>
				<width>80</width>
				<height>80</height>
				<colordiffuse>$PARAM[color]</colordiffuse>
				<texture>$INFO[ListItem.Icon]</texture>
				<visible>Skin.HasSetting(weather_d_icon_centered) | Skin.HasSetting(weather_windowlayout_2)</visible>
			</control>
			<control type="textbox">
				<visible>!String.IsEmpty(ListItem.Property(Outlook)) + !Skin.HasSetting(weather_windowlayout_2)</visible>
				<textcolor>$PARAM[color]</textcolor>
				<centertop>18%</centertop>
				<left>45</left>
				<right>5</right>
				<align>right</align>
				<height>65</height>
				<font>notosans_16_bold</font>
				<label>$INFO[ListItem.Property(Outlook)]</label>
				<wrapmultiline>true</wrapmultiline>
			</control>
			<control type="image">
				<visible>!String.IsEmpty(ListItem.Property(Cloudiness)) + !Skin.HasSetting(weather_windowlayout_2)</visible>
				<right>70</right>
				<centertop>52%</centertop>
				<width>25</width>
				<height>25</height>
				<colordiffuse>$PARAM[color]</colordiffuse>
				<texture>icons/cloud.png</texture>
			</control>
			<control type="label">
				<visible>!String.IsEmpty(ListItem.Property(Cloudiness))</visible>
				<textcolor>$PARAM[color]</textcolor>
				<centertop>58%</centertop>
				<right>65</right>
				<align>right</align>
				<height>65</height>
				<font>notosans_16_bold</font>
				<label>$INFO[ListItem.Property(Cloudiness)]</label>
			</control>
			<control type="label">
				<font>notosans_16_bold</font>
				<textcolor>$PARAM[color]</textcolor>
				<top>25</top>
				<align>center</align>
				<label>$INFO[ListItem.Property(LongDate)]</label>
				<width>230</width>
				<height>25</height>
			</control>
			<control type="label">
				<font>notosans_16_bold</font>
				<textcolor>$PARAM[color]</textcolor>
				<centerbottom>20%</centerbottom>
				<width>230</width>
				<height>100</height>
				<align>center</align>
				<label>$INFO[ListItem.Label2]</label>
			</control>
		</control>
		
	</include>
	<include name="weather_border_fo">
		<bordertexture colordiffuse="$VAR[color_lib_accent]" border="2">frames/frame.png</bordertexture>
	</include>
	
	
	<include name="WeatherDailyItem">
		<item>
			<nested />
			<label>$INFO[Window(weather).Property(Daily.$PARAM[item_index].LongDay)]</label>
			<label2>$INFO[Window(weather).Property(Daily.$PARAM[item_index].LowTemperature),[B]↓[/B] [COLOR cyan],[/COLOR]          ][CR]•[CR]$INFO[Window(weather).Property(Daily.$PARAM[item_index].HighTemperature),          [B]↑[/B] [COLOR orange],[/COLOR]]</label2>
			<property name="TempDay">$INFO[Window(weather).Property(Daily.$PARAM[item_index].TempDay)]</property>
			<property name="Cloudiness">$INFO[Window(weather).Property(Daily.$PARAM[item_index].Cloudiness)]</property>
			<property name="Outlook">$INFO[Window(weather).Property(Daily.$PARAM[item_index].Outlook)]</property>
			<property name="LongDate">$INFO[Window(weather).Property(Daily.$PARAM[item_index].LongDate)]</property>
			<property name="FanartCode">$INFO[Window(weather).Property(Daily.$PARAM[item_index].FanartCode)]</property>
			<thumb>resource://resource.images.weathericons.outline-hd/$INFO[Window(weather).Property(Daily.$PARAM[item_index].OutlookIcon)]</thumb>
			<visible>!String.IsEmpty(Window(weather).Property(Daily.$PARAM[item_index].Outlook))</visible>
		</item>
	</include>
	<include name="WeatherHourlyItem">
		<item>
			<label>$INFO[Window(weather).Property(Hourly.$PARAM[item_index].Time)]</label>
			<label2>$INFO[Window(weather).Property(Hourly.$PARAM[item_index].Temperature)][CR]$INFO[Window(weather).Property(Hourly.$PARAM[item_index].Precipitation),   ,]</label2>
			<property name="Temperature">$INFO[Window(weather).Property(Hourly.$PARAM[item_index].Temperature)]</property>
			<property name="Outlook">$INFO[Window(weather).Property(Hourly.$PARAM[item_index].Outlook)]</property>
			<property name="Cloudiness">$INFO[Window(weather).Property(Hourly.$PARAM[item_index].Cloudiness)]</property>
			<property name="LongDate">$INFO[Window(weather).Property(Hourly.$PARAM[item_index].LongDate)]</property>
			<property name="FanartCode">$INFO[Window(weather).Property(Hourly.$PARAM[item_index].FanartCode)]</property>
			<thumb>resource://resource.images.weathericons.default/$INFO[Window(weather).Property(Hourly.$PARAM[item_index].OutlookIcon)]</thumb>
			<visible>!String.IsEmpty(Window(weather).Property(Hourly.$PARAM[item_index].Outlook))</visible>
		</item>
	</include>
	
	<include name="MapItem">
		<control type="group" id="230$PARAM[item_index]">
			<height>940</height>
			<width>1740</width>
			<control type="button" id="230$PARAM[item_index]1">
				<font>montserrat_50_extrabold</font>
				<height>950</height>
				<width>1740</width>
				<label>$INFO[Window(weather).Property(Current.Location)][CR][COLOR $VAR[color_lib_text_secondary]]$INFO[Window(weather).Property(Map.$PARAM[item_index].Heading)][/COLOR]</label>
				<textcolor>$VAR[color_lib_text_main]</textcolor>
				<texturefocus colordiffuse="ff131313">colors/white50.png</texturefocus>
				<texturenofocus colordiffuse="ff131313">colors/white50.png</texturenofocus>
				<onfocus condition="!String.IsEmpty(Window(Home).Property(menucontrol_active))">ClearProperty(menucontrol_active,home)</onfocus>
				
				<onleft>230$PARAM[item_index_prev]1</onleft>
				<onright>230$PARAM[item_index_next]1</onright>
				<onup condition="Control.IsVisible(2200)">2200</onup>
				<onup condition="!Control.IsVisible(2200)">200</onup>
				<ondown>200</ondown>
			</control>
			<control type="label" id="230$PARAM[item_index]0">
				<font>montserrat_18_extrabold</font>
				<top>550</top>
				<height>650</height>
				<aligny>bottom</aligny>
				<left>40</left>
				<width>500</width>
				<label>$PARAM[label]</label>
				<textcolor>$VAR[color_lib_text_main]</textcolor>
				<align>left</align>
			</control>
			<control type="image" id="230$PARAM[item_index]2">
				<height>940</height>
				<width>1740</width>
				<bordersize>50</bordersize>
				<aspectratio>keep</aspectratio>
				<texture>$INFO[Window(weather).Property(Map.$PARAM[item_index].Area)]</texture>
			</control>
			<control type="image" id="230$PARAM[item_index]3">
				<height>940</height>
				<width>1740</width>
				<bordersize>50</bordersize>
				<aspectratio>keep</aspectratio>
				<texture>$INFO[Window(weather).Property(Map.$PARAM[item_index].Layer)]</texture>
			</control>
			<control type="image" id="230$PARAM[item_index]4">
				<height>50</height>
				<width>1740</width>
				<left>0</left>
				<bottom>-5</bottom>
				<aspectratio>keep</aspectratio>
				<texture>$INFO[Window(weather).Property(Map.$PARAM[item_index].Legend)]</texture>
			</control>
		</control>
	</include>
	<!-- disabled current day as it is shown left , all layouts 
			<include condition="false" content="WeatherDailyItem">
				<param name="item_index" value="1" />
			</include>
	-->
	<include name="weather_items_dayly">
		<content>
			<item>
				<icon>$INFO[Weather.ConditionsIcon]</icon>
				<visible>String.IsEmpty(Window(weather).Property(Daily.IsFetched))</visible>
			</item>
			
			<item>
				<visible>false</visible>
				<onclick>PlayMedia($INFO[Container(99).ListItem.FilenameAndPath],1)</onclick>
				<onclick>SetProperty(trailer_isplaying,weather,home)</onclick>
			</item>
			<include content="WeatherDailyItem">
				<param name="item_index" value="1" />
				<visible>Skin.HasSetting(weather_windowlayout_2)</visible>
			</include>
			<include content="WeatherDailyItem">
				<param name="item_index" value="2" />
			</include>
			<include content="WeatherDailyItem">
				<param name="item_index" value="3" />
			</include>
			<include content="WeatherDailyItem">
				<param name="item_index" value="4" />
			</include>
			<include content="WeatherDailyItem">
				<param name="item_index" value="5" />
			</include>
			<include content="WeatherDailyItem">
				<param name="item_index" value="6" />
			</include>
			<include content="WeatherDailyItem">
				<param name="item_index" value="7" />
			</include>
			<include content="WeatherDailyItem">
				<param name="item_index" value="8" />
			</include>
			<include content="WeatherDailyItem">
				<param name="item_index" value="9" />
			</include>
			<include content="WeatherDailyItem">
				<param name="item_index" value="10" />
			</include>
			<include content="WeatherDailyItem">
				<param name="item_index" value="11" />
			</include>
			<include content="WeatherDailyItem">
				<param name="item_index" value="12" />
			</include>
			<include content="WeatherDailyItem">
				<param name="item_index" value="13" />
			</include>
			<include content="WeatherDailyItem">
				<param name="item_index" value="14" />
			</include>
		</content>
	</include>
	
	<include name="weather_items_hourly">
		<content>
			<item>
				<description>hidden - for fetch</description>
				<icon>$INFO[Weather.ConditionsIcon]</icon>
				<visible>String.IsEmpty(Window(weather).Property(Hourly.IsFetched))</visible>
			</item>
			<include content="WeatherHourlyItem">
				<param name="item_index" value="1" />
			</include>
			<include content="WeatherHourlyItem">
				<param name="item_index" value="2" />
			</include>
			<include content="WeatherHourlyItem">
				<param name="item_index" value="3" />
			</include>
			<include content="WeatherHourlyItem">
				<param name="item_index" value="4" />
			</include>
			<include content="WeatherHourlyItem">
				<param name="item_index" value="5" />
			</include>
			<include content="WeatherHourlyItem">
				<param name="item_index" value="6" />
			</include>
			<include content="WeatherHourlyItem">
				<param name="item_index" value="7" />
			</include>
			<include content="WeatherHourlyItem">
				<param name="item_index" value="8" />
			</include>
			<include content="WeatherHourlyItem">
				<param name="item_index" value="9" />
			</include>
			<include content="WeatherHourlyItem">
				<param name="item_index" value="10" />
			</include>
		</content>
	</include>
	
	<!-- weather widget - shutdownmenu, profile login .. -->
</includes>
