<?xml version="1.0" encoding="UTF-8"?>
<window>
	<include content="media_window_attributes">
		<param name="view_ids" value="50,51,52,53,54,56,502,503,504,510,511,512,513,520" />
	</include>
	<controls>
			<!-- MATRIX GUI INFOLABEL
	
	new infobool   Library.HasNode() - This will return True if the specified node is available  eg  Library.HasNode(library://video/movies/titles.xml)
	
	new infolabels and infobools

support for multi-disc albums have been added to Kodi.
this change adds a few new labels and bools:

MusicPlayer.DiscTitle
The title of the disc currently playing.

ListItem.DiscTitle
The disc title of the currently selected album or song.

ListItem.TotalDiscs
The total number of discs belonging to an album.

ListItem.IsBoxset
Returns True if the item is part of a boxset album.

Library.HasContent(boxsets)
Returns True if there are albums in the library which are boxsets.
		-->
	
		<!-- native GUI Ctrls -->
		<control type="button" id="2">
			<description>Select viewtype</description>
			<include content="HiddenObject" />
		</control>
		
		<control type="button" id="3">
			<description>Select sort method (sort by: name, date size, etc...)</description>
			<visible>Control.IsEnabled(3)</visible>
			<include content="HiddenObject" />
		</control>
		
		<control type="togglebutton" id="4">
			<description>Select sortmode (ascending or descending)</description>
			<visible>Control.IsEnabled(4)</visible>
			<include content="HiddenObject" />
		</control>
		
		<!-- 
		<control type="button" id="5">
			<description>Switch to file mode</description>
			<label>$LOCALIZE[1214]</label>
			<include content="HiddenObject" />
		</control>
		 -->
		<control type="button" id="16">
			<description>Start party mode (randomly play musicvideos from your collection)</description>
			<label>$LOCALIZE[134]</label>
			<include content="HiddenObject" />
		</control>
		
		<control type="button" id="20">
			<description>Update library</description>
			<include content="HiddenObject" />
		</control>
		
		<include content="mediawindow_layout">
			<param name="window" value="music" />
		</include>
		
		<include content="swan_debug_overlay">
			<param name="textleft" value="1  
 window Prop Shortcuts $INFO[Window(home).Property(shortcutitem_nr),[COLOR cyan][B],[/B][/COLOR]]
 window Prop shortcutaction_inprogress $INFO[Window(home).Property(shortcutaction_inprogress),[COLOR cyan][B],[/B][/COLOR]]

   ListItem.DateAdded $INFO[ListItem.DateAdded,[COLOR cyan][B],[/B][/COLOR]]  ListItem.Date $INFO[ListItem.Date,[COLOR cyan][B],[/B][/COLOR]]
   ListItem.Label2 $INFO[ListItem.Label2,[COLOR cyan][B],[/B][/COLOR]]
   OriginalDate  $INFO[ListItem.OriginalDate,[COLOR cyan][B],[/B][/COLOR]]
  ListItem.dbtype  $INFO[ListItem.dbtype,[COLOR cyan][B],[/B][/COLOR]]  |   ListItem.dbid  $INFO[ListItem.dbid,[COLOR cyan][B],[/B][/COLOR]] 
  ListItem.DiscNumber  $INFO[ListItem.DiscNumber,[COLOR cyan][B],[/B][/COLOR]]   /   TotalDiscs $INFO[ListItem.TotalDiscs,[COLOR cyan][B],[/B][/COLOR]] DiscTitle $INFO[ListItem.DiscTitle,[COLOR cyan][B],[/B][/COLOR]]
 
  Container.ListItem.FileNameAndPath : $INFO[Container.ListItem.FilenameAndPath,[COLOR cyan][B],[/B][/COLOR]]
  ListItem.Property(Album_Type)  :  $INFO[ListItem.Property(Album_Type),[COLOR cyan][B],[/B][/COLOR]]
  ListItem.FileNameAndPath : $INFO[ListItem.FileNameAndPath,[COLOR cyan][B],[/B][/COLOR]]
  ListItem.Path : $INFO[ListItem.Path,[COLOR cyan][B],[/B][/COLOR]]
  ListItem.FolderName : $INFO[ListItem.FolderName,[COLOR cyan][B],[/B][/COLOR]]    ListItem.FileName : $INFO[ListItem.FileName,[COLOR cyan][B],[/B][/COLOR]]
  ListItem.FolderPath : $INFO[ListItem.FolderPath,[COLOR cyan][B],[/B][/COLOR]]
  ListItem.FileExtension : $INFO[ListItem.FileExtension,[COLOR cyan][B],[/B][/COLOR]]

Container.Content  :  $INFO[Container.Content,[COLOR cyan][B],[/B][/COLOR]]  ; Container.ListItem.dbtype  :  $INFO[ Container.ListItem.dbtype,[COLOR cyan][B],[/B][/COLOR]]
Container.FolderPath :  $INFO[Container.FolderPath,[COLOR cyan][B],[/B][/COLOR]]
ListItem.Art(fanart) : $INFO[ListItem.Art(fanart),[COLOR cyan][B],[/B][/COLOR]]
ListItem.Art(tvshow.fanart) : $INFO[ListItem.Art(tvshow.fanart),[COLOR cyan][B],[/B][/COLOR]]
ListItem.Art(artist.fanart) : $INFO[ListItem.Art(artist.fanart),[COLOR cyan][B],[/B][/COLOR]]
ListItem.Art(albumartist.fanart) : $INFO[ListItem.Art(albumartist.fanart),[COLOR cyan][B],[/B][/COLOR]]
Container.ListItem.Art(fanart) : $INFO[Container.ListItem.Art(fanart),[COLOR cyan][B],[/B][/COLOR]]
Container.ListItem.Art(tvshow.fanart) : $INFO[Container.ListItem.Art(tvshow.fanart),[COLOR cyan][B],[/B][/COLOR]]
Container.ListItem.Art(artist.fanart) : $INFO[Container.ListItem.Art(artist.fanart),[COLOR cyan][B],[/B][/COLOR]]
Container.ListItem.Art(albumartist.fanart) : $INFO[Container.ListItem.Art(albumartist.fanart),[COLOR cyan][B],[/B][/COLOR]]
Container.Art(fanart) : $INFO[Container.Art(fanart)]
9
10
   $INFO[listitem.dbid,current dbid :    ,    ]
   $INFO[listitem.dbtype,current DBTYPE :    ,    ]
   $INFO[listitem.label,label:    ,    ]

[B]get byid container(2000)[/B]
   $INFO[container(2000).listitem.dbid,container 2000 dbid :    ,    ]
   $INFO[container(2000).listitem.dbtype,container 2000 dbtype :    ,    ]
   $INFO[container(2000).listitem.label,container 2000 label :    ,    ]


[B]get listitem-skinPROPERTYS from hidden actions[/B]
   $INFO[Window(Home).Property(dbid),Window(Home).Property(dbid)    ,]
   $INFO[Window(Home).Property(rating),Window(Home).Property(rating)    ,]
   $INFO[Window(Home).Property(totalseasons),Window(Home).Property(totalseasons)    ,]
   $INFO[Window(Home).Property(totalepisodes),Window(Home).Property(totalepisodes)    ,]
   $INFO[Window(Home).Property(status),Window(Home).Property(status)    ,]"/>
</include>
	</controls>
</window>
