<?xml version="1.0" encoding="UTF-8"?>
<window type="window" id="1190">
	<animation effect="fade" start="100" end="0" time="325">WindowClose</animation>
	
	<onload condition="Skin.HasSetting(startup_changelog_dontshow) + String.IsEqual(skin.string(skinversion),1.16)">ReplaceWindow($VAR[check_startup])</onload>
	
	<defaultcontrol always="true">101</defaultcontrol>
	
	<controls>
	
		<control type="image">
			<texture colordiffuse="ff181818">colors/white.png</texture>
		</control>
		
		<control type="group">
			<control type="grouplist" id="99">
				<top>40</top>
				<centerleft>50%</centerleft>
				<orientation>vertical</orientation>
				<itemgap>10</itemgap>
				<width>100%</width>
				<height>100%</height>
				<usecontrolcoords>true</usecontrolcoords>
				<control type="label">
					<description>‡</description>
					<include>Animation_VisibleHidden_Zoom</include>
					<height>60</height>
					<font>font45_title</font>
					<textcolor>FFA71B6A</textcolor>
					<align>center</align>
					<aligny>bottom</aligny>
					<label>[B]Welcome Back[/B]</label>
				</control>
				
				<control type="image">
					<animation effect="fade" start="100" end="50" time="1300" pulse="true" condition="true">conditional</animation>
					<height>100</height>
					<width>100%</width>
					<aspectratio align="center">keep</aspectratio>
					<texture colordiffuse="cyan">icons/swanglow.png</texture>
				</control>
				<control type="textbox">
					<centerleft>50%</centerleft>
					<width>100%</width>
					<height>50</height>
					<font>font30_title</font>
					<align>center</align>
					<label>[B]Whats New ?[/B]</label>
				</control>
				
				<control type="grouplist">
					<description>changelog</description>
						<width>100%</width>
						<itemgap>10</itemgap>
						<align>center</align>
						
						
						<control type="textbox">
							<description>header if provide imgs</description>
							<visible>false</visible>
							<height>70</height>
							<textcolor>ff009999</textcolor>
							<font>font12</font>
							<autoscroll>false</autoscroll>
							<align>center</align>
							
							<label>[B][COLOR FFA71B6A]• added •[/COLOR][/B][I]
New Info Panels  Viewtypes for : Poster,Landscape,Circle, Square Artowrk Types[/I]</label>
						</control>
								<control type="grouplist">
									<description>img gl</description>
									<visible>false</visible>
									<description>changelog</description>
										<height>190</height>
										<width>100%</width>
										<orientation>horizontal</orientation>
										<itemgap>20</itemgap>
										<align>center</align>
										<control type="image">
											<bordersize>3</bordersize>
											<width>320</width>
											<height>180</height>
											<bordertexture>colors/white.png</bordertexture>
											<texture>special://skin/extras/views/510.png</texture>
											<aspectratio align="center">keep</aspectratio>
										</control>
										<control type="image">
											<bordersize>3</bordersize>
											<width>320</width>
											<height>180</height>
											<bordertexture>colors/white.png</bordertexture>
											<texture>special://skin/extras/views/511.png</texture>
											<aspectratio align="center">keep</aspectratio>
										</control>
										<control type="image">
											<bordersize>3</bordersize>
											<width>320</width>
											<height>180</height>
											<bordertexture>colors/white.png</bordertexture>
											<texture>special://skin/extras/views/512.png</texture>
											<aspectratio align="center">keep</aspectratio>
										</control>
										<control type="image">
											<width>320</width>
											<height>180</height>
											<bordersize>3</bordersize>
											<bordertexture>colors/white.png</bordertexture>
											<texture>special://skin/extras/views/513.png</texture>
											<aspectratio align="center">keep</aspectratio>
										</control>
								</control>
						
								<control type="textbox">
									<height>auto</height>
									<width>90%</width>
									<left>100</left>
									<textcolor>ff009999</textcolor>
									<font>font12</font>
									<autoscroll>false</autoscroll>
									<align>left</align>
									<label>[B][COLOR FFA71B6A]• added •[/COLOR][/B]
    - embuaryinfo dialog | trakt function calls : make use of ~ListItem.Property(id) (equals tmdb id for items) if existing
    - fullscreenvisualisation/ musicplaylist : playitem(indexed) from list, dont remove previous items|playlist.clear() (MATRIX only)
    - WIP : contextfunctions for media items (play|queue) via contextaddon ? WIP ? if browse music HUB for better handling than xml methods
    - video(osd) : add possibility to open videoplaylist items for select playback , use fake playlist if episode from local library is playing
    - upnext dialogs
        ○ choose layout for upnext and still watching dialogs ( ignores upnext addonbool fancy vs simple, user decide layout in via skin, a benifit as example is to have a simple style upnext and fancy style still there dialog )
        ○ define custom colors (except addon default, maybe later)
    - netflix skip intro dialog</label>
									</control>
						<control type="textbox">
							<height>auto</height>
							<right>100</right>
							<width>90%</width>
							<textcolor>ff009999</textcolor>
							<font>font12</font>
							<autoscroll>false</autoscroll>
							<align>right</align>
							<label>[B][COLOR FFA71B6A]• fixed •[/COLOR][/B]
- Widget Shortcuts : Last Played selection could'nt be applied    
- 1004 dialog : re adjust button positions (cast lookup)    
- menucontrol mediawindow : autotoggle some viewtype settings    
- view 56 - circle art layout    
- view 58 : fix limit nextup to 1 item, fix imgdiffuse (skintheme rounded)    
- movieinformation + fullscreeninfo + menucontrol : adjust embuary.info call|queries variables    
- adjust info labels for episodes (info bottom widgets 'n' header)    </label>
						</control>
						<control type="textbox">
							<visible>false</visible>
							<height>50</height>
							<width>70%</width>
							<left>25%</left>
							<textcolor>ff009999</textcolor>
							<font>font12</font>
							<autoscroll>false</autoscroll>
							<align>left</align>
							<label>• [B][COLOR FFA71B6A]removed[/COLOR][/B] [I]useless stuff[/I]</label>
						</control>
				</control>
				
			</control>
			
			<control type="textbox">
				<top>920</top>
				<centerleft>50%</centerleft>
				<width>100%</width>
				<height>100</height>
				<font>font30_title</font>
				<autoscroll>false</autoscroll>
				<align>center</align>
				<pagecontrol>110160</pagecontrol>
				<label>[B]Got it ??[/B]</label>
			</control>
			<control type="grouplist">
				<top>1000</top>
				<height>60</height>
				<width>100%</width>
				<orientation>horizontal</orientation>
				<itemgap>10</itemgap>
				<align>center</align>
				<control type="button" id="101">
					<include>Animation_Item_Focus</include>
					<texturefocus flipy="true" colordiffuse="FFA71B6A">diffuse/gradientlandscapetop100.png</texturefocus>
					<texturenofocus flipy="true" colordiffuse="color_global_button_panel_nf">diffuse/gradientlandscapetop100.png</texturenofocus>
					<width>320</width>
					<height>60</height>
					<label>YES</label>
					<align>center</align>
					<font>debugtiny</font>
					<onclick>Skin.SetBool(startup_changelog_dontshow)</onclick>
					<onclick>ReplaceWindow($VAR[check_startup])</onclick>
				</control>
				<control type="button" id="102">
					<include>Animation_Item_Focus</include>
					<texturefocus flipy="true" colordiffuse="FFA71B6A">diffuse/gradientlandscapetop100.png</texturefocus>
					<texturenofocus flipy="true" colordiffuse="color_global_button_panel_nf">diffuse/gradientlandscapetop100.png</texturenofocus>
					<width>320</width>
					<height>60</height>
					<label>No, show it again next start</label>
					<align>center</align>
					<font>debugtiny</font>
					<onclick>Skin.Reset(startup_changelog_dontshow)</onclick>
					<onclick>ReplaceWindow($VAR[check_startup])</onclick>
				</control>
			</control>
		</control>
	</controls>
</window>