<?xml version="1.0" encoding="UTF-8"?>
<window type="dialog">
	<defaultcontrol always="true">4343</defaultcontrol>
	<depth>DepthDialog+</depth>
	<include content="Animation_OpenClose_Zoom" />
	<!-- 1.16 DialogNumeric.xml
	
ID 			Type 	Description

1 			label 	Heading label
4 			label 	Label displaying the digits being entered
10 – 19 	button 	Digits 0 – 9
20 			button 	Navigate left button
21 			button 	Enter Button
22 			button 	Navigate right button
23 			button 	Backspace button 
-->
	<controls>
		<control type="image">
			<align>center</align>
			<height>100%</height>
			<aspectratio>keep</aspectratio>
			<texture align="center" colordiffuse="ff101010">diffuse/dialog.png</texture>
		</control>
		<control type="group">
			<centertop>50%</centertop>
			<height>350</height>
			<centerleft>50%</centerleft>
			<width>50%</width>
			
			<control type="image">
				<top>80</top>
				<height>80</height>
				<align>center</align>
				<aspectratio>keep</aspectratio>
				<texture align="center" colordiffuse="aaffffff">buttons/button_6to1_Trans_sem.png</texture>
			</control>
			<control type="label" id="4">
				<top>80</top>
				<width>480</width>
				<centerleft>50%</centerleft>
				<height>80</height>
				<font>font37</font>
				<align>center</align>
				<aligny>center</aligny>
			</control>
			
			<control type="label" id="1">
				<centerleft>50%</centerleft>
				<top>20</top>
				<width>100%</width>
				<height>30</height>
				<textcolor>cyan</textcolor>
				<align>center</align>
				<aligny>center</aligny>
			</control>
			
			<control type="grouplist" id="4343">
				<top>200</top>
				<width>100%</width>
				<height>60</height>
				<onleft>4343</onleft>
				<onright>4343</onright>
				<onup>4242</onup>
				<ondown>4242</ondown>
				<orientation>horizontal</orientation>
				<align>center</align>
				<itemgap>10</itemgap>
				
				<control type="button" id="11">
					<include>KeyboardButton</include>
					<label>$LOCALIZE[12311]</label>
				</control>
				<control type="button" id="12">
					<include>KeyboardButton</include>
					<label>$LOCALIZE[12312]</label>
				</control>
				<control type="button" id="13">
					<include>KeyboardButton</include>
					<label>$LOCALIZE[12313]</label>
				</control>
				<control type="button" id="14">
					<include>KeyboardButton</include>
					<label>$LOCALIZE[12314]</label>
				</control>
				<control type="button" id="15">
					<include>KeyboardButton</include>
					<label>$LOCALIZE[12315]</label>
				</control>
				<control type="button" id="16">
					<include>KeyboardButton</include>
					<label>$LOCALIZE[12316]</label>
				</control>
				<control type="button" id="17">
					<include>KeyboardButton</include>
					<label>$LOCALIZE[12317]</label>
				</control>
				<control type="button" id="18">
					<include>KeyboardButton</include>
					<label>$LOCALIZE[12318]</label>
				</control>
				<control type="button" id="19">
					<include>KeyboardButton</include>
					<label>$LOCALIZE[12319]</label>
				</control>
				<control type="button" id="10">
					<include>KeyboardButton</include>
					<label>$LOCALIZE[12310]</label>
					<onup>18</onup>
				</control>
					
			</control>
			<control type="grouplist" id="4242">
				<bottom>10</bottom>
				<width>100%</width>
				<height>60</height>
				<onleft>4242</onleft>
				<onright>4242</onright>
				<orientation>horizontal</orientation>
				<itemgap>10</itemgap>
				<align>center</align>
				<onup>4343</onup>
				<ondown>4343</ondown>
				
				<control type="button" id="23">
					<description>backspace</description>
					<width>180</width>
					<font>font12</font>
					<align>center</align>
					<aligny>center</aligny>
					<label>$LOCALIZE[20181]</label>
				</control>
				<control type="button" id="20">
					<description>prev , no idea if broken</description>
					<textoffsetx>0</textoffsetx>
					<align>center</align>
					<height>50</height>
					<width>50</width>
					<font>font27</font>
					<label>[B]&lt;[/B]</label>
				</control>
				<control type="button" id="22">
					<description>next , no idea if broken</description>
					<textoffsetx>0</textoffsetx>
					<align>center</align>
					<height>50</height>
					<width>50</width>
					<font>font27</font>
					<label>[B]&gt;[/B]</label>
				</control>
				<control type="button" id="21">
					<description>Done</description>
					<width>180</width>
					<font>font12</font>
					<align>center</align>
					<aligny>center</aligny>
					<label>$LOCALIZE[20177]</label>
				</control>
			</control>
		</control>
	</controls>
</window>
