<?xml version="1.0" encoding="utf-8"?>
<window>
	<controls>
		<!--
		volumebar 	WINDOW_DIALOG_VOLUME_BAR 	10104 	DialogVolumeBar.xml 
		gamevolume 	WINDOW_DIALOG_GAME_VOLUME 	10825 	DialogVolumeBar.xml 
		-->
		<control type="group">
			<right>-50</right>
			<top>5</top>
			<width>150</width>
			<height>180</height>
			<animation effect="fade" start="100" end="0" time="200" delay="1000" condition="Player.Muted">Conditional</animation>
			<animation effect="fade" start="0" end="100" time="150">WindowOpen</animation>
			<animation effect="fade" start="100" end="0" time="150" delay="2000" >WindowClose</animation>
			
			<control type="image">
				<texture colordiffuse="$VAR[color_global_dialog_background]">colors/white90.png</texture>
				<width>70</width>
			</control>
			<control type="image">
				<left>21</left>
				<top>7</top>
				<texture colordiffuse="$VAR[color_global_button_text_fo]">$VAR[volume_image]</texture>
				<height>26</height>
				<width>26</width>
			</control>
			<control type="group">
				<top>40</top>
				<width>50</width>
				<left>10</left>
				<control type="progress" id="99">
					<description>bypass left,right-textures - via reveal tag</description>
					<reveal>true</reveal>
					<animation effect="rotate" end="90" center="auto" condition="true">conditional</animation>
					<midtexture colordiffuse="$VAR[color_global_dialog_accent]">buttons/progress17h.png</midtexture>
					<texturebg diffuse="colors/white30.png" colordiffuse="$VAR[color_global_button_text_fo]">buttons/progress17h.png</texturebg>
					<info>Player.Volume</info>
					<width>100</width>
					<height>17</height>
					<top>40</top>
					<right>-23</right>
				</control>
				<control type="slider">
					<description>return percent - use hidden progress for label without percent</description>
					<texturesliderbar />
					<textureslidernib colordiffuse="$VAR[color_global_button_text_fo]">diffuse/circle.png</textureslidernib>
					<textureslidernibfocus colordiffuse="$VAR[color_global_button_text_fo]">diffuse/circle.png</textureslidernibfocus>
					<left>15</left>
					<width>17</width>
					<height>100</height>
					<info>Player.Volume</info>
					<orientation>vertical</orientation>
				</control>
				<control type="label">
					<top>100</top>
					<width>46</width>
					<align>center</align>
					<info>control.getlabel(99)</info>
					<height>38</height>
					<textcolor>$VAR[color_global_button_text_fo]</textcolor>
					<font>notosans_16_bold_lowlined</font>
				</control>
			</control>
		</control>
		<control type="group">
			<animation effect="fade" start="100" end="0" time="200" delay="1000" condition="Player.Muted">Conditional</animation>
			<animation effect="fade" start="0" end="100" time="150">WindowOpen</animation>
			<animation effect="fade" start="100" end="0" time="150" delay="2000" >WindowClose</animation>
		
			<top>5</top>
			<right>105</right>
			<width>180</width>
			<visible>!String.IsEmpty(Player.Icon) + [!Window.IsActive(fullscreenvideo) + !Window.IsActive(visualisation)]</visible>
			<control type="image">
				<height>180</height>
				<bordersize>10</bordersize>
				<bordertexture colordiffuse="$VAR[color_global_dialog_background]">colors/white90.png</bordertexture>
				<texture>$VAR[PlayerThumb]</texture>
				<aspectratio align="right" aligny="center">keep</aspectratio>
			</control>
			<control type="gamewindow">
				<visible>Player.HasGame</visible>
				<top>5</top>
				<left>5</left>
				<height>180</height>
				<width>170</width>
			</control>
		</control>
	</controls>
</window>
