<?xml version="1.0" encoding="utf-8"?>
<window>
	<defaultcontrol always="true">450</defaultcontrol>
	<onunload condition="!String.IsEmpty(Window(home).Property(DialogHeader))">ClearProperty(DialogHeader,home)</onunload>
	<onunload condition="!String.IsEmpty(Window(home).Property(dialog_select_currentthumb))">ClearProperty(dialog_select_currentthumb,home)</onunload>
	
<!--
filebrowser 	WINDOW_DIALOG_FILE_BROWSER 	10126 	FileBrowser.xml 
ID 		Type 			Description
450 	container 		Directory list
451 	container 		List of available thumbnails
411 	label 			Heading label
412 	label 			Path of the selected item
413 	button 			OK button
414 	button 			Cancel button
415 	button 			Create folder
416 	radiobutton 	Flip Image horizontally  
-->
	<controls>
	
		<control type="label" id="411">
            <include content="HiddenObject" />
        </control>
		<control type="label" id="412">
            <include content="HiddenObject" />
        </control>
		<control type="button" id="413">
            <include content="HiddenObject" />
        </control>
		<control type="button" id="414">
            <include content="HiddenObject" />
        </control>
		<control type="button" id="415">
			<visible>Control.IsEnabled(415)</visible>
            <include content="HiddenObject" />
        </control>
		
		<control type="group">
			<visible>String.IsEmpty(Window(home).Property(DialogHeader))</visible>
			<include content="Dialog_Percent_BGPanel">
				<param name="bg_top_visible" value="true" />
			</include>
		</control>
		
		<control type="group">
			<bottom>0</bottom>
			<centerleft>50%</centerleft>
			
			<control type="image">
				<centerleft>50%</centerleft>
				<centertop>25%</centertop>
				<height>23%</height>
				<aspectratio align="center" aligny="bottom">keep</aspectratio>
				<bordertexture>colors/black.png</bordertexture>
				<bordersize>1</bordersize>
				<texture background="true">$INFO[ListItem.Icon]</texture>
			</control>
			
			<control type="image">
				<description>bg panel list</description>
				<bottom>0</bottom>
				<centerleft>50%</centerleft>
				<height>48%</height>
				<width>51%</width>
				<!-- <texture colordiffuse="$VAR[color_global_button_text_fo]">colors/white10.png</texture> -->
				<texture colordiffuse="$VAR[color_global_button_panel_nf]">colors/white50.png</texture>
			</control> 
			
			<control type="label">
				<bottom>49%</bottom>
				<centerleft>55%</centerleft>
				<width>60%</width>
				<height>10%</height>
				<align>left</align>
				<aligny>bottom</aligny>
				<textcolor>$VAR[color_global_dialog_accent]</textcolor>
				<label>$VAR[DialogHeader]</label>
			</control>
			
			<control type="label">
				<bottom>50%</bottom>
				<centerleft>55%</centerleft>
				<width>60%</width>
				<height>5%</height>
				<align>left</align>
				<aligny>center</aligny>
				<haspath>true</haspath>
				<font>notosans_22_regular</font>
				<info>cotrol.getlabel(412)</info>
				<textcolor>$VAR[color_global_button_text_nf]</textcolor>
			</control>
			
			<include condition="String.IsEmpty(window(home).Property(dialog_select))" content="Simple_container_IconLabel">
				<param name="id" value="450" />
				<param name="onup" value="450" />
				<onleft>9000</onleft>
				<onright condition="Control.IsVisible60)">60</onright>
				<onright condition="!Control.IsVisible(60)">9000</onright>
			</include>
			<include condition="String.IsEmpty(window(home).Property(dialog_select))" content="Simple_container_IconLabel">
				<param name="id" value="451" />
				<param name="onup" value="451" />
				<onleft>9000</onleft>
				<onright condition="Control.IsVisible60)">60</onright>
				<onright condition="!Control.IsVisible(60)">9000</onright>
			</include>
			<include condition="!String.IsEmpty(window(home).Property(dialog_select))" content="DialogSelect_Container">
				<param name="id" value="451" />
				<param name="header" value="$INFO[Control.GetLabel(411)]" />
				<param name="fanart_panel" value="true" />
				<param name="fanart" value="$INFO[listitem.Icon]" />
				<param name="onleft" value="9000" />
				<animation effect="fade" start="100" end="0" time="250" tween="sine" condition="Control.IsVisible(450)">Conditional</animation>
			</include>
			<include condition="!String.IsEmpty(window(home).Property(dialog_select))" content="DialogSelect_Container">
				<param name="id" value="450" />
				<param name="header" value="$INFO[Control.GetLabel(411)]" />
				<param name="fanart_panel" value="false" />
				<param name="fanart" value="$INFO[listitem.Icon]" />
				<param name="onleft" value="9000" />
				<animation effect="fade" start="100" end="0" time="250" tween="sine" condition="Control.IsVisible(451)">Conditional</animation>
			</include>
			<include condition="String.IsEmpty(window(home).Property(dialog_select))" content="Dialog_Percent_Buttongrouplist">
				<param name="bgpanel_height" value="48%" />
				<param name="grouplist_height" value="38%" />
				<param name="pos_right" value="18%" />
				
				<onleft>450</onleft>
				<onright>450</onright>
				<onup>9000</onup>
				<ondown>9000</ondown>
				
				<control type="radiobutton" id="13">
					<include content="Dialog_RadioButton">
						<param name="symbol" value="enter" />
					</include>
					<onclick>SendClick(413)</onclick>
				</control>
				<control type="radiobutton" id="14">
					<include content="Dialog_RadioButton">
						<param name="symbol" value="cancel" />
					</include>
					<onclick>SendClick(414)</onclick>
				</control>
				<control type="radiobutton" id="15">
					<visible>Control.IsEnabled(415)</visible>
					<include content="Dialog_RadioButton">
						<param name="symbol" value="addfolder" />
					</include>
					<onclick>SendClick(415)</onclick>
				</control>
				<control type="radiobutton" id="416">
					<visible>Control.IsEnabled(416)</visible>
					<include content="Dialog_RadioButton">
						<param name="symbol" value="flipx" />
					</include>
				</control>
			</include>
			
		</control>
		
		<include condition="Skin.HasSetting(window_frame)" content="window_frame" />
	</controls>
</window>
