<?xml version="1.0" encoding="UTF-8"?>
<includes>
	<!-- ####################################### -->
	<!-- ######### Top Bar WIP n TESTS ######### -->
	<!-- ####################################### -->
	<variable name="playlistmusic">
		<value condition="string.isempty(window(home).property(shortcutaction_inprogress)) + string.isempty(window(home).property(playlist_updating))">playlistmusic://</value>
		<value>-</value>
	</variable>
	<include name="HUB_Button_sendclick_playlist">
		<param name="target" default="musicplaylist" />
		<definition>
		<control type="radiobutton" id="4$PARAM[id]">
			<include>button_circleradio</include>
			<onclick>SendClick($PARAM[target],$PARAM[action])</onclick>
		</control>
		</definition>
	</include>
	
	<include name="HUB_Button_action_window">
		<control type="radiobutton" id="4$PARAM[id]">
			<include>button_circleradio</include>
			<onclick>Action($PARAM[key_action],$PARAM[target])</onclick>
			<onclick>$PARAM[action2]</onclick>
		</control>
	</include>
		
	<include name="button_circleradio">
		<height>25</height>
		<width>25</width>
		<radiowidth>40</radiowidth>
		<radioheight>40</radioheight>
		<textureradioonfocus colordiffuse="$VAR[color_hub_menu_text_fo]">defaultaddon.png</textureradioonfocus>
		<textureradioonnofocus colordiffuse="$VAR[color_hub_menu_text_nf]">defaultaddon.png</textureradioonnofocus>
		<textureradioofffocus colordiffuse="$VAR[color_hub_menu_text_fo]">defaultaddon.png</textureradioofffocus>
		<textureradiooffnofocus colordiffuse="$VAR[color_hub_menu_text_nf]">defaultaddon.png</textureradiooffnofocus>
	</include>
	
	<include name="HUB_ContainerButtons">
		<param name="frame_radius" default="70" />
		<param name="button_radius" default="50" />
		<param name="button_offsetadd" default="10" />
		<definition>
			<description>create alpha channel of needed textures need deactivate b if a is true and so on</description>
			<height>$PARAM[frame_radius]</height>
			<width>$PARAM[frame_radius]</width>
			<radioposx>$PARAM[button_offsetadd]</radioposx>
			<radioposy>$PARAM[button_offsetadd]</radioposy>
			<radioheight>$PARAM[button_radius]</radioheight>
			<radiowidth>$PARAM[button_radius]</radiowidth>
			<textureradioonfocus colordiffuse="$VAR[color_hub_accent]">$PARAM[texture]</textureradioonfocus>
			<textureradioonnofocus  diffuse="colors/white80.png" colordiffuse="$VAR[color_hub_accent]">$PARAM[texture]</textureradioonnofocus>
			
			<textureradioofffocus colordiffuse="$VAR[color_hub_backgroundlayer1]">$PARAM[texture]</textureradioofffocus>
			<!-- <textureradioofffocus colordiffuse="$VAR[color_hub_text_main]">$PARAM[texture]</textureradioofffocus> -->
			
			<textureradiooffnofocus  diffuse="colors/white80.png" colordiffuse="$VAR[color_hub_text_main]">$PARAM[texture]</textureradiooffnofocus>
			
			<textureradioondisabled colordiffuse="disabled">$PARAM[texture]</textureradioondisabled>
			<textureradiooffdisabled colordiffuse="disabled">$PARAM[texture]</textureradiooffdisabled>
			
			<texturefocus diffuse="colors/white80.png" colordiffuse="$VAR[color_hub_text_main]">buttons/radioonfo.png</texturefocus>
			
			<texturenofocus diffuse="colors/white30.png" colordiffuse="$VAR[color_hub_text_main]">buttons/radioonfo.png</texturenofocus>
		
		</definition>
	</include>

	<include name="HUB_Heading_and_Options">
		<definition>
        </definition>
    </include>

	<include name="Hub_Container_Fancy">
		<param name="Container_postop" default="150" />
		<param name="HeadeingGroup_postop" />
		<param name="item_label" default="$INFO[Container.ListItem.Artist,[B],[/B]]" />
		<param name="filter_label" default="common" />
		<param name="container_can_sort" default="false" />
		
		<definition>
		
			<control type="group">
				<visible>Control.IsVisible($PARAM[id]) + [Container($PARAM[id]).IsUpdating | Integer.IsGreater(Container($PARAM[id]).NumItems,0)]</visible>
				<height>100</height>
                <top>$PARAM[HeadeingGroup_postop]</top>
				<control type="label">
					<top>10</top>
					<left>15</left>
					<width>auto</width>
					<label>[B]$PARAM[label][/B]$VAR[$PARAM[filter_label]_Filter]</label>
					<aligny>center</aligny>
					<textcolor>$VAR[color_hub_text_main]</textcolor>
					<font>montserrat_50_extrabold</font>
					<height>25</height>
				</control>
				
				<control type="grouplist">
                    <animation effect="fade" start="0" end="100" time="300" easing="inout" condition="Control.HasFocus($PARAM[id])">conditional</animation>
			
					<description>i can also be a radiobutton to set skinstring filter methods used via xsp</description>
					<top>70</top>
					<height>55</height>
                    <orientation>horizontal</orientation>
                    <usecontrolcoords>true</usecontrolcoords>
                    <itemgap>10</itemgap>
					
					<control type="label">
						<top>-2</top>
						<height>50</height>
						<width>auto</width>
                        <label> | </label>
						<aligny>top</aligny>
                        <textcolor>$VAR[color_hub_accent]</textcolor>
                        <font>notosans_36_bold</font>
                        <visible>Control.HasFocus($PARAM[id]) + !Container($PARAM[id]).IsUpdating</visible>
                        <visible>!String.IsEmpty(Container($PARAM[id]).ListItem.Label)</visible>
                    </control>
					<control type="label">
						<top>10</top>
                        <width>auto</width>
						<label>$PARAM[item_label]</label>
                        <aligny>center</aligny>
						<textcolor>$VAR[color_hub_text_main]</textcolor>
						<font>notosans_27_regular_l</font>
                        <height>24</height>
						<visible>Control.HasFocus($PARAM[id]) + !Container($PARAM[id]).IsUpdating</visible>
                    </control>
					<control type="image">
						<visible>Container($PARAM[id]).IsUpdating</visible>
						<width>40</width>
						<height>40</height>
						<aspectratio scalediffuse="false" align="center" aligny="center">keep</aspectratio>
						<texture colordiffuse="$VAR[color_hub_accent]">special://skin/extras/busy/skypishball.apng</texture>
						<aspectratio align="center" aligny="center">keep</aspectratio>
					</control>
				</control>
				<control type="label">
					<animation effect="fade" start="0" end="100" time="300" easing="inout" condition="Control.HasFocus($PARAM[id])">conditional</animation>
			
					<top>40</top>
					<left>11</left>
					<width>auto</width>
					<label>$INFO[Container($PARAM[id]).NumItems, numitems (,)]</label>
					<aligny>center</aligny>
					<textcolor>$VAR[color_hub_text_main]</textcolor>
					<font>roboto_20_condensedregular</font>
					<height>24</height>
					<visible>!Container($PARAM[id]).IsUpdating</visible>
				</control>
			</control>
		
			<control type="grouplist" id="$PARAM[id]01">
				<visible>$PARAM[container_can_sort]</visible>
				<animation effect="slide" start="0,0" end="0,-10" time="0" condition="true">conditional</animation>
				<!-- <animation effect="fade" start="100" end="0" time="300" easing="inout" condition="!Control.HasFocus($PARAM[belonging_containerid])">conditional</animation> -->
				<description>try using control id is enabled + prop is true for content call auto disable control via on focus or use hidden window - booth should could be usable by using send click</description>
				<right>250</right>
				<align>right</align>
				<height>70</height>
				<orientation>horizontal</orientation>
			
				<onup>$PARAM[previousid]</onup>
				<ondown>$PARAM[id]</ondown>
				
				<itemgap>50</itemgap>
				
				<control type="radiobutton" id="$PARAM[id]02">
					<include content="HUB_ContainerButtons">
						<description>Window.Property($PARAM[id]_sortorder)</description>
						<param name="texture" value="defaultmusicvideotitle.png" />
					</include>
						
					<onclick condition="!String.IsEqual(Window.Property($PARAM[id]_sortorder),ascending)">SetProperty($PARAM[id]_sortorder,ascending)</onclick>
					<onclick condition="!String.IsEqual(Window.Property($PARAM[id]_sortorder),descending)">SetProperty($PARAM[id]_sortorder,descending)</onclick>
					
					<onclick>SetFocus($PARAM[id],$INFO[Container($PARAM[id]).NumItems],absolute)</onclick>
					<onclick>Notification([B]A R T I S T[/B] [I]Sort Order[/I],$INFO[Window.Property($PARAM[id]_sortorder)])</onclick>
					<onclick>Notification([B]A R T I S T[/B] [I]Sort Order[/I],$INFO[Window.Property($PARAM[id]_sortorder)])</onclick>
					<onclick>SetFocus($PARAM[id]02)</onclick>
						
				</control>
				<control type="radiobutton" id="$PARAM[id]03">
					<include content="HUB_ContainerButtons">
						<param name="texture" value="defaultyear.png" />
					</include>
						<onclick>SetProperty(ContainerID,$PARAM[id])</onclick>
						<onclick>SetProperty(ForcedelayedFocus,true)</onclick>
							
							<onclick>SetFocus(333)</onclick>
					
					<!-- 
					need hidden dialog to force focus if refresh is done for given conatiner ,otherwise i always focus a item dbid before container refreshed
					-->
					<onclick condition="!String.IsEqual(Window.Property($PARAM[id]_sortby),artist)">SetProperty($PARAM[id]_sortby,artist)</onclick>
					<onclick condition="!String.IsEqual(Window.Property($PARAM[id]_sortby),dateadded)">SetProperty($PARAM[id]_sortby,dateadded)</onclick>
					<!-- 				
					<onclick>Notification([B]A R T I S T[/B] [I]Sort By $LOCALIZE[31022][/I],$INFO[Window.Property($PARAM[id]_sortby)])</onclick>
					<onclick>SetFocus($PARAM[id],0,absolute)</onclick>
					-->
				</control>
				<control type="radiobutton" id="$PARAM[id]04">
					<include content="HUB_ContainerButtons">
						<param name="texture" value="defaultaddoninfoprovider.png" />
					</include>
					<onclick>SetFocus($PARAM[id])</onclick>
					<onclick>Action(info)</onclick>
				</control>
				<control type="radiobutton" id="$PARAM[id]05">
					<include content="HUB_ContainerButtons">
						<param name="texture" value="defaultmusicplaylists.png" />
					</include>
				</control>
			</control>
			<control type="panel" id="$PARAM[id]">
				<animation effect="slide" start="0,0" end="0,-80" time="300" easing="inout" condition="!Control.HasFocus($PARAM[id])">conditional</animation>
				
				<visible>$PARAM[visible]</visible>
				<top>$PARAM[Container_postop]</top>
				<width>98%</width>
				<height>$PARAM[height]</height>
				<preloaditems>2</preloaditems>
				<orientation>vertical</orientation>
				<scrolltime tween="quadratic">400</scrolltime>
				
				<onback>9000</onback>
				<onleft>666660</onleft>
				<onfocus>SetProperty(Scrollbar,$PARAM[id]60)</onfocus>
				
				<onright condition="Control.IsVisible($PARAM[id]60)">$PARAM[id]60</onright>
				
				
				<pagecontrol>$PARAM[id]60</pagecontrol>
				
				<onright condition="!Control.IsVisible($PARAM[id]60) + [Integer.IsGreater(Container(7000).NumItems,0) | Container(7000).IsUpdating]">SetProperty(CurrentPlaylistVisible,mediawindow,home)</onright>
				<onright condition="!Control.IsVisible($PARAM[id]60) + [Integer.IsGreater(Container(7000).NumItems,0) | Container(7000).IsUpdating]">SetFocus(7000)</onright>
				<onright condition="!Control.IsVisible($PARAM[id]60) + [!Integer.IsGreater(Container(7000).NumItems,0) | Container(7000).IsUpdating]">$PARAM[id]</onright>
				<nested />
			</control>
		</definition>
	</include>
	
	<include name="Hub_PlayerCtrl">
		<include>Animation_Item_Focus</include>
		<top>10</top>
		<height>50</height>
		<width>50</width>
		<label/>
		<onclick>$PARAM[action]</onclick>
		<texturefocus colordiffuse="$VAR[color_hub_accent]">buttons/osd/$PARAM[button_img].png</texturefocus>
		<texturenofocus colordiffuse="$VAR[color_hub_menu_text_nf]">buttons/osd/$PARAM[button_img].png</texturenofocus>
	</include>
	
	<include name="Hub_Container_Common">
		<control type="panel" id="$PARAM[id]">
			<visible>$PARAM[visible]</visible>
			<left>5</left>
			<top>50</top>
			<width>1600</width>
			<height>$PARAM[height]</height>
			<preloaditems>2</preloaditems>
			<orientation>vertical</orientation>
			<scrolltime tween="quadratic">400</scrolltime>
			<onback>9000</onback>
			<onleft>666660</onleft>
			<onfocus>SetProperty(Scrollbar,$PARAM[id]60)</onfocus>
			<onright condition="Control.IsVisible($PARAM[id]60)">$PARAM[id]60</onright>
			
			<pagecontrol>$PARAM[id]60</pagecontrol>
			
			<onright condition="!Control.IsVisible($PARAM[id]60) + [Integer.IsGreater(Container(7000).NumItems,0) | Container(7000).IsUpdating]">SetProperty(CurrentPlaylistVisible,mediawindow,home)</onright>
			<onright condition="!Control.IsVisible($PARAM[id]60) + [Integer.IsGreater(Container(7000).NumItems,0) | Container(7000).IsUpdating]">SetFocus(7000)</onright>
			<onright condition="!Control.IsVisible($PARAM[id]60) + [!Integer.IsGreater(Container(7000).NumItems,0) | Container(7000).IsUpdating]">$PARAM[id]</onright>
			<nested />
		</control>
	</include>
	
	
	<include name="Hub_Container_Genre">
		<param name="top" default="50"/>
		<param name="type_orientation" default="horizontal"/>
		<param name="left" default="5"/>
		<param name="focusonback_id" default="5030"/>
		
		<definition>
			<control type="panel" id="$PARAM[id]">
				<visible>$PARAM[visible]</visible>
				<left>$PARAM[left]</left>
				<top>$PARAM[top]</top>
				
				<height>$PARAM[height]</height>
				<right>10</right>
				<preloaditems>2</preloaditems>
				<orientation>$PARAM[type_orientation]</orientation>
				<scrolltime tween="quadratic">400</scrolltime>
				
				<onleft>$PARAM[focusonback_id]</onleft>
				<onback>$PARAM[focusonback_id]</onback>
				<onback>Control.SetFocus($INFO[System.CurrentControlID],0,absolute)</onback>
				
				<nested />
			</control>
		</definition>
	</include>
	
	
	<include name="Hub_Container_Uncommon">
		<control type="$PARAM[type]" id="$PARAM[id]">
			<visible>$PARAM[visible]</visible>
			<left>5</left>
			<top>50</top>
			<width>1600</width>
			<height>$PARAM[height]</height>
			<focusposition>1</focusposition>
			<preloaditems>2</preloaditems>
			<orientation>horizontal</orientation>
			<scrolltime tween="quadratic">400</scrolltime>
			<onback>9000</onback>
			<onleft>$PARAM[onleft]</onleft>
			
			<onright condition="[Integer.IsGreater(Container(7000).NumItems,0) | Container(7000).IsUpdating]">SetProperty(CurrentPlaylistVisible,mediawindow,home)</onright>
			<onright condition="[Integer.IsGreater(Container(7000).NumItems,0) | Container(7000).IsUpdating]">SetFocus(7000)</onright>
			<onright condition="[!Integer.IsGreater(Container(7000).NumItems,0) | Container(7000).IsUpdating]">$PARAM[id]</onright>
			
			<nested />
		</control>
	</include>
	
	<!-- ######### -->
	<!-- Side  Bar -->
	<!-- ######### -->
	<include name="hub_sectionheader">
		<control type="label" id="90$PARAM[id]">
			<height>30</height>
			<width>300</width>
			<font>notosans_22_bold</font>
			<align>left</align>
			<textcolor>$VAR[color_hub_menu_text_fo]</textcolor>
			<label>$PARAM[label]</label>
		</control>
	</include>
	<include name="hub_button">
		<param name="visible" default="true" />
		<param name="has_action_1" default="!Skin.HasSetting(Force_StayInMusicHub)" />
		<param name="has_action_2" default="false" />
		<definition>
			<control type="radiobutton" id="90$PARAM[id]">
				<visible>$PARAM[visible]</visible>
				<width>110%</width>
				<height>25</height>
				<radiowidth>40</radiowidth>
				<radioheight>40</radioheight>
				<radioposx>10</radioposx>
				<textureradioonfocus colordiffuse="$VAR[color_hub_menu_text_fo]">$PARAM[radio_icon]</textureradioonfocus>
				<textureradioonnofocus colordiffuse="$VAR[color_hub_menu_text_nf]">$PARAM[radio_icon]</textureradioonnofocus>
				<textureradioofffocus colordiffuse="$VAR[color_hub_menu_text_fo]">$PARAM[radio_icon]</textureradioofffocus>
				<textureradiooffnofocus colordiffuse="$VAR[color_hub_menu_text_nf]">$PARAM[radio_icon]</textureradiooffnofocus>
				<texturefocus />
				<texturenofocus />
				<font>notosans_18_bold</font>
				<label>     $PARAM[label]</label>
				<onclick condition="$PARAM[has_action_1]">$PARAM[action]</onclick>
				<onclick condition="$PARAM[has_action_2]">$PARAM[action2]</onclick>
				
				<onclick>SetProperty(HUB_Music,$PARAM[property],home)</onclick>
				<focusedcolor>$VAR[color_hub_menu_text_fo]</focusedcolor>
				<textcolor>$VAR[color_hub_menu_text_nf]</textcolor>
				<selectedcolor>green</selectedcolor>
				<pulseonselect>no</pulseonselect>
			</control>
		</definition>
	</include>
	<include name="hub_button_fancy">
		<param name="visible" default="true" />
		<definition>
			<control type="radiobutton" id="90$PARAM[id]">
				<visible>$PARAM[visible]</visible>
				<height>45</height>
				<radiowidth>50</radiowidth>
				<radioheight>50</radioheight>
				<radioposx>310</radioposx>
				<textureradioonfocus colordiffuse="$VAR[color_hub_menu_text_fo]">$PARAM[radio_icon]</textureradioonfocus>
				<textureradioonnofocus colordiffuse="$VAR[color_hub_menu_text_nf]">$PARAM[radio_icon]</textureradioonnofocus>
				<textureradioofffocus colordiffuse="$VAR[color_hub_menu_text_fo]">$PARAM[radio_icon]</textureradioofffocus>
				<textureradiooffnofocus colordiffuse="$VAR[color_hub_menu_text_nf]">$PARAM[radio_icon]</textureradiooffnofocus>
				
				<!-- <texturefocus colordiffuse="orange">diffuse/gradienttoplinear50.png</texturefocus> -->
				
				<texturenofocus />
				<font>notosans_18_bold</font>
				<label>$PARAM[label]</label>
				<onclick>SetProperty(HUB_Music,$PARAM[property],home)</onclick>
				<focusedcolor>$VAR[color_hub_menu_text_fo]</focusedcolor>
				<textcolor>$VAR[color_hub_menu_text_nf]</textcolor>
				<selectedcolor>green</selectedcolor>
				<pulseonselect>no</pulseonselect>
			</control>
			<control type="image" id="99$PARAM[id]">
				<texture diffuse="colors/white20.png">diffuse/gradienthorizontal.png</texture>
				<bordersize>290,0,20,0</bordersize>
				<height>1</height>
			</control>
				
		</definition>
	</include>
	<!-- ######## -->
	<!--  Layouts -->
	<!-- ######## -->

	<!-- JUST TESTING merge later -->
	<include name="HUB_Landscape">
		<control type="image">	
			<description>BG (FAKE) FRAME : fullfilled layer 0 , instead of using 'artworkdiffuse/**border.png'</description>
			<texture>artworkdiffuse/landscape.png</texture>
			<colordiffuse>$PARAM[colordiffuse]</colordiffuse>
			<bordersize>$PARAM[artwork_bg_bordersize]</bordersize>
        </control>
		<control type="image">
			<description>ARTWORK : workaround icons with alpha00</description>
			<texture colordiffuse="$VAR[color_hub_backgroundlayer1]">artworkdiffuse/landscape.png</texture>
			<bordersize>8</bordersize>
			<visible>String.StartsWith(ListItem.Icon,default) | String.IsEqual(ListItem.Label,$LOCALIZE[284])</visible>
		</control>
		<control type="image">
			<description>ARTWORK : kodi default, aspectratio scalediffuse="true" aligny="center" align="center">stretch</description>
			<texture background="true" diffuse="artworkdiffuse/landscape.png">$VAR[ImageLayout_landscape]</texture>
			<bordersize>8</bordersize>
			<visible>!String.IsEmpty(ListItem.Art(landscape)) + !String.IsEqual(ListItem.dbtype,musicvideo)</visible>
		</control>
		<control type="image">
			<description>ARTWORK : Fallback aspect keep</description>
			<texture background="true" diffuse="artworkdiffuse/landscape.png">$VAR[ImageLayout_landscape]</texture>
			<aspectratio scalediffuse="false" aligny="center" align="center">scale</aspectratio>
			<bordersize>8</bordersize>
			<visible>String.IsEmpty(ListItem.Art(landscape)) | String.IsEqual(ListItem.dbtype,musicvideo)</visible>
		</control>
		<control type="group">
			<description>ARTWORK OVERLAY: ClearLogo Overlay - fanart</description>
			<control type="image">
				<description>musicvideo adjustment - dont show artist images</description>
				<visible>
					[String.IsEmpty(ListItem.Art(artist.landscape)) +
					String.IsEmpty(ListItem.Art(albumartist.landscape)) +
					String.IsEmpty(ListItem.Art(landscape))]
				</visible>
				<visible>
					[!String.IsEmpty(ListItem.Art(clearlogo)) | 
					!String.IsEmpty(ListItem.Art(artist.clearlogo)) | 
					!String.IsEmpty(ListItem.Art(albumartist.clearlogo))]
				</visible>
				<bottom>20</bottom>
				<left>10</left>
				<right>10</right>
				<height>50%</height>
				<width>50%</width>
				<texture background="true">$VAR[ListItemClearLogo]</texture>
				<aspectratio align="left" aligny="bottom">keep</aspectratio>
			</control>
		</control>
		<control type="textbox">
			<description>BOTTOM TAGs : </description>
			<autoscroll delay="2000" time="1500" repeat="1500">$PARAM[infotags_autoscroll]</autoscroll>
			<bottom>-55</bottom>
			<left>10</left>
			<right>10</right>
			<wrapmultiline>true</wrapmultiline>
			<height>60</height>
			<font>roboto_22_condensedregular</font>
			<align>center</align>
			<aligny>center</aligny>
			<textcolor>$VAR[color_hub_text_main]</textcolor>
			<selectedcolor>white</selectedcolor>
			<label>$VAR[HUB_Tags_Bottom]</label>
		</control>
	</include>
	
	<include name="HUB_square">
		<control type="image">
			<description>bordertexture</description>
            <texture>artworkdiffuse_unthemed/square_borderalpha00.png</texture>
			<colordiffuse>$PARAM[colordiffuse]</colordiffuse>
			<bordersize>$PARAM[artwork_bg_bordersize]</bordersize>
        </control>
		<control type="image">
			<description>ARTWORK : workaround icons with alpha00</description>
			<texture colordiffuse="$VAR[color_hub_backgroundlayer1]">artworkdiffuse_unthemed/square_borderalpha00.png</texture>
			<bordersize>8</bordersize>
			<visible>String.StartsWith(ListItem.Icon,default) | String.IsEqual(ListItem.Label,$LOCALIZE[284])</visible>
		</control>
		<control type="image">
			<description>get better diffuse, keep gradient</description>
			<texture background="true" diffuse="artworkdiffuse_unthemed/square_borderalpha00.png" fallback="DefaultAudio.png">$VAR[ImageLayout_square]</texture>
			<bordersize>8</bordersize>
		</control>
		
		<control type="textbox">
			<autoscroll delay="2000" time="1500" repeat="1500">$PARAM[infotags_autoscroll]</autoscroll>
			<bottom>-30</bottom>
			<left>10</left>
			<right>10</right>
			<wrapmultiline>true</wrapmultiline>
			<height>60</height>
			<font>roboto_22_condensedregular</font>
			<align>center</align>
			<aligny>center</aligny>
			<textcolor>$VAR[color_hub_text_main]</textcolor>
			<selectedcolor>white</selectedcolor>
			<label>$VAR[HUB_Tags_Bottom]</label>
		</control>
	</include>
	
	<!-- genre -->
	<!-- <control type="group">
			<visible>$PARAM[previewthumbs]</visible>
			<control type="image">
				<description>4 groups fetch album/artist thumbs of container 2x2</description>
				<top>3</top>
				<left>3</left>
				<visible>true</visible>
				<width>35</width>
				<height>35</height>
				<texture background="true" diffuse="artworkdiffuse/square.png" fallback="DefaultAudio.png">$INFO[Container(5031).ListItemAbsolute(0).Art(thumb)]</texture>
				<colordiffuse>white</colordiffuse>
			</control>
			<control type="image">
				<centertop>50%</centertop>
				<left>38</left>
				<visible>true</visible>
				<width>35</width>
				<height>35</height>
					<texture background="true" diffuse="artworkdiffuse/square.png" fallback="DefaultAudio.png">$INFO[Container(5031).ListItemAbsolute(1).Art(thumb)]</texture>
				<colordiffuse>white</colordiffuse>
			</control>
			<control type="image">
				<top>38</top>
				<left>3</left>
				<visible>true</visible>
				<width>35</width>
				<height>35</height>
					<texture background="true" diffuse="artworkdiffuse/square.png" fallback="DefaultAudio.png">$INFO[Container(5031).ListItemAbsolute(2).Art(thumb)]</texture>
				<colordiffuse>white</colordiffuse>
			</control>
			<control type="image">
				<top>38</top>
				<left>38</left>
				<visible>true</visible>
				<width>35</width>
				<height>35</height>
					<texture background="true" diffuse="artworkdiffuse/square.png" fallback="DefaultAudio.png">$INFO[Container(5031).ListItemAbsolute(3).Art(thumb)]</texture>
				<colordiffuse>white</colordiffuse>
			</control>
		</control> -->
		
	<include name="HUB_textcontainer">
		<param name="label" default="$INFO[ListItem.Label]"/>
		<definition>
			<control type="textbox">
				<description>clearlogo fallback ?</description>
				<autoscroll delay="2000" time="1500" repeat="1500">$PARAM[infotags_autoscroll]</autoscroll>
				<wrapmultiline>true</wrapmultiline>
				<font>$PARAM[font]</font>
				<wrapmultiline>true</wrapmultiline>
				<align>center</align>
				<aligny>center</aligny>
				<textcolor>$PARAM[textcolor]</textcolor>
				<selectedcolor>white</selectedcolor>
				<label>$PARAM[label]</label>
			</control>
		</definition>
	</include>
	
	
	<include name="HUB_box_old">
		<control type="image">
			<bordertexture colordiffuse="$PARAM[colordiffuse]">artworkdiffuse/banner.png</bordertexture>
			<texture background="true" diffuse="artworkdiffuse/banner.png" fallback="DefaultAudio.png">artworkdiffuse/banner.png</texture>
			<colordiffuse>white</colordiffuse>
			<bordersize>$PARAM[artwork_bg_bordersize]</bordersize>
		</control>
		<control type="image">
			<bordersize>$PARAM[artwork_bg_bordersize]</bordersize>
			<description>4 groups fetch album/artist thumbs of container 2x2, consider param thumb size instead percentage</description>
			<centertop>50%</centertop>
			<height>100%</height>
			<aspectratio align="left">keep</aspectratio>
			<texture background="true" diffuse="artworkdiffuse/square.png" fallback="DefaultAudio.png">$INFO[ListItem.Art(thumb)]</texture>
			<colordiffuse>white</colordiffuse>
		</control>
		
		<control type="textbox">
			<description>clearlogo fallback ?</description>
			<autoscroll delay="2000" time="1500" repeat="1500">$PARAM[infotags_autoscroll]</autoscroll>
			<wrapmultiline>true</wrapmultiline>
			<font>roboto_22_condensedregular</font>
			<left>130</left>
			<right>10</right>
			<align>center</align>
			<aligny>center</aligny>
			<textcolor>black</textcolor>
			<selectedcolor>white</selectedcolor>
			<label>$INFO[ListItem.Label]</label>
		</control>
	</include>
	
	
	
	<include name="HUB_box">
		<control type="image">
			<left>50</left>
			<bordertexture colordiffuse="$PARAM[colordiffuse]">artworkdiffuse/banner.png</bordertexture>
			<texture background="true" diffuse="artworkdiffuse/banner.png" fallback="DefaultAudio.png">artworkdiffuse/banner.png</texture>
			<colordiffuse>FF202020</colordiffuse>
			<bordersize>3</bordersize>
		</control>
			
		<control type="image">
			<description>ARTWORK : workaround icons with alpha00</description>
			<centertop>50%</centertop>
			<width>90</width>
			<height>90</height>
			<texture colordiffuse="$VAR[color_hub_backgroundlayer1]">artworkdiffuse/circle.png</texture>
			<bordersize>2</bordersize>
			<visible>String.StartsWith(ListItem.Icon,default) | String.IsEqual(ListItem.Label,$LOCALIZE[284])</visible>
		</control>	
		<control type="image">
			<description>ARTWORK : </description>
			<centertop>50%</centertop>
			<width>90</width>
			<height>90</height>
			<texture background="true" diffuse="artworkdiffuse/circle.png" fallback="DefaultAudio.png">$INFO[ListItem.Art(thumb)]</texture>
			<bordertexture colordiffuse="white">artworkdiffuse/circleborder.png</bordertexture>
			<bordersize>2</bordersize>
		</control>
		<control type="image">
			<description>playing equalizer</description>
			<centertop>50%</centertop>
			<left>14</left>
			<width>60</width>
			<height>60</height>
			<texture background="true">special://skin/extras/song_gifs/playingsong.gif</texture>
			<colordiffuse>white</colordiffuse>
			<bordersize>4</bordersize>
			<visible>ListItem.IsPlaying</visible>
			<bordertexture colordiffuse="55000000">artworkdiffuse/circle.png</bordertexture>
		</control>
		<control type="textbox">
			<autoscroll delay="2000" time="1500" repeat="1500">$PARAM[infotags_autoscroll]</autoscroll>
			<wrapmultiline>true</wrapmultiline>
			<font>roboto_22_condensedregular</font>
			<width>280</width>
			<left>105</left>
			<align>left</align>
			<aligny>center</aligny>
			<textcolor>white</textcolor>
			<selectedcolor>white</selectedcolor>
			<label>$VAR[HUB_songinfo]</label>
		</control>
		<control type="textbox">
			<autoscroll delay="2000" time="1500" repeat="1500">$PARAM[infotags_autoscroll]</autoscroll>
			<wrapmultiline>true</wrapmultiline>
			<font>roboto_22_condensedregular</font>
			<width>50</width>
			<right>10</right>
			<align>right</align>
			<aligny>center</aligny>
			<textcolor>white</textcolor>
			<selectedcolor>white</selectedcolor>
			<label>[CR]$INFO[ListItem.Duration]</label>
			<label2>test</label2>
		</control>
		
		<include content="stars_rating">
			<param name="width" value="100" />
			<param name="height" value="40" />
			<param name="alignx" value="right" />
			<param name="colordiffuse" value="$VAR[color_hub_text_main]" />
			<bordersize>4</bordersize>
			<top>10</top>
			<right>10</right>
		</include>
	</include>
	<variable name="HUB_songinfo">
		<value condition="String.IsEqual(ListItem.Label,$LOCALIZE[284])">$LOCALIZE[284]</value>
		<value>[B]$INFO[ListItem.TrackNumber,, - ]$INFO[ListItem.Title][/B][CR][COLOR=grey]$INFO[ListItem.Artist][/COLOR]</value>
	</variable>
	
	
	<include name="HUB_box_test">
		<control type="image">
			<visible>!String.IsEqual(Window(home).Property(HUB_Music),SongsByAlbum)</visible>
			<left>50</left>
			<bordertexture colordiffuse="$PARAM[colordiffuse]">artworkdiffuse/banner.png</bordertexture>
			<texture background="true" diffuse="artworkdiffuse/banner.png" fallback="DefaultAudio.png">artworkdiffuse/banner.png</texture>
			<colordiffuse>FF202020</colordiffuse>
			<bordersize>3</bordersize>
		</control>
		<control type="image">
			<visible>!String.IsEqual(Window(home).Property(HUB_Music),SongsByAlbum)</visible>
			<description>thumb vis on prop yy</description>
			<visible>true</visible>
			<width>90</width>
			<height>90</height>
			<texture background="true" diffuse="artworkdiffuse/circle.png" fallback="DefaultAudio.png">$INFO[ListItem.Art(thumb)]</texture>
			<bordertexture colordiffuse="white">artworkdiffuse/circle.png</bordertexture>
			<bordersize>2</bordersize>
		</control>
		<control type="image">
			<description>playing equalizer</description>
			<centertop>50%</centertop>
			<left>14</left>
			<width>40</width>
			<height>40</height>
			<texture background="true">special://skin/extras/song_gifs/playingsong.gif</texture>
			<colordiffuse>cyan</colordiffuse>
			<bordersize>4</bordersize>
			<visible>ListItem.IsPlaying</visible>
			<bordertexture colordiffuse="55000000">artworkdiffuse/circle.png</bordertexture>
		</control>
		<control type="textbox">
			<autoscroll delay="2000" time="1500" repeat="1500">$PARAM[infotags_autoscroll]</autoscroll>
			<wrapmultiline>false</wrapmultiline>
			<font>roboto_22_condensedregular</font>
			<width>700</width>
			<left>90</left>
			<align>left</align>
			<aligny>center</aligny>
			<textcolor>$VAR[color_hub_text_main]</textcolor>
			<selectedcolor>$VAR[color_hub_text_main]</selectedcolor>
			<label>[B]$INFO[ListItem.TrackNumber,,   ]$INFO[ListItem.Title][/B][COLOR=$VAR[color_hub_text_secondary]]$INFO[ListItem.Artist,    ,][/COLOR]</label>
		</control>
		<control type="textbox">
			<autoscroll delay="2000" time="1500" repeat="1500">$PARAM[infotags_autoscroll]</autoscroll>
			<wrapmultiline>true</wrapmultiline>
			<font>roboto_22_condensedregular</font>
			<width>100</width>
			<right>10</right>
			<align>right</align>
			<aligny>center</aligny>
			<textcolor>$VAR[color_hub_text_secondary]</textcolor>
			<selectedcolor>$VAR[color_hub_text_secondary]</selectedcolor>
			<label>$INFO[ListItem.Duration]</label>
			<label2>test</label2>
		</control>
		<include content="stars_rating">
			<param name="width" value="100" />
			<param name="height" value="40" />
			<param name="alignx" value="right" />
			<param name="colordiffuse" value="$VAR[color_hub_text_main]" />
			<bordersize>4</bordersize>
			<right>100</right>
		</include>
		
	</include>
	
	
	<include name="HUB_Circle">
		
		<control type="image">
			<description>Fallback aspect keep</description>
			<bordertexture colordiffuse="$PARAM[colordiffuse]">artworkdiffuse/circleborder.png</bordertexture>
			<texture background="true" diffuse="artworkdiffuse/circle.png" fallback="DefaultArtist.png">$VAR[ImageLayout_circle]</texture>
			<aspectratio scalediffuse="false" aligny="center" align="center">scale</aspectratio>
			<bordersize>$PARAM[artwork_bg_bordersize]</bordersize>
		</control>
		
		<control type="group">
			<control type="textbox">
				<autoscroll delay="2000" time="1500" repeat="1500">$PARAM[infotags_autoscroll]</autoscroll>
				<top>103%</top>
				<left>10</left>
				<right>10</right>
				<wrapmultiline>true</wrapmultiline>
				<height>90</height>
				<font>roboto_26_condensedregular</font>
				<align>center</align>
				<aligny>center</aligny>
				<textcolor>$VAR[color_hub_text_main]</textcolor>
				<selectedcolor>white</selectedcolor>
				<label>$VAR[HUB_Tags_Bottom]</label>
				<visible>!Control.HasFocus(5011)</visible>
			</control>
		</control>
	</include>
	
	<variable name="HUB_Tags_Bottom">
		<value condition="$EXP[IsEpisode]">$INFO[ListItem.Title,[B],[/B]]$INFO[ListItem.Duration(mm), (, min)][CR]$INFO[ListItem.Season,[B]season, [/B]]$INFO[ListItem.Episode,[B]episode,[/B] -][COLOR=$VAR[color_hub_text_secondary]]$INFO[ListItem.premiered, aired :,][/COLOR]</value>
		<value condition="$EXP[IsSong]">$INFO[ListItem.Label,[B],[/B]][CR][COLOR=$VAR[color_hub_text_secondary]]$INFO[ListItem.Album]$INFO[ListItem.Year, (,)][/COLOR]</value>
		<value condition="!String.IsEmpty(ListItem.Year)">$INFO[ListItem.Label,[B],[/B]][CR][COLOR=$VAR[color_hub_text_secondary]]$INFO[ListItem.Year][/COLOR]</value>
		<value>$INFO[ListItem.Label,[B],[/B]][CR][COLOR=$VAR[color_hub_text_secondary]]$INFO[ListItem.Label2][/COLOR]</value>
	</variable>
	
	<!-- ########## -->
	<!-- Containers -->
	<!-- ########## -->
	
	<!-- Container Header : label- sep - focused item label - busy -->
	<include name="HUB_ContainerHeader">
		<param name="top" default="50" />
		<param name="height" default="55" />
		<param name="item_label" default="$INFO[Container.ListItem.Artist,[B],[/B]]" />
		<param name="filter_label" default="common" />
		<definition>
            <control type="group" id="49$PARAM[id]">
				<visible>Control.IsVisible(50$PARAM[id]) + [Container(50$PARAM[id]).IsUpdating | Integer.IsGreater(Container(50$PARAM[id]).NumItems,0)]</visible>
                <top>$PARAM[top]</top>
                <height>$PARAM[height]</height>
                <nested />
				<control type="grouplist">
                    <description>i can also be a radiobutton to set skinstring filter methods used via xsp</description>
					<height>55</height>
                    <orientation>horizontal</orientation>
                    <usecontrolcoords>true</usecontrolcoords>
                    <itemgap>10</itemgap>
					
					<control type="label">
						<top>10</top>
						<left>15</left>
						<width>auto</width>
						<label>[B]$PARAM[label][/B]$VAR[$PARAM[filter_label]_Filter]</label>
						<aligny>center</aligny>
						<textcolor>$VAR[color_hub_text_main]</textcolor>
						
						<height>22</height>
					</control>
					<control type="label">
						<top>-2</top>
						<height>50</height>
						<width>auto</width>
                        <label> | </label>
						<aligny>top</aligny>
                        <textcolor>$VAR[color_hub_accent]</textcolor>
                        <font>notosans_36_bold</font>
                        <visible>Control.HasFocus(50$PARAM[id]) + !Container(50$PARAM[id]).IsUpdating</visible>
                        <visible>!String.IsEmpty(Container(50$PARAM[id]).ListItem.Label)</visible>
                    </control>
					<control type="label">
						<top>10</top>
                        <width>auto</width>
						<label>$PARAM[item_label]</label>
                        <aligny>center</aligny>
						<textcolor>$VAR[color_hub_text_main]</textcolor>
						<font>notosans_27_regular_l</font>
                        <height>24</height>
						<visible>Control.HasFocus(50$PARAM[id]) + !Container(50$PARAM[id]).IsUpdating</visible>
                    </control>
					<control type="image">
						<visible>Container(50$PARAM[id]).IsUpdating</visible>
						<width>40</width>
						<height>40</height>
						<aspectratio scalediffuse="false" align="center" aligny="center">keep</aspectratio>
						<texture colordiffuse="$VAR[color_hub_accent]">special://skin/extras/busy/skypishball.apng</texture>
						<aspectratio align="center" aligny="center">keep</aspectratio>
					</control>
				</control>
				<control type="label">
					<top>32</top>
					<left>11</left>
					<width>auto</width>
					<label>$INFO[Container(50$PARAM[id]).NumItems, numitems (,)]</label>
					<aligny>center</aligny>
					<textcolor>$VAR[color_hub_text_main]</textcolor>
					<font>roboto_20_condensedregular</font>
					<height>24</height>
					<visible>!Container(50$PARAM[id]).IsUpdating</visible>
				</control>
            </control>
        </definition>
    </include>
	<!-- &#8364;using the decimal or hexadecimal Unicode code point for the character https://home.unicode.org/ -->
	<variable name="none_Filter">
		<value></value>
	</variable>
	<variable name="common_Filter">
		<value condition="!String.IsEmpty(Control.GetLabel(8001).index(1))">  -  Contains [B]&apos;[/B][COLOR $VAR[color_hub_accent]]$INFO[Control.GetLabel(8001).index(1)][/COLOR][B]&apos;[/B]</value>
		<value></value>
	</variable>
	
	<variable name="albumtitleorartist_Filter">
		<value condition="!String.IsEmpty(Control.GetLabel(8001).index(1))">  -  Contains [B]&apos;[/B][COLOR $VAR[color_hub_accent]]$INFO[Control.GetLabel(8001).index(1)][/COLOR][B]&apos;[/B] in Album Title or Album Artist</value>
		<value></value>
	</variable>
	<variable name="songtitleorartist_Filter">
		<value condition="!String.IsEmpty(Control.GetLabel(8001).index(1))">  -  Contains [B]&apos;[/B][COLOR $VAR[color_hub_accent]]$INFO[Control.GetLabel(8001).index(1)][/COLOR][B]&apos;[/B] in Song Title or Song Artist</value>
		<value></value>
	</variable>

	<include name="Hub_ContainerCommon">
		<param name="type" default="panel" />
		<param name="onleft" default="111060" />
		
		<param name="top" default="50" />
		<param name="width" default="1600" />
		<param name="type_orientation" default="vertical" />
		<param name="bordersize_nf" default="6" />
		<param name="bordersize_fo" default="4" />
		<param name="diffusedimtext" default="" />
		<param name="animation_fo" default="Animation_Item_Focus" />
		<param name="is_song_common" default="false" />
		<definition>
		
		<control type="$PARAM[type]" id="50$PARAM[id]">
			<nested />
			<left>5</left>
			<top>$PARAM[top]</top>
			<height>$PARAM[containerheight]</height>
			<width>$PARAM[width]</width>
			<onleft>60$PARAM[id]60</onleft>
			<onup>$PARAM[onup]</onup>
			<onright>50$PARAM[id]60</onright>
			<pagecontrol>50$PARAM[id]60</pagecontrol>
			<orientation>$PARAM[type_orientation]</orientation>
			<scrolltime tween="quadratic">400</scrolltime>
			<preloaditems>2</preloaditems>
			
			
			<itemlayout height="$PARAM[layoutheight]" width="$PARAM[layoutwidth]">
				<control type="group">
					<width>$PARAM[itemwidth]</width>
					<height>$PARAM[itemheight]</height>
					<include content="$PARAM[layout]">
						<param name="colordiffuse" value="$VAR[color_hub_widget_frame_nf]" />
						<param name="infotags_autoscroll" value="false" />
						<param name="artwork_bg_bordersize" value="$PARAM[bordersize_nf]" />
					</include>
				</control>
			</itemlayout>
			<focusedlayout height="$PARAM[layoutheight]" width="$PARAM[layoutwidth]">
				<control type="group">
					<width>$PARAM[itemwidth]</width>
					<height>$PARAM[itemheight]</height>
					<include>Focus_Zoom_Animation</include>
					<include>$PARAM[animation_fo]</include>
					<control type="group">
						<include content="$PARAM[layout]">
							<param name="colordiffuse" value="$VAR[color_hub_widget_frame_fo]" />
							<param name="infotags_autoscroll" value="false" />
							<param name="artwork_bg_bordersize" value="$PARAM[bordersize_fo]" />
						</include>
						<include content="FocusOverlay">
							<param name="diffusedimtext" value="$PARAM[diffusedimtext]" />
						</include>
						<control type="group">
							<visible>$PARAM[is_song_common]</visible>
							<control type="image">
								<description>playbutton_song</description>
								<centertop>50%</centertop>
								<visible></visible>
								<visible>!ListItem.IsPlaying</visible>
								<left>14</left>
								<visible>true</visible>
								<width>60</width>
								<height>60</height>
								<texture diffuse="artworkdiffuse/circle.png" background="true">overlay/overlayplay.png</texture>
								<colordiffuse>white</colordiffuse>
								<bordersize>2</bordersize>
								<bordertexture colordiffuse="55000000">artworkdiffuse/circle.png</bordertexture>
							</control>
						</control>
						
					</control>
				</control>			
			</focusedlayout>
		</control>
		</definition>
	</include>
	
	<include name="emptywidget">
		<content>
			<item>
				<label>$LOCALIZE[284]</label>
				<label2 />
				<visible>String.IsEmpty(Container($PARAM[id]).ListitemNoWrap(0).Artist) + String.IsEmpty(container($PARAM[id]).ListitemNoWrap(1).Artist)</visible>
				<icon>icons/emptywidget.png</icon>
				<thumb>icons/emptywidget.png</thumb>
			</item>
		</content>
	</include>
	
	<variable name="HUB_BGHEADING_GenreOrYear">
		<value condition="String.IsEqual(Window(home).Property(HUB_Music),genres)">G E N R E S</value>
		<value condition="String.IsEqual(Window(home).Property(HUB_Music),years)">Y E A R S</value>
	</variable>
	<!-- OVERRIDE ACTIONS -->
	
	<include name="hub_music_OverrideOnClick">
		<definition>
			<onclick condition="!String.IsEmpty(System.CurrentControlID)">SetProperty(HUB_Music_PrevID,$INFO[System.CurrentControlID],home)</onclick>
			<onclick condition="!String.IsEmpty(Window(home).Property(HUB_Music))">SetProperty(HUB_Music_PrevProp,$INFO[Window(home).Property(HUB_Music)],home)</onclick>
			
						<onclick condition="!String.IsEmpty(ListItem.Property(Artist_Description))">SetProperty(HUB_artistinfo,$ESCINFO[ListItem.Property(Artist_Description)],home)</onclick>
						<onclick condition="!String.IsEmpty(ListItem.Property(Album_Description))">SetProperty(HUB_albuminfo,$ESCINFO[ListItem.Property(Album_Description)],home)</onclick>
			
			<onclick condition="!String.IsEmpty(ListItem.Art(fanart))">SetProperty(HUB_artwork,$INFO[ListItem.Art(fanart)],home)</onclick>
			<onclick condition="String.IsEmpty(ListItem.Art(fanart)) + !String.IsEmpty(ListItem.Art(landscape))">SetProperty(HUB_artwork,$INFO[ListItem.Art(fanart)],home)</onclick>
			<onclick condition="String.IsEmpty(ListItem.Art(fanart)) + String.IsEmpty(ListItem.Art(landscape)) + !String.IsEmpty(ListItem.Art(thumb))">SetProperty(HUB_artwork,$INFO[ListItem.Art(thumb)],home)</onclick>

					<onclick condition="String.IsEqual(ListItem.dbtype,artist) | String.IsEqual(ListItem.dbtype,album)">SetProperty(HUB_Music,SongsByAlbum,home)</onclick>
					<onclick condition="!String.IsEqual(ListItem.dbtype,artist) + !String.IsEqual(ListItem.dbtype,album)">SetProperty(HUB_Music,I DID SOMETHING WRonNG in CTRL $INFO[System.CurrentControlID],home)</onclick>
			
			<onclick condition="String.IsEqual(ListItem.dbtype,artist) | [String.IsEqual(ListItem.dbtype,album) + Integer.IsGreater(ListItem.TotalDiscs,1)]">SetProperty(HUB_containerpath_albums,$INFO[ListItem.FolderPath],home)</onclick>
			<onclick condition="String.IsEqual(ListItem.dbtype,artist) | [String.IsEqual(ListItem.dbtype,album) + Integer.IsGreater(ListItem.TotalDiscs,1)]">AlarmClock(delayedfocus,SetFocus(5120,0,absolute),00:00,silent)</onclick>
			
			<onclick condition="String.IsEqual(ListItem.dbtype,album) + [Integer.IsEqual(ListItem.TotalDiscs,1) | String.IsEmpty(ListItem.TotalDiscs)]">SetProperty(HUB_containerpath_songs,$INFO[ListItem.FolderPath],home)</onclick>
			<onclick condition="String.IsEqual(ListItem.dbtype,album) + [Integer.IsEqual(ListItem.TotalDiscs,1) | String.IsEmpty(ListItem.TotalDiscs)]">AlarmClock(delayedfocus,SetFocus(5121,0,absolute),00:00,silent)</onclick>
		
		</definition>
	</include>	
	
	<include name="hub_music_ClearPropsOnBack">
		<definition>
			<onback condition="!String.IsEmpty(Window(home).Property(HUB_containerpath_albums))">ClearProperty(HUB_containerpath_albums,home)</onback>
			<onback condition="!String.IsEmpty(Window(home).Property(HUB_containerpath_songs))">ClearProperty(HUB_containerpath_songs,home)</onback>
			<onback condition="!String.IsEmpty(Window(home).Property(HUB_Music_PrevProp))">SetProperty(HUB_Music,$INFO[Window(home).Property(HUB_Music_PrevProp)],home)</onback>
			<onback condition="!String.IsEmpty(Window(home).Property(HUB_Music_PrevID))">AlarmClock(delayedfocus,SetFocus($INFO[Window(home).Property(HUB_Music_PrevID)]),00:00,silent)</onback>
			<onback>ClearProperty(HUB_artwork,home)</onback>
					<onback condition="!String.IsEmpty(Window(home).Property(HUB_artistinfo))">ClearProperty(HUB_artistinfo,home)</onback>
					<onback condition="!String.IsEmpty(Window(home).Property(HUB_albuminfo))">ClearProperty(HUB_albuminfo,home)</onback>
			<onback>ClearProperty(HUB_Music_PrevID,home)</onback>
			<onback>ClearProperty(HUB_Music_PrevProp,home)</onback>
		</definition>
	</include>
	
	<include name="Music_ConatinerUpdating">
		<control type="group" id="6098">
			<visible>$PARAM[visible]</visible>
			<top>-150</top>
			<left>75</left>
			<control type="image">
				<top>270</top>
				<texture colordiffuse="$VAR[color_hub_accent]" diffuse="colors/white50.png">icons/musicheadphone.png</texture>
				<height>170</height>
				<width>400</width>
				<aspectratio align="center">keep</aspectratio>
			</control>
			<control type="image">
				<top>210</top>
				<texture colordiffuse="$VAR[color_hub_text_main]" diffuse="colors/white50.png">special://skin/extras/busy/busyload2.apng</texture>
				<height>300</height>
				<width>400</width>
				<aspectratio align="center">keep</aspectratio>
			</control>
		</control>
	</include>
	
	<!-- ####################### -->
	<!-- #######  Content  ##### -->
	
	<!-- 5001(common) | 5010(artists) -->
	<variable name="filtercontent_artists_contains_artist">
		<value condition="!String.IsEmpty(Control.GetLabel(8001).index(1))">musicdb://artists/?xsp=%7B%22rules%22%3A%7B%22and%22%3A%5B%7B%22field%22%3A%22artist%22%2C%22operator%22%3A%22contains%22%2C%22value%22%3A%5B%22$INFO[Control.GetLabel(8001).index(1)]%22%5D%7D%5D%7D%2C%22type%22%3A%22artists%22%7D</value>
		<value>musicdb://artists/</value>
	</variable>
	<!-- 5002 (common) -->
	<variable name="filtercontent_albums_contains_albumartist_or_album">
		<value condition="!String.IsEmpty(Control.GetLabel(8001).index(1))">musicdb://albums/?xsp=%7B%22rules%22%3A%7B%22or%22%3A%5B%7B%22field%22%3A%22albumartist%22%2C%22operator%22%3A%22contains%22%2C%22value%22%3A%5B%22$INFO[Control.GetLabel(8001).index(1)]%22%5D%7D%2C%7B%22field%22%3A%22album%22%2C%22operator%22%3A%22contains%22%2C%22value%22%3A%5B%22$INFO[Control.GetLabel(8001).index(1)]%22%5D%7D%5D%7D%2C%22type%22%3A%22albums%22%7D</value>
		<value>musicdb://albums/</value>
	</variable>
	<!-- 5003 free -->
	<!-- 5004 (common) -->
	<variable name="filtercontent_songs_contains_title_or_artist">
		<value condition="!String.IsEmpty(Control.GetLabel(8001).index(1))">musicdb://songs/?xsp=%7B%22rules%22%3A%7B%22or%22%3A%5B%7B%22field%22%3A%22title%22%2C%22operator%22%3A%22contains%22%2C%22value%22%3A%5B%22$INFO[Control.GetLabel(8001).index(1)]%22%5D%7D%2C%7B%22field%22%3A%22artist%22%2C%22operator%22%3A%22contains%22%2C%22value%22%3A%5B%22$INFO[Control.GetLabel(8001).index(1)]%22%5D%7D%5D%7D%2C%22type%22%3A%22songs%22%7D</value>
		<value>musicdb://songs/</value>
	</variable>
	<!-- 5008 (musicvideos) genres RESET (ORDER OF IDS )ID--> 
	<!-- 5007 (common) -->
	<variable name="filtercontent_musicvideos_contains_title_or_artist">
		<value condition="!String.IsEmpty(Control.GetLabel(8001).index(1))">videodb://musicvideos/titles/?xsp=%7B%22rules%22%3A%7B%22or%22%3A%5B%7B%22field%22%3A%22title%22%2C%22operator%22%3A%22contains%22%2C%22value%22%3A%5B%22$INFO[Control.GetLabel(8001).index(1)]%22%5D%7D%2C%7B%22field%22%3A%22artist%22%2C%22operator%22%3A%22contains%22%2C%22value%22%3A%5B%22$INFO[Control.GetLabel(8001).index(1)]%22%5D%7D%5D%7D%2C%22type%22%3A%22musicvideos%22%7D</value>
		<value>videodb://musicvideos/titles/</value>
	</variable>
	
			<!-- REVISIT PATH - cant filter musicvideo folder
			
			<variable name="HUB_content_musicvideo_artist">
				<value condition="!String.IsEmpty(Control.GetLabel(8001).index(1)) + !String.IsEqual(Window(home).Property(HUB_Music),songs) + !String.IsEqual(Window(home).Property(HUB_Music),albums)">videodb://musicvideos/artists/?xsp=%7B%22rules%22%3A%7B%22and%22%3A%5B%7B%22field%22%3A%22title%22%2C%22operator%22%3A%22contains%22%2C%22value%22%3A%5B%22$INFO[Control.GetLabel(8001).index(1)]%22%5D%7D%5D%7D%2C%22type%22%3A%22musicvideos%22%7D</value>
				<value condition="String.IsEmpty(Control.GetLabel(8001).index(1)) + !String.IsEqual(Window(home).Property(HUB_Music),songs) + !String.IsEqual(Window(home).Property(HUB_Music),albums)">videodb://musicvideos/artists/</value>
			</variable>
			<variable name="HUB_content_musicvideo_albums">
				<value condition="!String.IsEmpty(Control.GetLabel(8001).index(1)) + String.IsEqual(Window(home).Property(HUB_Music),albums)">videodb://musicvideos/albums/?xsp=%7B%22rules%22%3A%7B%22and%22%3A%5B%7B%22field%22%3A%22album%22%2C%22operator%22%3A%22contains%22%2C%22value%22%3A%5B%22$INFO[Control.GetLabel(8001).index(1)]%22%5D%7D%5D%7D%2C%22type%22%3A%22musicvideos%22%7D</value>
				<value condition="String.IsEmpty(Control.GetLabel(8001).index(1)) + String.IsEqual(Window(home).Property(HUB_Music),albums)">videodb://musicvideos/albums/</value>
			</variable>
			-->			
	<!-- 5018 (songs) -->
	<variable name="filtercontent_songs_contains_title">
		<value condition="!String.IsEmpty(Control.GetLabel(8001).index(1))">musicdb://songs/?xsp=%7B%22rules%22%3A%7B%22and%22%3A%5B%7B%22field%22%3A%22title%22%2C%22operator%22%3A%22contains%22%2C%22value%22%3A%5B%22$INFO[Control.GetLabel(8001).index(1)]%22%5D%7D%5D%7D%2C%22type%22%3A%22songs%22%7D</value>
		<value>musicdb://songs/</value>
	</variable>
				<!-- filtercontent_songs_contains_artist
				<variable name="HUB_content_songs_artist">
					<value condition="!String.IsEmpty(Control.GetLabel(8001).index(1))">musicdb://songs/?xsp=%7B%22rules%22%3A%7B%22and%22%3A%5B%7B%22field%22%3A%22artist%22%2C%22operator%22%3A%22contains%22%2C%22value%22%3A%5B%22$INFO[Control.GetLabel(8001).index(1)]%22%5D%7D%5D%7D%2C%22type%22%3A%22songs%22%7D</value>
				</variable> -->
	
				<!-- <variable name="HUB_content_musicvideo_titles">
					<value condition="!String.IsEmpty(Control.GetLabel(8001).index(1))">videodb://musicvideos/titles/?xsp=%7B%22rules%22%3A%7B%22and%22%3A%5B%7B%22field%22%3A%22title%22%2C%22operator%22%3A%22contains%22%2C%22value%22%3A%5B%22$INFO[Control.GetLabel(8001).index(1)]%22%5D%7D%5D%7D%2C%22type%22%3A%22musicvideos%22%7D</value>
					<value>videodb://musicvideos/titles/</value>
				</variable> -->
				<!-- <variable name="HUB_content_new_albums_title">
					<value condition="!String.IsEmpty(Control.GetLabel(8001).index(1))">musicdb://recentlyaddedalbums/?xsp=%7B%22rules%22%3A%7B%22and%22%3A%5B%7B%22field%22%3A%22album%22%2C%22operator%22%3A%22contains%22%2C%22value%22%3A%5B%22$INFO[Control.GetLabel(8001).index(1)]%22%5D%7D%5D%7D%2C%22type%22%3A%22albums%22%7D</value>
					<value>musicdb://recentlyaddedalbums/</value>
				</variable>
				-->
	
	<!-- 5020 (albums) | 5028 (album_recentadd) -->
	<variable name="filtercontent_albums_contains_album">
		<value condition="!String.IsEmpty(Control.GetLabel(8001).index(1))">musicdb://albums/?xsp=%7B%22rules%22%3A%7B%22and%22%3A%5B%7B%22field%22%3A%22album%22%2C%22operator%22%3A%22contains%22%2C%22value%22%3A%5B%22$INFO[Control.GetLabel(8001).index(1)]%22%5D%7D%5D%7D%2C%22type%22%3A%22albums%22%7D</value>
		<value>musicdb://albums/</value>
	</variable>
	
			<!-- not used 		
				albums_contains_albumartist
				<variable name="HUB_content_albums_artist">
					<value condition="!String.IsEmpty(Control.GetLabel(8001).index(1))">musicdb://albums/?xsp=%7B%22rules%22%3A%7B%22and%22%3A%5B%7B%22field%22%3A%22albumartist%22%2C%22operator%22%3A%22contains%22%2C%22value%22%3A%5B%22$INFO[Control.GetLabel(8001).index(1)]%22%5D%7D%5D%7D%2C%22type%22%3A%22albums%22%7D</value>
					<value>HUB_content_albums_artist</value>
				</variable>
			-->
	
	<!-- 5030-5033 (genres) -->
	<variable name="5030_genres">
		<value condition="!String.IsEmpty(Control.GetLabel(8001).index(1))">musicdb://genres/?xsp=%7B%22rules%22%3A%7B%22or%22%3A%5B%7B%22field%22%3A%22label%22%2C%22operator%22%3A%22contains%22%2C%22value%22%3A%5B%22$INFO[Control.GetLabel(8001).index(1)]%22%5D%7D%5D%7D%2C%22type%22%3A%22genres%22%7D</value>
		<value>musicdb://genres/</value>
	</variable>
	<variable name="5031_artists_by_genre">
		<value condition="String.IsEqual(Window(home).Property(HUB_Music),genres) + !String.IsEmpty(Container(5030).ListItem.dbid)">musicdb://genres/$INFO[Container(5030).ListItem.dbid]/</value>
	</variable>
	<variable name="5032_albums_by_genre">
		<value condition="String.IsEqual(Window(home).Property(HUB_Music),genres) + !String.IsEmpty(Container(5030).ListItem.dbid)">musicdb://genres/$INFO[Container(5030).ListItem.dbid]/-1/</value>
	</variable>
	<variable name="5033_songs_by_genre">
		<value condition="String.IsEqual(Window(home).Property(HUB_Music),genres) + !String.IsEmpty(Container(5030).ListItem.dbid)">musicdb://genres/$INFO[Container(5030).ListItem.dbid]/-1/-1/</value>
	</variable>
			<!--
			<variable name="5034_musicvideos_by_genre">
				<value condition="String.IsEqual(Window(home).Property(HUB_Music),genres) + !String.IsEmpty(Container(5030).ListItem.dbid)">videodb://musicvideos/titles/?xsp=%7B%22rules%22%3A%7B%22or%22%3A%5B%7B%22field%22%3A%22genre%22%2C%22operator%22%3A%22contains%22%2C%22value%22%3A%5B%22$INFO[Container(5030).ListItem.label]%22%5D%7D%5D%7D%2C%22type%22%3A%22musicvideos%22%7D</value>
			</variable>
			-->
			
	<!-- 5035-5038 (years) -->
	<variable name="5036_albums_by_year">
		<value condition="string.startswith(System.BuildVersion,18.) + !String.IsEmpty(Container(5035).ListItem.label)">musicdb://years/$INFO[Container(5035).ListItem.label]/</value>
		<value condition="string.startswith(System.BuildVersion,19.) + !String.IsEmpty(Container(5035).ListItem.label)">musicdb://years/$INFO[Container(5035).ListItem.label]/?useoriginalyear=true</value>
	</variable>
	<variable name="5037_songs_by_year">
		
		<value condition="string.startswith(System.BuildVersion,18.) + !String.IsEmpty(Container(5035).ListItem.label)">musicdb://years/$INFO[Container(5035).ListItem.label]/-1/?year=$INFO[Container(5035).ListItem.label]</value>
		<value condition="string.startswith(System.BuildVersion,19.) + !String.IsEmpty(Container(5035).ListItem.label)">musicdb://years/$INFO[Container(5035).ListItem.label]/-1/-2/?useoriginalyear=true&amp;year=$INFO[Container(5035).ListItem.label]</value>

	</variable>
	<variable name="5038_musicvideos_by_year">
		<value condition="String.IsEqual(Window(home).Property(HUB_Music),years) + !String.IsEmpty(Container(5035).ListItem.label)">videodb://musicvideos/titles/?xsp=%7B%22rules%22%3A%7B%22and%22%3A%5B%7B%22field%22%3A%22year%22%2C%22operator%22%3A%22is%22%2C%22value%22%3A%5B%22$INFO[Container(5035).ListItem.label]%22%5D%7D%5D%7D%2C%22type%22%3A%22musicvideos%22%7D</value>
	</variable>
	
	<variable name="HUB_Albums_5121">
		<value condition="[Integer.IsEqual(Container(5120).ListItem.TotalDiscs,1) | String.IsEmpty(Container(5120).ListItem.TotalDiscs)] + !String.IsEmpty(Container(5120).ListItem.dbid)">$INFO[Container(5120).ListItem.FolderPath]</value>
		<value condition="Integer.IsGreater(Container(5120).ListItem.TotalDiscs,1) + !String.IsEmpty(Container(5120).ListItem.dbid)">musicdb://albums/$INFO[Container(5120).ListItem.dbid]/-1/?albumid=$INFO[Container(5120).ListItem.dbid]</value>
	</variable>
	
	
	
	
	<!-- 5120 (HUB_containerpath_albums) -->
	<variable name="5120_albums">
		<value condition="!String.IsEmpty(Window(home).Property(HUB_containerpath_albums))">$INFO[Window(home).Property(HUB_containerpath_albums)]</value>
		<value condition="String.IsEmpty(Window(home).Property(HUB_containerpath_albums)) + Control.IsVisible(5121)">-</value>
	</variable>
	
	
	<!-- 5121 (HUB_containerpath_songs) -->
	<variable name="5121_songs">
		<value condition="!String.IsEmpty(Window(home).Property(HUB_containerpath_albums)) + Integer.IsGreater(Container(5120).ListItem.TotalDiscs,1)">musicdb://albums/$INFO[Container(5120).ListItem.dbid]/-1/?albumid=$INFO[Container(5120).ListItem.dbid]&amp;discid=$INFO[Container(5120).ListItem.DiscNumber]</value>
		<value condition="!String.IsEmpty(Window(home).Property(HUB_containerpath_albums)) + [Integer.IsEqual(Container(5120).ListItem.TotalDiscs,1) | String.IsEmpty(ListItem.TotalDiscs)]">$INFO[Container(5120).ListItem.FolderPath]</value>
		<value condition="!String.IsEmpty(Window(home).Property(HUB_containerpath_songs))">$INFO[Window(home).Property(HUB_containerpath_songs)]</value>
	</variable>
	
	<variable name="Container_HUB_5020_Heading">
		<value condition="String.IsEqual(Window(home).Property(HUB_Music),albums)">A L B U M S</value>
		<value condition="String.IsEqual(Window(home).Property(HUB_Music),songs)">S O N G S</value>
	</variable>
	<variable name="5020_Label_AlbumName">
		<value condition="!String.IsEmpty(ListItem.DiscTitle)">$INFO[ListItem.DiscTitle,[CR],]</value>
		<value condition="String.IsEmpty(ListItem.DiscTitle) + !String.IsEmpty(ListItem.DiscNumber) + Integer.IsGreaterOrEqual(Container(5120).ListItem.TotalDiscs,2)">$INFO[Container(5120).ListItem.Label,[CR],]</value>
		<value condition="String.IsEmpty(ListItem.DiscTitle)">$INFO[ListItem.Album,[CR],]</value>
	</variable>
	<variable name="Container_HUB_5020">
		<value condition="String.IsEqual(Window(home).Property(HUB_Music),albums)">$VAR[HUB_content_albums_title]</value>
		<value condition="String.IsEqual(Window(home).Property(HUB_Music),songs)">$VAR[HUB_content_songs_title]</value>
	</variable>
	
	<!-- 
	albums by artist
	musicdb://artists/[artistdbid]/?albumartistsonly=false
	all songs by artist 
	musicdb://artists/[artistdbid]/?albumartistsonly=false&amp;artistid=[artistdbid]
	all songs from album with albumdbid 
	musicdb://artists/[artistdbid]/[albumdbid]/?albumartistsonly=false&amp;artistid=[artistdbid]
	-->
	<!-- 3 List of sort methods

These ID's can be used with the Container.SetSortMethod(id) function as listed here:
ID 	Description
1 	Name
2 	Date
3 	Size
4 	File
5 	Path
6 	DriveType
7 	Title
8 	TrackNumber
9 	Time
10 	Artist
11 	ArtistThenYear !=artistyear
12 	Album
13 	AlbumType
14 	Genre
15 	Country
16 	Year
17 	Rating
18 	UserRating
19 	Votes
20 	Top250
21 	ProgramCount
22 	PlaylistOrder
23 	EpisodeNumber
24 	Season
25 	NumberOfEpisodes
26 	NumberOfWatchedEpisodes
27 	TvShowStatus
28 	TvShowTitle
29 	SortTitle
30 	ProductionCode
31 	MPAA
32 	VideoResolution
33 	VideoCodec
34 	VideoAspectRatio
35 	AudioChannels
36 	AudioCodec
37 	AudioLanguage
38 	SubtitleLanguage
39 	Studio
40 	DateAdded
41 	LastPlayed
42 	Playcount
43 	Listeners
44 	Bitrate
45 	Random
46 	Channel
47 	ChannelNumber
48 	DateTaken
49 	Relevance
50 	InstallDate
51 	LastUpdated
52 	LastUsed  
-->

<!-- 

Player.HasMedia 	Returns true if the player has an audio or video file. 	
Player.HasAudio 	Returns true if the player has an audio file. 	
Player.HasDuration 	Returns true if Media isn't a true stream 	
Player.HasVideo 	Returns true if the player has a video file. 	
Player.Passthrough 	Returns true if the player is using audio passthrough. 	
Player.Playing 	Returns true if the player is currently playing (ie not ffwding, rewinding or paused.) 	
Player.Paused 	Returns true if the player is paused. 	
Player.Forwarding 	Returns true if the player is fast forwarding. 	
Player.Forwarding2x 	Returns true if the player is fast forwarding at 2x. 	
Player.Forwarding4x 	Returns true if the player is fast forwarding at 4x. 	
Player.Forwarding8x 	Returns true if the player is fast forwarding at 8x. 	
Player.Forwarding16x 	Returns true if the player is fast forwarding at 16x. 	
Player.Forwarding32x 	Returns true if the player is fast forwarding at 32x. 	
Player.Rewinding 	Returns true if the player is rewinding. 	
Player.Rewinding2x 	Returns true if the player is rewinding at 2x. 	
Player.Rewinding4x 	Returns true if the player is rewinding at 4x. 	
Player.Rewinding8x 	Returns true if the player is rewinding at 8x. 	
Player.Rewinding16x 	Returns true if the player is rewinding at 16x. 	
Player.Rewinding32x 	Returns true if the player is rewinding at 32x. 	
Player.PauseEnabled 	Returns true if the currently playing stream can be paused. 	
Player.Caching 	Returns true if the player is current re-caching data (internet based video playback). 	
Player.DisplayAfterSeek 	Returns true for the first 2.5 seconds after a seek. 	
Player.Seeking 	Returns true if a seek is in progress 	
Player.SeekEnabled 	Returns true if player can seek 	
Player.ShowTime 	Returns true if the user has requested the time to show (occurs in video fullscreen) 	
Player.ShowInfo 	Returns true if the user has requested the song info to show (occurs in visualisation fullscreen and slideshow) 	
Player.IsInternetStream 	Returns true if the player is playing an internet stream. 	
Player.Muted 	Returns true if the volume is muted. 	
Player.Process(videohwdecoder) 	Returns true if the currently playing video is decoded in hardware 	v17 addition
Player.TempoEnabled 	Returns true if the current player supports changing the playback speed 	v17 addition
Player.IsTempo 	Returns true if the current playbackspeed is not equal to 1 	v17 addition
Player.HasGame 	Returns true if the player is playing a game 	v18
Player.HasResolutions 	Returns true when multiple resolutions are available 	v18
Player.FrameAdvance 	Returns true if player is in frame advance mode 	v18 

MusicPlayer.HasNext 	Returns true if the music player has a next song queued in the Playlist. 	
MusicPlayer.HasPrevious 	Returns true if the music player has a a Previous Song in the Playlist . 	
MusicPlayer.Offset(number).Exists 	Returns true if the music players playlist has a song queued in position (number). 	
MusicPlayer.Content(parameter) 	Returns true if the current audio you are playing matches the specified content. The following values are accepted: files, livetv 	
MusicPartyMode.Enabled

Playlist.IsRandom 	Returns true if the player is in random mode. 	
Playlist.IsRepeat 	Returns true if the player is in repeat all mode. 	
Playlist.IsRepeatOne 	Returns true if the player is in repeat one mode.

-->
	
	
	
</includes>