﻿<?xml version="1.0" encoding="UTF-8"?>
<window>
	<include>Animation_OpenClose_MediaWindow</include>
	<defaultcontrol>100</defaultcontrol>
	<include>EmbInfo_Onunload</include>
	<controls>
		
		<control type="list" id="10051">
			<include>HiddenContainer</include>
		</control>
		
		<control type="group">
			<visible>!Window.IsActive(script-embuary-image.xml)</visible>
			<include content="View_BGPanel">
				<param name="width2" value="33%" />
				<param name="width3" value="0" />
			</include>
		</control>
		<control type="group">
			<left>70</left>
			<top>160</top>
			<width>500</width>
			<include content="Animation_TransitionFadeOut">
				<param name="condition" value="Window.IsActive(textviewer) | Window.IsActive(script-embuary-image.xml)" />
			</include>
			<!-- poster -->
			<control type="image">
				<animation effect="slide" start="0,0" end="0,-120" time="250" tween="sine" condition="!Control.HasFocus(100)">Conditional</animation>
				<width>500</width>
				<height>750</height>
				<bordersize>1</bordersize>
				<bordertexture border="2" colordiffuse="$VAR[color_lib_text_main]">frames/frame.png</bordertexture>
				<texture background="true" fallback="defaultactor.png">$INFO[Container(10051).ListItem.Art(thumb)]</texture>
				<aspectratio>scale</aspectratio>
			</control>	
			<control type="label">
				<include>Animation_VisibleHidden_Zoom</include>
				<visible>!Control.HasFocus(100)</visible>
				<top>690</top>
				<height>45</height>
				<wrapmultiline>true</wrapmultiline>
				<font>notosans_38_bold_lowlined</font>
				<info>container(10051).listitem.label</info>
				<textcolor>$VAR[color_lib_text_main]</textcolor>
				<aligny>bottom</aligny>
			</control>
			<control type="textbox">
				<include>Animation_VisibleHidden_Zoom</include>
				<visible>!Control.HasFocus(100) + !String.IsEmpty(Container.ListItem.Property(Role))</visible>
				<height>auto</height>
				<top>730</top>
				<left>10</left>
				<font>notosans_25_bold</font>
				<label>as :  [COLOR $VAR[color_lib_text_main]]$INFO[Container.ListItem.Property(Role)][/COLOR]</label>
				<textcolor>$VAR[color_lib_text_secondary]</textcolor>
			</control>
			<control type="textbox">
				<include>Animation_VisibleHidden_Zoom</include>
				<animation effect="fade" end="15" condition="true">conditional</animation>
				<visible>!Control.HasFocus(100)</visible>
				<height>180</height>
				<bottom>20</bottom>
				<font>notosans_20_bold</font>
				<label>$INFO[Container(10052).NumAllItems,[CR][CR][CR][B]$LOCALIZE[342][/B] : ,]$INFO[Container(10053).NumAllItems,    [B]$LOCALIZE[20343][/B] : ,]</label>
				<textcolor>$VAR[color_lib_text_main]</textcolor>
			</control>			
		</control>
		
		<control type="grouplist" id="50">
			<include content="Animation_TransitionFadeOut">
				<param name="condition" value="Window.IsActive(textviewer) | Window.IsActive(script-embuary-image.xml)" />
			</include>
			
			<left>10</left>
			<right>10</right>
			<top>20</top>
			<bottom>10</bottom>
			<orientation>vertical</orientation>
			<usecontrolcoords>true</usecontrolcoords>
			<scrolltime>250</scrolltime>
			<itemgap>5</itemgap>
			
			<control type="group">
				<height>1070</height> 
				<top>140</top>
				
				<!-- meta -->
				<control type="group">
					
					<left>660</left>
					<right>400</right>
					<!-- name -->
					<control type="label">
						<height>40</height>
						<font>notosans_45_bold</font>
						<info>container(10051).listitem.label</info>
						<textcolor>$VAR[color_lib_text_main]</textcolor>
					</control>
					<!-- some facts ? 2 lines-->
					<control type="textbox">
						<height>40</height>
						<top>50</top>
						<font>notosans_20_bold</font>
						<label>$INFO[Container(10052).NumAllItems,[B]$LOCALIZE[342][/B] : ,   ]$INFO[Container(10053).NumAllItems,[B]$LOCALIZE[20343][/B] : ,   ]</label>
						<textcolor>$VAR[color_lib_accent]</textcolor>
					</control>
					<!-- plot -->
					<control type="textbox">
						<top>100</top>
						<height max="550">auto</height>
						<align>justify</align>
						<aligny>top</aligny>
						<label fallback="19055">$INFO[Container(10051).ListItem.Property(biography)]</label>
						<font>notosans_24_bold_highlined</font>
						<textcolor>$VAR[color_lib_text_main]</textcolor>
						<autoscroll delay="6000" time="3000" repeat="10000">false</autoscroll>
					</control>
					<!-- buttons -->
					<include content="panel_100">
						<param name="top" value="660" />
						<content>
							<item>
								<visible>!String.IsEmpty(Container(10051).ListItem.Property(biography))</visible>
								<label>$LOCALIZE[21887]</label>
								<onclick>RunScript(script.embuary.info,call=textviewer,header='$ESCINFO[Container(10051).ListItem.Label]',message='$ESCINFO[Container(10051).ListItem.Property(biography)]')</onclick>
							</item>
							<item>
								<label>$LOCALIZE[210]</label>
								<onclick>Action(back)</onclick>
							</item>
							<item>
								<label>$LOCALIZE[15067]</label>
								<onclick>Dialog.Close(all)</onclick>
							</item>
						</content>
					</include>
				</control>	
				
				<!-- logo -->
				<include content="EmbInfo_Logo">
					<param name="top" value="-120" />
				</include>
				
				<!-- facts -->
				<include content="EmbInfo_Facts" />
				
			</control>
			
			<control type="label">
				<height>400</height>
				<font />
				<label />
			</control>
			
			<!-- movies -->
			<include content="EmbInfo_ContentContainer">
				<param name="id" value="10052" />
				<param name="left" value="640" />
				<param name="header" value="$LOCALIZE[342]" />
				<param name="onup" value="100" />
				<param name="ondown" value="10053" />
			</include>
			<!-- tv shows -->
			<include content="EmbInfo_ContentContainer">
				<param name="left" value="640" />
				<param name="id" value="10053" />
				<param name="header" value="$LOCALIZE[20343]" />
				<param name="onup" value="10052" />
				<param name="ondown" value="10054" />
			</include>
			<!-- images -->
			<include content="EmbInfo_ContentContainer">
				<param name="left" value="640" />
				<param name="id" value="10054" />
				<param name="header" value="$ADDON[script.embuary.info 32010]" />
				<param name="onup" value="10053" />
				<param name="ondown" value="89" />
				<param name="item_infotags_visible" value="false" />
				<param name="layout_height" value="400" />
				<param name="layout_width" value="270" />
				<param name="itemheight" value="400" />
				<param name="itemwidth" value="267" />
			</include>
		</control>
	</controls>
</window>