<?xml version="1.0" encoding="UTF-8"?>
<window type="window" id="1150">
    <defaultcontrol always="true">2000</defaultcontrol>
	<menucontrol>99001</menucontrol>
	<controls>
	<description>template for tesing some thing(s)</description>
		
		<control type="group">
			<include>global_background</include>
		</control>
		
		<!-- <control type="list" id="999">
			<description>youtube lookup for trailer, prevent excessive calls by using system idle time, not very nice but only way to prevent possible limit exceeds</description>
			<include>HiddenContainer</include>
			<visible>system.idletime(5)</visible>
			<content limit="1" sortby="file">plugin://plugin.video.youtube/search/?q=$INFO[Container(2100).ListItem.Title]+trailer</content>
		</control> -->
		
		<control type="grouplist" id="2000">
			<height>1080</height>
			<!-- 
			<control type="grouplist" id="2100">
				<description>PAGE 1</description>
				<height>1080</height>
				<left>130</left>
				<top>120</top>
				<height>960</height>
				<right>50</right>
				<align>center</align>
				<orientation>horizontal</orientation>
			
				
				<control type="button" id="2101">
					<font>Montserrat_ExtraBold_50</font>
					<height>960</height>
					<width>580</width>
					<label>PAGE 1 GROUP 1</label>
					<texturefocus colordiffuse="cyan">colors/white50.png</texturefocus>
					<texturenofocus colordiffuse="orange">colors/white50.png</texturenofocus>
					<onup>2300</onup>
					<ondown>2200</ondown>
				</control>
				
				<control type="grouplist" id="2102">
					<height>560</height>
					<orientation>horizontal</orientation>
					<control type="button" id="2202">
						<font>Montserrat_ExtraBold_50</font>
						<height>400</height>
						<width>580</width>
						<label>PAGE 1 GROUP 2</label>
						<texturefocus colordiffuse="cyan">colors/white50.png</texturefocus>
						<texturenofocus colordiffuse="orange">colors/white50.png</texturenofocus>
						<onup>2300</onup>
						<ondown>2200</ondown>
					</control>
					<control type="button" id="2103">
						<font>Montserrat_ExtraBold_50</font>
						<top>400</top>
						<height>560</height>
						<width>580</width>
						<label>PAGE 1 GROUP 3</label>
						<texturefocus colordiffuse="cyan">colors/white50.png</texturefocus>
						<texturenofocus colordiffuse="orange">colors/white50.png</texturenofocus>
						<onup>2300</onup>
						<ondown>2200</ondown>
					</control>
				</control>
			</control>
				-->
				<control type="fixedlist" id="2100">
					<top>170</top>
					<height>410</height>
					<left>130</left>
					<right>50</right>
					<orientation>horizontal</orientation>
					<preloaditems>2</preloaditems>
					<scrolltime tween="quadratic">400</scrolltime>
					
					<onup>2300</onup>
					<ondown>2200</ondown>
					<onclick></onclick>
					
					<itemlayout height="300" width="300">
						<include content="new_template_itemlayout">
							<param name="debugdelete_layout_size_full_color" value="black" />
							<param name="skintheme_ignore" value="false" />
							
							<param name="layout_h" value="300" />
							<param name="layout_w" value="300" />
							
							<param name="artwork_size_w" value="260" />
							<param name="artwork_size_h" value="260" />
								 <param name="artwork_bordersize" value="3" />
							
								<param name="skintheme_rounded_all" value="false" />
								<param name="skintheme_rounded_top" value="true" />
							
							<param name="artwork_frame_color" value="red" />
							<param name="artwork_name" value="square" />
								<!-- new <param name="artwork_aspect" value="scale" /> -->
							<param name="infopanel_bottom" value="true" />
							
							<param name="artwork_clearlogo_overlay_circle" value="false" />
							<param name="artwork_clearlogo_overlay_fanart" value="false" />
							
							<param name="artwork_arscale_aligny" value="top" />
							
						</include>	
					</itemlayout>
					<focusedlayout height="300" width="300">
						<include content="new_template_itemlayout">
							<include>Animation_Item_Focus</include>
							
							<param name="debugdelete_layout_size_full_color" value="white" />
							<param name="skintheme_ignore" value="false" />
							
							<param name="artwork_size_w" value="260" />
							<param name="artwork_size_h" value="260" />
								 <param name="artwork_bordersize" value="5" />
							<param name="artwork_frame_color" value="white" />
							<param name="artwork_name" value="square" />
								<!-- new <param name="artwork_aspect" value="scale" /> -->
							
							<param name="infopanel_bottom" value="true" />
							
							<param name="artwork_clearlogo_overlay_circle" value="true" />
							<param name="artwork_clearlogo_overlay_fanart" value="false" />
							
							<param name="artwork_arscale_aligny" value="top" />
							
						</include>	
					</focusedlayout>
					<include content="emptywidget">
						<param name="id" value="999" />
					</include>
					<content limit="3" sortby="year" sortorder="ascending">$VAR[filtercontent_albums_contains_album]</content>
					<content limit="3" sortby="year" sortorder="ascending">videodb://movies/titles</content>
					<content limit="0" sortby="year" sortorder="ascending">videodb://movies/</content>
					<content limit="0">special://skin/extras/preventfromzip/playlistvideo/studios.xsp</content>
					<content limit="3">special://skin/extras/preventfromzip/playlistvideo/Test_descendingByYearGroupACTOR.xsp</content>
					<content limit="3">special://skin/extras/preventfromzip/playlistvideo/fetchepisodethumbs.xsp</content>
				</control>
				
				
	<!-- 
	universal_itemlayout			
		param name="artwork" value="$PARAM[item_artwork_name]" 
		param name="artwork_focusoverlay_visible" value="$PARAM[item_focusoverlay_visible]"
		param name="artwork_bg_bordersize" value="4"
		param name="artwork_bordercolor" value="$PARAM[item_artwork_bordercolor_fo]"
			param name="artwork_overlay_circle" value="$PARAM[item_overlay_circle]" default="false"
			param name="artwork_overlay_landscape" value="$PARAM[item_overlay_fanart]" default="false"
			param name="artwork_overlay_banner" value="$PARAM[item_overlay_banner]" default="false"
			param name="artwork_diffuse_themed" value="$PARAM[item_artwork_diffuse_themed]" default="String.IsEqual(ListItem.Label,..) | !Skin.HasTheme(Roundedge) | [Skin.HasTheme(Roundedge) + $EXP[HiddentagPanel]]"
			param name="artwork_diffuse_override" value="$PARAM[item_artwork_diffuse_override]" default="!String.IsEqual(ListItem.Label,..) + Skin.HasTheme(Roundedge) + $EXP[VisibletagPanel]"
		
		param name="infotags_visible" value="$PARAM[item_infotags_visible]"
			param name="infotags_bgpanel_visible" value="$PARAM[item_infotags_bgpanel_visible]" default="true"
		param name="infotags_bgpanel_color" value="$VAR[color_universalcontainer_itemtag_bgpanel_fo]"
		param name="infotags_label1_color" value="$VAR[color_universalcontainer_itemtag_label1_fo]"
		param name="infotags_label2_color" value="$VAR[color_universalcontainer_itemtag_label2_fo]"
		param name="infotags_autoscroll" value="true"
	-->
				<control type="list" id="2101">
					<visible>false</visible>
					<onup>2300</onup>
					<ondown>2200</ondown>
					<height>910</height>
					<left>130</left>
					<top>170</top>
					<right>50</right>
					<align>center</align>
					<orientation>horizontal</orientation>
			
					<preloaditems>2</preloaditems>
					<scrolltime tween="quadratic">400</scrolltime>
					<onlick>Action(select)</onlick>
					
					<itemlayout height="370" width="260">
						<control type="group">
							<width>240</width>
							<height>370</height>
							<include content="universal_itemlayout">
								<param name="artwork_bordercolor" value="$VAR[color_universalcontainer_itemframe_nf]" />
								<param name="artwork" value="poster" />
								<param name="artwork_focusoverlay_visible" value="false" />
								<param name="infotags_visible" value="true" />
								<param name="infotags_autoscroll" value="false" />
								<param name="artwork_bg_bordersize" value="6" />
								<param name="infotags_bgpanel_color" value="$VAR[color_universalcontainer_itemtag_bgpanel_nf]" />
								<param name="infotags_label1_color" value="$VAR[color_universalcontainer_itemtag_label1_nf]" />
								<param name="infotags_label2_color" value="$VAR[color_universalcontainer_itemtag_label2_nf]" />
								<param name="artwork_diffuse_themed" value="true" />
								<param name="artwork_diffuse_override" value="false" />
							</include>
						</control>
					</itemlayout>
					<focusedlayout height="370" width="260">
						<include content="hiddenbutton_manage_skinpropertys" />
						<control type="group">
							<width>240</width>
							<height>370</height>
							<control type="group">
								<include content="universal_itemlayout">
									<param name="artwork_bordercolor" value="$VAR[color_universalcontainer_itemframe_fo]" />
									<param name="artwork" value="poster" />
									<param name="artwork_focusoverlay_visible" value="true" />
									<param name="infotags_visible" value="true" />
									<param name="infotags_autoscroll" value="true" />
									<param name="artwork_bg_bordersize" value="4" />
									<param name="infotags_bgpanel_color" value="$VAR[color_universalcontainer_itemtag_bgpanel_fo]" />
									<param name="infotags_label1_color" value="$VAR[color_universalcontainer_itemtag_label1_fo]" />
									<param name="infotags_label2_color" value="$VAR[color_universalcontainer_itemtag_label2_fo]" />
								</include>
								
							</control>
						</control>
					</focusedlayout>
						<include content="emptywidget">
						<param name="id" value="999" />
					</include>
					<content limit="3" sortby="year" sortorder="ascending">$VAR[filtercontent_albums_contains_album]</content>
					<content limit="3" sortby="year" sortorder="ascending">videodb://movies/titles</content>
					<content limit="0" sortby="year" sortorder="ascending">videodb://movies/</content>
					<content limit="0">special://skin/extras/preventfromzip/playlistvideo/studios.xsp</content>
					<content limit="3">special://skin/extras/preventfromzip/playlistvideo/Test_descendingByYearGroupACTOR.xsp</content>
					<content limit="3">special://skin/extras/preventfromzip/playlistvideo/fetchepisodethumbs.xsp</content>
					
				</control>
				
<!-- Universal_Container
		<param name="type" default="panel" />
		<param name="id" />
		<param name="visible" />
		<param name="type_orientation" default="horizontal" />
		<param name="type_height" default="400" />
		
		<param name="type_pos_top" default="50" />
		
		<param name="layout_height" />
		<param name="layout_width" />
		<param name="itemwidth" />
		<param name="itemheight" />
		
		<param name="item_manage_skinpropertys" default="true" />
		
		<param name="item_artwork_name" />
		<param name="item_focusoverlay_visible" default="true" />
		
		delete param and adjust variables ?
			<param name="item_artwork_bordercolor_fo" default="$VAR[color_universalcontainer_itemframe_fo]" />
			<param name="item_artwork_bordercolor_nf" default="$VAR[color_universalcontainer_itemframe_nf]" />
		
		<param name="item_overlay_circle" default="false" />
		<param name="item_overlay_fanart" default="false" />
		<param name="item_overlay_banner" default="false" />
		<param name="item_artwork_diffuse_themed" default="String.IsEqual(ListItem.Label,..) | !Skin.HasTheme(Roundedge) | [Skin.HasTheme(Roundedge) + $EXP[HiddentagPanel]]" />
		<param name="item_artwork_diffuse_override" default="!String.IsEqual(ListItem.Label,..) + Skin.HasTheme(Roundedge) + $EXP[VisibletagPanel]" />
		
		<param name="item_infotags_visible" default="true" />
		<param name="item_infotags_bgpanel_visible" default="true" />
		
		<param name="item_infobox_right_visible" default="false" />
		<param name="item_infobox_right_width" default="900" />
		
		
			make param  or adjust variables ?
			<param name="item_infotags_bgpanel_color_nf" default="$VAR[color_universalcontainer_itemtag_bgpanel_nf]" />
			<param name="item_infotags_bgpanel_color_nf" default="$VAR[color_universalcontainer_itemtag_bgpanel_nf]" />
			<param name="item_infotags_label1_color_nf" default="$VAR[color_universalcontainer_itemtag_label1_nf]" />
			<param name="item_infotags_label2_color_nf" default="$VAR[color_universalcontainer_itemtag_label2_nf]" />
			
			<param name="item_infotags_bgpanel_color_fo" default="$VAR[color_universalcontainer_itemtag_bgpanel_fo]" />
			<param name="item_infotags_bgpanel_color_fo" default="$VAR[color_universalcontainer_itemtag_bgpanel_fo]" />
			<param name="item_infotags_label1_color_fo" default="$VAR[color_universalcontainer_itemtag_label1_fo]" />
			<param name="item_infotags_label2_color_fo" default="$VAR[color_universalcontainer_itemtag_label2_fo]" />
		
	-->
		<include condition="true" content="Universal_Container">
			<param name="id" value="2102" />
			<param name="visible" value="Integer.IsGreater(Container(2102).NumItems,0) | Container(2102).IsUpdating" />
			<param name="type" value="panel" />
			<param name="type_pos_top" value="170" />
			<param name="type_height" value="910" />
			<param name="type_orientation" value="horizontal" />
			<param name="layout_height" value="375" />
			<param name="layout_width" value="200" />
			<param name="itemwidth" value="193" />
			<param name="itemheight" value="290" />
			<param name="item_artwork_name" value="poster" />
			
			<left>130</left>
			<onup>2300</onup>
			<ondown>2200</ondown>
			<onlick>Action(select)</onlick>
			
			<!-- <animation type="conditional" condition="Integer.IsEqual(Container(2102).NumItems,1) + !Container(2102).IsUpdating" reversible="false">
				<effect type="fade" start="100" end="0" time="0" />
			</animation>
			-->
			
			<include content="emptywidget">
				<param name="id" value="999" />
			</include>
			<content limit="3" sortby="year" sortorder="ascending">$VAR[filtercontent_albums_contains_album]</content>
			<content limit="3" sortby="year" sortorder="ascending">videodb://movies/titles</content>
			<content limit="0" sortby="year" sortorder="ascending">videodb://movies/</content>
			<content limit="0">special://skin/extras/preventfromzip/playlistvideo/studios.xsp</content>
			<content limit="3">special://skin/extras/preventfromzip/playlistvideo/Test_descendingByYearGroupACTOR.xsp</content>
			<content limit="3">special://skin/extras/preventfromzip/playlistvideo/fetchepisodethumbs.xsp</content>
		</include>
				
			<control type="grouplist" id="2200">
				<description>PAGE 2 - more extended infos </description>
				<left>130</left>
				<top>120</top>
				<height>960</height>
				<right>50</right>
				<align>center</align>
				<orientation>horizontal</orientation>
				<control type="button" id="2201">
					<font>Montserrat_ExtraBold_50</font>
					<height>960</height>
					<width>580</width>
					<label>PAGE 2 GROUP 1</label>
					<texturefocus colordiffuse="cyan">colors/white50.png</texturefocus>
					<texturenofocus colordiffuse="orange">colors/white50.png</texturenofocus>
					<onup>2100</onup>
					<ondown>2300</ondown>
				</control>
				
				<control type="grouplist" id="2202">
					<height>560</height>
					<orientation>horizontal</orientation>
					<control type="button" id="2203">
						<font>Montserrat_ExtraBold_50</font>
						<height>400</height>
						<width>580</width>
						<label>PAGE 2  GROUP 2</label>
						<texturefocus colordiffuse="cyan">colors/white50.png</texturefocus>
						<texturenofocus colordiffuse="orange">colors/white50.png</texturenofocus>
						<onup>2100</onup>
					
						<ondown>2300</ondown>
					</control>
					<control type="button" id="2204">
						<font>Montserrat_ExtraBold_50</font>
						<top>400</top>
						<height>560</height>
						<width>580</width>
						<label>PAGE 2  GROUP 3</label>
						<texturefocus colordiffuse="cyan">colors/white50.png</texturefocus>
						<texturenofocus colordiffuse="orange">colors/white50.png</texturenofocus>
						<onup>2100</onup>
					
						<ondown>2300</ondown>
					</control>
				</control>
			</control>
			
			<control type="grouplist" id="2300">
				<description>PAGE 3 - maps </description>
				<left>130</left>
				<top>120</top>
				<height>960</height>
				<right>50</right>
				<align>center</align>
				<orientation>horizontal</orientation>
				
				<control type="group" id="2301">
					<height>940</height>
					<width>1740</width>
					
					<control type="button" id="23010">
						<font>Montserrat_ExtraBold_50</font>
						<height>950</height>
						<width>1740</width>
						<label>PAGE 3 BUTTON CoTRoL LABEL</label>
						<textcolor>$VAR[color_lib_text_main]</textcolor>
						<texturefocus colordiffuse="ff131313">colors/white50.png</texturefocus>
						<texturenofocus colordiffuse="ff131313">colors/white50.png</texturenofocus>
						<onfocus condition="!String.IsEmpty(Window(Home).Property(menucontrol_active))">ClearProperty(menucontrol_active,home)</onfocus>
						
								<onleft>23030</onleft>
								<onright>23020</onright>
						
						<onup>2200</onup>
						<ondown>2100</ondown>
					</control>
					<control type="label" id="23011">
						<font>font_Montserrat_18_extrabold</font>
						<top>550</top>
						<height>650</height>
						<aligny>bottom</aligny>
						<left>40</left>
						<width>500</width>
						<label>PAGE 3 LABEL CoTRoL[CR]LABEL 1</label>
						<align>left</align>
					</control>
					<control type="image" id="23012">
						<height>940</height>
						<width>1740</width>
						<bordersize>50</bordersize>
						<aspectratio>keep</aspectratio>
						<texture colordiffuse="ff131313">artworkdiffuse/square.png</texture>
					</control>
				
				</control>
				
				<control type="group" id="2302">
					<height>940</height>
					<width>1740</width>
					
					<control type="button" id="23020">
						<font>Montserrat_ExtraBold_50</font>
						<height>950</height>
						<width>1740</width>
						<label>BUTTON CoTRoL LABEL</label>
						<textcolor>$VAR[color_lib_text_main]</textcolor>
						<texturefocus colordiffuse="ff131313">colors/white50.png</texturefocus>
						<texturenofocus colordiffuse="ff131313">colors/white50.png</texturenofocus>
						<onfocus condition="!String.IsEmpty(Window(Home).Property(menucontrol_active))">ClearProperty(menucontrol_active,home)</onfocus>
						
								<onleft>23010</onleft>
								<onright>23030</onright>
						
						<onup>2200</onup>
						<ondown>2100</ondown>
					</control>
					<control type="label" id="23021">
						<font>font_Montserrat_18_extrabold</font>
						<top>550</top>
						<height>650</height>
						<aligny>bottom</aligny>
						<left>40</left>
						<width>500</width>
						<label>LABEL CoTRoL[CR]LABEL 1</label>
						<align>left</align>
					</control>
					<control type="image" id="23022">
						<height>940</height>
						<width>1740</width>
						<bordersize>50</bordersize>
						<aspectratio>keep</aspectratio>
						<texture colordiffuse="ff131313">artworkdiffuse/square.png</texture>
					</control>
				
				</control>
				
				
				<control type="group" id="2303">
					<height>940</height>
					<width>1740</width>
					
					<control type="button" id="23030">
						<font>Montserrat_ExtraBold_50</font>
						<height>950</height>
						<width>1740</width>
						<label>BUTTON CoTRoL[CR] 3 LABEL</label>
						<textcolor>$VAR[color_lib_text_main]</textcolor>
						<texturefocus colordiffuse="ff131313">colors/white50.png</texturefocus>
						<texturenofocus colordiffuse="ff131313">colors/white50.png</texturenofocus>
						<onfocus condition="!String.IsEmpty(Window(Home).Property(menucontrol_active))">ClearProperty(menucontrol_active,home)</onfocus>
						
								<onleft>23020</onleft>
								<onright>23010</onright>
						
						<onup>2200</onup>
						<ondown>2100</ondown>
					</control>
					<control type="label" id="23031">
						<font>font_Montserrat_18_extrabold</font>
						<top>550</top>
						<height>650</height>
						<aligny>bottom</aligny>
						<left>40</left>
						<width>500</width>
						<label>LABEL CoTRoL[CR]LABEL 1</label>
						<align>left</align>
					</control>
					<control type="image" id="23032">
						<height>940</height>
						<width>1740</width>
						<bordersize>50</bordersize>
						<aspectratio>keep</aspectratio>
						<texture colordiffuse="ff131313">artworkdiffuse/square.png</texture>
					</control>
				
				</control>
			</control>
		</control>
		
		<include content="HeaderBar">
			<param name="HasBGPanel" value="Skin.HasSetting(MediaWindow_UseHeaderBG)" />
		</include>
		<include content="PreMenucontrol" />
			
		<control type="group">
			<animation effect="slide" start="-450,0" end="0,0" time="300" tween="cubic" easing="inout">VisibleHidden</animation>
			<visible>String.IsEqual(Window(Home).Property(menucontrol_active),common)</visible>
			<include content="menucontrol_global" condition="String.IsEmpty(Window(home).Property(shortcutaction_inprogress))" />
		</control>
		
		
		<control type="image">
			<description>border round all - </description>
			<!-- <top>100</top>
			<left>100</left>
			<width>900</width>
			<height>200</height> -->
			<texture border="50" colordiffuse="00ffffff" diffuse="special://skin/extras/preventfromzip/themed/circle_100.png">special://skin/extras/preventfromzip/themed/white_100_hardedge.png</texture>
			<bordertexture border="50" colordiffuse="white" diffuse="special://skin/extras/preventfromzip/themed/bordercircle_100.png">special://skin/extras/preventfromzip/themed/white_100_hardedge.png</bordertexture>
			<bordersize>4</bordersize>
			<aspectratio scalediffuse="false">stretch</aspectratio>
		</control>
		
		<!-- <content>
						<item>
							<icon>defaultactor.png</icon>
							<thumb>defaultactor.png</thumb>
							<label>hidden youtube lookup prevent excesive calls by use system dle time</label>
							<visible>Integer.IsEqual(Container(999).NumItems,1) + system.idletime(5)</visible>
							<onclick>PlayMedia($INFO[Container(999).ListItem.FilenameAndPath])</onclick>
						</item>
						<item>
							<icon>defaultactor.png</icon>
							<thumb>special://skin/extras/preventfromzip/busy/skypishball.apng</thumb>
							<label>updating</label>
							<visible>Container(2100).IsUpdating</visible>
						</item>
					</content>
					 -->
					 
	<!--  'year' seemsd not valid - always do sortby title ( but working when window(playlist) is is active ) -->
					<!-- <content>special://skin/extras/preventfromzip/playlistvideo/Test_descendingByYear_nogrouping.xsp</content>  -->
						<!--
						videodb://movies/titles/?xsp=      {"limit":6,"order":{"direction":"descending","ignorefolders":0,"method":"year"},"rules":{"and":[{"field":"title","operator":"contains","value":["batman"]}]},"type":"movies"}
						videodb://movies/titles/?xsp=      %7b%22limit%22%3a6%2c%22order%22%3a%7b%22direction%22%3a%22descending%22%2c%22ignorefolders%22%3a0%2c%22method%22%3a%22year%22%7d%2c%22rules%22%3a%7b%22and%22%3a%5b%7b%22field%22%3a%22title%22%2c%22operator%22%3a%22contains%22%2c%22value%22%3a%5b%22batman%22%5d%7d%5d%7d%2c%22type%22%3a%22movies%22%7d
						 -->
		
	<!-- group actors	
					<content>special://skin/extras/preventfromzip/playlistvideo/Test_descendingByYearGroupACTOR.xsp</content> -->
					<!--
					videodb://movies/actors/-1/?xsp=			 {"group":{"mixed":false,"type":"actors"},"order":{"direction":"descending","ignorefolders":0,"method":"year"},"rules":{"and":[{"field":"title","operator":"contains","value":["batman"]}]},"type":"movies"}
					videodb://movies/actors/[ACTOR DB ID]/?xsp=  %7b%22group%22%3a%7b%22mixed%22%3afalse%2c%22type%22%3a%22actors%22%7d%2c%22order%22%3a%7b%22direction%22%3a%22descending%22%2c%22ignorefolders%22%3a0%2c%22method%22%3a%22year%22%7d%2c%22rules%22%3a%7b%22and%22%3a%5b%7b%22field%22%3a%22title%22%2c%22operator%22%3a%22contains%22%2c%22value%22%3a%5b%22batman%22%5d%7d%5d%7d%2c%22type%22%3a%22movies%22%7d	
					-->
<!-- 	group years				
					<content>special://skin/extras/preventfromzip/playlistvideo/Test_descendingByYearGroupYEAR.xsp</content> -->
					<!--
																{"group":{"mixed":false,"type":"years"},"order":{"direction":"descending","ignorefolders":0,"method":"title"},"rules":{"and":[{"field":"title","operator":"contains","value":["ba"]}]},"type":"movies"}
					videodb://movies/years/[YEAR DB ID]/?xsp=   %7b%22group%22%3a%7b%22mixed%22%3afalse%2c%22type%22%3a%22years%22%7d%2c%22order%22%3a%7b%22direction%22%3a%22descending%22%2c%22ignorefolders%22%3a0%2c%22method%22%3a%22title%22%7d%2c%22rules%22%3a%7b%22and%22%3a%5b%7b%22field%22%3a%22title%22%2c%22operator%22%3a%22contains%22%2c%22value%22%3a%5b%22ba%22%5d%7d%5d%7d%2c%22type%22%3a%22movies%22%7d
					
					-->
	<!-- intended special case for group - omit group - depending on setting (bool show sets, it l show setitems/folder  ) ,omit the group HERE is needed for correct results (rating 250 order)	WHEN OUTSIDE OF MYVIDEONAV/MYPLAYLIST
					<content>special://skin/extras/preventfromzip/playlistvideo/imdbtop250.xsp</content>  -->
					<!--
					e.g. either  videodb://movies/sets/[SETID]/?setid=[SETID]&amp;?xsp=[XSP]) or videodb://movies/titles/135?xsp=[xsp]
								{"limit":250,"order":{"direction":"ascending","ignorefolders":0,"method":"top250"},"rules":{"and":[{"field":"top250","operator":"isnot","value":["0"]}]},"type":"movies"}
								%7B%22limit%22%3A250%2C%22order%22%3A%7B%22direction%22%3A%22ascending%22%2C%22ignorefolders%22%3A0%2C%22method%22%3A%22top250%22%7D%2C%22rules%22%3A%7B%22and%22%3A%5B%7B%22field%22%3A%22top250%22%2C%22operator%22%3A%22isnot%22%2C%22value%22%3A%5B%220%22%5D%7D%5D%7D%2C%22type%22%3A%22movies%22%7D
					-->
	
	<!-- intended special case for group is set to 'none' , which is needed for correct results (rating 250 order) WHEN INSIDE MYPLAYLIST/VIDEONAV
		, BUT WRONG RESULTS WHEN USE IN OTHER  WINDOWS - GROUP TAGS WILL NOT WORK CORRECT IN THAT SPECIAL CASE 
					<content>special://skin/extras/preventfromzip/playlistvideo/imdbtop250_no folders.xsp</content> -->
					<!--
					videodb://movies/titles/  	{"group":{"mixed":false,"type":"none"},"limit":250,"order":{"direction":"ascending","ignorefolders":0,"method":"top250"},"rules":{"and":[{"field":"top250","operator":"isnot","value":["0"]}]},"type":"movies"}
					videodb://movies/titles/ 	?xsp=%7b%22group%22%3a%7b%22mixed%22%3afalse%2c%22type%22%3a%22none%22%7d%2c%22limit%22%3a250%2c%22order%22%3a%7b%22direction%22%3a%22ascending%22%2c%22ignorefolders%22%3a0%2c%22method%22%3a%22top250%22%7d%2c%22rules%22%3a%7b%22and%22%3a%5b%7b%22field%22%3a%22top250%22%2c%22operator%22%3a%22isnot%22%2c%22value%22%3a%5b%220%22%5d%7d%5d%7d%2c%22type%22%3a%22movies%22%7d
					-->
	<!-- 
		limit working, but sortmethods fail in videos/titles/ same count if load xsp file instead virtual
		<content>videodb://movies/titles/?xsp=%7B%22limit%22%3A3%2C%22order%22%3A%7B%22direction%22%3A%22ascending%22%2C%22method%22%3A%22premiered%22%7D%2C%22rules%22%3A%7B%22and%22%3A%5B%7B%22field%22%3A%22title%22%2C%22operator%22%3A%22contains%22%2C%22value%22%3A%5B%22bat%22%5D%7D%5D%7D%2C%22type%22%3A%22movies%22%7D</content>
	-->
	<!-- 
		limit and sortmethods workin in epsiodes - path = episode
				{"limit":2,"order":{"direction":"descending","method":"playcount"},"rules":{"and":[{"field":"tvshow","operator":"contains","value":["bates"]}]},"type":"episodes"}
				<content>videodb://tvshows/titles/-1/-1/?xsp=%7B%22limit%22%3A4%2C%22order%22%3A%7B%22direction%22%3A%22descending%22%2C%22method%22%3A%22playcount%22%7D%2C%22rules%22%3A%7B%22and%22%3A%5B%7B%22field%22%3A%22tvshow%22%2C%22operator%22%3A%22contains%22%2C%22value%22%3A%5B%22bates%22%5D%7D%5D%7D%2C%22type%22%3A%22episodes%22%7D</content>
	-->
		
		<include content="swan_debug_overlay">
			<param name="textleft" value="$INFO[Container(999).ListItem.FilenameAndPath]
listitem.filenameandpath :  $INFO[listitem.filenameandpath]
  listitem.Path :  $INFO[listitem.path]
  ListItem.FolderPath :  $INFO[ListItem.FolderPath]
  ListItem.FolderName :  $INFO[ListItem.FolderName]
  listitem.dbid :  $INFO[listitem.dbid]
  listitem.tvshowdbid :  $INFO[listitem.tvshowdbid]
  listitem.setid :  $INFO[listitem.setid]
  listitem.uniquiid() • imdb :  $INFO[listitem.uniqueid(imdb)]  -  themoviedb :  $INFO[listitem.uniqueid(themoviedb)]  -  tmdb :  $INFO[listitem.uniqueid(tmdb)]  -  anidb :  $INFO[listitem.uniqueid(anidb)]  -  tvdb :  $INFO[listitem.uniqueid(tvdb)]  -  trakt :  $INFO[listitem.uniqueid(trakt)]  - tvrage :  $INFO[listitem.uniqueid(tvrage)]  -  tvmaze :  $INFO[listitem.uniqueid(tvmaze)]

Container.Content  :  $INFO[Container.Content]  ; Container.ListItem.dbtype  :  $INFO[ Container.ListItem.dbtype]
Container.PluginName :  $INFO[Container.PluginName]  -  Container.PluginCategory  :  $INFO[Container.PluginCategory]
Container.Viewmode :  $INFO[Container.Viewmode]  -  Container.ViewCount  :  $INFO[Container.ViewCount]
Container.FolderPath :  $INFO[Container.FolderPath]
Container.Totaltime  :  $INFO[Container.Totaltime]
Container().ListItemAbsolute(0).label :  $INFO[Container().ListItemAbsolute(0).label] 

[B]HiddenContainer byid container(2000)[/B] : $INFO[container(2000).listitem.dbid,container 2000 dbid :    ,    ]   $INFO[container(2000).listitem.dbtype,container 2000 dbtype :    ,    ]   $INFO[container(2000).listitem.label,container 2000 label :    ,    ]
SHORTCUT ONLY: $INFO[Window(home).Property(shortcutitem_nr),- window Prop Shortcuts ,]$INFO[Window(home).Property(shortcutaction_inprogress), - window Prop shortcutaction_inprogress ,]

SKINNED PROPS SET ON FOCUS
  $VAR[debug_trailer_available,VAR Trailer:  ,]
  $INFO[Window(home).Property(listitemtrailer), listitemtrailer ,     |    ]$INFO[Window(home).Property(dbid),  dbid :,  ]$INFO[Window(home).Property(rating),  rating :,  ]$INFO[Window(home).Property(totalseasons),  totalseasons :,  ]$INFO[Window(home).Property(totalepisodes),  totalepisodes ,]$INFO[Window(home).Property(status),  status :,  ]

$INFO[ListItem.UserRating, userrating :,  ]$INFO[ListItem.Rating, rating :,  ]$INFO[ListItem.Rating(themoviedb), rating(themoviedb) :,  ]$INFO[ListItem.Rating(imdb), rating(imdb) :,  ]$INFO[ListItem.Rating(tvdb), rating(tvdb) :,  ]$INFO[ListItem.Rating(metacritic), rating(metacritic) :,  ]$INFO[ListItem.Rating(tomatometerallaudience), rating(tomatometerallaudience) :,  ]$INFO[ListItem.Rating(tomatometerallcritics), rating(tomatometerallcritics) :,  ]$INFO[ListItem.Rating(tomatometeravgaudience), rating(tomatometeravgaudience) :,  ]$INFO[ListItem.Rating(tomatometeraavgcritics), rating(tomatometeraavgcritics) :,  ]

 ListItem.ActualIcon : $INFO[ListItem.ActualIcon]
             ListItem.Icon : $INFO[ListItem.Icon]
ListItem.Art(thumb) : $INFO[ListItem.Art(thumb)]
Container.Art(fanart) : $INFO[Container.Art(fanart)]
ListItem.Art(fanart) : $INFO[ListItem.Art(fanart)]
ListItem.Art(tvshow.fanart) : $INFO[ListItem.Art(tvshow.fanart)]
ListItem.Art(artist.fanart) : $INFO[ListItem.Art(artist.fanart)]
ListItem.Art(albumartist.fanart) : $INFO[ListItem.Art(albumartist.fanart)]
Container.ListItem.Art(fanart) : $INFO[Container.ListItem.Art(fanart)]
Container.ListItem.Art(tvshow.fanart) : $INFO[Container.ListItem.Art(tvshow.fanart)]
Container.ListItem.Art(artist.fanart) : $INFO[Container.ListItem.Art(artist.fanart)]
Container.ListItem.Art(albumartist.fanart) : $INFO[Container.ListItem.Art(albumartist.fanart)]
"/>
</include>
	</controls>
</window>