<?xml version="1.0" encoding="UTF-8" standalone="yes"?>
<addon id="repository.marduk" name="Marduk's KODI repository" provider-name="marduk" version="1.0.8">
	<requires>
		<import addon="xbmc.addon" version="12.0.0"/>
	</requires>
	<extension name="Marduk's KODI repository" point="xbmc.addon.repository">
		<dir>
			<info compressed="false">https://raw.githubusercontent.com/marduklev/kodi_repo/main/independent/addons.xml</info>
			<checksum>https://raw.githubusercontent.com/marduklev/kodi_repo/main/independent/addons.xml.md5</checksum>
			<datadir zip="true">https://raw.githubusercontent.com/marduklev/kodi_repo/main/independent/</datadir>
		</dir>
		<dir maxversion="18.9.000">
			<info compressed="false">https://raw.githubusercontent.com/marduklev/kodi_repo/main/py2/addons.xml</info>
			<checksum>https://raw.githubusercontent.com/marduklev/kodi_repo/main/py2/addons.xml.md5</checksum>
			<datadir zip="true">https://raw.githubusercontent.com/marduklev/kodi_repo/main/py2/</datadir>
		</dir>
		<dir minversion="18.9.701">
			<info compressed="false">https://raw.githubusercontent.com/marduklev/kodi_repo/main/py3/addons.xml</info>
			<checksum>https://raw.githubusercontent.com/marduklev/kodi_repo/main/py3/addons.xml.md5</checksum>
			<datadir zip="true">https://raw.githubusercontent.com/marduklev/kodi_repo/main/py3/</datadir>
		</dir>
		<dir minversion="19.90.101">
			<info compressed="false">https://raw.githubusercontent.com/marduklev/kodi_repo/main/nexus/addons.xml</info>
			<checksum>https://raw.githubusercontent.com/marduklev/kodi_repo/main/nexus/addons.xml.md5</checksum>
			<datadir zip="true">https://raw.githubusercontent.com/marduklev/kodi_repo/main/nexus/</datadir>
		</dir>
		<dir minversion="18.9.701" maxversion="19.90.000">
			<info compressed="false">https://raw.githubusercontent.com/marduklev/kodi_repo/main/matrix/addons.xml</info>
			<checksum>https://raw.githubusercontent.com/marduklev/kodi_repo/main/matrix/addons.xml.md5</checksum>
			<datadir zip="true">https://raw.githubusercontent.com/marduklev/kodi_repo/main/matrix/</datadir>
		</dir>
		<dir minversion="17.9.910" maxversion="18.9.000">
			<info compressed="false">https://raw.githubusercontent.com/marduklev/kodi_repo/main/leia/addons.xml</info>
			<checksum>https://raw.githubusercontent.com/marduklev/kodi_repo/main/leia/addons.xml.md5</checksum>
			<datadir zip="true">https://raw.githubusercontent.com/marduklev/kodi_repo/main/leia/</datadir>
		</dir>
		<dir maxversion="17.6.000">
			<info compressed="false">https://raw.githubusercontent.com/marduklev/kodi_repo/main/krypton/addons.xml</info>
			<checksum>https://raw.githubusercontent.com/marduklev/kodi_repo/main/krypton/addons.xml.md5</checksum>
			<datadir zip="true">https://raw.githubusercontent.com/marduklev/kodi_repo/main/krypton/</datadir>
		</dir>
	</extension>
	<extension point="xbmc.addon.metadata">
		<summary lang="en">Kodi repository - Home of Titan M O D and Skin S W A N</summary>
		<description lang="en">Kodi repository - Home of Titan M O D and Skin S W A N</description>
		<platform>all</platform>
		<assets>
			<icon>resources/icon.png</icon>
			<fanart>resources/fanart.jpg</fanart>
		</assets>
	</extension>
</addon>