<?xml version="1.0" encoding="UTF-8"?>
<includes>
	<include file="swan_defaults.xml" />
	<include file="swan_debug.xml" />
	<include file="swan_fonts.xml" />
	<include file="swan_expressions.xml" />
	<include file="swan_constants.xml" />
	<include file="swan_colors.xml" />
	<include file="swan_variables.xml" />
	<include file="swan_animations.xml" />
	<include file="swan_containers.xml" />
	<include file="swan_weather.xml" />
	
	<include file="swan_skinsettings.xml" />
	<include file="swan_backgroundbuilding.xml" />
	<include file="swan_menucontrol.xml" />
	<include file="swan_mediaflags.xml" />
	<include file="swan_player.xml" />
	<include file="swan_player_popups.xml" />
	
	<include file="swan_widget_shortcuts.xml" />
	
	<include file="swan_home.xml" />
	<include file="swan_home_widgets.xml" />
	
	<include file="swan_search.xml" />
	<include file="swan_hub.xml" />
	
	<include file="swan_dialog_musicinfo.xml" />
	<include file="swan_dialog_videoinfo.xml" />
	
	<include file="swan_views.xml" />
	<include file="swan_view_50.xml" />
	<include file="swan_view_51_52_53_54.xml" />
	<include file="swan_view_56.xml" />
	<include file="swan_view_510_511_512_513.xml" />
	<!-- spotlight colors -->
	<include file="swan_view_58.xml" />
	<include file="swan_view_502.xml" />
	<include file="swan_view_503_504.xml" />
	
	<include name="left_width">
		<left>$PARAM[left]</left><width>$PARAM[width]</width>
		<nested />
	</include>
	<!-- Layout Positioning -->
	<include name="height">
		<height>$PARAM[height]</height>
	</include>
	<include name="width">
		<width>$PARAM[width]</width>
	</include>
	<include name="pos_left">
		<param name="left" default="0" />
		<definition>
			<left>$PARAM[left]</left>
		</definition>
	</include>
	<include name="pos_right">
		<param name="right" default="0" />
		<definition>
			<right>$PARAM[right]</right>
		</definition>
	</include>
	<include name="pos_alignx">
		<param name="align" default="left" />
		<definition>
			<align>$PARAM[align]</align>
		</definition>
	</include>
	<include name="pos_top">
		<top>$PARAM[top]</top>
	</include>
	
	
	<include name="icon_button">
		<param name="color_fo" default="$VAR[color_profilelogin_text_main]" />
		<param name="color_nf" default="$VAR[color_profilelogin_text_secondary]" />
		<definition>
		<focusedcolor />
		<textcolor />
		<disabledcolor />
		<label />
		<width>$PARAM[diameter]</width>
		<height>$PARAM[diameter]</height>
		<texturefocus colordiffuse="$PARAM[color_fo]">$PARAM[texture]</texturefocus>
		<texturenofocus colordiffuse="$PARAM[color_nf]">$PARAM[texture]</texturenofocus>
		</definition>
	</include>
	
	<include name="bg_gradientmulticolor">
		<param name="layer1_top" default="$VAR[color_hub_menu_panel_gradienttop]" />
		<param name="layer1_bottom" default="$VAR[color_hub_menu_panel_gradientcenter]" />
		<param name="layer2" default="$VAR[color_hub_menu_panel_gradientbottom]" />
		<definition>
			<control type="image">
				<texture flipy="true" colordiffuse="$PARAM[layer1_bottom]">diffuse/gradienttoplinear50.png</texture>
				<bordertexture colordiffuse="$PARAM[layer1_top]">diffuse/gradienttoplinear100.png</bordertexture>
				<aspectratio>stretch</aspectratio>
			</control>
			<control type="image">
				<texture colordiffuse="$PARAM[layer2]" flipy="true">diffuse/gradienttoplinear50.png</texture>
				<aspectratio>stretch</aspectratio>
			</control>
		</definition>
	</include>
	<include name="DefaultDialogButton">
		<param name="width">300</param>
		<param name="height">100</param>
		<param name="wrapmultiline">false</param>
		<param name="font">font25_title</param>
		<param name="visible">true</param>
		<definition>
			<control type="button" id="$PARAM[id]">
				<width>$PARAM[width]</width>
				<height>$PARAM[height]</height>
				<label>$PARAM[label]</label>
				<font>$PARAM[font]</font>
				<textoffsetx>30</textoffsetx>
				<wrapmultiline>$PARAM[wrapmultiline]</wrapmultiline>
				<align>center</align>
				<visible>$PARAM[visible]</visible>
			</control>
		</definition>
	</include>
	
	<include name="HiddenObject">
		<left>-3000</left>
		<top>-3000</top>
		<width>1</width>
		<height>1</height>
		<texturefocus />
		<texturenofocus />
		<label />
		<font />
	</include>
	
	<include name="HiddenContainer">
		<left>-3000</left>
		<top>-3000</top>
		<width>1</width>
		<height>1</height>
		<itemlayout height="10" width="10" />
		<focusedlayout height="10" width="10" />
	</include>
	
	<include name="FullScreenDimensions">
		<width>100%</width>
		<height>100%</height>
	</include>
	
	<include name="spacer_h">
		<param name="id" />
		<param name="gap" default="30" />
		<param name="visible" default="true" />
		<definition>
			<control type="label" id="$PARAM[id]">
				<visible>$PARAM[visible]</visible>
				<height>$PARAM[gap]</height>
				<font />
				<textcolor />
			</control>
		</definition>
	</include>
	<include name="spacer_w">
		<param name="id" />
		<param name="gap" default="30" />
		<param name="visible" default="true" />
		<definition>
			<control type="label" id="$PARAM[id]">
				<visible>$PARAM[visible]</visible>
				<width>$PARAM[gap]</width>
				<font />
				<textcolor />
			</control>
		</definition>
	</include>
	
	<include name="DiscArt">
		<param name="prefix" default="ListItem"/>
		<definition>
		<control type="image">
			<nested />
			<width>$PARAM[size]</width>
			<height>$PARAM[size]</height>
			<texture background="true" diffuse="diffuse/compactdisk.png">$VAR[$PARAM[prefix]Art_Discart]</texture>
			<aspectratio scalediffuse="false" align="center" aligny="center">keep</aspectratio>
		</control>
		</definition>
	</include>
	
	
	 <variable name="MovieGenreIconVarList">
       <value condition="Skin.String(MovieGenreIconPack.path,resource://resource.images.moviegenreicons.poster/)">resource://resource.images.moviegenreicons.poster/$INFO[ListItem.Label].jpg</value>
       <value condition="Skin.String(MovieGenreIconPack.path,resource://resource.images.moviegenreicons.coloured/)">resource://resource.images.moviegenreicons.coloured/$INFO[ListItem.Label].jpg</value>
       <value condition="Skin.String(MovieGenreIconPack.path,resource://resource.images.moviegenreicons.white/)">resource://resource.images.moviegenreicons.white/$INFO[ListItem.Label].jpg</value>
       <value condition="Skin.String(MovieGenreIconPack.path,resource://resource.images.moviegenreicons.transparent/)">resource://resource.images.moviegenreicons.transparent/$INFO[ListItem.Label].jpg</value>
       <value condition="Skin.String(MovieGenreIconPack.path,resource://resource.images.moviegenreicons.grey/)">resource://resource.images.moviegenreicons.grey/$INFO[ListItem.Label].jpg</value>
       <value condition="Skin.String(MovieGenreIconPack.path,resource://resource.images.moviegenreicons.filmstrip/)">resource://resource.images.moviegenreicons.filmstrip/$INFO[ListItem.Label].jpg</value>
       <value condition="Skin.String(MovieGenreIconPack.path,resource://resource.images.moviegenreicons.arctic.zephyr/)">resource://resource.images.moviegenreicons.arctic.zephyr/$INFO[ListItem.Label].png</value>
       <value condition="Skin.String(MovieGenreIconPack.path,resource://resource.images.moviegenreicons.xzener-flat/)">resource://resource.images.moviegenreicons.xzener-flat/$INFO[ListItem.Label].png</value>
       <value condition="Skin.String(MovieGenreIconPack.path,resource://resource.images.moviegenreicons.xzener-reflection/)">resource://resource.images.moviegenreicons.xzener-reflection/$INFO[ListItem.Label].png</value>
       <value condition="Skin.String(MovieGenreIconPack.path,resource://resource.images.moviegenreicons.arctic.zephyr/)">resource://resource.images.moviegenreicons.arctic.zephyr/$INFO[ListItem.Label].png</value>
       <value condition="Skin.String(MovieGenreIconPack.path)">http://localhost:52307/getvarimage&amp;title=$INFO{Skin.String(MovieGenreIconPack.path)}$INFO[ListItem.Label]$INFO{Skin.String(MovieGenreIconPack.ext)}&amp;fallback=DefaultGenre.png</value>
       <value>DefaultGenre.png</value>
     </variable>
	   <variable name="MusicGenreIconVarList">
       <value condition="Skin.String(MusicGenreIconPack.path,resource://resource.images.musicgenreicons.text/)">resource://resource.images.musicgenreicons.text/$INFO[ListItem.Label].jpg</value>
       <value condition="Skin.String(MusicGenreIconPack.path,resource://resource.images.musicgenreicons.grey/)">resource://resource.images.musicgenreicons.grey/$INFO[ListItem.Label].jpg</value>
       <value condition="Skin.String(MusicGenreIconPack.path,resource://resource.images.musicgenreicons.poster/)">resource://resource.images.musicgenreicons.poster/$INFO[ListItem.Label].jpg</value>
       <value condition="Skin.String(MusicGenreIconPack.path,resource://resource.images.musicgenreicons.coloured/)">resource://resource.images.musicgenreicons.coloured/$INFO[ListItem.Label].jpg</value>
       <!-- last resort: use webservice - will only work for non-texture packed resource addons or manual folders -->
       <value condition="Skin.String(MusicGenreIconPack.path)">http://localhost:52307/getvarimage&amp;title=$INFO{Skin.String(MusicGenreIconPack.path)}$INFO[ListItem.Label]$INFO{Skin.String(MusicGenreIconPack.ext)}&amp;fallback=DefaultGenre.png</value>
       <value>DefaultGenre.png</value>
     </variable>

</includes>
