<?xml version="1.0" encoding="utf-8"?>
<window id="1103" type="dialog">
	<defaultcontrol always="true">110</defaultcontrol>
	<onunload condition="String.IsEmpty(Window(home).Property(shortcutaction_inprogress)) + !String.IsEmpty(Window(home).Property(shortcutitem_nr))">ClearProperty(shortcutitem_nr,home)</onunload>
	<onunload condition="!String.IsEmpty(Window(home).Property(mainmenu_nr))">ClearProperty(mainmenu_nr,home)</onunload>
	<onunload>ClearProperty(SettingSection,home)</onunload>
	<controls>
		<control type="group">
			<include>global_background</include>
		</control>
		<control type="grouplist">
			<visible>!Window.IsVisible(selectdialog) + !Window.IsVisible(numericinput) + !Window.IsVisible(virtualkeyboard)</visible>
			<include>Animation_OpenClose_FadeZoom</include>
			<left>5%</left>
			<width>90%</width>
			<top>15%</top>
			<height max="80%">auto</height>
			<orientation>vertical</orientation>
			<itemgap>50</itemgap>
			<align>center</align>
			
			<control type="group">
				<height>640</height>
				
				<control type="image">
					<texture colordiffuse="ff000000">colors/white10.png</texture>
				</control>
				
				<control type="label">
					<top>-80</top>
					<width>100%</width>
					<height>60</height>
					<aligny>center</aligny>
					<textoffsetx>5</textoffsetx>
					<textcolor>white</textcolor>
					<label>$VAR[1103_header]</label>
				</control>
				<control type="grouplist" id="110">
					<description>using $PARAM[win(home)prop], or just $INFO[win(home)prop] failing in include so use as condition</description>
					<centerleft>50%</centerleft>
					<top>10</top>
					<right>50</right>
					<height>620</height>
					<onback condition="!String.IsEmpty(Window(home).Property(shortcutitem_nr))">ClearProperty(shortcutitem_nr,home)</onback>
					<onback condition="!String.IsEmpty(Window(home).Property(shortcutaction_inprogress))">ClearProperty(SetShortcutInProgress,home)</onback>
					<onup>110</onup>
					<onleft>200</onleft>
					<onright condition="Control.IsVisible(60)">60</onright>
					<onright condition="!Control.IsVisible(60)">200</onright>
					<ondown>200</ondown>
					<pagecontrol>60</pagecontrol>
					<include condition="String.IsEqual(Window(home).Property(SettingSection),ViewSelect_MediaWindow)">1103_Content_ViewSelect_MediaWindow</include>
					<include condition="String.IsEqual(Window(home).Property(SettingSection),SwanWidgetShortcuts)">1103_Content_SwanWidgetShortcuts</include>
					<include condition="String.IsEqual(Window(home).Property(SettingSection),WidgetAttributes)">1103_Content_WidgetAttributes</include>
					<include condition="String.IsEqual(Window(home).Property(SettingSection),MainmenuAttributes)">1103_Content_MainmenuAttributes</include>
					<include condition="String.IsEqual(Window(home).Property(SettingSection),ShutdownmenuAttributes)">1103_Content_ShutdownmenuAttributes</include>
					<include condition="String.IsEqual(Window(home).Property(SettingSection),MainmenuLinkWidget)">1103_Content_MainmenuLinkWidget</include>
					<include condition="String.IsEqual(Window(home).Property(SettingSection),VideoInfoButtonVisibility)">1103_Content_VideoInfoButtonVisibility</include>
					<include condition="String.IsEqual(Window(home).Property(SettingSection),StillWatchingAction)">1103_Content_StillWatchingAction</include>
					<include condition="String.IsEqual(Window(home).Property(SettingSection),VideoInfoContainerVisibility)">1103_Content_VideoInfoContainerVisibility</include>
					<include condition="String.IsEqual(Window(home).Property(SettingSection),LibrarySearchContainerVisibility)">1103_Content_LibrarySearchContainerVisibility</include>
					<include condition="String.IsEqual(Window(home).Property(SettingSection),SetBlurStrength)">1103_Content_SetBlurStrength</include>
				</control>

				<control type="scrollbar" id="60">
					<right>10</right>
					<top>10</top>
					<bottom>10</bottom>
					<onleft>110</onleft>
					<onright>200</onright>
				</control>
			
			</control>
			
			<control type="grouplist" id="200">
				<height>50</height>
				<width>100%</width>
				<orientation>horizontal</orientation>
				<itemgap>5</itemgap>
				<align>center</align>
				<onright condition="Control.IsVisible(60)">60</onright>
				<onright condition="!Control.IsVisible(60)">110</onright>
				<onleft>110</onleft>
				<control type="button" id="201">
					<width>auto</width>
					<label>[B]$LOCALIZE[15067][/B]</label>
					<onup>110</onup>
					<onclick>Dialog.Close(1103)</onclick>
					<onclick condition="!String.IsEmpty(Window(home).Property(shortcutitem_nr))">ClearProperty(shortcutitem_nr,home)</onclick>
					<onclick condition="!String.IsEmpty(Window(home).Property(shortcutaction_inprogress))">ClearProperty(shortcutaction_inprogress,home)</onclick>
				</control>
			</control>
		</control>
		<include condition="Skin.HasSetting(SwanDebug)" content="swan_debug_overlay">
			<param name="nested_debuginfo" value="" />
		</include>
	</controls>
</window>