<?xml version="1.0" encoding="UTF-8"?>
<window>
	<include content="media_window_attributes">
		<param name="view_ids" value="50,51,52,53,54" />
	</include>

	<controls>
		
		<!-- native GUI Buttons -->
		<control type="button" id="2">
			<visible>Control.IsEnabled(2)</visible>
			<include content="HiddenObject" />
		</control>
		<control type="button" id="3">
			<visible>Control.IsEnabled(3)</visible>
			<include content="HiddenObject" />
		</control>
		<control type="togglebutton" id="4">
			<visible>Control.IsEnabled(4)</visible>
			<include content="HiddenObject" />
		</control>
		<control type="group">
			<include>global_background</include>
		</control>
		
		<include content="mediawindow_layout">
			<param name="window" value="videos" />
		</include>
		
		<include content="swan_debug_overlay">
			<param name="textleft" value="listitem.filenameandpath :  $INFO[listitem.filenameandpath]
  listitem.Path :  $INFO[listitem.path]
  ListItem.FolderPath :  $INFO[ListItem.FolderPath]
  ListItem.FolderName :  $INFO[ListItem.FolderName]
  listitem.dbid :  $INFO[listitem.dbid]
  listitem.tvshowdbid :  $INFO[listitem.tvshowdbid]
  listitem.setid :  $INFO[listitem.setid]
  listitem.uniquiid() • imdb :  $INFO[listitem.uniqueid(imdb)]  -  themoviedb :  $INFO[listitem.uniqueid(themoviedb)]  -  tmdb :  $INFO[listitem.uniqueid(tmdb)]  -  anidb :  $INFO[listitem.uniqueid(anidb)]  -  tvdb :  $INFO[listitem.uniqueid(tvdb)]  -  trakt :  $INFO[listitem.uniqueid(trakt)]  - tvrage :  $INFO[listitem.uniqueid(tvrage)]  -  tvmaze :  $INFO[listitem.uniqueid(tvmaze)]
ListItem.ChannelName  $INFO[ListItem.ChannelName]
listitem.art
ListItem.ActualIcon : $INFO[ListItem.ActualIcon]
ListItem.Icon : $INFO[ListItem.Icon]
ListItem.Art(thumb) : $INFO[ListItem.Art(thumb)]
Container.Art(fanart) : $INFO[Container.Art(fanart)]
ListItem.Art(fanart) : $INFO[ListItem.Art(fanart)]
ListItem.Art(tvshow.fanart) : $INFO[ListItem.Art(tvshow.fanart)]
ListItem.Art(artist.fanart) : $INFO[ListItem.Art(artist.fanart)]
ListItem.Art(albumartist.fanart) : $INFO[ListItem.Art(albumartist.fanart)]
Container.ListItem.Art(fanart) : $INFO[Container.ListItem.Art(fanart)]
Container.ListItem.Art(tvshow.fanart) : $INFO[Container.ListItem.Art(tvshow.fanart)]
Container.ListItem.Art(artist.fanart) : $INFO[Container.ListItem.Art(artist.fanart)]
Container.ListItem.Art(albumartist.fanart) : $INFO[Container.ListItem.Art(albumartist.fanart)]
"/>
</include>
	</controls>
</window>


