<?xml version="1.0" encoding="UTF-8"?>
<window>
	<onload condition="!Skin.HasSetting(initial_startup_done)">Close</onload>
	<onload condition="Skin.HasSetting(Shutdown_BlurBG)">RunScript(script.embuary.helper,action=blurimg,file='"$VAR[FanartBackground]"',prop=dialogbuttonbg,radius=3)</onload>
	<!-- 
	<onunload>ClearProperty(dialogbuttonbg_blurred,home)</onunload>
	<onunload>ClearProperty(dialogbuttonbg_color,home)</onunload>
	-->
	<defaultcontrol always="true">6000</defaultcontrol>
	<controls>
		<control type="group">
		<animation effect="fade" end="0" time="0" condition="!Skin.HasSetting(initial_startup_done)">conditional</animation>
	
			<include content="Animation_OpenClose_Slide">
				<param name="slide_start" value="0,0" />
				<param name="slide_end" value="0,0" />
			</include>
			
			<control type="group">
				<visible>!Window.IsMedia | !Skin.HasSetting(Shutdown_BlurBG)</visible>
				<control type="image">
					<texture colordiffuse="$VAR[color_shutdown_dimmed_background]">colors/white70.png</texture>
					<aspectratio>stretch</aspectratio>
				</control>
				<control type="image">
					<centertop>50%</centertop>
					<height>320</height>
					<texture colordiffuse="$VAR[color_shutdown_dimmed_background]">colors/white90.png</texture>
				</control>
			</control>
			
			<control type="group">
				<visible>Window.IsMedia + Skin.HasSetting(Shutdown_BlurBG)</visible>
				<control type="image">
					<texture>$VAR[FanartBackground]</texture>
				</control>
				<control type="image">
					<texture diffuse="diffuse/border320horcenter.png">$INFO[Window(home).Property(dialogbuttonbg_blurred)]</texture>
				</control>
				<control type="image">
					<texture colordiffuse="$VAR[color_shutdown_dimmed_background]">colors/white80.png</texture>
				</control>
			</control>
			
			<control type="image">
				<description>may get issue on aspect ratio switch</description>
				<centertop>50%</centertop>
				<height>320</height>
				<bordertexture colordiffuse="$VAR[Button_selected]" border="0,0,0,6">frames/borderbottom.png</bordertexture>
				<texture flipy="true" colordiffuse="$VAR[Button_selected]" border="0,6,0,0">frames/borderbottom.png</texture>
			</control>
			
			<control type="group">
				<description>time and date weather - CREATE include as info and labels always reamains the same</description>
				<centerleft>50%</centerleft>
				<top>250</top>
				<width>60%</width>
				<height>100%</height>
				
				<control type="label">
					<width>100%</width>
					<height>50</height>
					<align>center</align>
					<info>System.Time</info>
					<font>font_clockbig</font>
					<textcolor>$VAR[color_shutdown_item_nf]</textcolor>
				</control>
				<control type="label">
					<top>80</top>
					<width>100%</width>
					<height>20</height>
					<align>center</align>
					<info>System.Date</info>
					<font>Header_Dialog</font>
					<textcolor>$VAR[color_shutdown_item_fo]</textcolor>
				</control>
				
				<control type="grouplist">
					<top>-220</top>
					<orientation>vertical</orientation>
					<itemgap>0</itemgap>
					<visible>[!String.Contains(Weather.Temperature,$LOCALIZE[503]) + [!String.IsEqual(Weather.fanartcode,na) + Weather.IsFetched]]</visible>
					<control type="image">
						<height>150</height>
						<texture colordiffuse="$VAR[color_shutdown_item_fo]">$INFO[Weather.FanartCode,resource://resource.images.weathericons.outline-hd/,.png]</texture>
						<aspectratio align="center">keep</aspectratio>
					</control>
					<control type="label">
						<align>center</align>
						<label>$INFO[Weather.Temperature]</label>
						<font>font25_title</font>
						<textcolor>$VAR[color_shutdown_item_fo]</textcolor>
					</control>
				</control>
			
			</control>
			
			<control type="group">
				<centerleft>51%</centerleft>
				<centertop>50%</centertop>
				<width>98%</width>
				<height>300</height>
				<include content="container_layout_icon">
					<param name="containertype" value="list" />
					<param name="movement" />
					<param name="focusposition" />
					<param name="id" value="6000" />
					<param name="visible" value="Integer.IsGreater(Container(6000).NumItems,0) | Container(6000).IsUpdating" />
					<param name="builtin_window" value="shutdown" />
					<include>shutdownmenu_content</include>	
				</include>
			
			</control>
		</control>
	</controls>
</window>


