<?xml version="1.0" encoding="UTF-8"?>
<window>
	<animation effect="fade" start="0" end="100" time="350">WindowOpen</animation>
	<defaultcontrol always="true">9000</defaultcontrol>
<!-- 	1.57 SmartPlaylistRule.xml

smartplaylistrule 	WINDOW_DIALOG_SMART_PLAYLIST_RULE 	10137 	SmartPlaylistRule.xml 

ID 	Type 	Description
15 	button 	Select field (director, duration, video resolution, etc...)
16 	button 	Select operator (is, is not, less than, etc...)
17 	edit 	Enter a value the rule should match
18 	button 	OK button
19 	button 	Cancel button
20 	button 	Browse button  
-->
	<controls>
		<!-- $LOCALIZE[10137] •  -->
		<control type="label">
			<top>370</top>
			<align>center</align>
			<height>35</height>
			<font>font_Montserrat_24_extrabold</font>
			<label>$LOCALIZE[21422]</label>
		</control>
				
		<control type="grouplist" id="9000">
			<orientation>horizontal</orientation>
			<itemgap>10</itemgap>
			<align>center</align>
			<centerleft>50%</centerleft>
			<width>80%</width>
			<top>425</top>
			<onup>9001</onup>
			<ondown>9001</ondown>
			
			<control type="button" id="15">
				<description>set rule FIELD</description>
				<width>460</width>
			</control>
			<control type="button" id="16">
				<width>450</width>
				<description>set rule OPERATOR</description>
				<width>460</width>
			</control>
			<control type="radiobutton" id="20">
				<description>set MATCH - FIELDvalue based Browse for OPERATORS</description>
				<width>50</width>
				<height>50</height>
				<label />
				<radioposx>10</radioposx>
				<radiowidth>30</radiowidth>
				<radioheight>30</radioheight>
				<textureradioonfocus colordiffuse="$VAR[color_global_button_text_fo]">resource://resource.images.skin.swan/tempfoldersqaurethumbs/search.png</textureradioonfocus>
				<textureradioonnofocus colordiffuse="$VAR[color_global_button_text_nf]">resource://resource.images.skin.swan/tempfoldersqaurethumbs/search.png</textureradioonnofocus>
				<textureradioofffocus colordiffuse="$VAR[color_global_button_text_fo]">resource://resource.images.skin.swan/tempfoldersqaurethumbs/search.png</textureradioofffocus>
				<textureradiooffnofocus colordiffuse="$VAR[color_global_button_text_nf]">resource://resource.images.skin.swan/tempfoldersqaurethumbs/search.png</textureradiooffnofocus>
				<visible>Control.IsEnabled(20)</visible>
				<align>center</align>
			</control>
			<control type="edit" id="17">
				<onup>20</onup>
				<width>450</width>
				<height>50</height>
				<font>debugtiny</font>
				<hinttext>[B]...[/B]</hinttext>
			</control>
		</control>
		<control type="grouplist" id="9001">
			<orientation>horizontal</orientation>
			<bottom>20</bottom>
			<align>center</align>
			<aligny>bottom</aligny>
			<centerleft>50%</centerleft>
			<height>60</height>
			<width>620</width>
			<itemgap>20</itemgap>
			<onup>9000</onup>
			<ondown>9000</ondown>
			<control type="button" id="18">
				<font>font_Montserrat_24_extrabold</font>
				<label>$LOCALIZE[14070]</label>
				<align>center</align>
				<width>300</width>
				<height>60</height>
			</control>
			<control type="button" id="19">
				<font>font_Montserrat_24_extrabold</font>
				<label>$LOCALIZE[222]</label>
				<align>center</align>
				<width>300</width>
				<height>60</height>
			</control>
		</control>
		
	</controls>
</window>
