<?xml version="1.0" encoding="utf-8"?>
<window>
<!-- 	
1.52 SettingsProfile.xml
ID 	Type 		Description
2 	container 	List of available profiles
4 	button 		Enable the loginscreen
5 	button 		Auto login  
-->
	<defaultcontrol always="true">100</defaultcontrol>
	<menucontrol>9000</menucontrol>

	<onload condition="!String.IsEmpty(Skin.String(profile_01_thumb))">Skin.Reset(profile_01_thumb)</onload>
	<onload condition="!String.IsEmpty(Skin.String(profile_01_label))">Skin.Reset(profile_01_label)</onload>
	<onload condition="!String.IsEmpty(Skin.String(profile_02_thumb))">Skin.Reset(profile_02_thumb)</onload>
	<onload condition="!String.IsEmpty(Skin.String(profile_02_label))">Skin.Reset(profile_02_label)</onload>
	<onload condition="!String.IsEmpty(Skin.String(profile_03_thumb))">Skin.Reset(profile_03_thumb)</onload>
	<onload condition="!String.IsEmpty(Skin.String(profile_03_label))">Skin.Reset(profile_03_label)</onload>
	<onload condition="!String.IsEmpty(Skin.String(profile_04_thumb))">Skin.Reset(profile_04_thumb)</onload>
	<onload condition="!String.IsEmpty(Skin.String(profile_04_label))">Skin.Reset(profile_04_label)</onload>
	<onload condition="!String.IsEmpty(Skin.String(profile_05_thumb))">Skin.Reset(profile_05_thumb)</onload>
	<onload condition="!String.IsEmpty(Skin.String(profile_05_label))">Skin.Reset(profile_05_label)</onload>
	<onload condition="!String.IsEmpty(Skin.String(profile_06_thumb))">Skin.Reset(profile_06_thumb)</onload>
	<onload condition="!String.IsEmpty(Skin.String(profile_06_label))">Skin.Reset(profile_06_label)</onload>

	<onunload condition="!String.Contains(Container(2).ListItemAbsolute(0).label,$LOCALIZE[20058]) + !String.IsEmpty(Container(2).ListItemAbsolute(0).Icon)">Skin.SetString(profile_01_thumb,$INFO[Container(2).ListItemAbsolute(0).Icon])</onunload>
	<onunload condition="!String.Contains(Container(2).ListItemAbsolute(0).label,$LOCALIZE[20058]) + !String.IsEmpty(Container(2).ListItemAbsolute(0).Label)">Skin.SetString(profile_01_label,$INFO[Container(2).ListItemAbsolute(0).Label])</onunload>
	<onunload condition="!String.Contains(Container(2).ListItemAbsolute(1).label,$LOCALIZE[20058]) + !String.IsEmpty(Container(2).ListItemAbsolute(1).Icon)">Skin.SetString(profile_02_thumb,$INFO[Container(2).ListItemAbsolute(1).Icon])</onunload>
	<onunload condition="!String.Contains(Container(2).ListItemAbsolute(1).label,$LOCALIZE[20058]) + !String.IsEmpty(Container(2).ListItemAbsolute(1).Label)">Skin.SetString(profile_02_label,$INFO[Container(2).ListItemAbsolute(1).Label])</onunload>
	<onunload condition="!String.Contains(Container(2).ListItemAbsolute(2).label,$LOCALIZE[20058]) + !String.IsEmpty(Container(2).ListItemAbsolute(2).Icon)">Skin.SetString(profile_03_thumb,$INFO[Container(2).ListItemAbsolute(2).Icon])</onunload>
	<onunload condition="!String.Contains(Container(2).ListItemAbsolute(2).label,$LOCALIZE[20058]) + !String.IsEmpty(Container(2).ListItemAbsolute(2).Label)">Skin.SetString(profile_03_label,$INFO[Container(2).ListItemAbsolute(2).Label])</onunload>
	<onunload condition="!String.Contains(Container(2).ListItemAbsolute(3).label,$LOCALIZE[20058]) + !String.IsEmpty(Container(2).ListItemAbsolute(3).Icon)">Skin.SetString(profile_04_thumb,$INFO[Container(2).ListItemAbsolute(3).Icon])</onunload>
	<onunload condition="!String.Contains(Container(2).ListItemAbsolute(3).label,$LOCALIZE[20058]) + !String.IsEmpty(Container(2).ListItemAbsolute(3).Label)">Skin.SetString(profile_04_label,$INFO[Container(2).ListItemAbsolute(3).Label])</onunload>
	<onunload condition="!String.Contains(Container(2).ListItemAbsolute(4).label,$LOCALIZE[20058]) + !String.IsEmpty(Container(2).ListItemAbsolute(4).Icon)">Skin.SetString(profile_05_thumb,$INFO[Container(2).ListItemAbsolute(4).Icon])</onunload>
	<onunload condition="!String.Contains(Container(2).ListItemAbsolute(4).label,$LOCALIZE[20058]) + !String.IsEmpty(Container(2).ListItemAbsolute(4).Label)">Skin.SetString(profile_05_label,$INFO[Container(2).ListItemAbsolute(4).Label])</onunload>
	<onunload condition="!String.Contains(Container(2).ListItemAbsolute(5).label,$LOCALIZE[20058]) + !String.IsEmpty(Container(2).ListItemAbsolute(5).Icon)">Skin.SetString(profile_06_thumb,$INFO[Container(2).ListItemAbsolute(5).Icon])</onunload>
	<onunload condition="!String.Contains(Container(2).ListItemAbsolute(5).label,$LOCALIZE[20058]) + !String.IsEmpty(Container(2).ListItemAbsolute(5).Label)">Skin.SetString(profile_06_label,$INFO[Container(2).ListItemAbsolute(5).Label])</onunload>
	
	<backgroundcolor>$VAR[color_global_background_layer1]</backgroundcolor>
	<include>Animation_OpenClose_Slide</include>
	
	<controls>
		<include>global_background</include>
		<include>HeaderBar</include>
		<control type="grouplist" id="100">
			<depth>DepthContentPanel</depth>
			<left>30</left>
			<width>60%</width>
			<top>200</top>
			<height>82%</height>
			<usecontrolcoords>true</usecontrolcoords>
			<orientation>vertical</orientation>
			<onup>2</onup>
			<ondown>2</ondown>
			<onright>2</onright>
			<onleft>9000</onleft>
			<control type="radiobutton" id="4">
				<height>70</height>
				<align>right</align>
				<textoffsetx>90</textoffsetx>
				<texturefocus flipx="true" colordiffuse="$VAR[color_global_button_panel_fo]">diffuse/gradientleftlinear50.png</texturefocus>
				<texturenofocus />
				<label>$LOCALIZE[31057]</label>
				<wrapmultiline>true</wrapmultiline>
				<selected>System.HasLoginScreen</selected>
			</control>
			<control type="radiobutton" id="5">
				<height>70</height>
				<align>right</align>
				<textoffsetx>90</textoffsetx>
				<texturefocus flipx="true" colordiffuse="$VAR[color_global_button_panel_fo]">diffuse/gradientleftlinear50.png</texturefocus>
				<texturenofocus />
				<label>$LOCALIZE[31058][CR][B][I]$INFO[System.ProfileAutoLogin][/I][/B]</label>
			</control>
		</control>
		
		<control type="label" id="99">
			<top>50%</top>
			<width>90%</width>
			<centerleft>50%</centerleft>
			<align>center</align>
			<height>70</height>
			<font>HeaderBar_Main</font>
			<label>[B]$LOCALIZE[13200][/B]</label>
		</control>
		
		<include content="Universal_Container">
			<param name="id" value="2" />
			<param name="type_height" value="460" />
			<param name="type_pos_top" value="60%" />
			<param name="visible" value="true" />
			<param name="layout_height" value="270" />
			<param name="layout_width" value="270" />
			<param name="itemwidth" value="230" />
			<param name="itemheight" value="230" />
			<param name="item_artwork_name" value="square" />
			<param name="item_overlay_circle" value="true" />
			<onup>100</onup>
			<ondown>100</ondown>
			<onleft>2</onleft>
			<onright>2</onright>
			<left>150</left>
			<right>150</right>
		</include>
		
		<include content="swan_debug_overlay">
			<param name="textleft" value="0  listitem.folderpath :    $INFO[listitem.folderpath]
1  listitem.ListitemNoWrap :    $INFO[Container(2).ListitemNoWrap(0).Icon]
2  listitem.ListitemNoWrap :    $INFO[Container(2).ListitemNoWrap(1).Icon]
3  listitem.ListitemNoWrap :    $INFO[Container(2).ListitemNoWrap(0).label]
4  listitem.ListitemNoWrap :    $INFO[Container(2).ListitemNoWrap(1).label]
5  listitem.ListitemNoWrap :    $INFO[Container(2).ListitemNoWrap(2).label]
6  listitem.ListitemNoWrap :    $INFO[Container(2).ListitemNoWrap(3).label]
7  listitem.ListitemNoWrap :    $INFO[Container(2).ListitemNoWrap(4).label]

9  listitem.absolute 0 : $INFO[Container(2).ListItemAbsolute(0).label]
10  listitem.absolute 1 : $INFO[Container(2).ListItemAbsolute(1).label]
11  listitem.absolute 2 : $INFO[Container(2).ListItemAbsolute(2).label]
12  listitem.absolute 3 : $INFO[Container(2).ListItemAbsolute(3).label]
13  listitem.absolute 4 : $INFO[Container(2).ListItemAbsolute(4).label]
"/>
</include>
	</controls>
</window>
