<?xml version="1.0" encoding="UTF-8"?>
<includes>
	
	<include name="view_layer4">
		<control type="group">
			<visible>!Control.IsVisible(50) + [
             [Control.IsVisible(51) + Skin.HasSetting(View_51_ShowBGPanel)] | 
             [Control.IsVisible(52) + Skin.HasSetting(View_52_ShowBGPanel)] | 
             [Control.IsVisible(53) + Skin.HasSetting(View_53_ShowBGPanel)] | 
             [Control.IsVisible(54) + Skin.HasSetting(View_54_ShowBGPanel)]]
			</visible>
			<include content="View_BGPanel">
				<param name="width2" value="90" />
				<param name="width3" value="100" />
			</include>
		</control>
	</include>
	
	<include name="view_51">
		<control type="group">
			<visible>Control.IsVisible(51)</visible>
			<animation effect="fade" start="100" end="0" time="250" tween="quadratic" easing="out" delay="100" condition="Player.HasMedia + !String.IsEmpty(Window(Home).Property(TrailerIsPlaying))">conditional</animation>
           
			<control type="panel" id="51">
				<viewtype label="$LOCALIZE[31240]">poster panel</viewtype>
				
				<include content="view_locking" condition="skin.hassetting(skin_locked_views)">
					<param name="view_id" value="51" />
				</include>
				
				<include content="Media_Container_Attributes">
					<param name="view_id" value="51" />
					<param name="left" value="170" />
				</include>
				<include>Media_Values_ContainerNavigation</include>
				
				<!-- currently use slide, as best option to avoid reload skin even if bottom offset 0 is wished 
				<include condition="Skin.HasSetting(View_51_DisableFooter)" content="Media_Container_Attributes">
					<param name="left" value="170" />
					<param name="bottom" value="0" />
				</include>
				-->
				
				<itemlayout height="445" width="260" condition="!Skin.HasSetting(View_51_DisableTags)">
					<control type="group">
						<width>240</width>
						<height>350</height>
						<include content="universal_itemlayout">
							<param name="artwork_bordercolor" value="$VAR[color_universalcontainer_itemframe_nf]" />
							<param name="artwork" value="poster" />
							<param name="artwork_focusoverlay_visible" value="false" />
							<param name="infotags_visible" value="true" />
							<param name="infotags_autoscroll" value="false" />
							<param name="artwork_bg_bordersize" value="6" />
							<param name="infotags_bgpanel_color" value="$VAR[color_universalcontainer_itemtag_bgpanel_nf]" />
							<param name="infotags_label1_color" value="$VAR[color_universalcontainer_itemtag_label1_nf]" />
							<param name="infotags_label2_color" value="$VAR[color_universalcontainer_itemtag_label2_nf]" />
						</include>
					</control>
				</itemlayout>
				<focusedlayout height="445" width="260" condition="!Skin.HasSetting(View_51_DisableTags)">
					<include content="hiddenbutton_manage_skinpropertys" />
					<control type="group">
						<width>240</width>
						<height>350</height>
						<description>to avoid relaod skin on disable footer and avoid bottom offset fade out 3rd row of items</description>
						<include>Animation_Item_Focus</include>
						<control type="group">
							<include content="universal_itemlayout">
								<param name="artwork_bordercolor" value="$VAR[color_universalcontainer_itemframe_fo]" />
								<param name="artwork" value="poster" />
								<param name="artwork_focusoverlay_visible" value="true" />
								<param name="infotags_visible" value="true" />
								<param name="infotags_autoscroll" value="true" />
								<param name="artwork_bg_bordersize" value="4" />
								<param name="infotags_bgpanel_color" value="$VAR[color_universalcontainer_itemtag_bgpanel_fo]" />
								<param name="infotags_label1_color" value="$VAR[color_universalcontainer_itemtag_label1_fo]" />
								<param name="infotags_label2_color" value="$VAR[color_universalcontainer_itemtag_label2_fo]" />
							</include>
						</control>
					</control>
				</focusedlayout>
				<itemlayout height="365" width="260" condition="Skin.HasSetting(View_51_DisableTags)">
					<control type="group">
						<width>240</width>
						<height>350</height>
						<include content="universal_itemlayout">
							<param name="artwork_bordercolor" value="$VAR[color_universalcontainer_itemframe_nf]" />
							<param name="artwork" value="poster" />
							<param name="artwork_focusoverlay_visible" value="false" />
							<param name="infotags_visible" value="false" />
							<param name="infotags_bgpanel_visible" value="false" />
							<param name="infotags_autoscroll" value="false" />
							<param name="artwork_bg_bordersize" value="6" />
							<param name="infotags_bgpanel_color" value="$VAR[color_universalcontainer_itemtag_bgpanel_nf]" />
							<param name="infotags_label1_color" value="$VAR[color_universalcontainer_itemtag_label1_nf]" />
							<param name="infotags_label2_color" value="$VAR[color_universalcontainer_itemtag_label2_nf]" />
							<param name="artwork_diffuse_themed" value="true" />
							<param name="artwork_diffuse_override" value="false" />
						</include>
					</control>
				</itemlayout>
				<focusedlayout height="365" width="260" condition="Skin.HasSetting(View_51_DisableTags)">
					<include content="hiddenbutton_manage_skinpropertys" />
					<control type="group">
						<width>240</width>
						<height>350</height>
						<include>Animation_Item_Focus</include>
						<control type="group">
							<include content="universal_itemlayout">
								<param name="artwork_bordercolor" value="$VAR[color_universalcontainer_itemframe_fo]" />
								<param name="artwork" value="poster" />
								<param name="artwork_focusoverlay_visible" value="true" />
								<param name="infotags_visible" value="false" />
								<param name="infotags_bgpanel_visible" value="false" />
								<param name="infotags_autoscroll" value="true" />
								<param name="artwork_bg_bordersize" value="4" />
								<param name="infotags_bgpanel_color" value="$VAR[color_universalcontainer_itemtag_bgpanel_fo]" />
								<param name="infotags_label1_color" value="$VAR[color_universalcontainer_itemtag_label1_fo]" />
								<param name="infotags_label2_color" value="$VAR[color_universalcontainer_itemtag_label2_fo]" />
								<param name="artwork_diffuse_themed" value="true" />
								<param name="artwork_diffuse_override" value="false" />
							</include>
						</control>
					</control>
				</focusedlayout>
			</control>
			
			<include content="footer">
				<param name="view_id" value="51" />
				<param name="footer_mediaflag_offsetleft" value="180" />
				<param name="footer_rating_offsetright" value="200" />
			</include>
		</control>
	</include>
		
	<include name="view_52">
		<control type="group">
			<visible>Control.IsVisible(52)</visible>
			<animation effect="fade" start="100" end="0" time="250" tween="quadratic" easing="out" delay="100" condition="Player.HasMedia + !String.IsEmpty(Window(Home).Property(TrailerIsPlaying))">conditional</animation>
           
			<include content="Universal_Container">
				<include content="view_locking" condition="skin.hassetting(skin_locked_views)">
					<param name="view_id" value="52" />
				</include>
				
				<param name="id" value="52" />
				<param name="type_height" value="900" />
				<param name="type_pos_top" value="120" />
				<param name="type_orientation" value="vertical" />
				<param name="item_overlay_circle" value="true" />
				<param name="visible" value="!Container.Content(songs)" />
				<param name="layout_height" value="300" />
				<param name="layout_width" value="250" />
				<param name="itemheight" value="210" />
				<param name="itemwidth" value="210" />
				<param name="item_artwork_name" value="circle" />
				<animation effect="slide" start="0,0" end="0,90" time="350" tween="quadratic" easing="in" delay="100" condition="Skin.HasSetting(View_52_DisableFooter)">conditional</animation>
				<viewtype label="$LOCALIZE[31241]">circle panel</viewtype>
				<include>Media_Values_ContainerNavigation</include>
				<left>5%</left>
			</include>
			
			<include content="footer">
				<param name="view_id" value="52" />
			</include>
		</control>
	</include>
		
	<include name="view_53">
		<control type="group">
			<visible>Control.IsVisible(53)</visible>
			<animation effect="fade" start="100" end="0" time="250" tween="quadratic" easing="out" delay="100" condition="Player.HasMedia + !String.IsEmpty(Window(Home).Property(TrailerIsPlaying))">conditional</animation>
           
			<control type="panel" id="53">
				<viewtype label="$LOCALIZE[31242]">landscape panel</viewtype>
				<include content="view_locking" condition="skin.hassetting(skin_locked_views)">
					<param name="view_id" value="53" />
				</include>
				<include content="Media_Container_Attributes">
					<param name="view_id" value="53" />
					<param name="left" value="175" />
				</include>
				
				<include>Media_Values_ContainerNavigation</include>
				
				<itemlayout height="321" width="400" condition="!Skin.HasSetting(View_53_DisableTags)">
					<control type="group">
						<width>383</width>
						<height>225</height>
						<include content="universal_itemlayout">
							<param name="artwork_bordercolor" value="$VAR[color_universalcontainer_itemframe_nf]" />
							<param name="artwork" value="landscape" />
							<param name="artwork_focusoverlay_visible" value="false" />
							<param name="infotags_visible" value="true" />
							<param name="infotags_autoscroll" value="false" />
							<param name="artwork_bg_bordersize" value="6" />
							<param name="infotags_bgpanel_color" value="$VAR[color_universalcontainer_itemtag_bgpanel_nf]" />
							<param name="infotags_label1_color" value="$VAR[color_universalcontainer_itemtag_label1_nf]" />
							<param name="infotags_label2_color" value="$VAR[color_universalcontainer_itemtag_label2_nf]" />
							<param name="artwork_overlay_landscape" value="![$EXP[IsEpisode]]" />
						</include>
					</control>
				</itemlayout>
				<focusedlayout height="321" width="400" condition="!Skin.HasSetting(View_53_DisableTags)">
					<include content="hiddenbutton_manage_skinpropertys" />
					<control type="group">
						<width>383</width>
						<height>225</height>
						<description>to avoid relaod skin on disable footer and avoid bottom offset fade out 3rd row of items</description>
						<include>Animation_Item_Focus</include>
						<control type="group">
							<include content="universal_itemlayout">
								<param name="artwork_bordercolor" value="$VAR[color_universalcontainer_itemframe_fo]" />
								<param name="artwork" value="landscape" />
								<param name="artwork_focusoverlay_visible" value="true" />
								<param name="infotags_visible" value="true" />
								<param name="infotags_autoscroll" value="true" />
								<param name="artwork_bg_bordersize" value="4" />
								<param name="infotags_bgpanel_color" value="$VAR[color_universalcontainer_itemtag_bgpanel_fo]" />
								<param name="infotags_label1_color" value="$VAR[color_universalcontainer_itemtag_label1_fo]" />
								<param name="infotags_label2_color" value="$VAR[color_universalcontainer_itemtag_label2_fo]" />
								<param name="artwork_overlay_landscape" value="![$EXP[IsEpisode]]" />
							</include>
							
						</control>
					</control>
				</focusedlayout>
				<itemlayout height="241" width="400" condition="Skin.HasSetting(View_53_DisableTags)">
					<control type="group">
						<width>383</width>
						<height>225</height>
						<include content="universal_itemlayout">
							<param name="artwork_bordercolor" value="$VAR[color_universalcontainer_itemframe_nf]" />
							<param name="artwork" value="landscape" />
							<param name="artwork_focusoverlay_visible" value="false" />
							<param name="infotags_visible" value="false" />
							<param name="infotags_bgpanel_visible" value="false" />
							<param name="infotags_autoscroll" value="false" />
							<param name="artwork_bg_bordersize" value="6" />
							<param name="infotags_bgpanel_color" value="$VAR[color_universalcontainer_itemtag_bgpanel_nf]" />
							<param name="infotags_label1_color" value="$VAR[color_universalcontainer_itemtag_label1_nf]" />
							<param name="infotags_label2_color" value="$VAR[color_universalcontainer_itemtag_label2_nf]" />
							<param name="artwork_diffuse_themed" value="true" />
							<param name="artwork_diffuse_override" value="false" />
							<param name="artwork_overlay_landscape" value="![$EXP[IsEpisode]]" />
						</include>
					</control>
				</itemlayout>
				<focusedlayout height="241" width="400" condition="Skin.HasSetting(View_53_DisableTags)">
					<include content="hiddenbutton_manage_skinpropertys" />
					<control type="group">
						<width>383</width>
						<height>225</height>
						<include>Animation_Item_Focus</include>
						<control type="group">
							<include content="universal_itemlayout">
								<param name="artwork_bordercolor" value="$VAR[color_universalcontainer_itemframe_fo]" />
								<param name="artwork" value="landscape" />
								<param name="artwork_focusoverlay_visible" value="true" />
								<param name="infotags_visible" value="false" />
								<param name="infotags_bgpanel_visible" value="false" />
								<param name="infotags_autoscroll" value="true" />
								<param name="artwork_bg_bordersize" value="4" />
								<param name="infotags_bgpanel_color" value="$VAR[color_universalcontainer_itemtag_bgpanel_fo]" />
								<param name="infotags_label1_color" value="$VAR[color_universalcontainer_itemtag_label1_fo]" />
								<param name="infotags_label2_color" value="$VAR[color_universalcontainer_itemtag_label2_fo]" />
								<param name="artwork_diffuse_themed" value="true" />
								<param name="artwork_diffuse_override" value="false" />
								<param name="artwork_overlay_landscape" value="![$EXP[IsEpisode]]" />
							</include>
						</control>
					</control>
				</focusedlayout>
			</control>
			
			<include content="footer">
				<param name="view_id" value="53" />
				<param name="footer_mediaflag_offsetleft" value="200" />
				<param name="footer_rating_offsetright" value="150" />
			</include>
		</control>
	</include>
		
	<include name="view_54">
		<control type="group">
			<visible>Control.IsVisible(54)</visible>
			<animation effect="fade" start="100" end="0" time="250" tween="quadratic" easing="out" delay="100" condition="Player.HasMedia + !String.IsEmpty(Window(Home).Property(TrailerIsPlaying))">conditional</animation>
           
			<description>keep in mind thumb is supposed stretched, square is supposed scaled</description>
						
			<control type="panel" id="54">
				<viewtype label="$LOCALIZE[31243]">square panel</viewtype>
				<include content="view_locking" condition="skin.hassetting(skin_locked_views)">
					<param name="view_id" value="54" />
				</include>
				<include content="Media_Container_Attributes">
					<param name="view_id" value="54" />
					<param name="left" value="160" />
				</include>
				<include>Media_Values_ContainerNavigation</include>
				
				<itemlayout height="445" width="410" condition="!Skin.HasSetting(View_54_DisableTags)">
					<control type="group">
						<width>345</width>
						<height>345</height>
						<include content="universal_itemlayout">
							<param name="artwork_bordercolor" value="$VAR[color_universalcontainer_itemframe_nf]" />
							<param name="artwork" value="square" />
							<param name="artwork_focusoverlay_visible" value="false" />
							<param name="infotags_visible" value="true" />
							<param name="infotags_autoscroll" value="false" />
							<param name="artwork_bg_bordersize" value="6" />
							<param name="infotags_bgpanel_color" value="$VAR[color_universalcontainer_itemtag_bgpanel_nf]" />
							<param name="infotags_label1_color" value="$VAR[color_universalcontainer_itemtag_label1_nf]" />
							<param name="infotags_label2_color" value="$VAR[color_universalcontainer_itemtag_label2_nf]" />
						</include>
					</control>
				</itemlayout>
				<focusedlayout height="445" width="410" condition="!Skin.HasSetting(View_54_DisableTags)">
					<include content="hiddenbutton_manage_skinpropertys" />
					<control type="group">
						<width>345</width>
						<height>345</height>
						<description>to avoid relaod skin on disable footer and avoid bottom offset fade out 3rd row of items</description>
						<include>Animation_Item_Focus</include>
						<control type="group">
							<include content="universal_itemlayout">
								<param name="artwork_bordercolor" value="$VAR[color_universalcontainer_itemframe_fo]" />
								<param name="artwork" value="square" />
								<param name="artwork_focusoverlay_visible" value="true" />
								<param name="infotags_visible" value="true" />
								<param name="infotags_autoscroll" value="true" />
								<param name="artwork_bg_bordersize" value="4" />
								<param name="infotags_bgpanel_color" value="$VAR[color_universalcontainer_itemtag_bgpanel_fo]" />
								<param name="infotags_label1_color" value="$VAR[color_universalcontainer_itemtag_label1_fo]" />
								<param name="infotags_label2_color" value="$VAR[color_universalcontainer_itemtag_label2_fo]" />
							</include>
						</control>
					</control>
				</focusedlayout>
				<itemlayout height="370" width="410" condition="Skin.HasSetting(View_54_DisableTags)">
					<control type="group">
						<width>345</width>
						<height>345</height>
						<include content="universal_itemlayout">
							<param name="artwork_bordercolor" value="$VAR[color_universalcontainer_itemframe_nf]" />
							<param name="artwork" value="square" />
							<param name="artwork_focusoverlay_visible" value="false" />
							<param name="infotags_visible" value="false" />
							<param name="infotags_bgpanel_visible" value="false" />
							<param name="infotags_autoscroll" value="false" />
							<param name="artwork_bg_bordersize" value="6" />
							<param name="infotags_bgpanel_color" value="$VAR[color_universalcontainer_itemtag_bgpanel_nf]" />
							<param name="infotags_label1_color" value="$VAR[color_universalcontainer_itemtag_label1_nf]" />
							<param name="infotags_label2_color" value="$VAR[color_universalcontainer_itemtag_label2_nf]" />
							<param name="artwork_diffuse_themed" value="true" />
							<param name="artwork_diffuse_override" value="false" />
						</include>
					</control>
				</itemlayout>
				<focusedlayout height="370" width="410" condition="Skin.HasSetting(View_54_DisableTags)">
					<include content="hiddenbutton_manage_skinpropertys" />
					<control type="group">
						<width>345</width>
						<height>345</height>
						<include>Animation_Item_Focus</include>
						<control type="group">
							<include content="universal_itemlayout">
								<param name="artwork_bordercolor" value="$VAR[color_universalcontainer_itemframe_fo]" />
								<param name="artwork" value="square" />
								<param name="artwork_focusoverlay_visible" value="true" />
								<param name="infotags_visible" value="false" />
								<param name="infotags_bgpanel_visible" value="false" />
								<param name="infotags_autoscroll" value="true" />
								<param name="artwork_bg_bordersize" value="4" />
								<param name="infotags_bgpanel_color" value="$VAR[color_universalcontainer_itemtag_bgpanel_fo]" />
								<param name="infotags_label1_color" value="$VAR[color_universalcontainer_itemtag_label1_fo]" />
								<param name="infotags_label2_color" value="$VAR[color_universalcontainer_itemtag_label2_fo]" />
								<param name="artwork_diffuse_themed" value="true" />
								<param name="artwork_diffuse_override" value="false" />
							</include>
						</control>
					</control>
				</focusedlayout>
			</control>
			
			<include content="footer">
				<param name="view_id" value="54" />
				<param name="footer_mediaflag_offsetleft" value="170" />
				<param name="footer_rating_offsetright" value="180" />
			</include>
		</control>
	</include>
	
	<include name="view_55">
		<control type="group">
			<description>BANNER NOT IN USE MAY DELETE AGAIN</description>
			<visible>Control.IsVisible(55)</visible>
			<animation effect="fade" start="100" end="0" time="250" tween="quadratic" easing="out" delay="100" condition="Player.HasMedia + !String.IsEmpty(Window(Home).Property(TrailerIsPlaying))">conditional</animation>
           
			<include content="Universal_Container">
				<param name="id" value="55" />
				<param name="type_height" value="860" />
				<param name="type_pos_top" value="120" />
				<param name="type_orientation" value="vertical" />
				<param name="item_focusoverlay_visible" value="false" />
				<param name="visible" value="" />
				
				<param name="layout_height" value="195" />
				<param name="layout_width" value="650" />
				
				<param name="itemheight" value="110" />
				<param name="itemwidth" value="590" />
				<param name="artwork_overlay_banner" value="true" />
				<param name="item_artwork_name" value="banner" />
				<viewtype label="banner">banner panel</viewtype>
				
				<left>350</left>
				<include>Oninfo_MovieSetInfo</include>
				<include>NavControl_Media</include>
			
			</include>
			
			<include content="footer">
				<param name="view_id" value="55" />
				<param name="footer_mediaflag_offsetleft" value="170" />
				<param name="footer_rating_offsetright" value="180" />
			</include>
		</control>
	</include>
</includes>