<?xml version="1.0" encoding="UTF-8"?>
<window>
	<defaultcontrol always="true">500</defaultcontrol>
<!-- 	
1.56 SmartPlaylistEditor.xml
smartplaylisteditor 	WINDOW_DIALOG_SMART_PLAYLIST_EDITOR 10136 	SmartPlaylistEditor.xml 
ID 	Type 			Description
2 	label 			Heading label
10 	container 		List of playlist rules
12 	button 			Name of the playlist
13 	button 			Add a rule
14 	button 			Remove a rule
15 	button 			Edit a rule
16 	button 			Match rules option (match all rules / match one or more rules)
17 	button 			Limit rules option (number of results: 10, 25, 50, 100, etc... items)
18 	button 			Sort rules option (order the results by: title, genre, random, etc...)
19 	button 			Sort direction option (ascending / descending)
20 	button 			OK button
21 	button 			Cancel button
22 	button 			Set Playlist type (movies, episodes, mixed, etc...)
23 	button 			Group by
24 	radiobutton 	Mixed  
-->
	<include>Animation_OpenClose_Zoom</include>
	<controls>
		<include>Dialog_Fullscreen_BGPanel</include>
		
		<control type="image">
			<top>25</top>
			<height>125</height>
			<aspectratio align="center" aligny="top">keep</aspectratio>
			<texture colordiffuse="$VAR[color_global_dialog_accent]" diffuse="colors/white20.png">$VAR[playlistedit_window_image]</texture>
		</control>
		<control type="label" id="2">
			<top>50</top>
			<align>center</align>
			<height>100</height>
			<font>montserrat_30_extrabold</font>
			<textcolor>$VAR[color_global_dialog_accent]</textcolor>
			<wrapmultiline>true</wrapmultiline>
		</control>
		
		<control type="group">
			<animation effect="fade" start="100" end="20" time="350" condition="window.isactive(10137)">conditional</animation>
			<top>190</top>
			<width>100%</width>
			<!-- need set type if custom call 
			
			create xml and write to fs, how far should i go
				- create full custom
				- custom prreset type - xbmc do the other tags - replace custom type in xbmc generated xml type tag
			
			-->
			<control type="grouplist" id="500">
				<orientation>vertical</orientation>
				<centerleft>50%</centerleft>
				<onright>10</onright>
				<onleft>9001</onleft>
				<ondown>9001</ondown>
				<onup>9001</onup>
				<itemgap>10</itemgap>
				<width>75%</width>
				<control type="button" id="22">
					<description>Set Playlist type (movies, episodes, mixed, etc...)</description>
					<font>liberationsans_23_bold</font>
					<label>$LOCALIZE[467]</label>
				</control>
				<control type="button" id="12">
					<description>Name Button</description>
					<font>liberationsans_23_bold</font>
					<label>$LOCALIZE[21433]</label>
				</control>
				<control type="button" id="16">
					<font>liberationsans_23_bold</font>
					<label>$LOCALIZE[21424]</label>
				</control>
				<control type="list" id="10">
					<animation effect="fade" start="100" end="0" time="350" condition="window.isactive(10137)">conditional</animation>
					<animation effect="slide" start="0,0" end="0,25" condition="Integer.IsEqual(Container(10).NumItems,1)">conditional</animation>
					<top>-5</top>
					<description>Rules List Control</description>
					<height>360</height>
					<onleft>500</onleft>
					<onright>9001</onright>
					<orientation>vertical</orientation>
					<itemlayout height="60">
						<control type="group">
							<include content="rules_listcontainer">
								<param name="color_panel" value="$VAR[color_global_button_panel_nf]" />
								<param name="color_text" value="$VAR[color_global_button_text_nf]" />
							</include>
						</control>
					</itemlayout>
					<focusedlayout height="60">
						<control type="group">
							<visible>Control.HasFocus(10)</visible>
							<include content="rules_listcontainer">
								<param name="color_panel" value="$VAR[color_global_button_panel_fo]" />
								<param name="color_text" value="$VAR[color_global_button_text_fo]" />
							</include>
						</control>
						<control type="group">
							<visible>!Control.HasFocus(10)</visible>
							<include content="rules_listcontainer">
								<param name="color_panel" value="$VAR[color_global_button_panel_nf]" />
								<param name="color_text" value="$VAR[color_global_button_text_nf]" />
							</include>
						</control>
					</focusedlayout>
				</control>
				
				<control type="grouplist" id="600">
					<animation effect="slide" start="0,0" end="0,-240" condition="Integer.IsEqual(Container(10).NumItems,1)">conditional</animation>
					<animation effect="slide" start="0,0" end="0,-180" condition="Integer.IsEqual(Container(10).NumItems,2)">conditional</animation>
					<animation effect="slide" start="0,0" end="0,-120" condition="Integer.IsEqual(Container(10).NumItems,3)">conditional</animation>
					<animation effect="slide" start="0,0" end="0,-60" condition="Integer.IsEqual(Container(10).NumItems,4)">conditional</animation>
					<orientation>vertical</orientation>
					<centerleft>50%</centerleft>
					<onright>9001</onright>
					<onleft>9001</onleft>
					<ondown>9001</ondown>
					<onup>10</onup>
					<itemgap>10</itemgap>
					<width>100%</width>
					<height>200</height>
					<control type="group" id="601">
						<height>50</height>
						<control type="button" id="19">
							<onleft>18</onleft>
							<onright>18</onright>
							<ondown>17</ondown>
							<onup>10</onup>
							<width>50%</width>
							<font>liberationsans_23_bold</font>
							<label>$LOCALIZE[580]</label>
						</control>
						<control type="button" id="18">
							<width>49%</width>
							<left>51%</left>
							<onleft>19</onleft>
							<onright>19</onright>
							<ondown>17</ondown>
							<onup>10</onup>
							<font>liberationsans_23_bold</font>
							<label>$LOCALIZE[21429]</label>
						</control>
					</control>		
					<control type="button" id="17">
						<font>liberationsans_23_bold</font>
						<label>$LOCALIZE[21427]</label>
					</control>
					<control type="button" id="23">
						<font>liberationsans_23_bold</font>
						<label>$LOCALIZE[21458]</label>
					</control>
					<control type="radiobutton" id="24">
						<visible>Control.IsEnabled(24)</visible>
						<font>liberationsans_23_bold</font>
						<label>$LOCALIZE[467]: $LOCALIZE[21459]</label>
					</control>
				</control>
			</control>
		</control>
		
		<control type="grouplist" id="9001">
			<animation effect="fade" start="100" end="0" time="350" condition="window.isactive(10137)">conditional</animation>
			<orientation>horizontal</orientation>
			<bottom>20</bottom>
			<align>center</align>
			<aligny>bottom</aligny>
			<centerleft>50%</centerleft>
			<height>60</height>
			<width>620</width>
			<itemgap>20</itemgap>
			<onup>500</onup>
			<ondown>500</ondown>
			<control type="button" id="20">
				<font>montserrat_24_extrabold</font>
				<label>$LOCALIZE[190]</label>
				<align>center</align>
				<width>300</width>
				<height>60</height>
			</control>
			<control type="button" id="21">
				<font>montserrat_24_extrabold</font>
				<label>$LOCALIZE[222]</label>
				<align>center</align>
				<width>300</width>
				<height>60</height>
			</control>
		</control>
	</controls>
</window>
