<?xml version="1.0" encoding="UTF-8"?>
<includes>

	<include name="view_520">
		<control type="group">
			<visible>Control.IsVisible(520)</visible>
					
				
					<control type="image">
						<visible>Player.HasVideo + !$EXP[TrailerIsPlaying]</visible>
						<texture colordiffuse="ff131313">colors/white90.png</texture>
					</control>
			
				<include content="Fanart_Diffused">
					<animation effect="fade" start="100" end="25" time="350" easing="inout" reversible="true" condition="true">conditional</animation>
					<right>0</right>
					<param name="width" value="1267" />
					<param name="height" value="731" />
					<param name="diffuse" value="diffuse/spotlightleftdiffuse.png" />
					<param name="visible" value="$PARAM[spotlight_artwork_visible_right]" />
				</include>
				<include condition="false" content="spotlight_trailer_overlay">
					<param name="trailer_visible_right" value="true" />
					<param name="trailer_visible_left" value="false" />
					<param name="diffusetexture" value="diffuse/spotlighttraileroverlayleft.png" />
				</include>
				
				<control type="group">
					<description>may other pos x - thumb : info : videowindow</description>
						<!-- <animation effect="slide" start="0,0" end="600,0" time="350" easing="inout" reversible="true" condition="[Player.HasVideo + !String.IsEmpty(Window(Home).Property(TrailerIsPlaying))]">conditional</animation> -->
					
					<animation effect="zoom" start="0,100" end="100,100" time="250" easing="inout" reversible="true">VisibleChange</animation>
					<visible>[Player.HasVideo + !String.IsEmpty(Window(Home).Property(TrailerIsPlaying))]</visible>
					<left>410</left>
					<!-- <right>50</right> -->
					<top>200</top>
					<width>612</width>
					<height>350</height>
					<bottom>100</bottom>
					<control type="image">
						<texture>colors/black.png</texture>
						<bordersize>2</bordersize>
						<bordertexture>colors/white.png</bordertexture>
					</control>
					<control type="videowindow">
						<top>2</top>
						<bottom>2</bottom>
						<left>9</left>
						<width>97%</width>
						
					</control>
				</control>
			
			
			<control type="group">
				<description>metadata n button top</description>
				<visible>Control.IsVisible(520)</visible>
				<orientation>horizontal</orientation>
				<itemgap>50</itemgap>
				<left>150</left>
				<top>200</top>
				<height>380</height>
				
				<control type="image">
					<!-- <visible>!String.StartsWith(ListItem.Icon,default) | icon used for tvshows thumbs</visible> -->
					<description>polaroid thumb</description>
					<height>350</height>
					<width>350</width>
					<bordersize>10</bordersize>
					<bordertexture>colors/white.png</bordertexture>
					<texture diffuse="colors/white80.png">$VAR[ImageLayout_poster]</texture>
					<aspectratio scalediffuse="true" align="left" aligny="top">keep</aspectratio>
				</control>
				
				<control type="group">
					<animation effect="slide" start="0,0" end="530,0" time="350" easing="inout" reversible="true" condition="[Player.HasVideo + !String.IsEmpty(Window(Home).Property(TrailerIsPlaying))]">conditional</animation>
						 <!-- trailer right -<animation effect="slide" start="0,0" end="-100,0" time="350" easing="inout" reversible="true" condition="[Player.HasVideo + !String.IsEmpty(Window(Home).Property(TrailerIsPlaying))]">conditional</animation> -->
						
					<description>metadata</description>
					<visible>Control.IsVisible(520)</visible>
					<orientation>vertical</orientation>
					<aligny>top</aligny>
					<itemgap>10</itemgap>
					<top>35</top>
					<left>380</left>
					<width>1200</width>
					<height>30</height>
					
					<control type="grouplist">
						<visible>true</visible>
						<visible>Control.IsVisible(520)</visible>
						<height>295</height>
						<align>left</align>
						<orientation>vertical</orientation>
						
						<!-- till variable -->
						<control type="label">
							<visible>Window.IsActive(music)</visible>
							<height>40</height>
							<label>$INFO[ListItem.Artist,[B],[/B]]</label>
							<textcolor>$VAR[color_spotlightlib_main]</textcolor>
							<font>notosans_30_semibold</font>
						</control>
						<!-- till variable -->
						<control type="label">
							<visible>Window.IsActive(videos)</visible>
							<height>40</height>
							<label>$INFO[ListItem.Title,[B],[/B]]$INFO[ListItem.Year,[CR]    (,)]</label>
							<textcolor>$VAR[color_spotlightlib_main]</textcolor>
							<font>notosans_30_semibold</font>
						</control>
						
						<control type="label">
							<height>25</height>
							<visible>Container.Content(songs) | Container.Content(albums)</visible>
							<label>$INFO[ListItem.Album,[B],[/B]]$INFO[ListItem.Year,    (,)]</label>
							<textcolor>$VAR[color_spotlightlib_secondary]</textcolor>
							<font>notosans_21_semibold</font>
						</control>
						<control type="label">
							<height>25</height>
							<visible>!String.IsEmpty(ListItem.DiscNumber) | !String.IsEmpty(ListItem.DiscTitle) </visible>
							<label>$INFO[ListItem.DiscNumber,Disc:  ,]$INFO[ListItem.DiscTitle,[B],[/B]]</label>
							<textcolor>$VAR[color_spotlightlib_secondary]</textcolor>
							<font>notosans_16_regular</font>
						</control>
						<control type="label">
							<height>40</height>
							<textcolor>$VAR[color_spotlightlib_accent]</textcolor>
							<label>$INFO[listitem.genre]</label>
							<font>notosans_16_bold</font>
						</control>
						<control type="textbox">
							<visible>String.IsEmpty(Window(Home).Property(TrailerIsPlaying))</visible>
							<height>120</height>
							<width>80%</width>
							<label>$VAR[plot]</label>
							<textcolor>$VAR[color_spotlightlib_secondary]</textcolor>
							<font>notosans_22_regular_lowlined</font>
						</control>
						<control type="textbox">
							<visible>!String.IsEmpty(Window(Home).Property(TrailerIsPlaying))</visible>
							<height>120</height>
								<width>50%</width> <!-- trailer left -->
								<!-- <width>46%</width> trailer right -->
							<label>$VAR[plot]</label>
							<textcolor>$VAR[color_spotlightlib_secondary]</textcolor>
							<font>notosans_22_regular_lowlined</font>
						</control>
						
						
					
						
						<!-- another listing - flags 
ListItem.DiscTitle 	The disc title of the currently selected album or song 	v19
ListItem.TotalDiscs 	The total amount of discs belonging to an album 
	ListItem.Duration[(format)] 					
						-->
						<control type="label">	
						<!-- container.content.albums $INFO[ListItem.Duration(hh:mm)]
						,$INFO[container.content] -->
							<visible>false</visible>
							<top>10</top>
							<height>20</height>
							<align>left</align>
							<font>notosans_18_bold</font>
							<textcolor>$VAR[color_spotlightlib_main]</textcolor>
							<label>[B]$INFO[container.numitems, $LOCALIZE[132]:,]$INFO[ListItem.Duration(hh:mm),     $LOCALIZE[180]: ,][/B]</label>
						</control>
						
						
						
					</control>
					
					<control type="grouplist">
						<visible>!Skin.HasSetting(View_520_Hide_Touch_Controls)</visible>
						<animation effect="fade" start="100" end="0" time="350" easing="inout" reversible="true" condition="[Player.HasVideo + !String.IsEmpty(Window(Home).Property(TrailerIsPlaying))]">conditional</animation>
					
						
						<description>TOUCH CONTROL  - other just usefull if 1 row hor list</description>
						
					
						<top>260</top>
						<visible>Control.IsVisible(520)</visible>
						<animation effect="slide" start="0,0" end="0,-10" time="0" condition="true">conditional</animation>
						<!-- <animation effect="fade" start="100" end="0" time="300" easing="inout" condition="!Control.HasFocus($PARAM[belonging_containerid])">conditional</animation> -->
						<description>try using control id is enabled + prop is true for content call auto disable control via on focus or use hidden window - booth should could be usable by using send click</description>
						<width>80%</width>
						<height>80</height>
						<!-- <align>center</align> -->
						<orientation>horizontal</orientation>
						
					
					<!-- set prop onclick slide down to show info of clicked item -->
					
						<onup></onup>
						<ondown></ondown>
						<itemgap>10</itemgap>
						
						
						<control type="radiobutton" id="52001">
							<include content="HUB_ContainerButtons">
								<description>Order Direction</description>
								<param name="texture" value="defaultmusicvideotitle.png" />
							</include>
							<onclick>SendClick(4)</onclick>
							<onclick>Notification([B]$INFO[Container.Content][/B] [I]Sort Order[/I],$INFO[Container.SortOrder])</onclick>
							<onclick>SetFocus(520)</onclick>
						</control>
						<control type="radiobutton" id="52002">
							<include content="HUB_ContainerButtons">
								<description>Method</description>
								<param name="texture" value="defaultmusicvideotitle.png" />
							</include>
							<onclick>SendClick(3)</onclick>
							<onclick>Notification([B]$INFO[Container.Content][/B] [I]Sort Method[/I],$INFO[Container.SortMethod])</onclick>
							<onclick>SetFocus(520)</onclick>
								
						</control>
						
						
						<!-- info, play , play random,  -->
						
						
						<control type="radiobutton" id="52004">
							<include content="HUB_ContainerButtons">
								<param name="texture" value="defaultaddoninfoprovider.png" />
							</include>
							<onclick>SetFocus(520)</onclick>
							<onclick>Action(info)</onclick>
						</control>
						<control type="radiobutton" id="52005">
							<include content="HUB_ContainerButtons">
								<param name="texture" value="defaultmusicplaylists.png" />
							</include>
						</control>
					</control>
				</control>
				<include content="footer">
					<animation effect="zoom" start="100" end="75" center="1500,270" condition="true">conditional</animation>
					<width>1450</width>
					<param name="view_id" value="520" />
					<param name="footer_mediaflag_offsetleft" value="10" />
					<param name="footer_rating_offsetright" value="10" />
					
				</include>
				
			</control>
			
			
			
			<include content="musicinfo_song_sheet">
				<param name="visible" value="Container.Content(Songs)"/>
				<param name="top" value="580"/>
				<param name="left" value="145"/>
			</include>
			
			
			<control type="panel" id="520">
				
				<animation effect="fade" start="100" end="0" time="350" easing="inout" reversible="true" condition="[Player.HasVideo + !String.IsEmpty(Window(Home).Property(TrailerIsPlaying))]">conditional</animation>
					
				
				<preloaditems>2</preloaditems>
				<orientation>vertical</orientation>
				<onup condition="Control.IsVisible(19)">SetFocus(19)</onup>
				<include content="view_locking" condition="skin.hassetting(skin_locked_views)">
					<param name="view_id" value="520" />
				</include>
				
				<viewtype label="$LOCALIZE[31263]">icon</viewtype>
				
				<top>570</top>
				<left>150</left>
				<!-- <right>0</right> -->
				<width>1700</width>
				<height>450</height>
				<onleft>menu</onleft>
				<onup>41</onup>
				<ondown>42</ondown>
				
				<!-- <animation effect="slide" start="0,0" end="0,50" time="250" condition="Container.Content(Songs)">conditional</animation> -->
				<animation effect="slide" start="0,0" end="0,80" time="250" condition="Container.Content(Songs) + String.IsEqual(Container(520).ListItemAbsolute(0).Label,..)">conditional</animation>
				<animation effect="slide" start="0,0" end="0,60" time="250" condition="Container.Content(Songs) + !String.IsEqual(Container(520).ListItemAbsolute(0).Label,..)">conditional</animation>
				
				<viewtype label="music list">icon</viewtype>
				<scrolltime tween="quadratic">400</scrolltime>
				<itemlayout height="150" width="290" condition="Container.Content(artists) | Container.Content(movies) | Container.Content(tvshows) | Container.Content(sets)">
					<control type="group">
						<width>296</width>
						<height>150</height>
						<!-- <height>156</height>
						<top>-6</top> -->
						<include content="universal_itemlayout">
							<param name="artwork_bordercolor" value="$VAR[color_universalcontainer_itemframe_nf]" />
							<param name="artwork" value="landscape" />
							<param name="artwork_focusoverlay_visible" value="false" />
							<param name="infotags_visible" value="false" />
							<param name="infotags_bgpanel_visible" value="false" />
							<param name="infotags_autoscroll" value="false" />
							<param name="artwork_bg_bordersize" value="6" />
							<param name="infotags_bgpanel_color" value="$VAR[color_universalcontainer_itemtag_bgpanel_nf]" />
							<param name="infotags_label1_color" value="$VAR[color_universalcontainer_itemtag_label1_nf]" />
							<param name="infotags_label2_color" value="$VAR[color_universalcontainer_itemtag_label2_nf]" />
							<param name="artwork_diffuse_themed" value="true" />
							<param name="artwork_diffuse_override" value="false" />
							<param name="artwork_overlay_landscape" value="![$EXP[IsEpisode]]" />
						</include>
					</control>
				</itemlayout>
				<focusedlayout height="150" width="290" condition="Container.Content(artists) | Container.Content(movies) | Container.Content(tvshows) | Container.Content(sets)">
					<include content="hiddenbutton_manage_skinpropertys" />
					<control type="group">
						<width>296</width>
						<height>150</height>
						
						<include>Animation_Item_Focus</include>
						<control type="group">
							<include content="universal_itemlayout">
								<param name="artwork_bordercolor" value="$VAR[color_universalcontainer_itemframe_fo]" />
								<param name="artwork" value="landscape" />
								<param name="artwork_focusoverlay_visible" value="true" />
								<param name="infotags_visible" value="false" />
								<param name="infotags_bgpanel_visible" value="false" />
								<param name="infotags_autoscroll" value="true" />
								<param name="artwork_bg_bordersize" value="4" />
								<param name="infotags_bgpanel_color" value="$VAR[color_universalcontainer_itemtag_bgpanel_fo]" />
								<param name="infotags_label1_color" value="$VAR[color_universalcontainer_itemtag_label1_fo]" />
								<param name="infotags_label2_color" value="$VAR[color_universalcontainer_itemtag_label2_fo]" />
								<param name="artwork_diffuse_themed" value="true" />
								<param name="artwork_diffuse_override" value="false" />
								<param name="artwork_overlay_landscape" value="![$EXP[IsEpisode]]" />
							</include>
						</control>
					</control>
				</focusedlayout>
				<!-- <itemlayout height="150" width="150" condition="Container.Content(albums)">
					<control type="group">
						<width>156</width>
						<height>156</height>
						<include content="universal_itemlayout">
							<param name="artwork_bordercolor" value="$VAR[color_universalcontainer_itemframe_nf]" />
							<param name="artwork" value="landscape" />
							<param name="artwork_focusoverlay_visible" value="false" />
							<param name="infotags_visible" value="false" />
							<param name="infotags_bgpanel_visible" value="false" />
							<param name="infotags_autoscroll" value="false" />
							<param name="artwork_bg_bordersize" value="6" />
							<param name="infotags_bgpanel_color" value="$VAR[color_universalcontainer_itemtag_bgpanel_nf]" />
							<param name="infotags_label1_color" value="$VAR[color_universalcontainer_itemtag_label1_nf]" />
							<param name="infotags_label2_color" value="$VAR[color_universalcontainer_itemtag_label2_nf]" />
							<param name="artwork_diffuse_themed" value="true" />
							<param name="artwork_diffuse_override" value="false" />
							<param name="artwork_overlay_landscape" value="![$EXP[IsEpisode]]" />
						</include>
					</control>
				</itemlayout>
				<focusedlayout height="150" width="150" condition="Container.Content(albums)">
					<include content="hiddenbutton_manage_skinpropertys" />
					<control type="group">
						<width>156</width>
						<height>156</height>
						<include>Animation_Item_Focus</include>
						<control type="group">
							<include content="universal_itemlayout">
								<param name="artwork_bordercolor" value="$VAR[color_universalcontainer_itemframe_fo]" />
								<param name="artwork" value="landscape" />
								<param name="artwork_focusoverlay_visible" value="true" />
								<param name="infotags_visible" value="false" />
								<param name="infotags_bgpanel_visible" value="false" />
								<param name="infotags_autoscroll" value="true" />
								<param name="artwork_bg_bordersize" value="4" />
								<param name="infotags_bgpanel_color" value="$VAR[color_universalcontainer_itemtag_bgpanel_fo]" />
								<param name="infotags_label1_color" value="$VAR[color_universalcontainer_itemtag_label1_fo]" />
								<param name="infotags_label2_color" value="$VAR[color_universalcontainer_itemtag_label2_fo]" />
								<param name="artwork_diffuse_themed" value="true" />
								<param name="artwork_diffuse_override" value="false" />
								<param name="artwork_overlay_landscape" value="![$EXP[IsEpisode]]" />
							</include>
						</control>
					</control>
				</focusedlayout>
				 -->
				<itemlayout height="225" width="225" condition="Container.Content(albums)">
					<control type="group">
						<width>230</width>
						<height>230</height>
						<include content="universal_itemlayout">
							<param name="artwork_bordercolor" value="$VAR[color_universalcontainer_itemframe_nf]" />
							<param name="artwork" value="square" />
							<param name="artwork_focusoverlay_visible" value="false" />
							<param name="infotags_visible" value="false" />
							<param name="infotags_bgpanel_visible" value="false" />
							<param name="infotags_autoscroll" value="false" />
							<param name="artwork_bg_bordersize" value="6" />
							<param name="infotags_bgpanel_color" value="$VAR[color_universalcontainer_itemtag_bgpanel_nf]" />
							<param name="infotags_label1_color" value="$VAR[color_universalcontainer_itemtag_label1_nf]" />
							<param name="infotags_label2_color" value="$VAR[color_universalcontainer_itemtag_label2_nf]" />
							<param name="artwork_diffuse_themed" value="true" />
							<param name="artwork_diffuse_override" value="false" />
							<param name="artwork_overlay_landscape" value="![$EXP[IsEpisode]]" />
						</include>
					</control>
				</itemlayout>
				<focusedlayout height="225" width="225" condition="Container.Content(albums)">
					<include content="hiddenbutton_manage_skinpropertys" />
					<control type="group">
						<width>230</width>
						<height>230</height>
						<include>Animation_Item_Focus</include>
						<control type="group">
							<include content="universal_itemlayout">
								<param name="artwork_bordercolor" value="$VAR[color_universalcontainer_itemframe_fo]" />
								<param name="artwork" value="square" />
								<param name="artwork_focusoverlay_visible" value="true" />
								<param name="infotags_visible" value="false" />
								<param name="infotags_bgpanel_visible" value="false" />
								<param name="infotags_autoscroll" value="true" />
								<param name="artwork_bg_bordersize" value="4" />
								<param name="infotags_bgpanel_color" value="$VAR[color_universalcontainer_itemtag_bgpanel_fo]" />
								<param name="infotags_label1_color" value="$VAR[color_universalcontainer_itemtag_label1_fo]" />
								<param name="infotags_label2_color" value="$VAR[color_universalcontainer_itemtag_label2_fo]" />
								<param name="artwork_diffuse_themed" value="true" />
								<param name="artwork_diffuse_override" value="false" />
								<param name="artwork_overlay_landscape" value="![$EXP[IsEpisode]]" />
							</include>
						</control>
					</control>
				</focusedlayout>
				
				<!-- future inverted colors n bg panel -->
						<itemlayout height="38" condition="Container.Content(songs)">
							<include content="music_list_1row">
								<param name="focsed" value="false"/>
								<param name="text_main" value="$VAR[color_lib_text_secondary]"/>
								<param name="text_secondary" value="$VAR[color_lib_text_secondary]"/>
								<param name="text_accent" value="$VAR[color_lib_text_secondary]"/>
							</include>
						</itemlayout>
						<focusedlayout height="40" condition="Container.Content(songs)">
							<include content="music_list_1row">
								<param name="focsed" value="true"/>
								<param name="text_main" value="$VAR[color_lib_text_main]"/>
								<param name="text_secondary" value="$VAR[color_lib_text_secondary]"/>
								<param name="text_accent" value="$VAR[color_lib_accent]"/>
							</include>
						</focusedlayout>
					</control>
			
			
			
			<control type="label">
				<animation effect="fade" start="0" end="100" time="350" easing="inout" reversible="true">VisibleChange</animation>
				<visible>[Player.HasVideo + !String.IsEmpty(Window(Home).Property(TrailerIsPlaying))]</visible>
				
				<bottom>0</bottom>
				<left>180</left>
				<height>470</height>
				<right>20</right>
				<label>$LOCALIZE[206]</label>
				<textcolor>$VAR[color_spotlightlib_contentheading]</textcolor>
				<font>montserrat_40_extrabold</font>
				<aligny>top</aligny>
			</control>
			<control type="panel">
				<animation effect="fade" start="0" end="100" time="350" easing="inout" reversible="true">VisibleChange</animation>
				<visible>[Player.HasVideo + !String.IsEmpty(Window(Home).Property(TrailerIsPlaying))]</visible>
				<bottom>0</bottom>
				<left>180</left>
				<height>400</height>
				<right>20</right>
				<scrolltime tween="quadratic">400</scrolltime>
				<preloaditems>2</preloaditems>
				<orientation>horizontal</orientation>
				
				
				<itemlayout height="380" width="230">
					<control type="group">
						<height>202</height>
						<width>202</width>
						<control type="group">
							<include content="Circle_CastWidget">
								<param name="colordiffuse" value="$VAR[color_spotlightlib_itemframe_nf]" />
								<param name="infotags_autoscroll" value="false" />
								<param name="artwork_bg_bordersize" value="6" />
							</include>
						</control>
					</control>
				</itemlayout>
				<focusedlayout height="380" width="230">
					<control type="group">
						<height>202</height>
						<width>202</width>
						<include>Animation_Item_Focus</include>
						<control type="group">
							<visible>!Control.HasFocus(50350)</visible>
							<include content="Circle_CastWidget">
								<param name="colordiffuse" value="$VAR[color_spotlightlib_itemframe_nf]" />
								<param name="infotags_autoscroll" value="false" />
								<param name="artwork_bg_bordersize" value="6" />
							</include>
						</control>
						<control type="group">
							<visible>Control.HasFocus(50350)</visible>
							<include content="Circle_CastWidget">
								<param name="colordiffuse" value="$VAR[color_spotlightlib_itemframe_fo]" />
								<param name="infotags_autoscroll" value="false" />
								<param name="artwork_bg_bordersize" value="4" />
							</include>
						</control>
					</control>
				</focusedlayout>
				<content>$VAR[content_cast]</content>
			</control>
			
		</control>
		
		
	
	</include>
</includes>
