<?xml version="1.0" encoding="UTF-8"?>
<includes>
	

	<variable name="test">
		<value condition="String.IsEqual(Skin.String(SpotlightMetadataAlign),right)">right</value>
		<value condition="String.IsEqual(Skin.String(SpotlightMetadataAlign),left)">left</value>
		<value>center</value>
	</variable>
		
	<variable name="check_startup">
		<value condition="!Skin.HasSetting(initial_startup_done)">1101</value>
		<value condition="Skin.HasSetting(initial_startup_done) + !String.IsEmpty(Skin.String(custom_startup))">$INFO[Skin.String(custom_startup)]</value>
		<value condition="Skin.HasSetting(initial_startup_done) + String.IsEmpty(Skin.String(custom_startup))">$INFO[System.StartupWindow]</value>
	</variable>
	
	<variable name="embtmdbinfocall">
		<value condition="String.IsEqual(Container.ListItem.dbtype,actor)">person</value>
		<value condition="String.IsEqual(Container.ListItem.dbtype,tvshow) | String.IsEqual(Container.ListItem.dbtype,season) | String.IsEqual(Container.ListItem.dbtype,episode)">tv</value>
		<value>movie</value>
	</variable>
	<variable name="embtmdbinfoquery">
		<value condition="String.IsEqual(Container.ListItem.dbtype,tvshow) | String.IsEqual(Container.ListItem.dbtype,season) | String.IsEqual(Container.ListItem.dbtype,episode)">$INFO[Container.ListItem.TVShowTitle]</value>
		<value>$INFO[Container.ListItem.Label]</value>
	</variable>
	
<!-- MOVE ME START -->
	
	<variable name="EmbuaryHelper_GetInfo_dbid">
		<value condition="ListItem.IsParentFolder + String.IsEqual(ListItemAbsolute(1).DBType,movie) + Integer.IsGreater(ListItemAbsolute(1).DBID,0)">plugin://script.embuary.helper/?info=getbydbid&amp;dbid=$INFO[ListItemAbsolute(1).DBID]&amp;type=movie&amp;reload=$INFO[Window(home).Property(EmbuaryWidgetUpdate)]</value>
		<value condition="ListItem.IsParentFolder + String.IsEqual(ListItemAbsolute(1).DBType,tvshow) + Integer.IsGreater(ListItemAbsolute(1).DBID,0)">plugin://script.embuary.helper/?info=getbydbid&amp;dbid=$INFO[ListItemAbsolute(1).DBID]&amp;type=tvshow&amp;reload=$INFO[Window(home).Property(EmbuaryWidgetUpdate)]</value>
		<value condition="ListItem.IsParentFolder + String.IsEqual(ListItemAbsolute(1).DBType,season) + Integer.IsGreater(ListItemAbsolute(1).DBID,0)">plugin://script.embuary.helper/?info=getbydbid&amp;dbid=$INFO[ListItemAbsolute(1).DBID]&amp;type=tvshow&amp;idtype=season&amp;reload=$INFO[Window(home).Property(EmbuaryWidgetUpdate)]</value>
		<value condition="ListItem.IsParentFolder + String.IsEqual(ListItemAbsolute(1).DBType,season) + Integer.IsGreater(ListItemAbsolute(1).DBID,0)">plugin://script.embuary.helper/?info=getbydbid&amp;dbid=$INFO[ListItemAbsolute(1).DBID]&amp;type=tvshow&amp;idtype=season&amp;reload=$INFO[Window(home).Property(EmbuaryWidgetUpdate)]</value>
		<value condition="!Container.HasParent + String.IsEqual(ListItem.Label,$LOCALIZE[20366]) + String.IsEqual(ListItemAbsolute(1).DBType,season) + Integer.IsGreater(ListItemAbsolute(1).DBID,0)">plugin://script.embuary.helper/?info=getbydbid&amp;dbid=$INFO[ListItemAbsolute(1).DBID]&amp;type=tvshow&amp;idtype=season&amp;reload=$INFO[Window(home).Property(EmbuaryWidgetUpdate)]</value>
		<value condition="Container.HasParent + String.IsEqual(ListItem.Label,$LOCALIZE[20366]) + String.IsEqual(ListItemAbsolute(2).DBType,season) + Integer.IsGreater(ListItemAbsolute(2).DBID,0)">plugin://script.embuary.helper/?info=getbydbid&amp;dbid=$INFO[ListItemAbsolute(2).DBID]&amp;type=tvshow&amp;idtype=season&amp;reload=$INFO[Window(home).Property(EmbuaryWidgetUpdate)]</value>
		<value condition="ListItem.IsParentFolder + String.IsEqual(ListItemAbsolute(1).DBType,episode) + Integer.IsGreater(ListItemAbsolute(1).DBID,0)">plugin://script.embuary.helper/?info=getbydbid&amp;dbid=$INFO[ListItem.DBID]&amp;type=tvshow&amp;idtype=episode&amp;reload=$INFO[Window(home).Property(EmbuaryWidgetUpdate)]</value>
		<value condition="String.IsEqual(ListItem.DBType,movie) + Integer.IsGreater(ListItem.DBID,0)">plugin://script.embuary.helper/?info=getbydbid&amp;dbid=$INFO[ListItem.DBID]&amp;type=movie&amp;reload=$INFO[Window(home).Property(EmbuaryWidgetUpdate)]</value>
		<value condition="String.IsEqual(ListItem.DBType,tvshow) + Integer.IsGreater(ListItem.DBID,0)">plugin://script.embuary.helper/?info=getbydbid&amp;dbid=$INFO[ListItem.DBID]&amp;type=tvshow&amp;reload=$INFO[Window(home).Property(EmbuaryWidgetUpdate)]</value>
		<value condition="String.IsEqual(ListItem.DBType,season) + Integer.IsGreater(ListItem.DBID,0)">plugin://script.embuary.helper/?info=getbydbid&amp;dbid=$INFO[ListItem.DBID]&amp;type=tvshow&amp;idtype=season&amp;reload=$INFO[Window(home).Property(EmbuaryWidgetUpdate)]</value>
		<value condition="String.IsEqual(ListItem.DBType,episode) + Integer.IsGreater(ListItem.DBID,0)">plugin://script.embuary.helper/?info=getbydbid&amp;dbid=$INFO[ListItem.DBID]&amp;type=tvshow&amp;idtype=episode&amp;reload=$INFO[Window(home).Property(EmbuaryWidgetUpdate)]</value>
		<value>-</value>
	</variable>
	
	<!-- may not needed -->
	<variable name="EmbuaryHelper_NextUp">
		<value condition="Container.Content(seasons) + String.StartsWith(ListItem.Path,plugin://plugin.video.embycon) + !String.IsEmpty(ListItemAbsolute(0).Property(series_id))">plugin://plugin.video.embycon/?mode=GET_CONTENT&amp;use_cache=false&amp;media_type=Episodes&amp;url=%7Bserver%7D%2Femby%2FShows%2FNextUp%3FSeriesId%3D$INFO[ListItemAbsolute(0).Property(series_id)]%26UserId%3D%7Buserid%7D%26IsVirtualUnAired%3Dfalse%26IsMissing%3Dfalse%26Fields%3D%7Bfield_filters%7D%26format%3Djson&amp;reload=$INFO[Window(home).Property(plugin.video.embycon-embycon_widget_reload)]$INFO[Window(home).Property(EmbuaryWidgetUpdate)]</value>
		<value condition="Container.Content(seasons) + String.StartsWith(ListItem.Path,plugin://plugin.video.embycon) + !String.IsEmpty(ListItemAbsolute(1).Property(series_id))">plugin://plugin.video.embycon/?mode=GET_CONTENT&amp;use_cache=false&amp;media_type=Episodes&amp;url=%7Bserver%7D%2Femby%2FShows%2FNextUp%3FSeriesId%3D$INFO[ListItemAbsolute(1).Property(series_id)]%26UserId%3D%7Buserid%7D%26IsVirtualUnAired%3Dfalse%26IsMissing%3Dfalse%26Fields%3D%7Bfield_filters%7D%26format%3Djson&amp;reload=$INFO[Window(home).Property(plugin.video.embycon-embycon_widget_reload)]$INFO[Window(home).Property(EmbuaryWidgetUpdate)]</value>
		<value condition="Container.Content(seasons) + String.StartsWith(ListItem.Path,plugin://plugin.video.embycon) + !String.IsEmpty(ListItemAbsolute(2).Property(series_id))">plugin://plugin.video.embycon/?mode=GET_CONTENT&amp;use_cache=false&amp;media_type=Episodes&amp;url=%7Bserver%7D%2Femby%2FShows%2FNextUp%3FSeriesId%3D$INFO[ListItemAbsolute(2).Property(series_id)]%26UserId%3D%7Buserid%7D%26IsVirtualUnAired%3Dfalse%26IsMissing%3Dfalse%26Fields%3D%7Bfield_filters%7D%26format%3Djson&amp;reload=$INFO[Window(home).Property(plugin.video.embycon-embycon_widget_reload)]$INFO[Window(home).Property(EmbuaryWidgetUpdate)]</value>
		<value condition="Container.Content(seasons) + Integer.IsGreater(Container(2000).ListItem.Property(watchedepisodes),0) + Integer.IsGreater(Container(2000).ListItem.Property(unwatchedepisodes),0) + Integer.IsGreater(Container(2000).ListItem.DBID,0)">videodb://inprogresstvshows/$INFO[Container(2000).ListItem.DBID]/-2/?tvshowid=$INFO[Container(2000).ListItem.DBID]</value>
		<value>-</value>
	</variable>
	
	<variable name="ListItemArt_Discart">
        <value condition="!String.IsEmpty(ListItem.Art(cartridge))">$INFO[ListItem.Art(cartridge)]</value>
        <value condition="!String.IsEmpty(ListItem.Art(discart))">$INFO[ListItem.Art(discart)]</value>
		<value condition="!String.IsEmpty(ListItem.Art(album.discart))">$INFO[ListItem.Art(album.discart)]</value>
        <value condition="!String.IsEmpty(ListItem.Art(landscape)) + Skin.HasSetting(EnableFakeDiscArt)">$INFO[ListItem.Art(landscape)]</value>
        <value condition="!String.IsEmpty(ListItem.Art(fanart)) + Skin.HasSetting(EnableFakeDiscArt)">$INFO[ListItem.Art(fanart)]</value>
	</variable>
	
	
	<!-- revisit VARIABLE-Tag_label2 -->
	<variable name="ListItemPremieredOrYear">
		<value condition="[String.Contains(ListItem.FileNameAndPath,/info/movie/tmdb) | $EXP[IsEpisode] | $EXP[IsMusicVideo]] + !String.IsEmpty(ListItem.Premiered)">$INFO[ListItem.Premiered]</value>
		<value condition="!String.IsEmpty(ListItem.Year)">$INFO[ListItem.Year]</value>
	</variable>
	
	
	<variable name="ListItemDurationWithEndTime">
        <value condition="!String.IsEmpty(ListItem.Duration) + !String.IsEmpty(ListItem.EndTimeResume)">$VAR[ListItemDuration]$INFO[ListItem.EndTimeResume, - $LOCALIZE[31080]: ,]</value>
		<value condition="!String.IsEmpty(ListItem.Duration) + !String.IsEmpty(ListItem.EndTime)">$VAR[ListItemDuration]$INFO[ListItem.EndTime, - $LOCALIZE[31080]: ,]</value>
		<value>$VAR[ListItemDuration]</value>
    </variable>
	
	<variable name="ListItemDuration">
		<value condition="Integer.IsGreater(ListItem.Duration(h),0)">$INFO[ListItem.Duration(h),,h ]$INFO[ListItem.Duration(m),,min]</value>
		<value condition="$EXP[IsSong]">$INFO[ListItem.Duration]</value>
		<value>$INFO[ListItem.Duration(m),, min]</value>
	</variable>
	
	<variable name="ListLabel2">
		<value condition="String.IsEqual(ListItem.Label2,ListItem.year)"></value>
		<value condition="String.IsEqual(ListItem.Label2,ListItem.mpaa)"></value>
		<value condition="String.IsEqual(ListItem.Label2,ListItem.rating)"></value>
		<value condition="String.IsEqual(ListItem.Label2,ListItem.duration)"></value>
		<value>$INFO[ListItem.Label2]</value>
	</variable>
	
<!-- String.IsEndsWith(ListItem.Overlay,OverlayWatched.png) , String.IsEndsWith(ListItem.Overlay,OverlayUnwatched.png) -->
	<variable name="PercentPlayed">
		<value condition="!Integer.IsGreater(ListItem.PlayCount,0) + !ListItem.IsResumable">[B]0%[/B] [LIGHT][LOWERCASE]$LOCALIZE[16102][/LIGHT][/LOWERCASE]</value>
		<value condition="Integer.IsGreater(ListItem.PlayCount,0) + !ListItem.IsResumable">[B]100%[/B] [LIGHT][LOWERCASE]$LOCALIZE[16102][/LIGHT][/LOWERCASE]</value>
		<value>$INFO[ListItem.PercentPlayed,[B],%[/B] [LIGHT][LOWERCASE]$LOCALIZE[16102][/LIGHT][/LOWERCASE]]</value>
	</variable>	
	
	<variable name="plot">
		<value condition="String.IsEqual(ListItem.Label,..) | [String.StartsWith(ListItem.Label,*) + String.IsEmpty(Container.ShowPlot)] | Control.HasFocus(7600) | [Window.IsActive(home) + ControlGroup(9000).HasFocus()] | String.IsEqual(ListItem.DBTYPE,genre) | String.IsEqual(ListItem.DBTYPE,studio) | String.IsEqual(ListItem.DBTYPE,actor) | String.IsEqual(ListItem.DBTYPE,year) | String.IsEqual(ListItem.DBTYPE,director) | String.IsEqual(ListItem.DBTYPE,country) | String.IsEqual(ListItem.DBTYPE,tag)"></value>
		<value condition="String.StartsWith(ListItem.Label,*) + !String.IsEmpty(Container.ShowPlot)">$INFO[Container.ShowPlot]</value>
		<value condition="!String.IsEmpty(ListItem.Plot)">$INFO[ListItem.Plot]</value>
		<value condition="!String.IsEmpty(ListItem.Property(Album_Description))">$INFO[ListItem.Property(Album_Description)]$INFO[ListItem.ContributorAndRole,[CR],]</value>
		<value condition="!String.IsEmpty(ListItem.Property(Artist_Description))">$INFO[ListItem.Property(Artist_Description)]$INFO[ListItem.ContributorAndRole,[CR],]</value>
		<value condition="String.IsEqual(ListItem.DBTYPE,musicvideo)">$INFO[ListItem.Artist]$INFO[ListItem.Title,[CR],]</value>
		<value condition="!String.IsEmpty(ListItem.AddonDescription)">$INFO[ListItem.AddonDescription]</value>
		<value condition="!String.IsEmpty(ListItem.AddonSummary)">$INFO[ListItem.AddonSummary]</value>
		<value condition="$EXP[IsSong]">$INFO[ListItem.AlbumArtist,$LOCALIZE[557] : [B],[/B]][CR]$INFO[ListItem.Album,$LOCALIZE[558] : ,]</value>
		<value>$LOCALIZE[19055]</value>
	</variable>
	
	<!-- pre var -->
	<variable name="Plots">
		<value condition="Container.content(addons) + !String.IsEmpty(ListItem.AddonDescription)">$INFO[ListItem.AddonDescription]</value>
		<value condition="Container.Content(Seasons) + !String.IsEmpty(ListItem.Plot) + !String.IsEmpty(ListItem.Title)">$INFO[ListItem.Plot]</value>
		<value condition="Container.Content(Seasons) + !String.IsEmpty(Container.ShowPlot) + !String.IsEmpty(ListItem.Title)">$INFO[Container.ShowPlot]</value>
		<value condition="Container.Content(albums) + !String.IsEmpty(ListItem.Property(Album_Description))">$INFO[ListItem.Property(Album_Description)]</value>
		<value condition="Container.Content(artists) + !String.IsEmpty(ListItem.Property(Artist_Description))">$INFO[ListItem.Property(Artist_Description)]</value>
		<value condition="Container.Content(songs) + !String.IsEmpty(ListItem.Comment)">$INFO[ListItem.Comment]</value>
		<value condition="Container.Content(songs) + !String.IsEmpty(ListItem.Property(Album_Description))">$INFO[ListItem.Property(Album_Description)]</value>
		<value condition="Container.Content(songs) + !String.IsEmpty(ListItem.Property(Artist_Description))">$INFO[ListItem.Property(Artist_Description)]</value>
		<value condition="Window.IsActive(tvchannels) + !String.IsEmpty(ListItem.Plot)">$INFO[ListItem.Season,S,]$INFO[ListItem.Episode,E, - ]$INFO[ListItem.EpisodeName,,[CR]]$INFO[ListItem.Plot]$INFO[Container.ListItem.NextTitle,[CR][CR][B]$LOCALIZE[19031]: [/B]]</value>
		<value condition="Window.IsActive(pictures ) + !String.IsEmpty(ListItem.PictureDesc)">$INFO[ListItem.PictureDesc]</value>
		<value condition="Window.IsActive(pictures ) + !String.IsEmpty(ListItem.PictureComment)">$INFO[ListItem.PictureComment]</value>
		<value condition="Window.IsActive(pictures ) + !String.IsEmpty(ListItem.PictureKeywords)">$INFO[ListItem.PictureKeywords]</value>
		<value condition="!String.IsEmpty(ListItem.Plot)">$INFO[ListItem.Plot]</value>
		<value condition="!String.IsEmpty(ListItem.Property(Plot))">$INFO[ListItem.Property(Plot)]</value>
		<value condition="!String.IsEmpty(ListItem.Comment)">$INFO[ListItem.Comment]</value>
	</variable>
	
	<variable name="Universal_WidgetHeaderListItem">
		<value condition="Window.IsActive(1120)">$VAR[SearchInfoHeader_Title]</value>
		<value condition="Control.HasFocus(8606) | Control.HasFocus(8607)"></value>
		<value condition="Control.HasFocus(8602)">$INFO[Container.ListItem.Season,$LOCALIZE[20373] [B],[/B] • ]$INFO[Container.ListItem.Episode,$LOCALIZE[20452] [B],[/B]]</value>
		<value>$INFO[Container.ListItem.Label,[B],[/B]]</value>
	</variable>
	<variable name="SearchInfoHeader_Title">
		<value condition="Control.HasFocus(5009)">$INFO[ListItem.Label,[B],[/B]]</value>
		<value condition="String.IsEqual(ListItem.DBType,musicvideo)">$INFO[ListItem.Artist,[B],[/B]]$INFO[ListItem.Title,  [B]•  ,[/B]]</value>
		<value condition="String.IsEqual(ListItem.DBType,song)">$INFO[ListItem.Artist,[B],[/B]]$INFO[ListItem.Title,  [B]•  ,[/B]]</value>
		<value condition="String.IsEqual(ListItem.DBType,episode)">$INFO[ListItem.TvShowTitle,[B],  |  [/B]]$INFO[ListItem.Season,[B]$LOCALIZE[20373]  , • [/B]]$INFO[ListItem.Episode, [B]$LOCALIZE[20359]  , • [/B]]$INFO[ListItem.Title,[B],[/B]]</value>
		<value condition="Control.HasFocus(5007)">$INFO[ListItem.Genre, &quot; , &quot;   |  ]$INFO[ListItem.Label,[B],[/B]]</value>
		<value condition="Control.HasFocus(5011)">$INFO[ListItem.Studio, &quot; , &quot;   |  ]$INFO[ListItem.Label,[B],[/B]]</value>
		<value condition="Control.HasFocus(5012)">$INFO[ListItem.Country, &quot; , &quot;  |  ]$INFO[ListItem.Label,[B],[/B]]</value>
		<value condition="Control.HasFocus(5013)">$INFO[ListItem.Director, &quot; , &quot;  |  ]$INFO[ListItem.Label,[B],[/B]]</value>
		<value condition="Control.HasFocus(5014)">$INFO[ListItem.AddonName,[B],[/B]]</value>
		<value>$INFO[ListItem.Label,[B],[/B]]</value>
	</variable>
	<variable name="Universal_WidgetHeader_Seperator">
		<value condition="Control.HasFocus(8602) | Control.HasFocus(8606) | Control.HasFocus(8607)"></value>
		<value> | </value>
	</variable>
	
	just videoinfo
	<variable name="EmbuaryCast">
		<value condition="String.IsEqual(ListItem.DBType,movie) + [!String.IsEmpty(ListItem.DBID) + !String.IsEqual(ListItem.DBID,0)]">plugin://script.embuary.helper?info=getcast&amp;type=movie&amp;dbid=$INFO[ListItem.DBID]</value>
		<value condition="String.IsEqual(ListItem.DBType,movie) + String.IsEqual(ListItem.DBID,0)">plugin://script.embuary.helper?info=getcast&amp;type=movie&amp;title='$ESCINFO[ListItem.Title]'</value>
		<value condition="String.IsEqual(ListItem.DBType,tvshow) + [!String.IsEmpty(ListItem.DBID) + !String.IsEqual(ListItem.DBID,0)]">plugin://script.embuary.helper?info=getcast&amp;type=tvshow&amp;dbid=$INFO[ListItem.DBID]</value>
		<value condition="[String.IsEqual(ListItem.DBType,tvshow) + String.IsEqual(ListItem.DBID,0)] | [[String.IsEqual(ListItem.DBType,episode) | String.IsEqual(ListItem.DBType,season)] + !String.IsEmpty(ListItem.DBID)]">plugin://script.embuary.helper?info=getcast&amp;type=tvshow&amp;title='$ESCINFO[ListItem.TVShowTitle]'</value>
		compensate back,all seasons
		<value condition="Container.Content(seasons) + !String.IsEmpty(ListItem(1).DBID)">plugin://script.embuary.helper?info=getcast&amp;type=tvshow&amp;title='$ESCINFO[ListItem(1).TVShowTitle]'</value>
		<value condition="Container.Content(seasons) + !String.IsEmpty(ListItem(2).DBID)">plugin://script.embuary.helper?info=getcast&amp;type=tvshow&amp;title='$ESCINFO[ListItem(2).TVShowTitle]'</value>
		<value>-</value>
	</variable>
	
	
	<!-- MOVE ME END -->
	
	<variable name="DialogInfo_Header">
		<value condition="Container.Content(Movies) | String.IsEqual(ListItem.DBType,movie)">$LOCALIZE[24007]</value>
		<value condition="Container.Content(Musicvideos) | String.IsEqual(ListItem.DBType,musicvideo)">$LOCALIZE[24015]</value>
		<value condition="Container.Content(TVShows) | String.IsEqual(ListItem.DBType,tvshow)">$LOCALIZE[20351]</value>
		<value condition="Container.Content(Episodes) | String.IsEqual(ListItem.DBType,episode)">$LOCALIZE[20352]</value>
		<value condition="Container.Content(Artists) | String.IsEqual(ListItem.DBType,artist)">$LOCALIZE[24017]</value>
		<value condition="Container.Content(Albums) | String.IsEqual(ListItem.DBType,album)">$LOCALIZE[24016]</value>
		<value condition="Container.Content(Songs) | String.IsEqual(ListItem.DBType,song)">$LOCALIZE[658]</value>
		<value>$LOCALIZE[29943]</value>
	</variable>
	
	<variable name="DialogHeader">
		<value condition="!String.IsEmpty(Window(home).Property(DialogHeader))">$INFO[Window(home).Property(DialogHeader)]</value>
		<value condition="Window.Is(virtualkeyboard) + !String.IsEmpty(Control.GetLabel(311))">$INFO[Control.GetLabel(311)]</value>
		<value condition="Window.Is(filebrowser) + !String.IsEmpty(Control.GetLabel(411))">$INFO[Control.GetLabel(411)]</value>
		<value>[B]Something Missing here $INFO[System.CurrentWindow][/B] in $INFO[Window.Property(xmlfile)]</value>
	</variable>
	
	<variable name="value_header">
		<value condition="Window.IsActive(1100)">TITAN search</value>
        <value condition="[Window.IsActive(skinsettings) | Window.IsActive(Custom_SkinSettings.xml)]">[UPPERCASE]$LOCALIZE[20077][/UPPERCASE]</value>
		<value condition="window.isactive(favourites)">$LOCALIZE[1036]</value>
		<value condition="Window.IsActive(script-ExtendedInfo Script-DialogInfo.xml) + !String.IsEmpty(Window(Home).Property(actor.title))">$INFO[Window(Home).Property(actor.title)]</value>
		<value condition="Window.IsActive(loginscreen)">$INFO[System.CurrentWindow]</value>
		<value condition="window.isactive(DialogVideoInfo.xml) + !String.IsEmpty(ListItem.TvShowTitle)">$INFO[ListItem.TvShowTitle]</value>
		<value condition="window.isactive(DialogVideoInfo.xml) + !String.IsEmpty(ListItem.Title)">$INFO[ListItem.Title]</value>
		<value condition="Window.IsActive(profilesettings) | Window.IsActive(profiles)">$LOCALIZE[10130]</value>
		<value condition="Window.IsActive(selectdialog) + !String.IsEmpty(Control.GetLabel(1))">$INFO[Control.GetLabel(1)]</value>
		<value condition="Window.IsActive(script-skinshortcuts.xml) + String.IsEqual(Window.Property(groupname),powermenu)">$LOCALIZE[31204]</value>
		<value condition="Window.IsActive(script-skinshortcuts.xml) + !String.IsEmpty(Control.GetLabel(500))">$INFO[Control.GetLabel(500)]</value>
		
		<value condition="Window.IsActive(script-skinshortcuts.xml)">$LOCALIZE[31014]</value>
		<value condition="Window.IsActive(script-NextAired-TVGuide.xml) | Window.IsActive(script-NextAired-TVGuide2.xml)">$INFO[System.AddonTitle(script.tv.show.next.aired)]</value>
        <value condition="Window.IsActive(home)">[UPPERCASE]$LOCALIZE[10000][/UPPERCASE]</value>
        <value condition="String.Contains(Container.FolderPath,Radio)">[UPPERCASE]$LOCALIZE[19021][/UPPERCASE]</value>

        <value condition="[Container.Content(movies) | Container.Content(tvshows)] + Skin.HasSetting(ShowMovieTitleHeader) + !String.IsEmpty(ListItem.Title)">$INFO[ListItem.Title]</value>
		
		<value condition="Container.Content(movies) + String.IsEqual(Container.FolderName,$LOCALIZE[369])">[UPPERCASE]$LOCALIZE[342][/UPPERCASE]</value>
		<value condition="Container.Content(tvshows) + String.IsEqual(Container.FolderName,$LOCALIZE[369])">[UPPERCASE]$LOCALIZE[20343][/UPPERCASE]</value>
		
		<value condition="[Container.Content(episodes) | String.IsEqual(ListItem.DBTYPE,episode) | String.IsEqual(ListItem.Property(DBTYPE),episode)] + String.IsEqual(Container.FolderPath,special://skin/extras/widgetplaylists/recentepisodes.xsp)">[UPPERCASE]$LOCALIZE[20343][/UPPERCASE] • $LOCALIZE[20387]</value>
		
		<value condition="Container.Content(movies)">[UPPERCASE]$LOCALIZE[342][/UPPERCASE] $INFO[Container.FolderName,• ,]</value>
		<value condition="Container.Content(seasons) + !String.IsEmpty(ListItem.TVShowTitle)">[UPPERCASE]$LOCALIZE[20343][/UPPERCASE] $INFO[ListItem.TvShowTitle,• ]</value>
		<value condition="Container.Content(tvshows)">[UPPERCASE]$LOCALIZE[20343][/UPPERCASE] $INFO[Container.FolderName,• ,]</value>
		<value condition="[Container.Content(episodes) | String.IsEqual(ListItem.DBTYPE,episode) | String.IsEqual(ListItem.Property(DBTYPE),episode)] + !String.IsEmpty(ListItem.TVShowTitle)">$INFO[ListItem.TvShowTitle] $INFO[ListItem.Season,• $LOCALIZE[20373] ,]</value>
		
        <value condition="!String.IsEmpty(Container.Property(FolderName))">$INFO[Container.Foldername] • $INFO[Container.Property(FolderName)]</value>
		
		<value condition="!String.IsEmpty(Window.Property(IsRadio))">[UPPERCASE]$LOCALIZE[19021][/UPPERCASE]</value>
		<value condition="Window.IsActive(TVGuide)">[UPPERCASE]$LOCALIZE[19020][/UPPERCASE] • $LOCALIZE[22020] $INFO[Control.GetLabel(30),• ]</value>
		<value condition="Window.IsActive(TVChannels)">[UPPERCASE]$LOCALIZE[19020][/UPPERCASE] • $LOCALIZE[19019] $INFO[Control.GetLabel(29),• ]</value>
		<value condition="Window.IsActive(TVRecordings)">[UPPERCASE]$LOCALIZE[19020][/UPPERCASE] • $LOCALIZE[19017]</value>
		<value condition="Window.IsActive(TVTimers)">[UPPERCASE]$LOCALIZE[19020][/UPPERCASE] • $LOCALIZE[19040]</value>
        <value condition="Window.IsActive(TVTimerRules)">[UPPERCASE]$LOCALIZE[19020][/UPPERCASE] • $LOCALIZE[19138]</value>
		<value condition="Window.IsActive(TVSearch)">[UPPERCASE]$LOCALIZE[19020][/UPPERCASE] • $LOCALIZE[137]</value>

        <value condition="Window.IsActive(MyMusicNav.xml)">[UPPERCASE]$LOCALIZE[2][/UPPERCASE] $INFO[Container.FolderName,• ,]</value>

        <value condition="String.Contains(Container.FolderPath,plugin://plugin.video.youtube)">[UPPERCASE]$LOCALIZE[31062][/UPPERCASE]</value>
		
		<value condition="String.IsEqual(Container.FolderPath,library://video/movies/)">[UPPERCASE]$LOCALIZE[342][/UPPERCASE]</value>
		<value condition="String.IsEqual(Container.FolderPath,library://video/tvshows/)">[UPPERCASE]$LOCALIZE[20343][/UPPERCASE]</value>
		
		<value condition="String.Contains(Container.FolderPath,movies)">$INFO[Container.FolderName]</value>
		<value condition="String.Contains(Container.FolderPath,tvshows)">[UPPERCASE]$LOCALIZE[20343][/UPPERCASE] $INFO[Container.FolderName,• ,]</value>
		
		<!-- <value condition="Window.IsActive(1100) | Window.IsActive(1101)">TITAN search</value> -->
		
		<value condition="Window.IsActive(Videos)">[UPPERCASE]$LOCALIZE[3][/UPPERCASE] $INFO[Container.FolderName,• ,]</value>
        <value condition="Window.IsActive(weather)">[UPPERCASE]$LOCALIZE[8][/UPPERCASE]</value>
        <value condition="Window.IsActive(pictures )">[UPPERCASE]$LOCALIZE[1213][/UPPERCASE]</value>
        <value condition="Window.IsActive(addonbrowser)">[UPPERCASE]$LOCALIZE[10040][/UPPERCASE]</value>
        <value condition="Window.IsActive(filemanager)">[UPPERCASE]$LOCALIZE[10003][/UPPERCASE]</value>
        <value condition="Window.IsActive(musicplaylist)">[UPPERCASE]$LOCALIZE[2]-$LOCALIZE[559][/UPPERCASE]</value>
        <value condition="Window.IsActive(Music)">[UPPERCASE]$LOCALIZE[2]-$LOCALIZE[1214][/UPPERCASE]</value>
        <value condition="Window.IsActive(programs)">[UPPERCASE]$LOCALIZE[10001][/UPPERCASE]</value>
        <value condition="Window.IsActive(settings)">[UPPERCASE]$LOCALIZE[5][/UPPERCASE]</value>
         <value condition="Window.IsActive(SettingsCategory.xml)">[UPPERCASE]$LOCALIZE[5][/UPPERCASE]</value>
        <value condition="Window.IsActive(systeminfo)">[UPPERCASE]$LOCALIZE[5][/UPPERCASE]</value>
        <value condition="Window.IsActive(tvguide) | Window.IsActive(tvchannels) | Window.IsActive(tvrecordings) | Window.IsActive(tvtimers) | Window.IsActive(tvsearch)">[UPPERCASE]$LOCALIZE[31088][/UPPERCASE] $INFO[ListItem.ChannelGroup,• ]</value>
        <value condition="Window.IsActive(musicplaylisteditor)">[UPPERCASE]$LOCALIZE[10503][/UPPERCASE]</value>
        <value condition="Window.IsActive(musicplaylisteditor)">[UPPERCASE]$LOCALIZE[10503][/UPPERCASE]</value>
		<value condition="window.isactive(videoplaylist)">$LOCALIZE[13350]</value>
        <value condition="window.isactive(EventLog.xml)">$LOCALIZE[14111]</value>
	</variable>
		
	<variable name="AddonStatus">
		<value condition="!String.IsEmpty(ListItem.AddonBroken)">icons/disable.png</value>
		<value condition="ListItem.Property(addon.orphaned)">icons/orphaned.png</value>
		<value condition="ListItem.Property(addon.isinstalled) + !ListItem.Property(addon.isenabled)">icons/disable.png</value>
		<value condition="ListItem.Property(addon.isinstalled)">icons/tickmark.png</value>
		<value></value>
	</variable>
	<variable name="addonupdate">
		<value condition="ListItem.Property(addon.downloading)">$INFO[ListItem.Property(addon.status)]</value>
		<value></value>
	</variable>
	
	<!-- no other way than ignore kodi setting for resume widget ,mixed content 
			0 choose
			1 play
			2 resume
			3 info
			-->
	<include name="RespectBool_selectaction">
		<onclick condition="String.IsEqual(Window(home).property(myvideos.selectaction),3)">Action(Info)</onclick>
		<onclick condition="![ListItem.IsFolder | ListItem.IsCollection] + ListItem.IsResumable + !String.IsEqual(Window(home).property(myvideos.selectaction),3) + [String.IsEqual(Window(home).property(myvideos.selectaction),2) | String.IsEqual(Window(home).property(myvideos.selectaction),1)]">PlayMedia($ESCINFO[ListItem.FilenameAndPath],resume)</onclick>
	</include>	

	<!-- playmedia - depending to kodi bool -->
	
	<!-- <variable name="bool_defaultselectaction_noinfo">
		<value condition="![ListItem.IsFolder | ListItem.IsCollection] + [String.IsEqual(Window(home).property(myvideos.selectaction),2) | String.IsEqual(Window(home).property(myvideos.selectaction),1)]">PlayMedia($INFO[ListItem.FilenameAndPath],resume)</value>
		<value>PlayMedia($INFO[ListItem.FilenameAndPath])</value>
	</variable> -->
	
	<!-- ######### -->
	<!--   ARTWORK  -->
	<!-- ######### -->
	
	<variable name="ListItemClearLogo">
		<value condition="!String.IsEmpty(ListItem.Art(tvshow.clearlogo))">$INFO[ListItem.Art(tvshow.clearlogo)]</value>
		<value condition="!String.IsEmpty(ListItem.Art(artist.clearlogo))">$INFO[ListItem.Art(artist.clearlogo)]</value>
		<value condition="!String.IsEmpty(ListItem.Art(albumartist.clearlogo))">$INFO[ListItem.Art(albumartist.clearlogo)]</value>
		<value condition="!String.IsEmpty(ListItem.Art(clearlogo))">$INFO[ListItem.Art(clearlogo)]</value>
	</variable>
	
	<!-- make optional or remove <value condition="!String.IsEmpty(ListItem.PlotOutline)">$INFO[ListItem.PlotOutline]</value> -->
	<variable name="ListItemPlot">
		<value condition="!String.IsEmpty(ListItem.Plot)">$INFO[ListItem.Plot]</value>
		<value condition="!String.IsEmpty(ListItem.Property(Album_Description))">$INFO[ListItem.Property(Album_Description)]$INFO[ListItem.ContributorAndRole,[CR],]</value>
		<value condition="!String.IsEmpty(ListItem.Property(Artist_Description))">$INFO[ListItem.Property(Artist_Description)]$INFO[ListItem.ContributorAndRole,[CR],]</value>
		<value condition="!String.IsEmpty(ListItem.AddonDescription)">$INFO[ListItem.AddonDescription]</value>
		<value condition="!String.IsEmpty(ListItem.AddonSummary)">$INFO[ListItem.AddonSummary]</value>
		<value>$LOCALIZE[19055]</value>
	</variable>
	
	
	
	
	<!-- ######### -->
	<!--   COLORS  -->
	<!-- ######### -->
	
	<!-- Profile Login -->
	<variable name="color_profilelogin_text_main">
		<value condition="!String.IsEmpty(Skin.String(color_profilelogin_text_main))">$INFO[Skin.String(color_profilelogin_text_main)]</value>
		<value>color_profilelogin_text_main</value>
	</variable>
	<variable name="color_profilelogin_text_secondary">
		<value condition="!String.IsEmpty(Skin.String(color_profilelogin_text_secondary))">$INFO[Skin.String(color_profilelogin_text_secondary)]</value>
		<value>color_profilelogin_text_secondary</value>
	</variable>
	<variable name="color_profilelogin_accent">
		<value condition="!String.IsEmpty(Skin.String(color_profilelogin_accent))">$INFO[Skin.String(color_profilelogin_accent)]</value>
		<value>color_profilelogin_accent</value>
	</variable>
	<!-- dialogbutton , shutdownmenu -->
	<variable name="color_shutdown_dimmed_background">
		<value condition="!String.IsEmpty(Skin.String(color_shutdown_dimmed_background))">$INFO[Skin.String(color_shutdown_dimmed_background)]</value>
		<value>color_shutdown_dimmed_background</value>
	</variable>
	
		<variable name="color_shutdown_item_fo">
			<value condition="!String.IsEmpty(Skin.String(color_shutdown_item_fo))">$INFO[Skin.String(color_shutdown_item_fo)]</value>
			<value>color_shutdown_item_fo</value>
		</variable>
		<variable name="color_shutdown_item_nf">
			<value condition="!String.IsEmpty(Skin.String(color_shutdown_item_nf))">$INFO[Skin.String(color_shutdown_item_nf)]</value>
			<value>color_shutdown_item_nf</value>
		</variable>
		
		<!-- NEED REVISIT think about color management usage
		
		method 1 using var within tags inside container includes
			- need define var based on windows
		
		method 2 using [window_prefix] within includes 
			- saves variables as the prefix is used
		
		settings and shutdownmenu -->
	
		<variable name="color_global_item_fo">
			<value>$VAR[color_global_button_selected]</value>
		</variable>
		<variable name="color_global_item_nf">
			<value>$VAR[color_global_button_text_nf]</value>
		</variable>
	
	
	
	<!-- BG Common-->
	<variable name="color_global_background_layer1">
		<value condition="$EXP[IsSpotlight_View]">$VAR[color_spotlightlib_background_layer1]</value>
		<value condition="[!$EXP[IsSpotlight_View]] + !String.IsEmpty(Skin.String(color_global_background_layer1))">$INFO[Skin.String(color_global_background_layer1)]</value>
		<value>color_global_background_layer1</value>
	</variable>
	
	<variable name="color_spotlightlib_background_layer1">
		<value condition="!String.IsEmpty(Skin.String(color_spotlightlib_background_layer1))">$INFO[Skin.String(color_spotlightlib_background_layer1)]</value>
		<value>color_spotlightlib_background_layer1</value>
	</variable>
	
	
	
	<variable name="color_global_background_layer2">
		<value condition="!String.IsEmpty(Skin.String(color_global_background_layer2))">$INFO[Skin.String(color_global_background_layer2)]</value>
		<value>color_global_background_layer2</value>
	</variable>
	<variable name="color_global_background_layer3">
		<value condition="!String.IsEmpty(Skin.String(color_global_background_layer3))">$INFO[Skin.String(color_global_background_layer3)]</value>
		<value>color_global_background_layer3</value>
	</variable>
	
	<!-- BG HOME-->
	<variable name="color_home_background_layer1">
		<value condition="!String.IsEmpty(Skin.String(color_home_background_layer1))">$INFO[Skin.String(color_home_background_layer1)]</value>
		<value>color_home_background_layer1</value>
	</variable>
	<variable name="color_home_background_layer3">
		<value condition="!String.IsEmpty(Skin.String(color_home_background_layer3))">$INFO[Skin.String(color_home_background_layer3)]</value>
		<value>color_home_background_layer3</value>
	</variable>
	
	
	<variable name="color_home_menu_backgroundpanel">
		<value condition="!String.IsEmpty(Skin.String(color_home_menu_backgroundpanel))">$INFO[Skin.String(color_home_menu_backgroundpanel)]</value>
		<value>color_home_menu_backgroundpanel</value>
	</variable>
	<variable name="color_home_menu_accent">
		<value condition="!String.IsEmpty(Skin.String(color_home_menu_accent))">$INFO[Skin.String(color_home_menu_accent)]</value>
		<value>color_home_menu_accent</value>
	</variable>
	<variable name="color_home_menu_item_accent">
		<value condition="!String.IsEmpty(Skin.String(color_home_menu_item_accent))">$INFO[Skin.String(color_home_menu_item_accent)]</value>
		<value>color_home_menu_item_accent</value>
	</variable>
	<variable name="color_home_menu_itempanel_fo">
		<value condition="!String.IsEmpty(Skin.String(color_home_menu_itempanel_fo))">$INFO[Skin.String(color_home_menu_itempanel_fo)]</value>
		<value>color_home_menu_itempanel_fo</value>
	</variable>
	<variable name="color_home_menu_item_fo">
		<value condition="!String.IsEmpty(Skin.String(color_home_menu_item_fo))">$INFO[Skin.String(color_home_menu_item_fo)]</value>
		<value>color_home_menu_item_fo</value>
	</variable>
	
	<variable name="color_home_menu_itempanel_nf">
		<value condition="!String.IsEmpty(Skin.String(color_home_menu_itempanel_nf))">$INFO[Skin.String(color_home_menu_itempanel_nf)]</value>
		<value>color_home_menu_itempanel_nf</value>
	</variable>
	<variable name="color_home_menu_item_nf">
		<value condition="!String.IsEmpty(Skin.String(color_home_menu_item_nf))">$INFO[Skin.String(color_home_menu_item_nf)]</value>
		<value>color_home_menu_item_nf</value>
	</variable>
	
	<!-- BG Dialog Common-->
	<variable name="color_global_dialog_background">
		<value condition="!String.IsEmpty(Skin.String(color_global_dialog_background))">$INFO[Skin.String(color_global_dialog_background)]</value>
		<value>color_global_dialog_background</value>
	</variable>
	<variable name="color_global_dialog_accent">
		<value condition="!String.IsEmpty(Skin.String(color_global_dialog_accent))">$INFO[Skin.String(color_global_dialog_accent)]</value>
		<value>color_global_dialog_accent</value>
	</variable>
	
	
	<!-- HUB -->
	<variable name="color_hub_backgroundlayer1">
		<value condition="!String.IsEmpty(Skin.String(color_hub_backgroundlayer1))">$INFO[Skin.String(color_hub_backgroundlayer1)]</value>
		<value>color_hub_backgroundlayer1</value>
	</variable>
	<variable name="color_hub_menu_panel_gradienttop">
		<value condition="!String.IsEmpty(Skin.String(color_hub_menu_panel_gradienttop))">$INFO[Skin.String(color_hub_menu_panel_gradienttop)]</value>
		<value>color_hub_menu_panel_gradienttop</value>
	</variable>
	<variable name="color_hub_menu_panel_gradientcenter">
		<value condition="!String.IsEmpty(Skin.String(color_hub_menu_panel_gradientcenter))">$INFO[Skin.String(color_hub_menu_panel_gradientcenter)]</value>
		<value>color_hub_menu_panel_gradientcenter</value>
	</variable>
	<variable name="color_hub_menu_panel_gradientbottom">
		<value condition="!String.IsEmpty(Skin.String(color_hub_menu_panel_gradientbottom))">$INFO[Skin.String(color_hub_menu_panel_gradientbottom)]</value>
		<value>color_hub_menu_panel_gradientbottom</value>
	</variable>
	
	<variable name="color_hub_menu_text_fo">
		<value condition="!String.IsEmpty(Skin.String(color_hub_menu_text_fo))">$INFO[Skin.String(color_hub_menu_text_fo)]</value>
		<value>color_hub_menu_text_fo</value>
	</variable>
	<variable name="color_hub_menu_text_nf">
		<value condition="!String.IsEmpty(Skin.String(color_hub_menu_text_nf))">$INFO[Skin.String(color_hub_menu_text_nf)]</value>
		<value>color_hub_menu_text_nf</value>
	</variable>
	
	<variable name="color_hub_text_main">
		<value condition="!String.IsEmpty(Skin.String(color_hub_text_main))">$INFO[Skin.String(color_hub_text_main)]</value>
		<value>color_hub_text_main</value>
	</variable>
	<variable name="color_hub_text_secondary">
		<value condition="!String.IsEmpty(Skin.String(color_hub_text_secondary))">$INFO[Skin.String(color_hub_text_secondary)]</value>
		<value>color_hub_text_secondary</value>
	</variable>
	<variable name="color_hub_accent">
		<value condition="!String.IsEmpty(Skin.String(color_hub_accent))">$INFO[Skin.String(color_hub_accent)]</value>
		<value>color_hub_accent</value>
	</variable>
	<variable name="color_hub_widget_frame_nf">
		<value condition="!String.IsEmpty(Skin.String(color_hub_widget_frame_nf))">$INFO[Skin.String(color_hub_widget_frame_nf)]</value>
		<value>color_hub_widget_frame_nf</value>
	</variable>
	<variable name="color_hub_widget_frame_fo">
		<value condition="!String.IsEmpty(Skin.String(color_hub_widget_frame_fo))">$INFO[Skin.String(color_hub_widget_frame_fo)]</value>
		<value>color_hub_widget_frame_fo</value>
	</variable>
	
	<!-- HEADER BAR -->
	<variable name="color_header_backgroundpanel">
		<value condition="!String.IsEmpty(Skin.String(color_header_backgroundpanel))">$INFO[Skin.String(color_header_backgroundpanel)]</value>
		<value>color_header_backgroundpanel</value>
	</variable>
	<variable name="color_header_text_main">
		<value condition="!String.IsEmpty(Skin.String(color_header_text_main))">$INFO[Skin.String(color_header_text_main)]</value>
		<value>color_header_text_main</value>
	</variable>
	<variable name="color_header_text_accent">
		<value condition="!String.IsEmpty(Skin.String(color_header_text_accent))">$INFO[Skin.String(color_header_text_accent)]</value>
		<value>color_header_text_accent</value>
	</variable>
	
	<!-- Footer -->
	<variable name="color_footer_backgroundpanel">
		<value condition="!String.IsEmpty(Skin.String(color_footer_backgroundpanel))">$INFO[Skin.String(color_footer_backgroundpanel)]</value>
		<value>color_footer_backgroundpanel</value>
	</variable>
	<variable name="color_footer_items">
		<value condition="!String.IsEmpty(Skin.String(color_footer_items))">$INFO[Skin.String(color_footer_items)]</value>
		<value>color_footer_items</value>
	</variable>
	
	
	
	<variable name="color_home_text_main">
		<value condition="!String.IsEmpty(Skin.String(color_home_text_main))">$INFO[Skin.String(color_home_text_main)]</value>
		<value>color_home_text_main</value>
	</variable>
	<variable name="color_home_text_secondary">
		<value condition="!String.IsEmpty(Skin.String(color_home_text_secondary))">$INFO[Skin.String(color_home_text_secondary)]</value>
		<value>color_home_text_secondary</value>
	</variable>
	<variable name="color_home_accent">
		<value condition="!String.IsEmpty(Skin.String(color_home_accent))">$INFO[Skin.String(color_home_accent)]</value>
		<value>color_home_accent</value>
	</variable>
	<variable name="color_home_flags">
		<value condition="!String.IsEmpty(Skin.String(color_home_flags))">$INFO[Skin.String(color_home_flags)]</value>
		<value>color_home_flags</value>
	</variable>
	
	<variable name="color_spotlightlib_main">
		<value condition="!String.IsEmpty(Skin.String(color_spotlightlib_main))">$INFO[Skin.String(color_spotlightlib_main)]</value>
		<value>color_spotlightlib_main</value>
	</variable>
	<variable name="color_spotlightlib_secondary">
		<value condition="!String.IsEmpty(Skin.String(color_spotlightlib_secondary))">$INFO[Skin.String(color_spotlightlib_secondary)]</value>
		<value>color_spotlightlib_secondary</value>
	</variable>
	<variable name="color_spotlightlib_accent">
		<value condition="!String.IsEmpty(Skin.String(color_spotlightlib_accent))">$INFO[Skin.String(color_spotlightlib_accent)]</value>
		<value>color_spotlightlib_accent</value>
	</variable>
	<variable name="color_spotlightlib_flags">
		<value condition="!String.IsEmpty(Skin.String(color_spotlightlib_flags))">$INFO[Skin.String(color_spotlightlib_flags)]</value>
		<value>color_spotlightlib_flags</value>
	</variable>
	
	<variable name="color_spotlightlib_itemframe_fo">
		<value condition="!String.IsEmpty(Skin.String(color_spotlightlib_itemframe_fo))">$INFO[Skin.String(color_spotlightlib_itemframe_fo)]</value>
		<value>color_spotlightlib_itemframe_fo</value>
	</variable>
	<variable name="color_spotlightlib_itemframe_nf">
		<value condition="!String.IsEmpty(Skin.String(color_spotlightlib_itemframe_nf))">$INFO[Skin.String(color_spotlightlib_itemframe_nf)]</value>
		<value>color_spotlightlib_itemframe_nf</value>
	</variable>
	
	
	
		
	<!-- ############################### -->
	<!-- ######### SPECIAL USAGE ####### -->
	<!-- ############################### -->
		
	<!-- ![$EXP[Infodialog_IsActive]] + Window.IsActive(home) is equal Window.Is(home) -->
	<variable name="universalcontainer_headercolor">
		<value condition="Window.Is(home) + !String.IsEmpty(Skin.String(color_home_widget_header))">$INFO[Skin.String(color_home_widget_header)]</value>
		<value condition="Window.Is(home)">color_home_widget_header</value>
		<value condition="!String.IsEmpty(Skin.String(color_lib_widget_header))">$INFO[Skin.String(color_lib_widget_header)]</value>
		<value>color_lib_widget_header</value>
	</variable>
	<variable name="color_universalcontainer_itemframe_fo">
		<value condition="Window.Is(loginscreen)">$VAR[color_profilelogin_text_main]</value>
		<value condition="Window.Is(home) + !String.IsEmpty(Skin.String(color_home_widgetitem_frame_fo))">$INFO[Skin.String(color_home_widgetitem_frame_fo)]</value>
		<value condition="Window.Is(home)">color_home_widgetitem_frame_fo</value>
		<value condition="!String.IsEmpty(Skin.String(color_lib_widgetitem_frame_fo))">$INFO[Skin.String(color_lib_widgetitem_frame_fo)]</value>
		<value>color_lib_widgetitem_frame_fo</value>
	</variable>
	<variable name="color_universalcontainer_itemframe_nf">
		<value condition="Window.Is(loginscreen)">$VAR[color_profilelogin_text_secondary]</value>
		<value condition="Window.Is(home) + !String.IsEmpty(Skin.String(color_home_widgetitem_frame_nf))">$INFO[Skin.String(color_home_widgetitem_frame_nf)]</value>
		<value condition="Window.Is(home)">color_home_widgetitem_frame_nf</value>
		<value condition="!String.IsEmpty(Skin.String(color_lib_widgetitem_frame_nf))">$INFO[Skin.String(color_lib_widgetitem_frame_nf)]</value>
		<value>color_lib_widgetitem_frame_nf</value>
	</variable>
	<variable name="color_universalcontainer_itemtag_bgpanel_fo">
		<value condition="Window.Is(home)">$VAR[color_home_widgetitem_itemtag_bgpanel_fo]</value>
		<value condition="!Window.Is(home)">$VAR[color_lib_widgetitem_itemtag_bgpanel_fo]</value>
	</variable>
	<variable name="color_universalcontainer_itemtag_label1_fo">
		<value condition="Window.Is(loginscreen)">$VAR[color_profilelogin_text_main]</value>
		<value condition="Window.Is(home)">$VAR[color_home_widgetitem_itemtag_label1_fo]</value>
		<value condition="!Window.Is(home)">$VAR[color_lib_widgetitem_itemtag_label1_fo]</value>
	</variable>
	<variable name="color_universalcontainer_itemtag_label2_fo">
		<value condition="Window.Is(loginscreen)">$VAR[color_profilelogin_text_secondary]</value>
		<value condition="Window.Is(home)">$VAR[color_home_widgetitem_itemtag_label2_fo]</value>
		<value condition="!Window.Is(home)">$VAR[color_lib_widgetitem_itemtag_label2_fo]</value>
	</variable>
	<variable name="color_universalcontainer_itemtag_label1_nf">
		<value condition="Window.Is(loginscreen)">$VAR[color_profilelogin_text_main]</value>
		<value condition="Window.Is(home)">$VAR[color_home_widgetitem_itemtag_label1_nf]</value>
		<value condition="!Window.Is(home)">$VAR[color_lib_widgetitem_itemtag_label1_nf]</value>
	</variable>
	<variable name="color_universalcontainer_itemtag_bgpanel_nf">
		<value condition="Window.Is(home)">$VAR[color_home_widgetitem_itemtag_bgpanel_nf]</value>
		<value condition="!Window.Is(home)">$VAR[color_lib_widgetitem_itemtag_bgpanel_nf]</value>
	</variable>
	<variable name="color_universalcontainer_itemtag_label2_nf">
		<value condition="Window.Is(loginscreen)">$VAR[color_profilelogin_text_secondary]</value>
		<value condition="Window.Is(home)">$VAR[color_home_widgetitem_itemtag_label2_nf]</value>
		<value condition="!Window.Is(home)">$VAR[color_lib_widgetitem_itemtag_label2_nf]</value>
	</variable>
	<variable name="color_universalcontainer_watchedoverlay_progressbar_progress">
		<value condition="Window.Is(home)">$VAR[color_home_watchedoverlay_progressbar_progress]</value>
		<value condition="!Window.Is(home)">$VAR[color_lib_watchedoverlay_progressbar_progress]</value>
	</variable>
	<variable name="color_universalcontainer_watchedoverlay_progressbar_remain">
		<value condition="Window.Is(home)">$VAR[color_home_watchedoverlay_progressbar_remain]</value>
		<value condition="!Window.Is(home)">$VAR[color_lib_watchedoverlay_progressbar_remain]</value>
	</variable>
	
	
	<variable name="color_home_widget_header">
		<value condition="!String.IsEmpty(Skin.String(color_home_widget_header))">$INFO[Skin.String(color_home_widget_header)]</value>
		<value>color_home_widget_header</value>
	</variable>
	<variable name="color_lib_widget_header">
		<value condition="!String.IsEmpty(Skin.String(color_lib_widget_header))">$INFO[Skin.String(color_lib_widget_header)]</value>
		<value>color_lib_widget_header</value>
	</variable>
	
	<variable name="color_home_watchedoverlay_progressbar_progress">
		<value condition="!String.IsEmpty(Skin.String(color_home_watchedoverlay_progressbar_progress))">$INFO[Skin.String(color_home_watchedoverlay_progressbar_progress)]</value>
		<value>color_home_watchedoverlay_progressbar_progress</value>
	</variable>
	<variable name="color_home_watchedoverlay_progressbar_remain">
		<value condition="!String.IsEmpty(Skin.String(color_home_watchedoverlay_progressbar_remain))">$INFO[Skin.String(color_home_watchedoverlay_progressbar_remain)]</value>
		<value>color_home_watchedoverlay_progressbar_remain</value>
	</variable>
	<variable name="color_lib_watchedoverlay_progressbar_progress">
		<value condition="!String.IsEmpty(Skin.String(color_lib_watchedoverlay_progressbar_progress))">$INFO[Skin.String(color_lib_watchedoverlay_progressbar_progress)]</value>
		<value>color_lib_watchedoverlay_progressbar_progress</value>
	</variable>
	<variable name="color_lib_watchedoverlay_progressbar_remain">
		<value condition="!String.IsEmpty(Skin.String(color_lib_watchedoverlay_progressbar_remain))">$INFO[Skin.String(color_lib_watchedoverlay_progressbar_remain)]</value>
		<value>color_lib_watchedoverlay_progressbar_remain</value>
	</variable>

	<variable name="color_home_widgetitem_frame_fo">
		<value condition="!String.IsEmpty(Skin.String(color_home_widgetitem_frame_fo))">$INFO[Skin.String(color_home_widgetitem_frame_fo)]</value>
		<value>color_home_widgetitem_frame_fo</value>
	</variable>
	<variable name="color_home_widgetitem_frame_nf">
		<value condition="!String.IsEmpty(Skin.String(color_home_widgetitem_frame_nf))">$INFO[Skin.String(color_home_widgetitem_frame_nf)]</value>
		<value>color_home_widgetitem_frame_nf</value>
	</variable>
	
	<variable name="color_lib_widgetitem_frame_fo">
		<value condition="!String.IsEmpty(Skin.String(v))">$INFO[Skin.String(color_lib_widgetitem_frame_fo)]</value>
		<value>color_lib_widgetitem_frame_fo</value>
	</variable>
	<variable name="color_lib_widgetitem_frame_nf">
		<value condition="!String.IsEmpty(Skin.String(color_lib_widgetitem_frame_nf))">$INFO[Skin.String(color_lib_widgetitem_frame_nf)]</value>
		<value>color_lib_widgetitem_frame_nf</value>
	</variable>
	


	<variable name="color_home_widgetitem_itemtag_bgpanel_fo">
		<value condition="!String.IsEmpty(Skin.String(color_home_widgetitem_itemtag_bgpanel_fo))">$INFO[Skin.String(color_home_widgetitem_itemtag_bgpanel_fo)]</value>
		<value>color_home_widgetitem_itemtag_bgpanel_fo</value>
	</variable>
	<variable name="color_home_widgetitem_itemtag_bgpanel_nf">
		<value condition="!String.IsEmpty(Skin.String(color_home_widgetitem_itemtag_bgpanel_nf))">$INFO[Skin.String(color_home_widgetitem_itemtag_bgpanel_nf)]</value>
		<value>color_home_widgetitem_itemtag_bgpanel_nf</value>
	</variable>
	<variable name="color_lib_widgetitem_itemtag_bgpanel_fo">
		<value condition="!String.IsEmpty(Skin.String(color_lib_widgetitem_itemtag_bgpanel_fo))">$INFO[Skin.String(color_lib_widgetitem_itemtag_bgpanel_fo)]</value>
		<value>color_lib_widgetitem_itemtag_bgpanel_fo</value>
	</variable>
	<variable name="color_lib_widgetitem_itemtag_bgpanel_nf">
		<value condition="!String.IsEmpty(Skin.String(color_lib_widgetitem_itemtag_bgpanel_nf))">$INFO[Skin.String(color_lib_widgetitem_itemtag_bgpanel_nf)]</value>
		<value>color_lib_widgetitem_itemtag_bgpanel_nf</value>
	</variable>
	
	<variable name="color_home_widgetitem_itemtag_label1_fo">
		<value condition="!String.IsEmpty(Skin.String(color_home_widgetitem_itemtag_label1_fo))">$INFO[Skin.String(color_home_widgetitem_itemtag_label1_fo)]</value>
		<value>color_home_widgetitem_itemtag_label1_fo</value>
	</variable>
	<variable name="color_home_widgetitem_itemtag_label2_fo">
		<value condition="!String.IsEmpty(Skin.String(color_home_widgetitem_itemtag_label2_fo))">$INFO[Skin.String(color_home_widgetitem_itemtag_label2_fo)]</value>
		<value>color_home_widgetitem_itemtag_label2_fo</value>
	</variable>
	<variable name="color_home_widgetitem_itemtag_label1_nf">
		<value condition="!String.IsEmpty(Skin.String(color_home_widgetitem_itemtag_label1_nf))">$INFO[Skin.String(color_home_widgetitem_itemtag_label1_nf)]</value>
		<value>color_home_widgetitem_itemtag_label1_nf</value>
	</variable>
	<variable name="color_home_widgetitem_itemtag_label2_nf">
		<value condition="!String.IsEmpty(Skin.String(color_home_widgetitem_itemtag_label2_nf))">$INFO[Skin.String(color_home_widgetitem_itemtag_label2_nf)]</value>
		<value>color_home_widgetitem_itemtag_label2_nf</value>
	</variable>
	
	
	<variable name="color_lib_widgetitem_itemtag_label1_fo">
		<value condition="!String.IsEmpty(Skin.String(color_lib_widgetitem_itemtag_label1_fo))">$INFO[Skin.String(color_lib_widgetitem_itemtag_label1_fo)]</value>
		<value>color_lib_widgetitem_itemtag_label1_fo</value>
	</variable>
	<variable name="color_lib_widgetitem_itemtag_label2_fo">
		<value condition="!String.IsEmpty(Skin.String(color_lib_widgetitem_itemtag_label2_fo))">$INFO[Skin.String(color_lib_widgetitem_itemtag_label2_fo)]</value>
		<value>color_lib_widgetitem_itemtag_label2_fo</value>
	</variable>
	<variable name="color_lib_widgetitem_itemtag_label1_nf">
		<value condition="!String.IsEmpty(Skin.String(color_lib_widgetitem_itemtag_label1_nf))">$INFO[Skin.String(color_lib_widgetitem_itemtag_label1_nf)]</value>
		<value>color_lib_widgetitem_itemtag_label1_nf</value>
	</variable>
	<variable name="color_lib_widgetitem_itemtag_label2_nf">
		<value condition="!String.IsEmpty(Skin.String(color_lib_widgetitem_itemtag_label2_nf))">$INFO[Skin.String(color_lib_widgetitem_itemtag_label2_nf)]</value>
		<value>color_lib_widgetitem_itemtag_label2_nf</value>
	</variable>
	
	<variable name="color_home_widgetitem_overlayicon">
		<value condition="!String.IsEmpty(Skin.String(color_home_widgetitem_overlayicon))">$INFO[Skin.String(color_home_widgetitem_overlayicon)]</value>
		<value>color_home_widgetitem_overlayicon</value>
	</variable>
	<variable name="color_lib_widgetitem_overlayicon">
		<value condition="!String.IsEmpty(Skin.String(color_lib_widgetitem_overlayicon))">$INFO[Skin.String(color_lib_widgetitem_overlayicon)]</value>
		<value>color_lib_widgetitem_overlayicon</value>
	</variable>
	
	<!-- My-foo-Nav xml -->
	<variable name="color_lib_menu_backgroundpanel">
		<value condition="!String.IsEmpty(Skin.String(color_lib_menu_backgroundpanel))">$INFO[Skin.String(color_lib_menu_backgroundpanel)]</value>
		<value>color_lib_menu_backgroundpanel</value>
	</variable>
	<variable name="color_lib_menu_accent">
		<value condition="!String.IsEmpty(Skin.String(color_lib_menu_accent))">$INFO[Skin.String(color_lib_menu_accent)]</value>
		<value>color_lib_menu_accent</value>
	</variable>
	<variable name="color_lib_menu_itempanel_fo">
		<value condition="!String.IsEmpty(Skin.String(color_lib_menu_itempanel_fo))">$INFO[Skin.String(color_lib_menu_itempanel_fo)]</value>
		<value>color_lib_menu_itempanel_fo</value>
	</variable>
	<variable name="color_lib_menu_item_fo">
		<value condition="!String.IsEmpty(Skin.String(color_lib_menu_item_fo))">$INFO[Skin.String(color_lib_menu_item_fo)]</value>
		<value>color_lib_menu_item_fo</value>
	</variable>
	<variable name="color_lib_menu_itempanel_nf">
		<value condition="!String.IsEmpty(Skin.String(color_lib_menu_itempanel_nf))">$INFO[Skin.String(color_lib_menu_itempanel_nf)]</value>
		<value>color_lib_menu_itempanel_nf</value>
	</variable>
	<variable name="color_lib_menu_item_nf">
		<value condition="!String.IsEmpty(Skin.String(color_lib_menu_item_nf))">$INFO[Skin.String(color_lib_menu_item_nf)]</value>
		<value>color_lib_menu_item_nf</value>
	</variable>
	
	<variable name="color_lib_backgroundlayer4">
		<value condition="!String.IsEmpty(Skin.String(color_lib_backgroundlayer4))">$INFO[Skin.String(color_lib_backgroundlayer4)]</value>
		<value>color_lib_backgroundlayer4</value>
	</variable>
	<variable name="color_lib_text_main">
		<value condition="!String.IsEmpty(Skin.String(color_lib_text_main))">$INFO[Skin.String(color_lib_text_main)]</value>
		<value>color_lib_text_main</value>
	</variable>
	<variable name="color_lib_selected">
		<value condition="!String.IsEmpty(Skin.String(color_lib_selected))">$INFO[Skin.String(color_lib_selected)]</value>
		<value>color_lib_selected</value>
	</variable>
	<variable name="color_lib_text_secondary">
		<value condition="!String.IsEmpty(Skin.String(color_lib_text_secondary))">$INFO[Skin.String(color_lib_text_secondary)]</value>
		<value>color_lib_text_secondary</value>
	</variable>
	<variable name="color_lib_accent">
		<value condition="!String.IsEmpty(Skin.String(color_lib_accent))">$INFO[Skin.String(color_lib_accent)]</value>
		<value>color_lib_accent</value>
	</variable>
	
	<variable name="color_lib_watchedoverlay_frame">
		<value condition="!String.IsEmpty(Skin.String(color_lib_watchedoverlay_frame))">$INFO[Skin.String(color_lib_watchedoverlay_frame)]</value>
		<value>color_lib_watchedoverlay_frame</value>
	</variable>
	<variable name="color_lib_watchedoverlay_watched">
		<value condition="!String.IsEmpty(Skin.String(color_lib_watchedoverlay_watched))">$INFO[Skin.String(color_lib_watchedoverlay_watched)]</value>
		<value>color_lib_watchedoverlay_watched</value>
	</variable>
	<variable name="color_lib_watchedoverlay_resumeable">
		<value condition="!String.IsEmpty(Skin.String(color_lib_backgroundlayer4))">$INFO[Skin.String(color_lib_watchedoverlay_resumeable)]</value>
		<value>color_lib_watchedoverlay_resumeable</value>
	</variable>
	
	
	
	
	<!-- BUTTONS -->
	<variable name="color_global_button_text_fo">
		<value condition="!String.IsEmpty(Skin.String(color_global_button_text_fo))">$INFO[Skin.String(color_global_button_text_fo)]</value>
		<value>color_global_button_text_fo</value>
	</variable>
	<variable name="color_global_button_text_nf">
		<value condition="!String.IsEmpty(Skin.String(color_global_button_text_nf))">$INFO[Skin.String(color_global_button_text_nf)]</value>
		<value>color_global_button_text_nf</value>
	</variable>
	<variable name="color_global_button_panel_fo">
		<value condition="!String.IsEmpty(Skin.String(color_global_button_panel_fo))">$INFO[Skin.String(color_global_button_panel_fo)]</value>
		<value>color_global_button_panel_fo</value>
	</variable>
	<variable name="color_global_button_panel_nf">
		<value condition="!String.IsEmpty(Skin.String(color_global_button_panel_nf))">$INFO[Skin.String(color_global_button_panel_nf)]</value>
		<value>color_global_button_panel_nf</value>
	</variable>
	<variable name="color_global_button_selected">
		<value condition="!String.IsEmpty(Skin.String(color_global_button_selected))">$INFO[Skin.String(color_global_button_selected)]</value>
		<value>color_global_button_selected</value>
	</variable>
	
	<variable name="color_global_button_disabled">
		<value condition="!String.IsEmpty(Skin.String(color_global_button_disabled))">$INFO[Skin.String(color_global_button_disabled)]</value>
		<value>color_global_button_disabled</value>
	</variable>
	<variable name="color_global_button_invalid">
		<value condition="!String.IsEmpty(Skin.String(color_global_button_invalid))">$INFO[Skin.String(color_global_button_invalid)]</value>
		<value>color_global_button_invalid</value>
	</variable>
	
	<!-- OSD  Video-->
	<variable name="color_osdvideo_dimmedbg">
		<value condition="!String.IsEmpty(Skin.String(color_osdvideo_dimmedbg))">$INFO[Skin.String(color_osdvideo_dimmedbg)]</value>
		<value>color_osdvideo_dimmedbg</value>
	</variable>
	<variable name="color_osdvideo_busyspinner">
		<value condition="!String.IsEmpty(Skin.String(OSD_BusySpinner))">$INFO[Skin.String(color_osdvideo_busyspinner)]</value>
		<value>color_osdvideo_busyspinner</value>
	</variable>
	<variable name="color_osdvideo_bgpanel">
		<value condition="!String.IsEmpty(Skin.String(color_osdvideo_bgpanel))">$INFO[Skin.String(color_osdvideo_bgpanel)]</value>
		<value>color_osdvideo_bgpanel</value>
	</variable>
	<variable name="color_osdvideo_main">
		<value condition="!String.IsEmpty(Skin.String(color_osdvideo_main))">$INFO[Skin.String(color_osdvideo_main)]</value>
		<value>color_osdvideo_main</value>
	</variable>
	<variable name="color_osdvideo_secondary">
		<value condition="!String.IsEmpty(Skin.String(color_osdvideo_secondary))">$INFO[Skin.String(color_osdvideo_secondary)]</value>
		<value>color_osdvideo_secondary</value>
	</variable>
	<variable name="color_osdvideo_button_fo">
		<value condition="!String.IsEmpty(Skin.String(color_osdvideo_button_fo))">$INFO[Skin.String(color_osdvideo_button_fo)]</value>
		<value>color_osdvideo_button_fo</value>
	</variable>
	<variable name="color_osdvideo_button_nf">
		<value condition="!String.IsEmpty(Skin.String(color_osdvideo_button_nf))">$INFO[Skin.String(color_osdvideo_button_nf)]</value>
		<value>color_osdvideo_button_nf</value>
	</variable>
	<variable name="color_osdvideo_progress">
		<value condition="!String.IsEmpty(Skin.String(color_osdvideo_progress))">$INFO[Skin.String(color_osdvideo_progress)]</value>
		<value>color_osdvideo_progress</value>
	</variable>
	<variable name="color_osdvideo_remain">
		<value condition="!String.IsEmpty(Skin.String(color_osdvideo_remain))">$INFO[Skin.String(color_osdvideo_remain)]</value>
		<value>color_osdvideo_remain</value>
	</variable>
	
	<!-- OSD  Music-->
	
	<variable name="color_osdmusic_bgpanel">
		<value condition="!String.IsEmpty(Skin.String(color_osdmusic_bgpanel))">$INFO[Skin.String(color_osdmusic_bgpanel)]</value>
		<value>color_osdmusic_bgpanel</value>
	</variable>
	<variable name="color_osdmusic_bgpanelseperator">
		<value condition="!String.IsEmpty(Skin.String(color_osdmusic_bgpanelseperator))">$INFO[Skin.String(color_osdmusic_bgpanelseperator)]</value>
		<value>color_osdmusic_bgpanelseperator</value>
	</variable>
	<variable name="color_osdmusic_main">
		<value condition="!String.IsEmpty(Skin.String(color_osdmusic_main))">$INFO[Skin.String(color_osdmusic_main)]</value>
		<value>color_osdmusic_main</value>
	</variable>
	<variable name="color_osdmusic_secondary">
		<value condition="!String.IsEmpty(Skin.String(color_osdmusic_secondary))">$INFO[Skin.String(color_osdmusic_secondary)]</value>
		<value>color_osdmusic_secondary</value>
	</variable>
	<variable name="color_osdmusic_accent">
		<value condition="!String.IsEmpty(Skin.String(color_osdmusic_accent))">$INFO[Skin.String(color_osdmusic_accent)]</value>
		<value>color_osdmusic_accent</value>
	</variable>
	
	<!-- SCROLLBAR -->
	<variable name="color_global_scrollbar_panel">
		<value condition="!String.IsEmpty(Skin.String(color_global_scrollbar_panel))">$INFO[Skin.String(color_global_scrollbar_panel)]</value>
		<value>color_global_scrollbar_panel</value>
	</variable>
	<variable name="color_global_scrollbar_slider_fo">
		<value condition="!String.IsEmpty(Skin.String(color_global_scrollbar_slider_fo))">$INFO[Skin.String(color_global_scrollbar_slider_fo)]</value>
		<value>color_global_scrollbar_slider_fo</value>
	</variable>
	<variable name="color_global_scrollbar_slider_nf">
		<value condition="!String.IsEmpty(Skin.String(color_global_scrollbar_slider_nf))">$INFO[Skin.String(color_global_scrollbar_slider_nf)]</value>
		<value>color_global_scrollbar_slider_nf</value>
	</variable>

	<!-- ######### -->
	<!--   DIALOG  -->
	<!-- ######### -->
	<variable name="image_dialogselect">
		<value condition="!String.IsEmpty(Container(6).ListItem.Icon)">$INFO[Container(6).ListItem.Icon]</value>
		<value condition="!String.IsEmpty(Container(3).ListItem.Icon)">$INFO[Container(3).ListItem.Icon]</value>
		<value condition="String.IsEmpty(Container(3).ListItem.Icon) + String.IsEmpty(Container(6).ListItem.Icon)">$VAR[imagedialogselectfallbacks]</value>
	</variable>
	
	<variable name="imagedialogselectfallbacks">
	<!-- ColorBox -->
		<value condition="String.IsEqual(Control.GetLabel(1),Set default Pallete) + Container(3).Position(0)">special://skin/extras/selectdialog/colorpalette_basic.jpg</value>
		<value condition="String.IsEqual(Control.GetLabel(1),Set default Pallete) + Container(3).Position(1)">special://skin/extras/selectdialog/colorpalette_rainbow.jpg</value>
		<value condition="String.IsEqual(Control.GetLabel(1),Set default Pallete) + Container(3).Position(2)">special://skin/extras/selectdialog/colorpalette_materialdesign.jpg</value>
		<value condition="String.IsEqual(Control.GetLabel(1),Set default Pallete) + Container(3).Position(3)">special://skin/extras/selectdialog/colorpalette_webcolors.jpg</value>
	<!-- Home Layout -->
		<value condition="String.IsEqual(Control.GetLabel(1),Choose Homelayout) + Container(3).Position(0)">special://skin/extras/selectdialog/homelayout_spotlight.jpg</value>
		<value condition="String.IsEqual(Control.GetLabel(1),Choose HomeLayout) + Container(3).Position(1)">special://skin/extras/selectdialog/homelayout_widgetsonly.jpg</value>
		
		<value condition="String.IsEqual(Control.GetLabel(1),Choose Homelayout) + Container(3).Position(2)">special://skin/extras/selectdialog/homelayout_menutiles.jpg</value>
		
	<!-- Widget Layout Type -->
		<value condition="String.IsEqual(Control.GetLabel(1),$LOCALIZE[21858]) + Container(3).Position(0)">special://skin/extras/selectdialog/widgetlayout_poster.jpg</value>
		<value condition="String.IsEqual(Control.GetLabel(1),$LOCALIZE[21858]) + Container(3).Position(1)">special://skin/extras/selectdialog/widgetlayout_landscape.jpg</value>
		<value condition="String.IsEqual(Control.GetLabel(1),$LOCALIZE[21858]) + Container(3).Position(2)">special://skin/extras/selectdialog/widgetlayout_square.jpg</value>
		<value condition="String.IsEqual(Control.GetLabel(1),$LOCALIZE[21858]) + Container(3).Position(3)">special://skin/extras/selectdialog/widgetlayout_circle.jpg</value>
		<value condition="String.IsEqual(Control.GetLabel(1),$LOCALIZE[21858]) + Container(3).Position(4)">special://skin/extras/selectdialog/widgetlayout_banner.jpg</value>
		
	</variable>
	
	<!-- ADDONS -->
	<variable name="content_ProgramAutocompletion">
		<value condition="System.HasAddon(plugin.program.autocompletion) + !System.HasHiddenInput">plugin://plugin.program.autocompletion?info=autocomplete&amp;&amp;id=$INFO[Control.GetLabel(312).index(1)]&amp;&amp;limit=9</value>
	</variable>
	
	
</includes>
