<?xml version="1.0" encoding="UTF-8"?>
<includes>
	<include name="SkinSettings_StartupRadioButton">
		<label>$PARAM[label]</label>
		<onclick condition="!String.IsEmpty(Skin.String(custom_startup))">Skin.Reset(custom_startup)</onclick>
		<onclick>Skin.SetString(custom_startup,$PARAM[windowid])</onclick>
		<onclick condition="String.IsEqual(Skin.String(custom_startup),$PARAM[windowid])">Skin.Reset(custom_startup)</onclick>
		<selected>String.IsEqual(Skin.String(custom_startup),$PARAM[windowid])</selected>
	</include>
	
	<variable name="ProfileLoginHinttext">
		<value condition="!System.HasLoginScreen">Need eneble Profile on Startup in Profile Settings</value>
		<value> </value>
	</variable>
				
	<variable name="1103_header">
		<value condition="String.IsEqual(Window(home).Property(SettingSection),SwanWidgetShortcuts)">S E T     W I D G E T</value>
		<value condition="String.IsEqual(Window(home).Property(SettingSection),WidgetAttributes)">S E T     W I D G E T     A T T R I B U T E S</value>
		<value condition="String.IsEqual(Window(home).Property(SettingSection),VideoInfoButtonVisibility)">S E T     W H I C H     B U T T O N S     T O     H I D E     I N     V I D E O I N F O</value>
		<value condition="String.IsEqual(Window(home).Property(SettingSection),VideoInfoContainerVisibility)">S E T     W H I C H     Content     T O     S H O W N     I N     V I D E O I N F O</value>
		<value condition="String.IsEqual(Window(home).Property(SettingSection),LibrarySearchContainerVisibility)">S E T     W H I C H     ITEMS     T O     SEARCH    FOR     I N     COMMON LIBRARY SEARCH</value>
	</variable>
	
	<include name="1103_Content_VideoInfoButtonVisibility">
		<control type="radiobutton" id="11031">
			<onclick>Skin.ToggleSetting(VideoInfo_Button_play)</onclick>
			<selected>Skin.HasSetting(VideoInfo_Button_play)</selected>
			<label>Disable Play</label>
		</control>
		<control type="radiobutton" id="11032">
			<onclick>Skin.ToggleSetting(VideoInfo_Button_resume)</onclick>
			<selected>Skin.HasSetting(VideoInfo_Button_resume)</selected>
			<label>Disable Resume</label>
		</control>
		<control type="radiobutton" id="11033">
			<onclick>Skin.ToggleSetting(VideoInfo_Button_KodiGetThumb)</onclick>
			<selected>Skin.HasSetting(VideoInfo_Button_KodiGetThumb)</selected>
			<label>Disable Get Thumb (Kodi native)</label>
		</control>
		<control type="radiobutton" id="11034">
			<onclick>Skin.ToggleSetting(VideoInfo_Button_BeefGetThumb)</onclick>
			<selected>Skin.HasSetting(VideoInfo_Button_BeefGetThumb)</selected>
			<label>Disable Get Thumb (Artwork Beef)</label>
		</control>
		<control type="radiobutton" id="11035">
			<onclick>Skin.ToggleSetting(VideoInfo_EmbuaryTMDBInfo)</onclick>
			<selected>Skin.HasSetting(VideoInfo_EmbuaryTMDBInfo)</selected>
			<visible>System.HasAddon(script.embuary.info)</visible>
			<label>Disable Embuary TMDBInfo</label>
		</control>
		
		<control type="radiobutton" id="11036">
			<onclick>Skin.ToggleSetting(VideoInfo_Button_Plot)</onclick>
			<selected>Skin.HasSetting(VideoInfo_Button_Plot)</selected>
			<label>Disable Plot</label>
		</control>
		<control type="radiobutton" id="11037">
			<onclick>Skin.ToggleSetting(VideoInfo_Button_Rate)</onclick>
			<selected>Skin.HasSetting(VideoInfo_Button_Rate)</selected>
			<label>Disable Rate Title</label>
		</control>
		<control type="radiobutton" id="11038">
			<onclick>Skin.ToggleSetting(VideoInfo_Button_Trailer)</onclick>
			<selected>Skin.HasSetting(VideoInfo_Button_Trailer)</selected>
			<label>Disable Trailer</label>
		</control>
		
	</include>
	
	<include name="1103_Content_VideoInfoContainerVisibility">
		<control type="radiobutton" id="11031">
			<onclick>Skin.ToggleSetting(VideoInfo_Content_NextUp)</onclick>
			<selected>Skin.HasSetting(VideoInfo_Content_NextUp)</selected>
			<label>Hide Next Up Widget</label>
		</control>
		<control type="radiobutton" id="11032">
			<onclick>Skin.ToggleSetting(VideoInfo_Content_ItemsByCastMember)</onclick>
			<selected>Skin.HasSetting(VideoInfo_Content_ItemsByCastMember)</selected>
			<label>Hide Items By currently focused Actor</label>
		</control>
		<control type="radiobutton" id="11033">
			<onclick>Skin.ToggleSetting(VideoInfo_Content_SetItems)</onclick>
			<selected>Skin.HasSetting(VideoInfo_Content_SetItems)</selected>
			<label>Hide Movie Set Items</label>
		</control>
		<control type="radiobutton" id="11034">
			<onclick>Skin.ToggleSetting(VideoInfo_Content_Director)</onclick>
			<selected>Skin.HasSetting(VideoInfo_Content_Director)</selected>
			<label>Hide Items By Director</label>
		</control>
		<control type="radiobutton" id="11035">
			<onclick>Skin.ToggleSetting(VideoInfo_Content_Library_OST)</onclick>
			<selected>Skin.HasSetting(VideoInfo_Content_Library_OST)</selected>
			<label>Hide Available Soundtrack</label>
		</control>
		<control type="radiobutton" id="11036">
			<onclick>Skin.ToggleSetting(VideoInfo_Content_Youtube_OST)</onclick>
			<selected>Skin.HasSetting(VideoInfo_Content_Youtube_OST)</selected>
			<visible>!Skin.HasSetting(VideoInfo_Content_Library_OST)</visible>
			<label>Hide YouTube as Fallback for Soundtrack Lookup</label>
		</control>
		<control type="radiobutton" id="11037">
			<onclick>Skin.ToggleSetting(VideoInfo_Content_Youtube)</onclick>
			<selected>Skin.HasSetting(VideoInfo_Content_Youtube)</selected>
			<label>Hide You Tube Lookups</label>
		</control>
		<control type="radiobutton" id="11038">
			<onclick>Skin.ToggleSetting(VideoInfo_Content_Similiar)</onclick>
			<selected>Skin.HasSetting(VideoInfo_Content_Similiar)</selected>
			<visible>System.HasAddon(script.embuary.info)</visible>
			<label>Hide Similiar Content</label>
		</control>
		
	</include>
	
	
	<include name="1103_Content_SetBlurStrength">
		<include content="BlurRadioButton">
			<param name="blur_strength" value="1" />
		</include>
		<include content="BlurRadioButton">
			<param name="blur_strength" value="2" />
		</include>
		<include content="BlurRadioButton">
			<param name="blur_strength" value="3" />
		</include>
		<include content="BlurRadioButton">
			<param name="blur_strength" value="4" />
		</include>
		<include content="BlurRadioButton">
			<param name="blur_strength" value="5" />
		</include>
		<include content="BlurRadioButton">
			<param name="blur_strength" value="6" />
		</include>
		<include content="BlurRadioButton">
			<param name="blur_strength" value="7" />
		</include>
		<include content="BlurRadioButton">
			<param name="blur_strength" value="8" />
		</include>
		<include content="BlurRadioButton">
			<param name="blur_strength" value="9" />
		</include>
		<include content="BlurRadioButton">
			<param name="blur_strength" value="10" />
		</include>
	</include>
	
	<include name="BlurRadioButton">
			<control type="radiobutton" id="1103$PARAM[blur_strength]">
				<onclick>Skin.SetString(BlurRadius,$PARAM[blur_strength])</onclick>
				<onclick>RunScript(script.embuary.helper,action=restartservice)</onclick>
				<onclick>Action(close)</onclick>
				<selected>String.IsEqual(Skin.String(BlurRadius,$PARAM[blur_strength]))</selected>
				<label>$NUMBER[$PARAM[blur_strength]]</label>
				<height>150</height>
				<textoffsetx>250</textoffsetx>
				<radiowidth>238</radiowidth>
				<radioheight>130</radioheight>
				<textureradioonfocus>special://skin/extras/blur/strenght$PARAM[blur_strength].jpg</textureradioonfocus>
				<textureradioonnofocus>special://skin/extras/blur/strenght$PARAM[blur_strength].jpg</textureradioonnofocus>
				<textureradioofffocus>special://skin/extras/blur/strenght$PARAM[blur_strength].jpg</textureradioofffocus>
				<textureradiooffnofocus>special://skin/extras/blur/strenght$PARAM[blur_strength].jpg</textureradiooffnofocus>
			
			</control>
	</include>
		
	
	<include name="1103_Content_VideoInfoContainerVisibility">
		<control type="radiobutton" id="11031">
			<onclick>Skin.ToggleSetting(VideoInfo_Conatiner_YouTube)</onclick>
			<selected>Skin.HasSetting(VideoInfo_Conatiner_YouTube)</selected>
			<label>Show Play</label>
		</control>
		<control type="radiobutton" id="11032">
			<onclick>Skin.ToggleSetting(VideoInfo_Conatiner_Similiar)</onclick>
			<selected>Skin.HasSetting(VideoInfo_Conatiner_Similiar)</selected>
			<label>Show Resume</label>
		</control>
		<control type="radiobutton" id="11033">
			<onclick>Skin.ToggleSetting(VideoInfo_Conatiner_[foo])</onclick>
			<selected>Skin.HasSetting(VideoInfo_Conatiner_[foo])</selected>
			<label>Show Resume</label>
		</control>
		
	</include>
	
	
	
	<!-- Skinsettings-  -->
	<include name="Settings_InfoBottom">
		<control type="textbox">
			<bottom>20</bottom>
			<centerleft>50%</centerleft>
			<width>64%</width>
			<height>110</height>
			<label>$INFO[$PARAM[label]]</label>
			<align>center</align>
			<aligny>top</aligny>
			<textcolor>$VAR[color_global_button_text_nf]</textcolor>
			<font>font12</font>
		</control>
	</include>
	<include name="set_lvl_change">
		<control type="button" id="20">
			<posy>95%</posy>
			<posx>5%</posx>
			<width>auto</width>
			<height>60</height>
			<aligny>center</aligny>
			<textoffsetx>25</textoffsetx>
			<onleft>5</onleft>
			<onright>5</onright>
			<onup>3</onup>
			<ondown />
			<onclick>SettingsLevelChange</onclick>
			<include>Animation_Item_Focus_rightalign</include>
		</control>
	</include>
	<include name="KeyboardButton">
		<param name="width" default="60" />
		<param name="aligny" default="center" />
		<definition>
			<width>$PARAM[width]</width>
			<height>60</height>
			<textoffsetx>0</textoffsetx>
			<textoffsetx>0</textoffsetx>
			<texturefocus colordiffuse="$VAR[color_global_button_panel_fo]">artworkdiffuse/circle.png</texturefocus>
			<texturenofocus colordiffuse="$VAR[color_global_button_panel_nf]">artworkdiffuse/circle.png</texturenofocus>
			<focusedcolor>$VAR[color_global_button_text_fo]</focusedcolor>
			<textcolor>$VAR[color_global_button_text_nf]</textcolor>
			<align>center</align>
			<aligny>$PARAM[aligny]</aligny>
			<font>font25</font>
		</definition>
	</include>
	<include name="Dialog_RadioButton">
		<param name="onfo" default="color_global_button_text_fo" />
		<param name="onnf" default="color_global_button_text_nf" />
		<definition>
			<width>60</width>
			<height>60</height>
			<textoffsetx />
			<textoffsetx />
			<texturefocus />
			<texturenofocus />
			<focusedcolor />
			<textcolor />
			<align>center</align>
			<aligny>center</aligny>
			<font />
			<textureradioonfocus colordiffuse="$VAR[$PARAM[onfo]]">buttons/$PARAM[symbol].png</textureradioonfocus>
			<textureradioonnofocus colordiffuse="$VAR[$PARAM[onnf]]">buttons/$PARAM[symbol].png</textureradioonnofocus>
			<textureradioofffocus colordiffuse="$VAR[color_global_button_text_fo]">buttons/$PARAM[symbol].png</textureradioofffocus>
			<textureradiooffnofocus colordiffuse="$VAR[color_global_button_text_nf]">buttons/$PARAM[symbol].png</textureradiooffnofocus>
			<radioposx>0</radioposx>
			<radiowidth>40</radiowidth>
			<radioheight>40</radioheight>
		</definition>
	</include>
	<!-- DANGER hardcoded colors -->
	<include name="Event_log_Item">
		<control type="image">
			<left>50</left>
			<bordertexture colordiffuse="$PARAM[colordiffuse]">artworkdiffuse/banner.png</bordertexture>
			<texture background="true" diffuse="artworkdiffuse/banner.png">artworkdiffuse/banner.png</texture>
			<colordiffuse>$PARAM[colordiffuse]</colordiffuse>
			<visible>$PARAM[BG_visible]</visible>
			<bordersize>3</bordersize>
		</control>
		<control type="image">
			<visible>true</visible>
			<width>90</width>
			<height>90</height>
			<texture background="true" diffuse="artworkdiffuse/circle.png" fallback="DefaultAddon.png">$INFO[Listitem.Icon]</texture>
			<bordertexture colordiffuse="white">artworkdiffuse/circle.png</bordertexture>
			<bordersize>2</bordersize>
		</control>
		<control type="textbox">
			<autoscroll delay="2000" time="1500" repeat="1500">$PARAM[autoscroll]</autoscroll>
			<wrapmultiline>true</wrapmultiline>
			<font>CommonTag</font>
			<width>600</width>
			<left>105</left>
			<align>left</align>
			<aligny>center</aligny>
			<textcolor>$VAR[color_global_button_text_fo]</textcolor>
			<selectedcolor>white</selectedcolor>
			<label>[B]$INFO[ListItem.Label][/B][CR][COLOR=$VAR[color_global_button_text_nf]]$INFO[ListItem.Label2][/COLOR]</label>
			<label2>test</label2>
		</control>
		<control type="textbox">
			<autoscroll delay="2000" time="1500" repeat="1500">$PARAM[autoscroll]</autoscroll>
			<wrapmultiline>true</wrapmultiline>
			<font>CommonTag</font>
			<width>600</width>
			<right>10</right>
			<align>right</align>
			<aligny>center</aligny>
			<textcolor>$VAR[color_global_button_selected]</textcolor>
			<selectedcolor>white</selectedcolor>
			<label>$INFO[ListItem.Property(Event.Description)]</label>
		</control>
	</include>
	<!-- <include name="Settings_Header">
		<control type="label">
			<bottom>20</bottom>
			<left>100</left>
			<right>100</right>
			<height>115</height>
			<label>[UPPERCASE]$INFO[$PARAM[label]][UPPERCASE]</label>
			<align>center</align>
			<aligny>top</aligny>
			<textcolor>$VAR[color_global_button_text_nf]</textcolor>
			<font>font12</font>
		</control>
	</include> -->
	
	<!-- Skinsettings - ButtonList -->
	<include name="ButtonList">
		<param name="id" />
		<param name="top" default="160" />
		<param name="bottom" default="140" />
		<param name="left" default="0" />
		<param name="right" default="0" />
		<param name="itemgap" default="3" />
		<definition>
			<control type="grouplist" id="$PARAM[id]">
			<nested />
				<top>$PARAM[top]</top>
				<left>$PARAM[left]</left>
				<right>$PARAM[right]</right>
				<bottom>$PARAM[bottom]</bottom>
				<itemgap>$PARAM[itemgap]</itemgap>
				<pagecontrol>60</pagecontrol>
				<onleft>9000</onleft>
				<onright>60</onright>
				<onup>$PARAM[id]</onup>
				<ondown>$PARAM[id]</ondown>
			</control>
		</definition>
	</include>

	<include name="SkinSettings_ColorButton">
		<param name="visible" default="true" />
		<definition>
			<control type="button" id="$PARAM[id]">
				<width>100%</width>
				<align>left</align>
				<height>50</height>
				<font>arial26</font>
				<textoffsetx>40</textoffsetx>
				<textwidth>950</textwidth>
				<label>$PARAM[label]</label>
				<label2>[COLOR=$VAR[$PARAM[skinsetting]]]██[/COLOR]</label2>
				<onclick>RunScript(script.skin.helper.colorpicker,action=COLORPICKER,skinstring=$PARAM[skinsetting],header=$PARAM[label],palette=$INFO[Skin.String(defaultcolorpalette)])</onclick>
				<onclick>SetProperty(ColorString,$PARAM[skinsetting],home)</onclick>
				<visible>$PARAM[visible]</visible>
			</control>
		</definition>
	</include>

	<include name="SkinSettings_SettingsRadioButton">
		<radiowidth>47</radiowidth>
		<radioheight>25</radioheight>
		<textureradioonfocus colordiffuse="$VAR[color_global_button_text_fo]">icons/settings.png</textureradioonfocus>
		<textureradioonnofocus colordiffuse="$VAR[color_global_button_text_nf]">icons/settings.png</textureradioonnofocus>
		<textureradioofffocus colordiffuse="$VAR[color_global_button_text_fo]">icons/settings.png</textureradioofffocus>
		<textureradiooffnofocus colordiffuse="$VAR[color_global_button_text_nf]">icons/settings.png</textureradiooffnofocus>
		<textureradioondisabled colordiffuse="disabled">icons/settings.png</textureradioondisabled>
		<textureradiooffdisabled colordiffuse="disabled">icons/settings.png</textureradiooffdisabled>
		<label>$PARAM[label]</label>
		<label2>$PARAM[label2]   </label2>
	</include>

	<!-- Skin settings headline -->
	<include name="SectionHeadline">
		<param name="height" default="100" />
		<param name="width" default="100%" />
		<param name="align" default="center" />
		<param name="aligny" default="center" />
		<param name="visible" default="true" />
		<definition>
		
		<control type="group" id="$PARAM[id]">
			<height>$PARAM[height]</height>
			<control type="label">
				<visible>$PARAM[visible]</visible>
				<font>Reg22</font>
				<height>$PARAM[height]</height>
				<width>$PARAM[width]</width>
				<align>$PARAM[align]</align>
				<aligny>$PARAM[aligny]</aligny>
				<label>$PARAM[label]</label>
				<textcolor>$VAR[color_global_button_text_fo]</textcolor>
			</control>
		</control>
		</definition>
	</include>

	<include name="Simple_container_IconLabel">
		<param name="type" default="panel" />
		<param name="height" default="40%" />
		<param name="width" default="49%" />
		<definition>
			<control type="$PARAM[type]" id="$PARAM[id]">
				
				<bottom>4%</bottom>
				<height>$PARAM[height]</height>
				<width>$PARAM[width]</width>
				<centerleft>50%</centerleft>
				<onleft>9000</onleft>
				<onright condition="Control.IsVisible($PARAM[id]60)">$PARAM[id]60</onright>
				<onright condition="!Control.IsVisible($PARAM[id]60)">9000</onright>
				<pagecontrol>$PARAM[id]60</pagecontrol>
				<onup>$PARAM[onup]</onup>
				<ondown>$PARAM[id]</ondown>
				
				<itemlayout height="60">
					<control type="label">
						<visible>Window.IsTopMost(mediasource)</visible>
						<font>DialogListItem</font>
						<left>10</left>
						<right>10</right>
						<textcolor>$VAR[color_global_button_text_nf]</textcolor>
						<label>$INFO[ListItem.Label]</label>
					</control>
					<control type="group">
						<visible>!Window.IsTopMost(mediasource)</visible>
						<control type="image">
							<bordersize>5</bordersize>
							<width>70</width>
							<texture>$INFO[ListItem.Icon]</texture>
							<aspectratio aligny="center" align="center">keep</aspectratio>
						</control>
						<control type="label">
							<font>DialogListItem</font>
							<textoffsetx>80</textoffsetx>
							<right>20</right>
							<height>60</height>
							<aligny>center</aligny>
							<textcolor>$VAR[color_global_button_text_nf]</textcolor>
							<selectedcolor>green</selectedcolor>
							<label>$INFO[ListItem.Label]</label>
						</control>
					</control>
				</itemlayout>
				<focusedlayout height="60">
					<control type="image">
						<height>60</height>
						<visible>Control.HasFocus($PARAM[id])</visible>
						<texture colordiffuse="$VAR[color_global_button_panel_fo]">colors/white.png</texture>
					</control>
					<control type="label">
						<visible>Window.IsTopMost(mediasource)</visible>
						<font>font20_title</font>
						<left>10</left>
						<right>10</right>
						<textcolor>$VAR[color_global_button_text_fo]</textcolor>
						<label>$INFO[ListItem.Label]</label>
					</control>
					<control type="group">
						<visible>!Window.IsTopMost(mediasource)</visible>
						<control type="image">
							<width>70</width>
							<bordersize>5</bordersize>
							<texture>$INFO[ListItem.Icon]</texture>
							<aspectratio aligny="center" align="center">keep</aspectratio>
						</control>
						<control type="label">
							<font>font20_title</font>
							<textoffsetx>80</textoffsetx>
							<right>20</right>
							<height>60</height>
							<aligny>center</aligny>
							<textcolor>$VAR[color_global_button_text_fo]</textcolor>
							<selectedcolor>green</selectedcolor>
							<label>$INFO[ListItem.Label]</label>
						</control>
					</control>
				</focusedlayout>
				
			</control>
		</definition>
	</include>
		
	<!-- DIALOGS -->
	<include name="Dialog_Fullscreen_BGPanel">
		<control type="image">
			<bordersize>2</bordersize>
			<bordertexture colordiffuse="$VAR[color_global_dialog_accent]" border="6">frames/frame320x380.png</bordertexture>
			<texture colordiffuse="$VAR[color_global_dialog_background]">colors/white.png</texture>
			<aspectratio>stretch</aspectratio>
		</control>
	</include>
	
	<include name="Dialog_Percent_BGPanel">
		<param name="height" default="50%" />
		<param name="bg_top_visible" default="false" />
		<definition>
		<control type="group">
			<visible>$PARAM[bg_top_visible]</visible>
			<control type="image">
				<description>bg top</description>
				<visible>String.StartsWith(Skin.String(color_global_dialog_background),f) | String.IsEmpty(Skin.String(color_global_dialog_background))</visible>
				<animation effect="fade" start="100" end="30" time="450" condition="!Integer.IsGreater(Container(9010).NumItems,0)">Conditional</animation>
				<bordertexture colordiffuse="$VAR[color_global_dialog_accent]">colors/white80.png</bordertexture>
				<bordersize>0,0,0,1</bordersize>
				<top>0</top>
				<height>40%</height>
				<aspectratio>stretch</aspectratio>
				<texture colordiffuse="$VAR[color_global_dialog_background]">colors/white.png</texture>
			</control>
			<control type="image">
				<description>unsure if use optional or delete temp keep - needed if Skin.String(color_global_dialog_background) not startwith f</description>
				<visible>!String.StartsWith(Skin.String(color_global_dialog_background),f)</visible>
				<animation effect="fade" start="100" end="30" time="450" condition="!Integer.IsGreater(Container(9010).NumItems,0)">Conditional</animation>
				<bordertexture colordiffuse="$VAR[color_global_dialog_accent]" border="2">frames/borderbottom.png</bordertexture>
				<bordersize>0,0,0,1</bordersize>
				<top>0</top>
				<height>40%</height>
				<aspectratio>stretch</aspectratio>
				<texture colordiffuse="$VAR[color_global_dialog_background]">colors/white.png</texture>
			</control>
		</control>
		<control type="image">
			<description>bg heading</description>
			<bottom>$PARAM[height]</bottom>
			<bordersize>0,0,0,1</bordersize>
			<bordertexture colordiffuse="$VAR[color_global_dialog_accent]">frames/borderbottom.png</bordertexture>
			<height>10%</height>
			<aspectratio>stretch</aspectratio>
			<texture colordiffuse="$VAR[color_global_dialog_background]">colors/white.png</texture>
		</control>
		<control type="image">
			<description>bg bottom</description>
			<bottom>0</bottom>
			<height>$PARAM[height]</height>
			<aspectratio>stretch</aspectratio>
			<texture colordiffuse="$VAR[color_global_dialog_background]">colors/white.png</texture>
		</control>
		</definition>
	</include>
	
	
	<include name="Dialog_Percent_ListBGPanel">
		<control type="image">
			<description>list bg</description>
			<centerleft>50%</centerleft>
			<width>$PARAM[width]</width>
			<bottom>0</bottom>
			<height>$PARAM[height]</height>
			<texture colordiffuse="$VAR[color_global_button_panel_nf]">colors/white50.png</texture>
		</control>
	</include>
	
	<include name="Image_CondVis">
		<control type="image" id="$PARAM[id]">
			<visible>$PARAM[visible]</visible>
			<height>135</height>
			<width>135</width>
			<bordersize>4</bordersize>
			<texture background="true" diffuse="diffuse/circle.png">$PARAM[texturepath]</texture>
			<aspectratio scalediffuse="false" aligny="bottom" align="center">keep</aspectratio>
		</control>
	</include>
	
	
	<!-- filebrowser, mediasource, -->
	<include name="Dialog_Percent_Buttongrouplist">
		<control type="image">
			<description>button bg</description>
			<bottom>0</bottom>
			<height>$PARAM[bgpanel_height]</height>
			<right>$PARAM[pos_right]</right>
			<width>110</width>
			<texture colordiffuse="$VAR[color_global_button_panel_nf]">colors/white50.png</texture>
		</control>
		<control type="grouplist" id="9000">
			<description>check use of include for 9000 grouplist shares - filebrowser,mediasource,dialogkeyboard...</description>
			<bottom>1%</bottom>
			<height>$PARAM[grouplist_height]</height>
			<right>$PARAM[pos_right]</right>
			<width>90</width>
			<orientation>vertical</orientation>
			<itemgap>10</itemgap>
			
			<nested />
			
		</control>
		
	</include>
	
</includes>
