<?xml version="1.0" encoding="UTF-8"?>
<includes>
<!-- 

Player.HasMedia 	Returns true if the player has an audio or video file. 	
Player.HasAudio 	Returns true if the player has an audio file. 	
Player.HasDuration 	Returns true if Media isn't a true stream 	
Player.HasVideo 	Returns true if the player has a video file. 	
Player.Passthrough 	Returns true if the player is using audio passthrough. 	
Player.Playing 	Returns true if the player is currently playing (ie not ffwding, rewinding or paused.) 	
Player.Paused 	Returns true if the player is paused. 	
Player.Forwarding 	Returns true if the player is fast forwarding. 	
Player.Forwarding2x 	Returns true if the player is fast forwarding at 2x. 	
Player.Forwarding4x 	Returns true if the player is fast forwarding at 4x. 	
Player.Forwarding8x 	Returns true if the player is fast forwarding at 8x. 	
Player.Forwarding16x 	Returns true if the player is fast forwarding at 16x. 	
Player.Forwarding32x 	Returns true if the player is fast forwarding at 32x. 	
Player.Rewinding 	Returns true if the player is rewinding. 	
Player.Rewinding2x 	Returns true if the player is rewinding at 2x. 	
Player.Rewinding4x 	Returns true if the player is rewinding at 4x. 	
Player.Rewinding8x 	Returns true if the player is rewinding at 8x. 	
Player.Rewinding16x 	Returns true if the player is rewinding at 16x. 	
Player.Rewinding32x 	Returns true if the player is rewinding at 32x. 	
Player.PauseEnabled 	Returns true if the currently playing stream can be paused. 	
Player.Caching 	Returns true if the player is current re-caching data (internet based video playback). 	
Player.DisplayAfterSeek 	Returns true for the first 2.5 seconds after a seek. 	
Player.Seeking 	Returns true if a seek is in progress 	
Player.SeekEnabled 	Returns true if player can seek 	
Player.ShowTime 	Returns true if the user has requested the time to show (occurs in video fullscreen) 	
Player.ShowInfo 	Returns true if the user has requested the song info to show (occurs in visualisation fullscreen and slideshow) 	
Player.IsInternetStream 	Returns true if the player is playing an internet stream. 	
Player.Muted 	Returns true if the volume is muted. 	
Player.Process(videohwdecoder) 	Returns true if the currently playing video is decoded in hardware 	v17 addition
Player.TempoEnabled 	Returns true if the current player supports changing the playback speed 	v17 addition
Player.IsTempo 	Returns true if the current playbackspeed is not equal to 1 	v17 addition
Player.HasGame 	Returns true if the player is playing a game 	v18
Player.HasResolutions 	Returns true when multiple resolutions are available 	v18
Player.FrameAdvance 	Returns true if player is in frame advance mode 	v18 

MusicPlayer.HasNext 	Returns true if the music player has a next song queued in the Playlist. 	
MusicPlayer.HasPrevious 	Returns true if the music player has a a Previous Song in the Playlist . 	
MusicPlayer.Offset(number).Exists 	Returns true if the music players playlist has a song queued in position (number). 	
MusicPlayer.Content(parameter) 	Returns true if the current audio you are playing matches the specified content. The following values are accepted: files, livetv 	
MusicPartyMode.Enabled

Playlist.IsRandom 	Returns true if the player is in random mode. 	
Playlist.IsRepeat 	Returns true if the player is in repeat all mode. 	
Playlist.IsRepeatOne 	Returns true if the player is in repeat one mode.

-->

	<include name="Hub_PlayerCtrl">
		<include>Animation_Item_Focus</include>
		<top>10</top>
		<height>50</height>
		<width>50</width>
		<label/>
		<onclick>$PARAM[action]</onclick>
		<texturefocus colordiffuse="$VAR[color_hub_accent]">buttons/osd/$PARAM[button_img].png</texturefocus>
		<texturenofocus colordiffuse="$VAR[color_hub_menu_text_nf]">buttons/osd/$PARAM[button_img].png</texturenofocus>
	</include>
	
	<include name="Hub_Container_Common">
		<control type="panel" id="$PARAM[id]">
			<visible>$PARAM[visible]</visible>
			<left>5</left>
			<top>50</top>
			<width>1600</width>
			<height>$PARAM[height]</height>
			<preloaditems>2</preloaditems>
			<orientation>vertical</orientation>
			<scrolltime tween="quadratic">400</scrolltime>
			<onback>9000</onback>
			<onleft>666660</onleft>
			<onfocus>SetProperty(Scrollbar,$PARAM[id]60)</onfocus>
			<onright condition="Control.IsVisible($PARAM[id]60)">$PARAM[id]60</onright>
			
			
			<pagecontrol>$PARAM[id]60</pagecontrol>
			
			<onright condition="!Control.IsVisible($PARAM[id]60) + [Integer.IsGreater(Container(7000).NumItems,0) | Container(7000).IsUpdating]">SetProperty(CurrentPlaylistVisible,true)</onright>
			<onright condition="!Control.IsVisible($PARAM[id]60) + [Integer.IsGreater(Container(7000).NumItems,0) | Container(7000).IsUpdating]">SetFocus(7000)</onright>
			<onright condition="!Control.IsVisible($PARAM[id]60) + [!Integer.IsGreater(Container(7000).NumItems,0) | Container(7000).IsUpdating]">$PARAM[id]</onright>
			<nested />
		</control>
	</include>
	
	
	<include name="Hub_Container_Genre">
		<param name="orientation" default="vertical"/>
		<param name="left" default="5"/>
		<param name="focusonback_id" default="5030"/>
		
		<definition>
			<control type="panel" id="$PARAM[id]">
				<visible>$PARAM[visible]</visible>
				<left>$PARAM[left]</left>
				<top>50</top>
				
				<height>$PARAM[height]</height>
				<right>10</right>
				<preloaditems>2</preloaditems>
				<orientation>$PARAM[orientation]</orientation>
				<scrolltime tween="quadratic">400</scrolltime>
				
				<onleft>$PARAM[focusonback_id]</onleft>
				<onback>$PARAM[focusonback_id]</onback>
				<onback>Control.SetFocus($INFO[System.CurrentControlID],0,absolute)</onback>
				
				<nested />
			</control>
		</definition>
	</include>
	
	
	<include name="Hub_Container_Uncommon">
		<control type="$PARAM[type]" id="$PARAM[id]">
			<visible>$PARAM[visible]</visible>
			<left>5</left>
			<top>50</top>
			<width>1600</width>
			<height>$PARAM[height]</height>
			<focusposition>1</focusposition>
			<preloaditems>2</preloaditems>
			<orientation>horizontal</orientation>
			<scrolltime tween="quadratic">400</scrolltime>
			<onback>9000</onback>
			<onleft>$PARAM[onleft]</onleft>
			
			<onright condition="[Integer.IsGreater(Container(7000).NumItems,0) | Container(7000).IsUpdating]">SetProperty(CurrentPlaylistVisible,true)</onright>
			<onright condition="[Integer.IsGreater(Container(7000).NumItems,0) | Container(7000).IsUpdating]">SetFocus(7000)</onright>
			<onright condition="[!Integer.IsGreater(Container(7000).NumItems,0) | Container(7000).IsUpdating]">$PARAM[id]</onright>
			
			<nested />
		</control>
	</include>
	
	<!-- ######### -->
	<!-- Side  Bar -->
	<!-- ######### -->
	<include name="hub_sectionheader">
		<control type="label" id="90$PARAM[id]">
			<height>30</height>
			<width>300</width>
			<font>MenucontrolSectionHeading</font>
			<align>left</align>
			<textcolor>$VAR[color_hub_menu_text_fo]</textcolor>
			<label>$PARAM[label]</label>
		</control>
	</include>
	<include name="hub_button">
		<param name="visible" default="true" />
		<definition>
			<control type="radiobutton" id="90$PARAM[id]">
				<visible>$PARAM[visible]</visible>
				<width>110%</width>
				<height>25</height>
				<radiowidth>40</radiowidth>
				<radioheight>40</radioheight>
				<radioposx>10</radioposx>
				<textureradioonfocus colordiffuse="$VAR[color_hub_menu_text_fo]">$PARAM[radio_icon]</textureradioonfocus>
				<textureradioonnofocus colordiffuse="$VAR[color_hub_menu_text_nf]">$PARAM[radio_icon]</textureradioonnofocus>
				<textureradioofffocus colordiffuse="$VAR[color_hub_menu_text_fo]">$PARAM[radio_icon]</textureradioofffocus>
				<textureradiooffnofocus colordiffuse="$VAR[color_hub_menu_text_nf]">$PARAM[radio_icon]</textureradiooffnofocus>
				<texturefocus />
				<texturenofocus />
				<font>MenucontrolItem</font>
				<label>     $PARAM[label]</label>
				<onclick>SetProperty(HUB_Music,$PARAM[property],home)</onclick>
				<focusedcolor>$VAR[color_hub_menu_text_fo]</focusedcolor>
				<textcolor>$VAR[color_hub_menu_text_nf]</textcolor>
				<selectedcolor>green</selectedcolor>
				<pulseonselect>no</pulseonselect>
			</control>
		</definition>
	</include>
	<!-- ######## -->
	<!--  Layouts -->
	<!-- ######## -->

	<!-- JUST TESTING merge later -->
	<include name="HUB_Landscape">
		<control type="image">
			<description>bordertexture should not match a default white image fallback</description>
            <texture>artworkdiffuse/landscape.png</texture>
			<colordiffuse>$PARAM[colordiffuse]</colordiffuse>
			<bordersize>$PARAM[bordersize_bg]</bordersize>
        </control>
		<control type="image">
			<description>temp workaround for def white or very bright border, may an if not cond needed def icons</description>
			<texture colordiffuse="66131313">artworkdiffuse/landscape.png</texture>
			<bordersize>8</bordersize>
			<visible>String.Contains(ListItem.Icon,default)</visible>
        </control>
		<control type="image">
			<description>kodi default, aspectratio scalediffuse="true" aligny="center" align="center">stretch</description>
			<texture background="true" diffuse="artworkdiffuse/landscape.png">$VAR[ImageLayout_landscape]</texture>
			<bordersize>8</bordersize>
			<visible>!String.IsEmpty(ListItem.Art(landscape))</visible>
		</control>
		<control type="image">
			<description>Fallback aspect keep</description>
			<texture background="true" diffuse="artworkdiffuse/landscape.png">$VAR[ImageLayout_landscape]</texture>
			<aspectratio scalediffuse="false" aligny="center" align="center">scale</aspectratio>
			<bordersize>8</bordersize>
			<visible>String.IsEmpty(ListItem.Art(landscape))</visible>
		</control>
		<control type="group">
			<description>ClearLogo Overlay - fanart</description>
			<control type="image">
				<visible>
					[String.IsEmpty(ListItem.Art(artist.landscape)) +
					String.IsEmpty(ListItem.Art(albumartist.landscape)) +
					String.IsEmpty(ListItem.Art(landscape))]
				</visible>
				<visible>
					[!String.IsEmpty(ListItem.Art(clearlogo)) | 
					!String.IsEmpty(ListItem.Art(artist.clearlogo)) | 
					!String.IsEmpty(ListItem.Art(albumartist.clearlogo))]
				</visible>
				<bottom>20</bottom>
				<left>10</left>
				<right>10</right>
				<height>50%</height>
				<width>50%</width>
				<texture background="true">$VAR[ListItemClearLogo]</texture>
				<aspectratio align="left" aligny="bottom">keep</aspectratio>
			</control>
		</control>
		<control type="textbox">
			<autoscroll delay="2000" time="1500" repeat="1500">$PARAM[autoscroll]</autoscroll>
			<bottom>-55</bottom>
			<left>10</left>
			<right>10</right>
			<wrapmultiline>true</wrapmultiline>
			<height>60</height>
			<font>CommonTag</font>
			<align>center</align>
			<aligny>center</aligny>
			<textcolor>$VAR[color_hub_text_main]</textcolor>
			<selectedcolor>white</selectedcolor>
			<label>$VAR[HUB_Tags_Bottom]</label>
		</control>
	</include>
	
	<include name="HUB_square">
		<control type="image">
			<description>bordertexture</description>
            <texture>artworkdiffuse_unthemed/square.png</texture>
			<colordiffuse>$PARAM[colordiffuse]</colordiffuse>
			<bordersize>$PARAM[bordersize_bg]</bordersize>
        </control>
		<control type="image">
		<description>get better diffuse, keep gradient</description>
			<texture background="true" diffuse="artworkdiffuse_unthemed/square.png" fallback="DefaultAudio.png">$VAR[ImageLayout_square]</texture>
			<bordersize>8</bordersize>
		</control>
		
		<control type="textbox">
			<autoscroll delay="2000" time="1500" repeat="1500">$PARAM[autoscroll]</autoscroll>
			<bottom>-30</bottom>
			<left>10</left>
			<right>10</right>
			<wrapmultiline>true</wrapmultiline>
			<height>60</height>
			<font>CommonTag</font>
			<align>center</align>
			<aligny>center</aligny>
			<textcolor>$VAR[color_hub_text_main]</textcolor>
			<selectedcolor>white</selectedcolor>
			<label>$VAR[HUB_Tags_Bottom]</label>
		</control>
	</include>
	
	genre
	<!-- <control type="group">
			<visible>$PARAM[previewthumbs]</visible>
			<control type="image">
				<description>4 groups fetch album/artist thumbs of container 2x2</description>
				<top>3</top>
				<left>3</left>
				<visible>true</visible>
				<width>35</width>
				<height>35</height>
				<texture background="true" diffuse="artworkdiffuse/square.png" fallback="DefaultAudio.png">$INFO[Container(5031).ListItemAbsolute(0).Art(thumb)]</texture>
				<colordiffuse>white</colordiffuse>
			</control>
			<control type="image">
				<centertop>50%</centertop>
				<left>38</left>
				<visible>true</visible>
				<width>35</width>
				<height>35</height>
					<texture background="true" diffuse="artworkdiffuse/square.png" fallback="DefaultAudio.png">$INFO[Container(5031).ListItemAbsolute(1).Art(thumb)]</texture>
				<colordiffuse>white</colordiffuse>
			</control>
			<control type="image">
				<top>38</top>
				<left>3</left>
				<visible>true</visible>
				<width>35</width>
				<height>35</height>
					<texture background="true" diffuse="artworkdiffuse/square.png" fallback="DefaultAudio.png">$INFO[Container(5031).ListItemAbsolute(2).Art(thumb)]</texture>
				<colordiffuse>white</colordiffuse>
			</control>
			<control type="image">
				<top>38</top>
				<left>38</left>
				<visible>true</visible>
				<width>35</width>
				<height>35</height>
					<texture background="true" diffuse="artworkdiffuse/square.png" fallback="DefaultAudio.png">$INFO[Container(5031).ListItemAbsolute(3).Art(thumb)]</texture>
				<colordiffuse>white</colordiffuse>
			</control>
		</control> -->
		
	<include name="HUB_textcontainer">
		<param name="label" default="$INFO[ListItem.Label]"/>
		<definition>
			<control type="textbox">
				<description>clearlogo fallback ?</description>
				<autoscroll delay="2000" time="1500" repeat="1500">$PARAM[autoscroll]</autoscroll>
				<wrapmultiline>true</wrapmultiline>
				<font>$PARAM[font]</font>
				<wrapmultiline>true</wrapmultiline>
				<align>center</align>
				<aligny>center</aligny>
				<textcolor>$PARAM[textcolor]</textcolor>
				<selectedcolor>white</selectedcolor>
				<label>$PARAM[label]</label>
			</control>
		</definition>
	</include>
	
	
	<include name="HUB_box_old">
		<control type="image">
			<bordertexture colordiffuse="$PARAM[colordiffuse]">artworkdiffuse/banner.png</bordertexture>
			<texture background="true" diffuse="artworkdiffuse/banner.png" fallback="DefaultAudio.png">artworkdiffuse/banner.png</texture>
			<colordiffuse>white</colordiffuse>
			<bordersize>$PARAM[bordersize_bg]</bordersize>
		</control>
		<control type="image">
			<bordersize>$PARAM[bordersize_bg]</bordersize>
			<description>4 groups fetch album/artist thumbs of container 2x2, consider param thumb size instead percentage</description>
			<centertop>50%</centertop>
			<height>100%</height>
			<aspectratio align="left">keep</aspectratio>
			<texture background="true" diffuse="artworkdiffuse/square.png" fallback="DefaultAudio.png">$INFO[ListItem.Art(thumb)]</texture>
			<colordiffuse>white</colordiffuse>
		</control>
		
		<control type="textbox">
			<description>clearlogo fallback ?</description>
			<autoscroll delay="2000" time="1500" repeat="1500">$PARAM[autoscroll]</autoscroll>
			<wrapmultiline>true</wrapmultiline>
			<font>CommonTag</font>
			<left>130</left>
			<right>10</right>
			<align>center</align>
			<aligny>center</aligny>
			<textcolor>black</textcolor>
			<selectedcolor>white</selectedcolor>
			<label>$INFO[ListItem.Label]</label>
		</control>
	</include>
	
	
	
	<include name="HUB_box">
		<control type="image">
			<left>50</left>
			<bordertexture colordiffuse="$PARAM[colordiffuse]">artworkdiffuse/banner.png</bordertexture>
			<texture background="true" diffuse="artworkdiffuse/banner.png" fallback="DefaultAudio.png">artworkdiffuse/banner.png</texture>
			<colordiffuse>FF202020</colordiffuse>
			<bordersize>3</bordersize>
		</control>
		<control type="image">
			<description>thumb vis on prop yy</description>
			<centertop>50%</centertop>
			<visible>true</visible>
			<width>90</width>
			<height>90</height>
			<texture background="true" diffuse="artworkdiffuse/circle.png" fallback="DefaultAudio.png">$INFO[ListItem.Art(thumb)]</texture>
			<bordertexture colordiffuse="white">artworkdiffuse/circle.png</bordertexture>
			<bordersize>2</bordersize>
		</control>
		<control type="image">
			<description>playing equalizer</description>
			<centertop>50%</centertop>
			<left>14</left>
			<width>60</width>
			<height>60</height>
			<texture background="true">special://skin/extras/song_gifs/playingsong.gif</texture>
			<colordiffuse>white</colordiffuse>
			<bordersize>4</bordersize>
			<visible>ListItem.IsPlaying</visible>
			<bordertexture colordiffuse="55000000">artworkdiffuse/circle.png</bordertexture>
		</control>
		<control type="textbox">
			<autoscroll delay="2000" time="1500" repeat="1500">$PARAM[autoscroll]</autoscroll>
			<wrapmultiline>true</wrapmultiline>
			<font>CommonTag</font>
			<width>280</width>
			<left>105</left>
			<align>left</align>
			<aligny>center</aligny>
			<textcolor>white</textcolor>
			<selectedcolor>white</selectedcolor>
			<label>$VAR[HUB_songinfo]</label>
		</control>
		<control type="textbox">
			<autoscroll delay="2000" time="1500" repeat="1500">$PARAM[autoscroll]</autoscroll>
			<wrapmultiline>true</wrapmultiline>
			<font>CommonTag</font>
			<width>50</width>
			<right>10</right>
			<align>right</align>
			<aligny>center</aligny>
			<textcolor>white</textcolor>
			<selectedcolor>white</selectedcolor>
			<label>[CR]$INFO[ListItem.Duration]</label>
			<label2>test</label2>
		</control>
		
		<include content="StarsRating_Image">
			<param name="width" value="100" />
			<param name="height" value="40" />
			<param name="alignx" value="right" />
			<param name="colordiffuse" value="$VAR[color_hub_text_main]" />
			<bordersize>4</bordersize>
			<top>10</top>
			<right>10</right>
		</include>
	</include>
	<variable name="HUB_songinfo">
		<value condition="String.IsEqual(ListItem.Label,$LOCALIZE[284])">$LOCALIZE[284]</value>
		<value>[B]$INFO[ListItem.TrackNumber,, - ]$INFO[ListItem.Title][/B][CR][COLOR=grey]$INFO[ListItem.Artist][/COLOR]</value>
	</variable>
	<include name="HUB_box_test">
		<control type="image">
			<visible>!String.IsEqual(Window(home).Property(HUB_Music),IsHUBartistContent)</visible>
			<visible>!String.IsEqual(Window(home).Property(HUB_Music),IsHUBalbumContent)</visible>
			<left>50</left>
			<bordertexture colordiffuse="$PARAM[colordiffuse]">artworkdiffuse/banner.png</bordertexture>
			<texture background="true" diffuse="artworkdiffuse/banner.png" fallback="DefaultAudio.png">artworkdiffuse/banner.png</texture>
			<colordiffuse>FF202020</colordiffuse>
			<bordersize>3</bordersize>
		</control>
		<control type="image">
			<visible>!String.IsEqual(Window(home).Property(HUB_Music),IsHUBartistContent)</visible>
			<visible>!String.IsEqual(Window(home).Property(HUB_Music),IsHUBalbumContent)</visible>
			<description>thumb vis on prop yy</description>
			<visible>true</visible>
			<width>90</width>
			<height>90</height>
			<texture background="true" diffuse="artworkdiffuse/circle.png" fallback="DefaultAudio.png">$INFO[ListItem.Art(thumb)]</texture>
			<bordertexture colordiffuse="white">artworkdiffuse/circle.png</bordertexture>
			<bordersize>2</bordersize>
		</control>
		<control type="image">
			<description>playing equalizer</description>
			<centertop>50%</centertop>
			<left>14</left>
			<width>40</width>
			<height>40</height>
			<texture background="true">special://skin/extras/song_gifs/playingsong.gif</texture>
			<colordiffuse>cyan</colordiffuse>
			<bordersize>4</bordersize>
			<visible>ListItem.IsPlaying</visible>
			<bordertexture colordiffuse="55000000">artworkdiffuse/circle.png</bordertexture>
		</control>
		<control type="textbox">
			<autoscroll delay="2000" time="1500" repeat="1500">$PARAM[autoscroll]</autoscroll>
			<wrapmultiline>false</wrapmultiline>
			<font>CommonTag</font>
			<width>700</width>
			<left>90</left>
			<align>left</align>
			<aligny>center</aligny>
			<textcolor>$VAR[color_hub_text_main]</textcolor>
			<selectedcolor>$VAR[color_hub_text_main]</selectedcolor>
			<label>[B]$INFO[ListItem.TrackNumber,,   ]$INFO[ListItem.Title][/B][COLOR=$VAR[color_hub_text_secondary]]$INFO[ListItem.Artist,    ,][/COLOR]</label>
		</control>
		<control type="textbox">
			<autoscroll delay="2000" time="1500" repeat="1500">$PARAM[autoscroll]</autoscroll>
			<wrapmultiline>true</wrapmultiline>
			<font>CommonTag</font>
			<width>100</width>
			<right>10</right>
			<align>right</align>
			<aligny>center</aligny>
			<textcolor>$VAR[color_hub_text_secondary]</textcolor>
			<selectedcolor>$VAR[color_hub_text_secondary]</selectedcolor>
			<label>$INFO[ListItem.Duration]</label>
			<label2>test</label2>
		</control>
		<include content="StarsRating_Image">
			<param name="width" value="100" />
			<param name="height" value="40" />
			<param name="alignx" value="right" />
			<param name="colordiffuse" value="$VAR[color_hub_text_main]" />
			<bordersize>4</bordersize>
			<right>100</right>
		</include>
		
	</include>
	
	
	<include name="HUB_Circle">
		
		<control type="image">
			<description>Fallback aspect keep</description>
			<bordertexture colordiffuse="$PARAM[colordiffuse]">artworkdiffuse/circleborder.png</bordertexture>
			<texture background="true" diffuse="artworkdiffuse/circle.png" fallback="DefaultArtist.png">$VAR[ImageLayout_circle]</texture>
			<aspectratio scalediffuse="false" aligny="center" align="center">scale</aspectratio>
			<bordersize>$PARAM[bordersize_bg]</bordersize>
		</control>
		
		<control type="group">
			<control type="textbox">
				<autoscroll delay="2000" time="1500" repeat="1500">$PARAM[autoscroll]</autoscroll>
				<top>103%</top>
				<left>10</left>
				<right>10</right>
				<wrapmultiline>true</wrapmultiline>
				<height>90</height>
				<font>HubAT</font>
				<align>center</align>
				<aligny>center</aligny>
				<textcolor>$VAR[color_hub_text_main]</textcolor>
				<selectedcolor>white</selectedcolor>
				<label>$VAR[HUB_Tags_Bottom]</label>
				<visible>!Control.HasFocus(5011)</visible>
			</control>
		</control>
	</include>
	
	<variable name="HUB_Tags_Bottom">
		<value condition="$EXP[IsEpisode]">$INFO[ListItem.Title,[B],[/B]]$INFO[ListItem.Duration(mm), (, min)][CR]$INFO[ListItem.Season,[B]season, [/B]]$INFO[ListItem.Episode,[B]episode,[/B] -][COLOR=$VAR[color_hub_text_secondary]]$INFO[ListItem.premiered, aired :,][/COLOR]</value>
		<value condition="$EXP[IsSong]">$INFO[ListItem.Label,[B],[/B]][CR][COLOR=$VAR[color_hub_text_secondary]]$INFO[ListItem.Album]$INFO[ListItem.Year, (,)][/COLOR]</value>
		<value condition="!String.IsEmpty(ListItem.Year)">$INFO[ListItem.Label,[B],[/B]][CR][COLOR=$VAR[color_hub_text_secondary]]$INFO[ListItem.Year][/COLOR]</value>
		<value>$INFO[ListItem.Label,[B],[/B]][CR][COLOR=$VAR[color_hub_text_secondary]]$INFO[ListItem.Label2][/COLOR]</value>
	</variable>
	
	<!-- ########## -->
	<!-- Containers -->
	<!-- ########## -->
	
	<!-- Container Header : label- sep - focused item label - busy -->
	<include name="HUB_ContainerHeader">
		<param name="item_label" default="$INFO[Container.ListItem.Artist,[B],[/B]]" />
		<param name="filter_label" default="common" />
		<definition>
            <control type="group" id="49$PARAM[id]">
				<visible>Control.IsVisible(50$PARAM[id]) + [Container(50$PARAM[id]).IsUpdating  | Integer.IsGreater(Container(50$PARAM[id]).NumItems,0)]</visible>
                <top>50</top>
                <height>55</height>
                <nested />
				<control type="grouplist">
                    <description>i can also be a radiobutton to set skinstring filter methods used via xsp</description>
					<height>55</height>
                    <orientation>horizontal</orientation>
                    <usecontrolcoords>true</usecontrolcoords>
                    <itemgap>10</itemgap>
					
					<control type="label">
						<top>10</top>
						<left>15</left>
						<width>auto</width>
						<label>[B]$PARAM[label][/B]$VAR[$PARAM[filter_label]_Filter]</label>
						<aligny>center</aligny>
						<textcolor>$VAR[color_hub_text_main]</textcolor>
						<font>font29</font>
						<height>22</height>
					</control>
					<control type="label">
						<top>-2</top>
						<height>50</height>
						<width>auto</width>
                        <label> | </label>
						<aligny>top</aligny>
                        <textcolor>$VAR[color_hub_accent]</textcolor>
                        <font>Bold36</font>
                        <visible>Control.HasFocus(50$PARAM[id]) + !Container(50$PARAM[id]).IsUpdating</visible>
                        <visible>!String.IsEmpty(Container(50$PARAM[id]).ListItem.Label)</visible>
                    </control>
					<control type="label">
						<top>10</top>
                        <width>auto</width>
						<label>$PARAM[item_label]</label>
                        <aligny>center</aligny>
						<textcolor>$VAR[color_hub_text_main]</textcolor>
						<font>font27</font>
                        <height>24</height>
						<visible>Control.HasFocus(50$PARAM[id]) + !Container(50$PARAM[id]).IsUpdating</visible>
                    </control>
					<control type="image">
						<visible>Container(50$PARAM[id]).IsUpdating</visible>
						<width>40</width>
						<height>40</height>
						<aspectratio scalediffuse="false" align="center" aligny="center">keep</aspectratio>
						<texture colordiffuse="$VAR[color_hub_accent]">special://skin/extras/busy/skypishball.apng</texture>
						<aspectratio align="center" aligny="center">keep</aspectratio>
					</control>
				</control>
				<control type="label">
					<top>32</top>
					<left>11</left>
					<width>auto</width>
					<label>$INFO[Container(50$PARAM[id]).NumItems, numitems (,)]</label>
					<aligny>center</aligny>
					<textcolor>$VAR[color_hub_text_main]</textcolor>
					<font>HUB_WidgetSubHeader</font>
					<height>24</height>
					<visible>!Container(50$PARAM[id]).IsUpdating</visible>
				</control>
            </control>
        </definition>
    </include>
	<!-- &#8364;using the decimal or hexadecimal Unicode code point for the character https://home.unicode.org/ -->
	<variable name="none_Filter">
		<value></value>
	</variable>
	<variable name="common_Filter">
		<value condition="!String.IsEmpty(Control.GetLabel(8001).index(1))">  -  Contains [B]&apos;[/B][COLOR $VAR[color_hub_accent]]$INFO[Control.GetLabel(8001).index(1)][/COLOR][B]&apos;[/B]</value>
		<value></value>
	</variable>
	
	<variable name="albumtitleorartist_Filter">
		<value condition="!String.IsEmpty(Control.GetLabel(8001).index(1))">  -  Contains [B]&apos;[/B][COLOR $VAR[color_hub_accent]]$INFO[Control.GetLabel(8001).index(1)][/COLOR][B]&apos;[/B] in Album Title or Album Artist</value>
		<value></value>
	</variable>
	<variable name="songtitleorartist_Filter">
		<value condition="!String.IsEmpty(Control.GetLabel(8001).index(1))">  -  Contains [B]&apos;[/B][COLOR $VAR[color_hub_accent]]$INFO[Control.GetLabel(8001).index(1)][/COLOR][B]&apos;[/B] in Song Title or Song Artist</value>
		<value></value>
	</variable>

	<include name="Hub_ContainerCommon">
		<param name="type" default="panel" />
		<param name="onleft" default="111060" />
		
		<param name="top" default="50" />
		<param name="width" default="1600" />
		<param name="orientation" default="vertical" />
		<param name="bordersize_nf" default="6" />
		<param name="bordersize_fo" default="4" />
		<param name="diffusedimtext" default="" />
		<param name="animation_fo" default="Animation_Item_Focus" />
		<param name="is_song_common" default="false" />
		<definition>
		
		<control type="$PARAM[type]" id="50$PARAM[id]">
			<nested />
			<left>5</left>
			<top>$PARAM[top]</top>
			<height>$PARAM[containerheight]</height>
			<width>$PARAM[width]</width>
			<onleft>60$PARAM[id]60</onleft>
			<onup>$PARAM[onup]</onup>
			<onright>50$PARAM[id]60</onright>
			<pagecontrol>50$PARAM[id]60</pagecontrol>
			<orientation>$PARAM[orientation]</orientation>
			<scrolltime tween="quadratic">400</scrolltime>
			<preloaditems>2</preloaditems>
			
			
			<itemlayout height="$PARAM[layoutheight]" width="$PARAM[layoutwidth]">
				<control type="group">
					<width>$PARAM[itemwidth]</width>
					<height>$PARAM[itemheight]</height>
					<include content="$PARAM[layout]">
						<param name="colordiffuse" value="$VAR[color_hub_widget_frame_nf]" />
						<param name="autoscroll" value="false" />
						<param name="bordersize_bg" value="$PARAM[bordersize_nf]" />
					</include>
				</control>
			</itemlayout>
			<focusedlayout height="$PARAM[layoutheight]" width="$PARAM[layoutwidth]">
				<control type="group">
					<width>$PARAM[itemwidth]</width>
					<height>$PARAM[itemheight]</height>
					<include>Focus_Zoom_Animation</include>
					<include>$PARAM[animation_fo]</include>
					<control type="group">
						<include content="$PARAM[layout]">
							<param name="colordiffuse" value="$VAR[color_hub_widget_frame_fo]" />
							<param name="autoscroll" value="false" />
							<param name="bordersize_bg" value="$PARAM[bordersize_fo]" />
						</include>
						<include content="FocusOverlay">
							<param name="diffusedimtext" value="$PARAM[diffusedimtext]" />
						</include>
						<control type="group">
							<visible>$PARAM[is_song_common]</visible>
							<control type="image">
								<description>playbutton_song</description>
								<centertop>50%</centertop>
								<visible></visible>
								<visible>!ListItem.IsPlaying</visible>
								<left>14</left>
								<visible>true</visible>
								<width>60</width>
								<height>60</height>
								<texture diffuse="artworkdiffuse/circle.png" background="true">overlay/overlayplay.png</texture>
								<colordiffuse>white</colordiffuse>
								<bordersize>2</bordersize>
								<bordertexture colordiffuse="55000000">artworkdiffuse/circle.png</bordertexture>
							</control>
						</control>
						
					</control>
				</control>			
			</focusedlayout>
		</control>
		</definition>
	</include>
	
	<include name="emptywidget">
		<content>
			<item id="9$PARAM[id]">
				<label>$LOCALIZE[284]</label>
				<label2 />
				<visible>String.IsEmpty(Container(50$PARAM[id]).ListitemNoWrap(0).Artist) + String.IsEmpty(container(50$PARAM[id]).ListitemNoWrap(1).Artist)</visible>
				<icon>special://skin/extras/emptyonsearch/emptywidget.png</icon>
				<thumb>special://skin/extras/emptyonsearch/emptywidget.png</thumb>
			</item>
		</content>
	</include>
	
	
	<!-- prefer dbid paths over encoded xsp paths if not mixed media -->
	<include name="hub_music_OverrideOnClick">
		<param name="goto" default="artist" />
		<definition>
			<onclick condition="!String.IsEmpty(System.CurrentControlID)">SetProperty(HUB_Music_PrevID,$INFO[System.CurrentControlID],home)</onclick>
			<onclick condition="!String.IsEmpty(Window(home).Property(HUB_Music))">SetProperty(HUB_Music_PrevProp,$INFO[Window(home).Property(HUB_Music)],home)</onclick>
			
			<onclick condition="!String.IsEmpty(ListItem.$PARAM[goto])">RunScript(script.embuary.helper,action=encode,string='"$INFO[ListItem.$PARAM[goto]]"',prop=HUB_EncodedValue)</onclick>
			<onclick condition="!String.IsEmpty(ListItem.$PARAM[goto])">SetProperty(HUB_Music_$PARAM[goto],$INFO[ListItem.$PARAM[goto]],home)</onclick>
			<onclick condition="!String.IsEmpty(ListItem.Art(fanart))">SetProperty(HUB_artwork,$INFO[ListItem.Art(fanart)],home)</onclick>
			<onclick condition="String.IsEmpty(ListItem.Art(fanart)) + !String.IsEmpty(ListItem.Art(landscape))">SetProperty(HUB_artwork,$INFO[ListItem.Art(fanart)],home)</onclick>
			<onclick condition="String.IsEmpty(ListItem.Art(fanart)) + String.IsEmpty(ListItem.Art(landscape)) + !String.IsEmpty(ListItem.Art(thumb))">SetProperty(HUB_artwork,$INFO[ListItem.Art(thumb)],home)</onclick>
			<onclick condition="!String.IsEmpty(ListItem.dbtype)">SetProperty(HUB_Music,$INFO[ListItem.dbtype,IsHUB,Content],home)</onclick>
			<onclick condition="!String.IsEmpty(ListItem.dbid)">SetProperty($PARAM[goto]HUB_dbid,$INFO[ListItem.dbid],home)</onclick>
			
			<onclick>AlarmClock(HuB_ForceFocusDelayed,SetFocus(5120),00:00,silent)</onclick>
		</definition>
	</include>
	
	<variable name="HUB_BGHEADING_GenreOrYear">
		<value condition="String.IsEqual(Window(home).Property(HUB_Music),genres)">G E N R E S</value>
		<value condition="String.IsEqual(Window(home).Property(HUB_Music),years)">Y E A R S</value>
	</variable>
	<!-- 
			<definition>
				<onclick condition="String.IsEqual(ListItem.dbtype,$PARAM[goto]) + !String.IsEmpty(ListItem.Label)">RunScript(script.embuary.helper,action=encode,string='"$INFO[ListItem.Label]"',prop=HUB_EncodedValue)</onclick>
				<onclick condition="String.IsEqual(ListItem.dbtype,$PARAM[goto]) + !String.IsEmpty(ListItem.Label)">SetProperty(HUB_Music_$PARAM[goto],$INFO[Container.ListItem.Label],home)</onclick>
				<onclick condition="!String.IsEmpty(ListItem.Art(fanart))">SetProperty(HUB_artwork,$INFO[ListItem.Art(fanart)],home)</onclick>
				<onclick condition="String.IsEmpty(ListItem.Art(fanart)) + !String.IsEmpty(ListItem.Art(landscape))">SetProperty(HUB_artwork,$INFO[ListItem.Art(fanart)],home)</onclick>
				<onclick condition="String.IsEmpty(ListItem.Art(fanart)) + String.IsEmpty(ListItem.Art(landscape)) + !String.IsEmpty(ListItem.Art(thumb))">SetProperty(HUB_artwork,$INFO[ListItem.Art(thumb)],home)</onclick>
				<onclick condition="!String.IsEmpty(ListItem.dbtype)">SetProperty(HUB_Music,$INFO[ListItem.dbtype,IsHUB,Content],home)</onclick>
				<onclick condition="!String.IsEmpty(ListItem.dbid)">SetProperty($PARAM[goto]HUB_dbid,$INFO[ListItem.dbid],home)</onclick>
			</definition>
		-->
	
	<include name="hub_music_ClearPropsOnBack">
		<param name="comefrom" default="artist" />
		<definition>
			<onback condition="!String.IsEmpty(Window(home).Property(HUB_Music_PrevProp))">SetProperty(HUB_Music,$INFO[Window(home).Property(HUB_Music_PrevProp)],home)</onback>
			<onback condition="!String.IsEmpty(Window(home).Property(HUB_Music_PrevID))">AlarmClock(HuB_ForceFocusDelayed,SetFocus($INFO[Window(home).Property(HUB_Music_PrevID)]),00:00,silent)</onback>
			<onback>ClearProperty(HUB_artwork,home)</onback>
			<onback>ClearProperty(HUB_EncodedValue,home)</onback>
			<onback>ClearProperty(HUB_Music_$PARAM[comefrom],home)</onback>
			<onback>ClearProperty($PARAM[comefrom]HUB_dbid,home)</onback>
			<onback>ClearProperty(HUB_Music_PrevID,home)</onback>
			<onback>ClearProperty(HUB_Music_PrevProp,home)</onback>
		</definition>
	</include>
	
	
	
	<!-- ########## -->
	<!-- Content -->
	<!-- ########## -->
<!-- 
contains 	True if the field contains the parameter as a substring
doesnotcontain 	True if the field does not contain the parameter as a substring
is 	True if the field matches the parameter exactly
isnot 	True if the field does not match the parameter exactly
startswith 	True if the start of the field matches the parameter
endswith 	True if the end of the field matches the parameter
lessthan 	True if the content of the field is less than the parameter
greaterthan 	True if the content of the field is greater than the parameter
after 	True if the content of the field comes after the parameter
before 	True if the content of the field comes before the parameter
inthelast 	True if the field falls in the last range specified by the parameter. Only applicable for a date field.
notinthelast 	True if the field does not fall in the last range specified by the parameter. Only applicable for a date field.


possible dbid containerfolderpaths
 consider test Container(id).ListItemPosition(id).[infolabel] 
all artist / root			musicdb://artists/
albums by artist			musicdb://artists/[artist music dbid]/?albumartistonly=false
songs by album 				musicdb://artists/[artist music dbid]/[album music dbid]/?albumartistonly=false&amp;artistid=[artist music dbid]



 testing - need best practive for set and clear
		hidden button itemfocus
		or/and
		onclick override
		
		or get artist dbid by hidden container, which can be slow down and result in incorrect values due to refresh
	
	<include name="Store_DBid">
		<control type="button">
			<visible allowhiddenfocus="true">false</visible>
			<onfocus condition="!String.IsEmpty(ListItem.dbid) + string.isequal(listitem.dbtype,artist)">SetProperty(artistHUB_dbid,$INFO[listitem.dbid],home)</onfocus>
			<onfocus condition="!String.IsEmpty(ListItem.dbid) + string.isequal(listitem.dbtype,album)">SetProperty(albumHUB_dbid,$INFO[listitem.dbid],home)</onfocus>
			<onfocus condition="!String.IsEmpty(ListItem.dbid) + string.isequal(listitem.dbtype,song)">SetProperty(songHUB_dbid,$INFO[listitem.dbid],home)</onfocus>
		</control>
	</include>
	
just usable if came from artist where items can store dbid
 usage benefit play album e.g. <onclick>PlayMedia(musicdb://artists/$INFO[Window(home).Property(artistHUB_dbid)]/-1/)</onclick>
							   <onclick>PlayMedia(musicdb://artists/$INFO[Window(home).Property(artistHUB_dbid)]/$INFO[Window(home).Property(albumHUB_dbid)]/)</onclick>
							   <onclick>PlayMedia(musicdb://artists/$INFO[Window(home).Property(artistHUB_dbid)]/$INFO[ListItem.dbid]/)</onclick>
							   <onclick>PlayMedia(musicdb://artists/$INFO[Window(home).Property(artistHUB_dbid)]/$INFO[Window(home).Property(albumHUB_dbid)]/$INFO[Window(home).Property(songHUB_dbid)])</onclick>
							   
musicvideos					videodb://musicvideos/artists/
mvidalbums					videodb://musicvideos/artists/[artists video dbid ]/
all by artist				videodb://musicvideos/artists/[artists video dbid ]/-1/?artistid=[artists video dbid]
all by album of artist		videodb://musicvideos/artists/[artists video dbid ]/[album id]/?artistid=[artists video dbid]
-->
	<variable name="HUB_content_artists">
		<value condition="!String.IsEmpty(Control.GetLabel(8001).index(1))">musicdb://artists/?xsp=%7B%22rules%22%3A%7B%22and%22%3A%5B%7B%22field%22%3A%22artist%22%2C%22operator%22%3A%22contains%22%2C%22value%22%3A%5B%22$INFO[Control.GetLabel(8001).index(1)]%22%5D%7D%5D%7D%2C%22type%22%3A%22artists%22%7D</value>
		<value>musicdb://artists/</value>
	</variable>
	
	<variable name="HUB_content_albums_title">
		<value condition="!String.IsEmpty(Control.GetLabel(8001).index(1))">musicdb://albums/?xsp=%7B%22rules%22%3A%7B%22and%22%3A%5B%7B%22field%22%3A%22album%22%2C%22operator%22%3A%22contains%22%2C%22value%22%3A%5B%22$INFO[Control.GetLabel(8001).index(1)]%22%5D%7D%5D%7D%2C%22type%22%3A%22albums%22%7D</value>
		<value>musicdb://albums/</value>
	</variable>
	<variable name="HUB_content_albums_artist">
		<value condition="!String.IsEmpty(Control.GetLabel(8001).index(1))">musicdb://albums/?xsp=%7B%22rules%22%3A%7B%22and%22%3A%5B%7B%22field%22%3A%22albumartist%22%2C%22operator%22%3A%22contains%22%2C%22value%22%3A%5B%22$INFO[Control.GetLabel(8001).index(1)]%22%5D%7D%5D%7D%2C%22type%22%3A%22albums%22%7D</value>
	</variable>
	<variable name="HUB_content_albums_artist_or_title">
		<value condition="!String.IsEmpty(Control.GetLabel(8001).index(1))">musicdb://albums/?xsp=%7B%22rules%22%3A%7B%22or%22%3A%5B%7B%22field%22%3A%22albumartist%22%2C%22operator%22%3A%22contains%22%2C%22value%22%3A%5B%22$INFO[Control.GetLabel(8001).index(1)]%22%5D%7D%2C%7B%22field%22%3A%22album%22%2C%22operator%22%3A%22contains%22%2C%22value%22%3A%5B%22$INFO[Control.GetLabel(8001).index(1)]%22%5D%7D%5D%7D%2C%22type%22%3A%22albums%22%7D</value>
		<value>musicdb://albums/</value>
	</variable>
	
	<!-- 
	<variable name="HUB_content_new_albums_title">
		<value condition="!String.IsEmpty(Control.GetLabel(8001).index(1))">musicdb://recentlyaddedalbums/?xsp=%7B%22rules%22%3A%7B%22and%22%3A%5B%7B%22field%22%3A%22album%22%2C%22operator%22%3A%22contains%22%2C%22value%22%3A%5B%22$INFO[Control.GetLabel(8001).index(1)]%22%5D%7D%5D%7D%2C%22type%22%3A%22albums%22%7D</value>
		<value>musicdb://recentlyaddedalbums/</value>
	</variable>
	-->
	
	
	<variable name="HUB_content_songs_title">
		<value condition="!String.IsEmpty(Control.GetLabel(8001).index(1))">musicdb://songs/?xsp=%7B%22rules%22%3A%7B%22and%22%3A%5B%7B%22field%22%3A%22title%22%2C%22operator%22%3A%22contains%22%2C%22value%22%3A%5B%22$INFO[Control.GetLabel(8001).index(1)]%22%5D%7D%5D%7D%2C%22type%22%3A%22songs%22%7D</value>
		<value>musicdb://songs/</value>
	</variable>
	<variable name="HUB_content_songs_artist">
		<value condition="!String.IsEmpty(Control.GetLabel(8001).index(1))">musicdb://songs/?xsp=%7B%22rules%22%3A%7B%22and%22%3A%5B%7B%22field%22%3A%22artist%22%2C%22operator%22%3A%22contains%22%2C%22value%22%3A%5B%22$INFO[Control.GetLabel(8001).index(1)]%22%5D%7D%5D%7D%2C%22type%22%3A%22songs%22%7D</value>
	</variable>
	<variable name="HUB_content_songs_title_or_artist">
		<value condition="!String.IsEmpty(Control.GetLabel(8001).index(1))">musicdb://songs/?xsp=%7B%22rules%22%3A%7B%22or%22%3A%5B%7B%22field%22%3A%22title%22%2C%22operator%22%3A%22contains%22%2C%22value%22%3A%5B%22$INFO[Control.GetLabel(8001).index(1)]%22%5D%7D%2C%7B%22field%22%3A%22artist%22%2C%22operator%22%3A%22contains%22%2C%22value%22%3A%5B%22$INFO[Control.GetLabel(8001).index(1)]%22%5D%7D%5D%7D%2C%22type%22%3A%22songs%22%7D</value>
		<value>musicdb://songs/</value>
	</variable>
	
	<variable name="HUB_content_musicvideo_titles">
		<value condition="!String.IsEmpty(Control.GetLabel(8001).index(1))">videodb://musicvideos/titles/?xsp=%7B%22rules%22%3A%7B%22and%22%3A%5B%7B%22field%22%3A%22title%22%2C%22operator%22%3A%22contains%22%2C%22value%22%3A%5B%22$INFO[Control.GetLabel(8001).index(1)]%22%5D%7D%5D%7D%2C%22type%22%3A%22musicvideos%22%7D</value>
		<value>videodb://musicvideos/titles/</value>
	</variable>
	
	<variable name="HUB_content_musicvideo_titles_or_artist">
		<value condition="!String.IsEmpty(Control.GetLabel(8001).index(1))">videodb://musicvideos/titles/?xsp=%7B%22rules%22%3A%7B%22or%22%3A%5B%7B%22field%22%3A%22title%22%2C%22operator%22%3A%22contains%22%2C%22value%22%3A%5B%22$INFO[Control.GetLabel(8001).index(1)]%22%5D%7D%2C%7B%22field%22%3A%22artist%22%2C%22operator%22%3A%22contains%22%2C%22value%22%3A%5B%22$INFO[Control.GetLabel(8001).index(1)]%22%5D%7D%5D%7D%2C%22type%22%3A%22musicvideos%22%7D</value>
		<value>videodb://musicvideos/titles/</value>
	</variable>
	
			<!-- revisit - cant filter musicvideo folder -->
			<variable name="HUB_content_musicvideo_artist">
				<value condition="!String.IsEmpty(Control.GetLabel(8001).index(1)) + !String.IsEqual(Window(home).Property(HUB_Music),songs) + !String.IsEqual(Window(home).Property(HUB_Music),albums)">videodb://musicvideos/artists/?xsp=%7B%22rules%22%3A%7B%22and%22%3A%5B%7B%22field%22%3A%22title%22%2C%22operator%22%3A%22contains%22%2C%22value%22%3A%5B%22$INFO[Control.GetLabel(8001).index(1)]%22%5D%7D%5D%7D%2C%22type%22%3A%22musicvideos%22%7D</value>
				<value condition="String.IsEmpty(Control.GetLabel(8001).index(1)) + !String.IsEqual(Window(home).Property(HUB_Music),songs) + !String.IsEqual(Window(home).Property(HUB_Music),albums)">videodb://musicvideos/artists/</value>
			</variable>
			<variable name="HUB_content_musicvideo_albums">
				<value condition="!String.IsEmpty(Control.GetLabel(8001).index(1)) + String.IsEqual(Window(home).Property(HUB_Music),albums)">videodb://musicvideos/albums/?xsp=%7B%22rules%22%3A%7B%22and%22%3A%5B%7B%22field%22%3A%22album%22%2C%22operator%22%3A%22contains%22%2C%22value%22%3A%5B%22$INFO[Control.GetLabel(8001).index(1)]%22%5D%7D%5D%7D%2C%22type%22%3A%22musicvideos%22%7D</value>
				<value condition="String.IsEmpty(Control.GetLabel(8001).index(1)) + String.IsEqual(Window(home).Property(HUB_Music),albums)">videodb://musicvideos/albums/</value>
			</variable>
	
	<variable name="HUB_Albums_by_Artist">
		<value condition="String.IsEqual(Window(home).Property(HUB_Music),IsHUBartistContent) + !String.IsEmpty(Window(home).Property(artistHUB_dbid))">musicdb://artists/$INFO[Window(home).Property(artistHUB_dbid)]/?albumartistsonly=false</value>
		<value condition="String.IsEqual(Window(home).Property(HUB_Music),IsHUBartistContent)">musicdb://albums/?xsp=%7B%22rules%22%3A%7B%22and%22%3A%5B%7B%22field%22%3A%22artist%22%2C%22operator%22%3A%22contains%22%2C%22value%22%3A%5B%22$INFO[Window(home).Property(HUB_EncodedValue)]%22%5D%7D%5D%7D%2C%22type%22%3A%22albums%22%7D</value>
		<value condition="String.IsEqual(Window(home).Property(HUB_Music),IsHUBalbumContent)">musicdb://albums/?xsp=%7B%22rules%22%3A%7B%22and%22%3A%5B%7B%22field%22%3A%22album%22%2C%22operator%22%3A%22is%22%2C%22value%22%3A%5B%22$INFO[Window(home).Property(HUB_EncodedValue)]%22%5D%7D%5D%7D%2C%22type%22%3A%22albums%22%7D</value>
		<value>-</value>
	</variable>
	
	<variable name="Container_HUB_5020_Heading">
		<value condition="String.IsEqual(Window(home).Property(HUB_Music),albums)">A L B U M S</value>
		<value condition="String.IsEqual(Window(home).Property(HUB_Music),songs)">S O N G S</value>
	</variable>
	
	<variable name="Container_HUB_5020">
		<value condition="String.IsEqual(Window(home).Property(HUB_Music),albums)">$VAR[HUB_content_albums_title]</value>
		<value condition="String.IsEqual(Window(home).Property(HUB_Music),songs)">$VAR[HUB_content_songs_title]</value>
	</variable>
	<!-- fail due unsupported content type tag
	<variable name="Container_HUB_5030_Genre_root">
		<value condition="!String.IsEmpty(Control.GetLabel(8001).index(1))">musicdb://genres/?xsp=%7B%22rules%22%3A%7B%22or%22%3A%5B%7B%22field%22%3A%22genre%22%2C%22operator%22%3A%22contains%22%2C%22value%22%3A%5B%22$INFO[Control.GetLabel(8001).index(1)]%22%5D%7D%5D%7D%2C%22type%22%3A%22genres%22%7D</value>
		<value>musicdb://genres/</value>
	</variable> -->
	<variable name="Container_HUB_5030_Genre_artists">
		<value condition="String.IsEqual(Window(home).Property(HUB_Music),genres) + !String.IsEmpty(Container(5030).ListItem.dbid)">musicdb://genres/$INFO[Container(5030).ListItem.dbid]/</value>
		<value>-</value>
	</variable>
	<variable name="Container_HUB_5030_Genre_albums">
		<value condition="String.IsEqual(Window(home).Property(HUB_Music),genres) + !String.IsEmpty(Container(5030).ListItem.dbid)">musicdb://genres/$INFO[Container(5030).ListItem.dbid]/-1/</value>
		<value>-</value>
	</variable>
	<variable name="Container_HUB_5030_Genre_songs">
		<value condition="String.IsEqual(Window(home).Property(HUB_Music),genres) + !String.IsEmpty(Container(5030).ListItem.dbid)">musicdb://genres/$INFO[Container(5030).ListItem.dbid]/-1/-1/</value>
		<value>-</value>
	</variable>
	<variable name="Container_HUB_5030_Genre_musicvideos">
		<value condition="String.IsEqual(Window(home).Property(HUB_Music),genres) + !String.IsEmpty(Container(5030).ListItem.dbid)">videodb://musicvideos/titles/?xsp=%7B%22rules%22%3A%7B%22or%22%3A%5B%7B%22field%22%3A%22genre%22%2C%22operator%22%3A%22contains%22%2C%22value%22%3A%5B%22$INFO[Container(5030).ListItem.label]%22%5D%7D%5D%7D%2C%22type%22%3A%22musicvideos%22%7D</value>
		<value>-</value>
	</variable>
	
	
	<variable name="Container_HUB_5035_Year_albums">
		<value condition="String.IsEqual(Window(home).Property(HUB_Music),genres) + !String.IsEmpty(Container(5030).ListItem.dbid)">musicdb://genres/$INFO[Container(5030).ListItem.dbid]/-1/</value>
		<value>-</value>
	</variable>
	<variable name="Container_HUB_5035_Year_songs">
		<value condition="String.IsEqual(Window(home).Property(HUB_Music),genres) + !String.IsEmpty(Container(5030).ListItem.dbid)">musicdb://genres/$INFO[Container(5030).ListItem.dbid]/-1/-1/</value>
		<value>-</value>
	</variable>
	<variable name="Container_HUB_5035_Year_musicvideos">
		<value condition="String.IsEqual(Window(home).Property(HUB_Music),years) + !String.IsEmpty(Container(5035).ListItem.label)">videodb://musicvideos/titles/?xsp=%7B%22rules%22%3A%7B%22or%22%3A%5B%7B%22field%22%3A%22year%22%2C%22operator%22%3A%22is%22%2C%22value%22%3A%5B%22$INFO[Container(5035).ListItem.label]%22%5D%7D%5D%7D%2C%22type%22%3A%22musicvideos%22%7D</value>
		<value>-</value>
	</variable>
	
	videodb://musicvideos/titles/?xsp={"rules":{"or":[{"field":"genre","operator":"contains","value":["GENRELABEL"]}]},"type":"musicvideos"}
	videodb://musicvideos/titles/?xsp=%7B%22rules%22%3A%7B%22or%22%3A%5B%7B%22field%22%3A%22genre%22%2C%22operator%22%3A%22contains%22%2C%22value%22%3A%5B%22GENRELABEL%22%5D%7D%5D%7D%2C%22type%22%3A%22musicvideos%22%7D
	<!-- <variable name="5040_Playlists">
		<value condition="String.IsEqual(Window(home).Property(XSP),Container(9042).ListItem.Folderpath)">$INFO[Window(home).Property(XSP)]</value>
		<value condition="!String.IsEqual(Window(home).Property(XSP),Container(9042).ListItem.Folderpath)">$INFO[Container(9042).ListItem.Folderpath]</value>
	</variable> -->
	<!-- <variable name="HUB_Albums_5121">
		<value condition="String.IsEqual(Window(home).Property(HUB_Music),IsHUBartistContent)">$INFO[Container(5120).ListItem.FolderPath]</value>
		<value condition="String.IsEqual(Window(home).Property(HUB_Music),IsHUBalbumContent) + !String.IsEmpty(Window(home).Property(albumHUB_dbid))">musicdb://albums/$INFO[Window(home).Property(albumHUB_dbid)]/</value>
	</variable> -->
	
	<!-- 
	albums by artist
	musicdb://artists/[artistdbid]/?albumartistsonly=false
	all songs by artist 
	musicdb://artists/[artistdbid]/?albumartistsonly=false&amp;artistid=[artistdbid]
	all songs from album with albumdbid 
	musicdb://artists/[artistdbid]/[albumdbid]/?albumartistsonly=false&amp;artistid=[artistdbid]
	-->
	
	
	
	<!-- Top Bar -->
	<include name="HUB_Button_sendclick_playlist">
		<param name="target" default="musicplaylist" />
		<definition>
		<control type="radiobutton" id="4$PARAM[id]">
			<include>button_circleradio</include>
			<onclick>SendClick($PARAM[target],$PARAM[action])</onclick>
		</control>
		</definition>
	</include>
	
	
	<include name="HUB_Button_action_window">
		<control type="radiobutton" id="4$PARAM[id]">
			<include>button_circleradio</include>
			<onclick>Action($PARAM[key_action],$PARAM[target])</onclick>
			<onclick>$PARAM[action2]</onclick>
		</control>
	</include>
		
	<include name="button_circleradio">
			<height>25</height>
			<width>25</width>
			<radiowidth>40</radiowidth>
			<radioheight>40</radioheight>
			<textureradioonfocus colordiffuse="$VAR[color_hub_menu_text_fo]">defaultaddon.png</textureradioonfocus>
			<textureradioonnofocus colordiffuse="$VAR[color_hub_menu_text_nf]">defaultaddon.png</textureradioonnofocus>
			<textureradioofffocus colordiffuse="$VAR[color_hub_menu_text_fo]">defaultaddon.png</textureradioofffocus>
			<textureradiooffnofocus colordiffuse="$VAR[color_hub_menu_text_nf]">defaultaddon.png</textureradiooffnofocus>
	</include>
</includes>