<?xml version="1.0" encoding="UTF-8"?>
<!-- SWAN -->
<includes>
	<include name="swan_debug_overlay">
		<definition>
		<control type="group">
			<visible>Skin.HasSetting(SwanDebug)</visible>
				<control type="image">
					<description>top header</description>
					<top>0</top>
					<width>100%</width>
					<height>100</height>
					<texture>colors/white.png</texture>
					<colordiffuse>2211E7B1</colordiffuse>
				</control>
				<control type="group">
					<centerleft>50%</centerleft>
					<width>95%</width>
					<top>150</top>
					<height>72%</height>
					<control type="image">
						<description>hot spot area</description>
						<texture>colors/white.png</texture>
						<colordiffuse>cc000000</colordiffuse>
					</control>
					<control type="textbox">
						<font>debugtiny</font>
						<aligny>top</aligny>
						<align>left</align>
						<top>5</top>
						<left>5</left>
						<autoscroll>true</autoscroll>
						<wrapmultiline>true</wrapmultiline>
						<textcolor>ffffffff</textcolor>
						<label>
$PARAM[textleft]
</label>
					</control>
					<control type="textbox">
						<font>font20_title</font>
						<aligny>top</aligny>
						<align>right</align>
						<top>10</top>
						<right>15</right>
						<textcolor>red</textcolor>
						<label>System.BuildVersion:     $VAR[KodiBuildVersion,[B],[/B]]
System.BuildDate:     $INFO[System.BuildDate]


$LOCALIZE[31030] :     $INFO[system.memory(used)] [B]/[/B] $INFO[system.memory(total)]       $INFO[system.memory(used.percent)]
$LOCALIZE[13271]      $INFO[System.CPUUsage]
$INFO[System.GPUTemperature,System.GPUTemperature :     ,]
Property(xmlfile) :     $INFO[Window.Property(xmlfile)]
System.CurrentWindow :     $INFO[System.CurrentWindow]
System.CurrentControl :     $INFO[System.CurrentControl]
System.CurrentControlID :     $INFO[System.CurrentControlID]
$INFO[System.Progressbar,System.Progressbar :     ,]
System.InternetState :     $INFO[System.InternetState]
Network.IPAddress :     $INFO[Network.IPAddress]

</label>
<!-- $INFO[Container($INFO[System.CurrentControlID]).CurrentItem] -->
<!-- 
Skin.AspectRatio  $INFO[Skin.AspectRatio]
System.ScreenWidth $INFO[System.ScreenWidth]
System.ScreenHeight $INFO[System.ScreenHeight]
-->
					</control>
				</control>
				
		</control>
		<!-- for ease 
		file:///C:/apps/Kodi Leia/portable_data/userdata/addon_data/skin.swan-beta/settings.xml
		-->
		<control type="button">
			<visible>Skin.HasSetting(SwanDebug)</visible>
			<texturefocus colordiffuse="red">colors/white.png</texturefocus>
			<texturenofocus colordiffuse="red">colors/white50.png</texturenofocus>
			<centerleft>60%</centerleft>
			<height>100</height>
			<width>500</width>
			<wrapmultiline>true</wrapmultiline>
			<label>Button :[CR]store container.folderpath to settings.xml</label>
			<onclick>Skin.SetString(SkinSaved_containerfoldepath,$INFO[Container.Folderpath])</onclick>
			<onclick>Skin.SetString(SkinSaved_listitemfoldepath,$INFO[ListItem.Folderpath])</onclick>
		</control>
		</definition>
	</include>
	
	<variable name="KodiBuildVersion">
		<value condition="String.StartsWith(System.BuildVersion,18)">[COLOR cyan]KODI  L e i a[/COLOR]</value>
		<value condition="String.StartsWith(System.BuildVersion,19)">[COLOR cyan]KODI  M a t r i x[/COLOR]</value>
	</variable>
</includes>
