<?xml version="1.0" encoding="UTF-8"?>
<includes>
	<include name="pl_functions_strayed_part1">
		<control type="button">
			<visible allowhiddenfocus="true">false</visible>
			
			<onfocus condition="string.isequal(listitem.dbtype,song)">SetProperty(song_fn,$INFO[listitem.filename],home)</onfocus>
			<onfocus condition="string.isequal(listitem.dbtype,album)">SetProperty(album_fn,$INFO[listitem.label],home)</onfocus> 
			<onfocus condition="string.isequal(listitem.dbtype,artist)">SetProperty(artist_fn,$INFO[listitem.label],home)</onfocus> 
			
				<onfocus condition="string.isequal(listitem.dbtype,song) + !string.isempty(window(home).property(artist_id))">ClearProperty(artist_id,home)</onfocus>
				<onfocus condition="string.isequal(listitem.dbtype,song) + !string.isempty(window(home).property(album_id))">ClearProperty(album_id,home)</onfocus>
				<onfocus condition="string.isequal(listitem.dbtype,song) + !string.isempty(window(home).property(url))">ClearProperty(url,home)</onfocus>
				<onfocus condition="string.isequal(listitem.dbtype,song) + !string.isempty(window(home).property(album_fn))">ClearProperty(album_fn,home)</onfocus>
				<onfocus condition="string.isequal(listitem.dbtype,song) + !string.isempty(window(home).property(artist_fn))">ClearProperty(artist_fn,home)</onfocus>
			<!-- <onfocus condition="string.isequal(listitem.dbtype,song) + !string.isempty(listitem.dbid)">SetProperty(song_id,$INFO[listitem.dbid],home)</onfocus> -->
				
				<onfocus condition="string.isequal(listitem.dbtype,album) + !string.isempty(window(home).property(artist_id))">ClearProperty(artist_id,home)</onfocus>
				<onfocus condition="string.isequal(listitem.dbtype,album) + !string.isempty(window(home).property(song_id))">ClearProperty(song_id,home)</onfocus>
				<onfocus condition="string.isequal(listitem.dbtype,album) + !string.isempty(window(home).property(url))">ClearProperty(url,home)</onfocus>
				<onfocus condition="string.isequal(listitem.dbtype,album) + !string.isempty(window(home).property(song_fn))">ClearProperty(song_fn,home)</onfocus>
				<onfocus condition="string.isequal(listitem.dbtype,album) + !string.isempty(window(home).property(artist_fn))">ClearProperty(artist_fn,home)</onfocus>
			<!-- <onfocus condition="string.isequal(listitem.dbtype,album) + !string.isempty(listitem.dbid)">SetProperty(album_id,$INFO[listitem.dbid],home)</onfocus> -->
			
				<onfocus condition="string.isequal(listitem.dbtype,artist) + !string.isempty(window(home).property(album_id))">ClearProperty(album_id,home)</onfocus>
				<onfocus condition="string.isequal(listitem.dbtype,artist) + !string.isempty(window(home).property(song_id))">ClearProperty(song_id,home)</onfocus>
				<onfocus condition="string.isequal(listitem.dbtype,artist) + !string.isempty(window(home).property(url))">ClearProperty(url,home)</onfocus>
				<onfocus condition="string.isequal(listitem.dbtype,artist) + !string.isempty(window(home).property(song_fn))">ClearProperty(song_fn,home)</onfocus>
				<onfocus condition="string.isequal(listitem.dbtype,artist) + !string.isempty(window(home).property(album_fn))">ClearProperty(album_fn,home)</onfocus>
			<!-- <onfocus condition="string.isequal(listitem.dbtype,artist) + !string.isempty(listitem.dbid)">SetProperty(artist_id,$INFO[listitem.dbid],home)</onfocus> -->
			
				<!-- <onfocus condition="[string.isempty(listitem.dbid) | string.isequal(listitem.dbtype,genre) | string.isequal(listitem.dbtype,year)] + !string.isempty(window(home).property(song_id))">ClearProperty(song_id,home)</onfocus> -->
				<!-- <onfocus condition="[string.isempty(listitem.dbid) | string.isequal(listitem.dbtype,genre) | string.isequal(listitem.dbtype,year)] + !string.isempty(window(home).property(album_id))">ClearProperty(album_id,home)</onfocus> -->
				<!-- <onfocus condition="[string.isempty(listitem.dbid) | string.isequal(listitem.dbtype,genre) | string.isequal(listitem.dbtype,year)] + !string.isempty(window(home).property(artist_id))">ClearProperty(artist_id,home)</onfocus> -->
				<onfocus condition="[string.isempty(listitem.dbid) | string.isequal(listitem.dbtype,genre) | string.isequal(listitem.dbtype,year)] + !string.isempty(window(home).property(song_fn))">ClearProperty(song_fn,home)</onfocus>
				<onfocus condition="[string.isempty(listitem.dbid) | string.isequal(listitem.dbtype,genre) | string.isequal(listitem.dbtype,year)] + !string.isempty(window(home).property(album_fn))">ClearProperty(album_fn,home)</onfocus>
				<onfocus condition="[string.isempty(listitem.dbid) | string.isequal(listitem.dbtype,genre) | string.isequal(listitem.dbtype,year)] + !string.isempty(window(home).property(artist_fn))">ClearProperty(artist_fn,home)</onfocus>
			<onfocus condition="[string.isempty(listitem.dbid) | string.isequal(listitem.dbtype,genre) | string.isequal(listitem.dbtype,year)] + !string.isempty(listitem.folderpath)">SetProperty(url,$INFO[listitem.folderpath],home)</onfocus>
			<onfocus condition="[string.isempty(listitem.dbid) | string.isequal(listitem.dbtype,genre) | string.isequal(listitem.dbtype,year)] + string.isempty(listitem.folderpath) + !string.isempty(listitem.filenameandpath)">SetProperty(url,$INFO[listitem.filenameandpath],home)</onfocus>
			
		</control>
	</include>
	
	<include name="skin_contextfinction_playlist">
		<visible>!string.isempty(window(home).property(song_fn)) | !string.isempty(window(home).property(album_fn)) | !string.isempty(window(home).property(artist_fn)) | !string.isempty(window(home).property(url))</visible>
				<texturefocus />
				<texturenofocus />
				<width>450</width>
				<align>center</align>
				<font>InfoCommon</font>
				<onclick>SetProperty(shortcutaction_inprogress,fakeforplaylistfunctions,home)</onclick>
				<onclick condition="!player.hasmedia">Playlist.Clear</onclick>
					<!-- <onclick condition="!string.isempty(window(home).property(song_id))">activatewindow(music,musicdb://songs/?songid=$INFO[Window(music).Property(song_id)],return)</onclick> -->
					<!-- <onclick condition="!string.isempty(window(home).property(album_id))">activatewindow(music,musicdb://albums/?albumid=$INFO[Window(music).Property(album_id)],return)</onclick> -->
					<!-- <onclick condition="!string.isempty(window(home).property(artist_id))">activatewindow(music,musicdb://artists/?artistid=$INFO[Window(home).Property(artist_id)],return)</onclick> -->
				
				<onclick condition="!string.isempty(window(home).property(song_fn))">activatewindow(music,musicdb://songs/?xsp=%7B%22limit%22%3A1%2C%22rules%22%3A%7B%22and%22%3A%5B%7B%22field%22%3A%22Filename%22%2C%22operator%22%3A%22is%22%2C%22value%22%3A%5B%22$INFO[window(home).property(song_fn)]%22%5D%7D%5D%7D%2C%22type%22%3A%22songs%22%7D,return)</onclick>
				<onclick condition="!string.isempty(window(home).property(album_fn))">activatewindow(music,musicdb://albums/?xsp=%7B%22limit%22%3A1%2C%22rules%22%3A%7B%22or%22%3A%5B%7B%22field%22%3A%22album%22%2C%22operator%22%3A%22is%22%2C%22value%22%3A%5B%22$INFO[window(home).property(album_fn)]%22%5D%7D%5D%7D%2C%22type%22%3A%22albums%22%7D,return)</onclick>
				<onclick condition="!string.isempty(window(home).property(artist_fn))">activatewindow(music,musicdb://artists/?xsp=%7B%22limit%22%3A1%2C%22rules%22%3A%7B%22or%22%3A%5B%7B%22field%22%3A%22artist%22%2C%22operator%22%3A%22is%22%2C%22value%22%3A%5B%22$INFO[window(home).property(artist_fn)]%22%5D%7D%5D%7D%2C%22type%22%3A%22artists%22%7D,return)</onclick>
				
				<onclick condition="!string.isempty(window(home).property(url))">activatewindow(music,$INFO[window(home).property(url)],return)</onclick>
				<onclick>RunScript(script.embuary.helper,action=settimer,do='"$PARAM[action]||ReplaceWindow(1110)"',busydialog=false)</onclick>
				<!-- <onclick>RunScript(script.embuary.helper,action=settimer,do='"$VAR[actiondown]$PARAM[action]||ReplaceWindow(1110)||ClearProperty(shortcutaction_inprogress,home)"',time=500,delay=100,busydialog=false)</onclick> -->
	</include>
	
	<!-- System.HasVisibleModalDialog Activate of window '11110' refused because there are active modal dialogs -->
	
	<variable name="debug_trailer_available">
		<value condition="!String.IsEmpty(Window(home).Property(trailer_avail))">[COLOR green]Trailer is available[/COLOR]</value>
		<value>[COLOR grey]NO TRAILER AVAILABLE[/COLOR]</value>
	</variable>
<!-- SUBMISSION NOTICE TO SORT THE UNMERCIFUL CONDITIONAL THINGS 
					maybe better prepare with
						$PARAM[mediawindow eg*viedo]view_locked_movies when set the strings ?
					if so than later
					 
					msgctxt "#583"
msgid "Remember views for different folders"
msgstr "Ansicht für verschiedene Ordner beibehalten" kodi setting?

 
visiblecondition  [not content X | [content is X + [X has no locks | X is locked for id]]]

window			visiblecondition	
videos			[Container.Content(movies) + [String.IsEmpty(skin.string(view_locked_movies)) | String.IsEqual(skin.string(view_locked_movies),$PARAM[view_id])]] | 
				[Container.Content(sets) + [String.IsEmpty(skin.string(view_locked_sets)) | String.IsEqual(skin.string(view_locked_sets),$PARAM[view_id])]] | 
				[Container.Content(tvshows) + [String.IsEmpty(skin.string(view_locked_tvshows)) | String.IsEqual(skin.string(view_locked_tvshows),$PARAM[view_id])]] | 
				[Container.Content(seasons) + [String.IsEmpty(skin.string(view_locked_seasons)) | String.IsEqual(skin.string(view_locked_seasons),$PARAM[view_id])]] | 
				[Container.Content(episodes) + [String.IsEmpty(skin.string(view_locked_episodes)) | String.IsEqual(skin.string(view_locked_episodes),$PARAM[view_id])]] | 
				
				[Container.Content(actors) + [String.IsEmpty(skin.string(view_locked_actors)) | String.IsEqual(skin.string(view_locked_actors),$PARAM[view_id])]] | 
				[Container.Content(directors) + [String.IsEmpty(skin.string(view_locked_directors)) | String.IsEqual(skin.string(view_locked_directors),$PARAM[view_id])]] | 
				[Container.Content(tags) + [String.IsEmpty(skin.string(view_locked_tags)) | String.IsEqual(skin.string(view_locked_tags),$PARAM[view_id])]] | 
				[Container.Content(countries) + [String.IsEmpty(skin.string(view_locked_countries)) | String.IsEqual(skin.string(view_locked_countries),$PARAM[view_id])]] | 
				[Container.Content(studios) + [String.IsEmpty(skin.string(view_locked_studios)) | String.IsEqual(skin.string(view_locked_studios),$PARAM[view_id])]] | 
			
music			[Container.Content(songs) + [String.IsEmpty(skin.string(view_locked_songs)) | String.IsEqual(skin.string(view_locked_songs),$PARAM[view_id])]] | 
				[Container.Content(sources) + [String.IsEmpty(skin.string(view_locked_sources)) | String.IsEqual(skin.string(view_locked_sources),$PARAM[view_id])]] | 
				
*shared*	
videos|music	[Container.Content(musicvideos) + [String.IsEmpty(skin.string(view_locked_musicvideos)) | String.IsEqual(skin.string(view_locked_musicvideos),$PARAM[view_id])]] |
				[Container.Content(artists) + [String.IsEmpty(skin.string(view_locked_artists)) | String.IsEqual(skin.string(view_locked_artists),$PARAM[view_id])]] |
				[Container.Content(albums) + [String.IsEmpty(skin.string(view_locked_albums)) | String.IsEqual(skin.string(view_locked_albums),$PARAM[view_id])]] |
		
			[Container.Content(files) + [String.IsEmpty(skin.string(view_locked_files)) | String.IsEqual(skin.string(view_locked_files),$PARAM[view_id])]] | 
			[Container.Content(genres) + [String.IsEmpty(skin.string(view_locked_genres)) | String.IsEqual(skin.string(view_locked_genres),$PARAM[view_id])]] | 
			[Container.Content(years) + [String.IsEmpty(skin.string(view_locked_years)) | String.IsEqual(skin.string(view_locked_years),$PARAM[view_id])]] |
			[Container.Content(playlists) + [String.IsEmpty(skin.string(view_locked_playlists)) | String.IsEqual(skin.string(view_locked_playlists),$PARAM[view_id])]] |
			
			[Container.Content(addons) + [String.IsEmpty(skin.string(view_locked_addons)) | String.IsEqual(skin.string(view_locked_addons),$PARAM[view_id])]] | 
			[Container.Content(livetv) + [String.IsEmpty(skin.string(view_locked_livetv)) | String.IsEqual(skin.string(view_locked_livetv),$PARAM[view_id])]] | 
			[Container.Content(mixed) + [String.IsEmpty(skin.string(view_locked_mixed)) | String.IsEqual(skin.string(view_locked_mixed),$PARAM[view_id])]] |
			
			[Container.Content(unknown) + [String.IsEmpty(skin.string(view_locked_unknown)) | String.IsEqual(skin.string(view_locked_unknown),$PARAM[view_id])]] |
			[Container.Content(images) + [String.IsEmpty(skin.string(view_locked_images)) | String.IsEqual(skin.string(view_locked_images),$PARAM[view_id])]] |
			[Container.Content(games) + [String.IsEmpty(skin.string(view_locked_games)) | String.IsEqual(skin.string(view_locked_games),$PARAM[view_id])]] |

		
videos						   [!Container.Content(videos) + !Container.Content(movies) + !Container.Content(sets) + !Container.Content(tvshows) + !Container.Content(seasons) + !Container.Content(episodes) + !Container.Content(musicvideos) + 
								!Container.Content(actors) + !Container.Content(directors) + !Container.Content(tags) + !Container.Content(countries) + !Container.Content(studios) + 

music					 		!Container.Content(songs) + !Container.Content(sources) + 

*shared in media*		 		!Container.Content(files) + !Container.Content(genres) + !Container.Content(years) + !Container.Content(playlists) + 
	*music |videos(mvid)		!Container.Content(artists) + !Container.Content(albums) + 
								
	*video|music|games			!Container.Content(addons) + 
	*htsp (tvheadend) dir		!Container.Content(livetv) + 
	
	*set by	plugins		 		!Container.Content(mixed) + 
	*none/empty			 		!Container.Content() + 
	*?							!Container.Content(unknown) + 
	
	*videos|pictures			!Container.Content(images) + 
		-e.g. netflix profile select set container.content=images
				 		
*games	- 						!Container.Content(games)] | 

*playlistvideo|playlistmusic	Window.IsActive(MyPlaylist.xml)
		
-->
	<include name="view_locking">
				<visible>
		[Container.Content() + [String.IsEmpty(skin.string(view_locked_listing)) | String.IsEqual(skin.string(view_locked_listing),$PARAM[view_id])]] | 
		[Container.Content(movies) + [String.IsEmpty(skin.string(view_locked_movies)) | String.IsEqual(skin.string(view_locked_movies),$PARAM[view_id])]] | 
		[Container.Content(sets) + [String.IsEmpty(skin.string(view_locked_sets)) | String.IsEqual(skin.string(view_locked_sets),$PARAM[view_id])]] | 
		[Container.Content(tvshows) + [String.IsEmpty(skin.string(view_locked_tvshows)) | String.IsEqual(skin.string(view_locked_tvshows),$PARAM[view_id])]] | 
		[Container.Content(seasons) + [String.IsEmpty(skin.string(view_locked_seasons)) | String.IsEqual(skin.string(view_locked_seasons),$PARAM[view_id])]] | 
		[Container.Content(episodes) + [String.IsEmpty(skin.string(view_locked_episodes)) | String.IsEqual(skin.string(view_locked_episodes),$PARAM[view_id])]] | 
		[Container.Content(musicvideos) + [String.IsEmpty(skin.string(view_locked_musicvideos)) | String.IsEqual(skin.string(view_locked_musicvideos),$PARAM[view_id])]] |
		[Container.Content(artists) + [String.IsEmpty(skin.string(view_locked_artists)) | String.IsEqual(skin.string(view_locked_artists),$PARAM[view_id])]] | 
		[Container.Content(albums) + [String.IsEmpty(skin.string(view_locked_albums)) | String.IsEqual(skin.string(view_locked_albums),$PARAM[view_id])]] | 
		[Container.Content(songs) + [String.IsEmpty(skin.string(view_locked_songs)) | String.IsEqual(skin.string(view_locked_songs),$PARAM[view_id])]] | 
		[Container.Content(files) + [String.IsEmpty(skin.string(view_locked_files)) | String.IsEqual(skin.string(view_locked_files),$PARAM[view_id])]] | 
		[Container.Content(sources) + [String.IsEmpty(skin.string(view_locked_sources)) | String.IsEqual(skin.string(view_locked_sources),$PARAM[view_id])]] | 
		[Container.Content(actors) + [String.IsEmpty(skin.string(view_locked_actors)) | String.IsEqual(skin.string(view_locked_actors),$PARAM[view_id])]] |
		[Container.Content(roles) + [String.IsEmpty(skin.string(view_locked_roles)) | String.IsEqual(skin.string(view_locked_roles),$PARAM[view_id])]] | 
		[Container.Content(directors) + [String.IsEmpty(skin.string(view_locked_directors)) | String.IsEqual(skin.string(view_locked_directors),$PARAM[view_id])]] | 
		[Container.Content(tags) + [String.IsEmpty(skin.string(view_locked_tags)) | String.IsEqual(skin.string(view_locked_tags),$PARAM[view_id])]] | 
		[Container.Content(genres) + [String.IsEmpty(skin.string(view_locked_genres)) | String.IsEqual(skin.string(view_locked_genres),$PARAM[view_id])]] | 
		[Container.Content(years) + [String.IsEmpty(skin.string(view_locked_years)) | String.IsEqual(skin.string(view_locked_years),$PARAM[view_id])]] | 
		[Container.Content(studios) + [String.IsEmpty(skin.string(view_locked_studios)) | String.IsEqual(skin.string(view_locked_studios),$PARAM[view_id])]] |
		[Container.Content(countries) + [String.IsEmpty(skin.string(view_locked_countries)) | String.IsEqual(skin.string(view_locked_countries),$PARAM[view_id])]] | 
		[Container.Content(playlists) + [String.IsEmpty(skin.string(view_locked_playlists)) | String.IsEqual(skin.string(view_locked_playlists),$PARAM[view_id])]] | 
		[Container.Content(images) + [String.IsEmpty(skin.string(view_locked_images)) | String.IsEqual(skin.string(view_locked_images),$PARAM[view_id])]] | 
		[Container.Content(games) + [String.IsEmpty(skin.string(view_locked_games)) | String.IsEqual(skin.string(view_locked_games),$PARAM[view_id])]] |
		[Container.Content(addons) + [String.IsEmpty(skin.string(view_locked_addons)) | String.IsEqual(skin.string(view_locked_addons),$PARAM[view_id])]] | 
		[Container.Content(livetv) + [String.IsEmpty(skin.string(view_locked_livetv)) | String.IsEqual(skin.string(view_locked_livetv),$PARAM[view_id])]] | 
		[Container.Content(mixed) + [String.IsEmpty(skin.string(view_locked_mixed)) | String.IsEqual(skin.string(view_locked_mixed),$PARAM[view_id])]] |
		[Container.Content(unknown) + [String.IsEmpty(skin.string(view_locked_unknown)) | String.IsEqual(skin.string(view_locked_unknown),$PARAM[view_id])]] | 
		[Container.Content(plugins) + [String.IsEmpty(skin.string(view_locked_plugins)) | String.IsEqual(skin.string(view_locked_plugins),$PARAM[view_id])]] |
		[!Container.Content() + 
		 !Container.Content(movies) + !Container.Content(sets) + !Container.Content(tvshows) + !Container.Content(seasons) + !Container.Content(episodes) + 
		 !Container.Content(musicvideos) + !Container.Content(artists) + !Container.Content(albums) + !Container.Content(songs) + 
		 !Container.Content(files) + !Container.Content(sources) + !Container.Content(actors) + !Container.Content(roles) + !Container.Content(directors) + 
		 !Container.Content(tags) + !Container.Content(genres) + !Container.Content(years) + !Container.Content(studios) + !Container.Content(countries) + !Container.Content(playlists) + 
		 !Container.Content(images) + !Container.Content(games) + !Container.Content(addons) + !Container.Content(livetv) + 
		 !Container.Content(mixed) + !Container.Content(unknown) + !Container.Content(plugins)
		]
		</visible>
	</include>
	
	<expression name="content_not_locked">
	[String.IsEmpty(skin.string(view_locked_listing)) + 
	 String.IsEmpty(skin.string(view_locked_movies)) + 
	 String.IsEmpty(skin.string(view_locked_sets)) + 
	 String.IsEmpty(skin.string(view_locked_tvshows)) + 
	 String.IsEmpty(skin.string(view_locked_seasons)) + 
	 String.IsEmpty(skin.string(view_locked_episodes)) + 
	 String.IsEmpty(skin.string(view_locked_musicvideos)) + 
	 String.IsEmpty(skin.string(view_locked_artists)) + 
	 String.IsEmpty(skin.string(view_locked_albums)) + 
	 String.IsEmpty(skin.string(view_locked_songs)) + 
	 String.IsEmpty(skin.string(view_locked_files)) + 
	 String.IsEmpty(skin.string(view_locked_sources)) + 
	 String.IsEmpty(skin.string(view_locked_actors)) + 
	 String.IsEmpty(skin.string(view_locked_roles)) + 
	 String.IsEmpty(skin.string(view_locked_directors)) + 
	 String.IsEmpty(skin.string(view_locked_tags)) + 
	 String.IsEmpty(skin.string(view_locked_genres)) + 
	 String.IsEmpty(skin.string(view_locked_years)) + 
	 String.IsEmpty(skin.string(view_locked_studios)) + 
	 String.IsEmpty(skin.string(view_locked_countries)) + 
	 String.IsEmpty(skin.string(view_locked_playlists)) + 
	 String.IsEmpty(skin.string(view_locked_images)) + 
	 String.IsEmpty(skin.string(view_locked_games)) + 
	 String.IsEmpty(skin.string(view_locked_addons)) + 
	 String.IsEmpty(skin.string(view_locked_livetv)) + 
	 String.IsEmpty(skin.string(view_locked_mixed)) + 
	 String.IsEmpty(skin.string(view_locked_unknown)) + 
	 String.IsEmpty(skin.string(view_locked_plugins))
	 ]
	 </expression>

	<include name="view_56_noLocking">
		<visible>Container.Content(movies) | Container.Content(sets) | Container.Content(tvshows) | Container.Content(episodes) | Container.Content(artists) | Container.Content(albums)</visible>
	</include>
	<include name="view_58_noLocking">
		<visible>Container.Content(seasons)</visible>
	</include>
	<include name="view_503_noLocking">
		<visible>!Container.Content(episodes) + !Container.Content(sources)</visible>
	</include>
	<include name="view_504_noLocking">
		<visible>!Container.Content(sources)</visible>
	</include>
	<include name="view_510_noLocking">
		<visible>Container.Content(movies) | Container.Content(sets) | Container.Content(tvshows) | Container.Content(seasons) | Container.Content(musicvideos) | Container.Content(artists) | Container.Content(albums) | Container.Content(mixed) | Container.Content(images) | Container.Content(videos) | Container.Content(games) | Container.Content(plugins)</visible>
	</include>
	<include name="view_511_noLocking">
		<visible>Container.Content(movies) | Container.Content(sets) | Container.Content(tvshows) | Container.Content(seasons) | Container.Content(musicvideos) | Container.Content(artists) | Container.Content(albums) | Container.Content(mixed) | Container.Content(images) | Container.Content(videos) | Container.Content(games) | Container.Content(plugins)</visible>
	</include>
	<include name="view_512_noLocking">
		<visible>Container.Content(movies) | Container.Content(sets) | Container.Content(tvshows) | Container.Content(seasons) | Container.Content(musicvideos) | Container.Content(artists) | Container.Content(albums) | Container.Content(mixed) | Container.Content(images) | Container.Content(videos) | Container.Content(games) | Container.Content(plugins)</visible>
	</include>
	<include name="view_513_noLocking">
		<visible>Container.Content(artists) | Container.Content(albums) | Container.Content(mixed) | Container.Content(images) | Container.Content(games) | Container.Content(plugins)</visible>
	</include>

	<include name="mediawindow_layout">
		<control type="group">
			<visible>!Skin.HasSetting(BlurEnabled)</visible>
			<visible>String.IsEmpty(Window(home).Property(shortcutaction_inprogress))</visible>
			<include>global_background</include>
		</control>
		<control type="group">
			<visible>Skin.HasSetting(BlurEnabled)</visible>
			<visible>String.IsEmpty(Window(home).Property(shortcutaction_inprogress))</visible>
			<include>GlobalBlurredBackground</include>
		</control>
		<control type="group">
			<description>viewtypes</description>
			<visible>Integer.IsGreater(Container().NumItems,0) | Window.IsActive(busydialog)</visible>
			<include content="Animation_Close_MediaContainer" condition="String.IsEmpty(Window(home).Property(shortcutaction_inprogress))" />
			<animation type="Conditional" condition="$EXP[Infodialog_IsActive] | Window.IsActive(mediasource) | [Window.IsActive(shutdownmenu) + !$EXP[Spotlight_ViewType]] | Window.IsActive(1104)">
				<effect type="fade" start="100" end="0" time="250" tween="sine" easing="out" />
				<effect type="zoom" center="50%,50%" start="100" end="0" time="300" tween="cubic" easing="out" />
			</animation>
			<include condition="!string.isempty(window(home).property(shortcutaction_inprogress))" content="SwanShortcuts_Container" />
			<include condition="String.IsEmpty(Window(home).Property(shortcutaction_inprogress))">view_layer4</include>
			<include condition="String.IsEmpty(Window(home).Property(shortcutaction_inprogress))">Media_Container_Infopanel</include>
			
			<include condition="String.IsEmpty(Skin.String($PARAM[window]_disabled_view_50)) + String.IsEmpty(Window(home).Property(shortcutaction_inprogress))">view_50</include>
			<include condition="String.IsEmpty(Skin.String($PARAM[window]_disabled_view_51)) + String.IsEmpty(Window(home).Property(shortcutaction_inprogress))">view_51</include>
			<include condition="String.IsEmpty(Skin.String($PARAM[window]_disabled_view_52)) + String.IsEmpty(Window(home).Property(shortcutaction_inprogress))">view_52</include>
			<include condition="String.IsEmpty(Skin.String($PARAM[window]_disabled_view_53)) + String.IsEmpty(Window(home).Property(shortcutaction_inprogress))">view_53</include>
			<include condition="String.IsEmpty(Skin.String($PARAM[window]_disabled_view_54)) + String.IsEmpty(Window(home).Property(shortcutaction_inprogress))">view_54</include>
			<include condition="String.IsEmpty(Skin.String($PARAM[window]_disabled_view_56)) + String.IsEmpty(Window(home).Property(shortcutaction_inprogress))">view_56</include>
			<include condition="String.IsEmpty(Skin.String($PARAM[window]_disabled_view_58)) + [Window.IsActive(videos) + String.IsEmpty(Window(home).Property(shortcutaction_inprogress))]">view_58</include>
			<include condition="String.IsEmpty(Skin.String($PARAM[window]_disabled_view_502)) + String.IsEmpty(Window(home).Property(shortcutaction_inprogress))">view_502</include>
			<include condition="[String.IsEmpty(Skin.String($PARAM[window]_disabled_view_503)) + String.IsEmpty(Skin.String($PARAM[window]_disabled_view_504))] + String.IsEmpty(Window(home).Property(shortcutaction_inprogress))">view_503_504</include>
			<include condition="String.IsEmpty(Skin.String($PARAM[window]_disabled_view_510)) + String.IsEmpty(Window(home).Property(shortcutaction_inprogress))">view_510</include>
			<include condition="String.IsEmpty(Skin.String($PARAM[window]_disabled_view_511)) + String.IsEmpty(Window(home).Property(shortcutaction_inprogress))">view_511</include>
			<include condition="String.IsEmpty(Skin.String($PARAM[window]_disabled_view_512)) + String.IsEmpty(Window(home).Property(shortcutaction_inprogress))">view_512</include>
			<include condition="String.IsEmpty(Skin.String($PARAM[window]_disabled_view_513)) + String.IsEmpty(Window(home).Property(shortcutaction_inprogress))">view_513</include>
			
			<include condition="String.IsEmpty(Window(home).Property(shortcutaction_inprogress))" content="ScrollBar_Alphabet">
				<right>0</right>
				<width>100</width>
				<top>110</top>
				<param name="id" value="600" />
				<param name="visible" value="!$EXP[Scrollbar_Lib_Horizontal]" />
				<param name="orientation" value="vertical" />
				<param name="panel_width" value="60" />
				<param name="height" value="880" />
				<param name="item_hw" value="32.5" />
				<param name="bg_texture_visible" value="true" />
				<param name="is_vertical" value="true" />
				<param name="color_1" value="ff131313" />
				<param name="color_2" value="ffffffff" />
			</include>
			<include condition="String.IsEmpty(Window(home).Property(shortcutaction_inprogress))" content="ScrollBar_Alphabet">
				<bottom>380</bottom>
				<animation effect="slide" start="0,0" end="380,10" condition="[Control.IsVisible(503) + Skin.HasSetting(View_503_DisableFooter) | Control.IsVisible(504) + Skin.HasSetting(View_504_DisableFooter)]">conditional</animation>
				<param name="id" value="610" />
				<param name="visible" value="$EXP[Scrollbar_Lib_Horizontal] + !Control.IsVisible(58)" />
				<param name="orientation" value="horizontal" />
				<param name="panel_width" value="1720" />
				<param name="height" value="90" />
				<param name="item_hw" value="50" />
				<param name="bg_texture_visible" value="true" />
				<param name="is_vertical" value="false" />
				<param name="color_1" value="ff131313" />
				<param name="color_2" value="ffffffff" />
			</include>
			<include condition="String.IsEmpty(Window(home).Property(shortcutaction_inprogress))">Scrollbar_Lib_vertical</include>
			<include condition="String.IsEmpty(Window(home).Property(shortcutaction_inprogress))">Scrollbar_Lib_horizontal</include>
		</control>
		<include content="HeaderBar">
			<param name="HasBGPanel" value="Skin.HasSetting(MediaWindow_UseHeaderBG)" />
		</include>
		<include content="PreMenucontrol" />
		<control type="group">
			<animation effect="slide" start="-450,0" end="0,0" time="300" tween="cubic" easing="inout">VisibleHidden</animation>
			<visible>String.IsEqual(Window(Home).Property(menucontrol_active),common)</visible>
			<include content="menucontrol_global" condition="String.IsEmpty(Window(home).Property(shortcutaction_inprogress))" />
		</control>
		<include condition="[[Window.IsActive(videos) | Window.IsActive(music)] + String.IsEmpty(Window(home).Property(shortcutaction_inprogress))]" content="NativeString_Filter" />
		
		<include content="window_frame" />
	</include>
	
	<include name="rules_listcontainer">
			<left>40</left>
			<right>40</right>
			<top>5</top>
			<control type="label">
				<visible>!String.IsEqual(listitem.label,$LOCALIZE[21423])</visible>
				<top>-10</top>
				<left>-40</left>
				<height>60</height>
				<align>left</align>
				<font>Montserrat_ExtraBold_50</font>
				<textcolor>$PARAM[color_panel]</textcolor>
				<label>[</label>
			</control>
			<control type="label">
				<visible>!String.IsEqual(listitem.label,$LOCALIZE[21423])</visible>
				<top>-10</top>
				<right>-40</right>
				<height>60</height>
				<align>right</align>
				<font>Montserrat_ExtraBold_50</font>
				<textcolor>$PARAM[color_panel]</textcolor>
				<label>]</label>
			</control>
			<control type="image">
				<texture colordiffuse="$PARAM[color_panel]">colors/white.png</texture>
			</control>
			<control type="label">
				<visible>String.IsEqual(listitem.label,$LOCALIZE[21423])</visible>
				<right>20</right>
				<left>90</left>
				<height>55</height>
				<aligny>center</aligny>
				<font>font_SpotlightMetaGenreBottom</font>
				<textcolor>$PARAM[color_text]</textcolor>
				<label>$INFO[ListItem.Label]</label>
			</control>
			<control type="label">
				<description>$LOCALIZE[21435]</description>
				<visible>!String.IsEqual(listitem.label,$LOCALIZE[21423])</visible>
				<right>20</right>
				<left>90</left>
				<height>50</height>
				<aligny>center</aligny>
				<font>font_SpotlightMetaGenreBottom</font>
				<textcolor>$PARAM[color_text]</textcolor>
				<label>$INFO[ListItem.CurrentItem,$LOCALIZE[31220]  ,]</label>
			</control>
			<control type="image">
				<visible>String.IsEqual(listitem.label,$LOCALIZE[21423])</visible>
				<top>-7</top>
				<left>20</left>
				<bordersize>10</bordersize>
				<height>70</height>
				<aspectratio align="left" aligny="center">keep</aspectratio>
				<texture colordiffuse="$PARAM[color_text]">defaultaddsource.png</texture>
			</control>
			<control type="image">
				<visible>!String.IsEqual(listitem.label,$LOCALIZE[21423])</visible>
				<left>25</left>
				<bordersize>10</bordersize>
				<height>60</height>
				<aspectratio align="left" aligny="center">keep</aspectratio>
				<texture colordiffuse="$PARAM[color_text]">icons/checkbox.png</texture>
			</control>
			<control type="label">
				<visible>!String.IsEqual(listitem.label,$LOCALIZE[21423])</visible>
				<scroll>String.IsEqual(System.CurrentControl, ListItem.Label)</scroll>
				<right>20</right>
				<left>300</left>
				<height>50</height>
				<align>right</align>
				<aligny>center</aligny>
				<font>font_SpotlightMetaGenreBottom</font>
				<textcolor>$PARAM[color_text]</textcolor>
				<label>$INFO[ListItem.Label]</label>
			</control>
	</include>
</includes>