<?xml version="1.0" encoding="utf-8"?>
<window>
	<defaultcontrol always="true">450</defaultcontrol>
<!-- 	1.11 DialogFavourites.xml
ID 		Type 		Description
450 	container 	List of available favourites 
 -->
	<include>Animation_OpenClose_Slide</include>
	
	<controls>
	
	<!-- <control type="list" id="2000">
		<include>HiddenContainer</include>
		<content limit="1">$VAR[muh]</content>
	</control>
	
	conditional based on info label atts VAR videodb://musicvideos/titles/ PATH
	- need define db 
	<content limit="1">videodb://musicvideos/titles/?xsp=%7B%22rules%22%3A%7B%22and%22%3A%5B%7B%22field%22%3A%22artist%22%2C%22operator%22%3A%22is%22%2C%22value%22%3A%5B%22a%20perfect%20circle%22%5D%7D%5D%7D%2C%22type%22%3A%22musicvideos%22%7D</content>
			 -->
		<control type="group">
			<description>BG</description>
			<include content="dialog_background_triplepanel" />
		</control>
	
		<control type="group">
			<include content="Dialog_CommonInfo">
				<param name="Header_posy" value="50" />
				<param name="Item_Description" value="$INFO[Skin.String(userwidget$INFO[Window(home).Property(shortcutitem_nr)]_path)]" />
			</include>
			
			<include content="Dialog_Containers">
				<param name="id" value="450" />
				<param name="Container_Height" value="70%" />
				<param name="onleft" value="9000" />
				<param name="icon_visible" value="true" />
				<param name="layout_height" value="110" />
			</include>
			
		</control>
		<include content="swan_debug_overlay" />	
		
	</controls>
</window>
