<?xml version="1.0" encoding="utf-8"?>
<window>
<!-- 	1.22 DialogPVRGuideSearch.xml
ID 	Type 			Description
9 	edit 			Search string
10 	radiobutton 	Include description
11 	radiobutton 	Case sensitive
12 	spincontrolex 	Minimal duration
13 	spincontrolex 	Maximal duration
14 	edit 			Start date
15 	edit 			End date
16 	edit 			Start time
17 	edit 			End Time
18 	spincontrolex 	Genre
19 	radiobutton 	Avoid repeats
20 	radiobutton 	Unknown genres
21 	spincontrolex 	Groups
22 	radiobutton 	FTA
23 	spincontrolex 	Channels
24 	radiobutton 	Ignore timers
25 	button 			Cancel button
26 	button 			Search button
27 	radiobutton 	Ignore recordings
28 	button 			Defaults button
-->
	<defaultcontrol always="true">9000</defaultcontrol>
	<include>Animation_OpenClose_FadeZoom</include>
	<menucontrol>9002</menucontrol>
    <controls>
		<include>Dialog_Fullscreen_BGPanel</include>
		<control type="group">
			<visible>!Window.IsVisible(virtualkeyboard) + !Window.IsVisible(filebrowser) + !Window.IsVisible(selectdialog) + !Window.IsVisible(selectdialog) + !Window.IsVisible(progressdialog) + !Window.IsVisible(textviewer)</visible>
			<control type="grouplist">
				<description>HEADING</description>
				<posy>50</posy>
				<posx>17.5%</posx>
				<width>82.5%</width>
				<orientation>horizontal</orientation>
				<itemgap>25</itemgap>
				<height>200</height>
				<align>center</align>
				<control type="group">
					<width>150</width>
					<height>200</height>
					<control type="image">
						<description>ReVisit Frame or BG imitate</description>
						<height>135</height>
						<width>135</width>
						<texture>diffuse/circle.png</texture>
						<colordiffuse>$VAR[color_global_dialog_accent]</colordiffuse>
					</control>
					<control type="image">
						<height>135</height>
						<width>135</width>
						<bordersize>4</bordersize>
						<texture background="true" diffuse="diffuse/circle.png">defaultaddonhelper.png</texture>
						<aspectratio scalediffuse="false" aligny="bottom" align="center">keep</aspectratio>
					</control>
				</control>
				<control type="label">
					<description>Heading</description>
					<height>55%</height>
					<width>1000</width>
					<align>left</align>
					<label>$INFO[System.CurrentWindow]</label>
					<font>notosans_60_regular_l</font>
					<textcolor>$VAR[color_global_dialog_accent]</textcolor>
				</control>
			</control>
		<control type="grouplist" id="9000">
			<description>top filter n info</description>
			<align>center</align>
			<left>200</left>
			<right>200</right>
			<width>1520</width>
			<top>200</top>
			<height>110</height>
			<itemgap>2</itemgap>
			<ondown>10</ondown>
			<onup>10</onup>
			<control type="edit" id="9">
				<description>9 	edit 			Search string</description>
				<font>notosans_27_regular_l</font>
				<centerleft>50%</centerleft>
				<height>60</height>
				<texturefocus colordiffuse="$VAR[color_global_button_text_fo]" diffuse="colors/white10.png" border="25">frames/circler25.png</texturefocus>
				<texturenofocus colordiffuse="$VAR[color_global_button_text_nf]" border="25">frames/bordercircler25.png</texturenofocus>
				<font>notosans_20_bold</font>
				<align>center</align>
				<hinttext>$LOCALIZE[137]...</hinttext>
			</control>
			<control type="textbox" id="70">
				<description>Search help</description>
				<height>50</height>
				<width>1520</width>
				<font>notosans_20_bold</font>
				<align>center</align>
				<textcolor>grey</textcolor>
				<label>└  $LOCALIZE[19001] $LOCALIZE[19002]  ┘</label>
			</control>
		</control>	
			<control type="grouplist" id="9001">
				<description>control area</description>
				<align>center</align>
				<left>200</left>
				<right>200</right>
				<top>310</top>
				<bottom>110</bottom>
				<itemgap>10</itemgap>
				<pagecontrol />
				<scrolltime tween="cubic" easing="out">300</scrolltime>
				<onup>9000</onup>
				<ondown>9002</ondown>
				<control type="group" id="800">
						<width>100%</width>
						<height>50</height>
						<control type="radiobutton" id="10">
							<description>10 	radiobutton 	Include description</description>
							<font>notosans_27_regular_l</font>
							<label>$LOCALIZE[19134]</label>
							<width>49%</width>
							<onleft>11</onleft>
							<onright>11</onright>
							<ondown>12</ondown>
							<onup>9000</onup>
						</control>
						<control type="radiobutton" id="11">
							<description>11 	radiobutton 	Case sensitive</description>
							<font>notosans_27_regular_l</font>
							<label>$LOCALIZE[19135]</label>
							<width>50%</width>
							<left>50%</left>
							<onleft>10</onleft>
							<onright>10</onright>
							<ondown>13</ondown>
							<onup>9000</onup>
						</control>
					</control>
					<control type="group" id="801">
						<width>100%</width>
						<height>50</height>
						<control type="spincontrolex" id="12">
							<description>12 	spincontrolex 	Minimal duration</description>
							<font>notosans_27_regular_l</font>
							<label>$LOCALIZE[19130]</label>
							<textwidth>500</textwidth>
							<align>left</align>
							<spinposx>5</spinposx>
							<width>49%</width>
							<onleft>13</onleft>
							<onright>13</onright>
							<ondown>14</ondown>
							<onup>10</onup>
						</control>
						<control type="spincontrolex" id="13">
							<description>13 	spincontrolex 	Maximal duration</description>
							<font>notosans_27_regular_l</font>
							<label>$LOCALIZE[19131]</label>
							<textwidth>500</textwidth>
							<align>left</align>
							<spinposx>55</spinposx>
							<width>50%</width>
							<left>50%</left>
							<onleft>12</onleft>
							<onright>12</onright>
							<ondown>15</ondown>
							<onup>11</onup>
						</control>
					</control>
					<control type="group" id="802">
						<width>100%</width>
						<height>50</height>
						<control type="edit" id="14">
							<description>14 	edit 			Start date</description>
							<align>left</align>
							<font>notosans_27_regular_l</font>
							<label>$LOCALIZE[19128]</label>
							<width>49%</width>
							<onleft>15</onleft>
							<onright>15</onright>
							<ondown>16</ondown>
							<onup>12</onup>
						</control>
						<control type="edit" id="15">
							<description>15 	edit 			End date</description>
							<align>left</align>
							<font>notosans_27_regular_l</font>
							<label>$LOCALIZE[19129]</label>
							<width>50%</width>
							<left>50%</left>
							<onleft>14</onleft>
							<onright>14</onright>
							<ondown>17</ondown>
							<onup>13</onup>
						</control>
					</control>
					<control type="group" id="803">
						<width>100%</width>
						<height>50</height>
						<control type="edit" id="16">
							<description>16 	edit 			Start time</description>
							<align>left</align>
							<font>notosans_27_regular_l</font>
							<label>$LOCALIZE[19126]</label>
							<width>49%</width>
							<onleft>17</onleft>
							<onright>17</onright>
							<ondown>18</ondown>
							<onup>14</onup>
						</control>
						<control type="edit" id="17">
							<description>17 	edit 			End Time</description>
							<align>left</align>
							<font>notosans_27_regular_l</font>
							<label>$LOCALIZE[19127]</label>
							<width>50%</width>
							<left>50%</left>
							<onleft>16</onleft>
							<onright>16</onright>
							<ondown>19</ondown>
							<onup>15</onup>
						</control>
					</control>
					<control type="group" id="804">
						<width>100%</width>
						<height>50</height>
						<control type="spincontrolex" id="18">
							<description>18 	spincontrolex 	Genre</description>
							<align>left</align>
							<spinposx>5</spinposx>
							<textwidth>500</textwidth>
							<font>notosans_27_regular_l</font>
							<label>$LOCALIZE[515]</label>
							<width>49%</width>
							<onleft>20</onleft>
							<onright>20</onright>
							<ondown>19</ondown>
							<onup>16</onup>
						</control>
						<control type="radiobutton" id="20">
							<description>20 	radiobutton 	Unknown genres</description>
							<align>left</align>
							<font>notosans_27_regular_l</font>
							<label>$LOCALIZE[19132]</label>
							<width>50%</width>
							<left>50%</left>
							<onleft>18</onleft>
							<onright>18</onright>
							<ondown>19</ondown>
							<onup>17</onup>
						</control>
					</control>
				<control type="radiobutton" id="19">
					<description>19 	radiobutton 	Avoid repeats</description>
					<align>left</align>
					<font>notosans_27_regular_l</font>
					<label>$LOCALIZE[19121]</label>
				</control>
				<control type="group" id="805">
					<width>100%</width>
					<height>50</height>
					<control type="spincontrolex" id="21">
						<description>21 	spincontrolex 	Groups</description>
						<align>left</align>
						<spinposx>5</spinposx>
						<textwidth>500</textwidth>
						<font>notosans_27_regular_l</font>
						<label>$LOCALIZE[19141]</label>
						<width>33%</width>
						<onleft>22</onleft>
						<onright>23</onright>
						<ondown>24</ondown>
						<onup>19</onup>
					</control>
					<control type="spincontrolex" id="23">
						<description>23 	spincontrolex 	Channels</description>
						<align>left</align>
						<spinposx>5</spinposx>
						<font>notosans_27_regular_l</font>
						<textwidth>500</textwidth>
						<label>$LOCALIZE[19148]</label>
						<width>33%</width>
						<left>33.3%</left>
						<onleft>21</onleft>
						<onright>22</onright>
						<ondown>24</ondown>
						<onup>19</onup>
					</control>
					<control type="radiobutton" id="22">
						<description>22 	radiobutton 	FTA</description>
						<align>left</align>
						<font>notosans_27_regular_l</font>
						<label>$LOCALIZE[19123]</label>
						<width>33.2%</width>
						<left>66.6%</left>
						<onleft>23</onleft>
						<onright>21</onright>
						<ondown>24</ondown>
						<onup>19</onup>
					</control>
				</control>
				<control type="radiobutton" id="24">
					<description>24 	radiobutton 	Ignore timers</description>
					<align>left</align>
					<font>notosans_27_regular_l</font>
					<label>$LOCALIZE[19124]</label>
				</control>
				<control type="radiobutton" id="27">
					<description>27 	radiobutton 	Ignore recordings</description>
					<align>left</align>
					<font>notosans_27_regular_l</font>
					<textwidth>700</textwidth>
					<label>$LOCALIZE[19125]</label>
				</control>
			</control>			
			<control type="grouplist" id="9002">
				<bottom>50</bottom>
				<left>200</left>
				<right>200</right>
				<align>justify</align>
				<height>50</height>
				<orientation>horizontal</orientation>
				<onup>9001</onup>
				<control type="button" id="26">
					<description>OK</description>
					<label>$LOCALIZE[137]</label>
					<align>center</align>
					<width>300</width>
				</control>
				<control type="button" id="28">
					<description>Cancel</description>
					<label>$LOCALIZE[13007]</label>
					<align>center</align>
					<width>300</width>
				</control>
				<control type="button" id="25">
					<description>28 	button 			Defaults button</description>
					<label>$LOCALIZE[222]</label>
					<width>390</width>
					<align>center</align>
				</control>
			</control>
        </control>
	</controls>
</window>