<?xml version="1.0" encoding="utf-8"?>
<window>
	<defaultcontrol always="true">8000</defaultcontrol>
	<onload>ClearProperty(AdditionalInfo)</onload>
	<onload>RunScript(script.embuary.helper,action=resetposition,container=8601||8602||8603||8604||8605||8606||8607||8608||8609||8622)</onload>
	<onload>RunScript(script.embuary.helper,action=encode,string='"$VAR[EncodeTitle]"',prop=EncodedTitle)</onload>
	<onload condition="[!Window.IsActive(pvrguideinfo) + !Window.IsActive(PVRRecordingInfo)] + String.IsEmpty(Container.PluginName) + !string.isempty(listitem.dbid) + [container.content(movies) | String.IsEqual(listitem.dbtype,movie)]">RunScript(script.embuary.helper,action=lookforfile,file='"$VAR[extrasLocation_lookup]"',prop=bonuscontentavail)</onload>
	
	<onunload>ClearProperty(AdditionalInfo)</onunload>
	<onunload>ClearProperty(EncodedTitle,home)</onunload>
	<onunload condition="!String.IsEmpty(Window(home).Property(bonuscontentavail))">ClearProperty(bonuscontentavail,home)</onunload>	
		
	<animation type="WindowOpen">
		<effect type="fade" start="0" end="100" time="300" tween="sine" easing="in" />
		<effect type="zoom" center="50%,50%" start="0" end="100" time="300" tween="cubic" easing="out" />
	</animation>
	<animation type="WindowClose">
		<effect type="fade" start="100" end="0" time="300" tween="sine" easing="out" />
		<effect type="zoom" center="50%,50%" start="100" end="0" time="300" tween="cubic" easing="out" />
	</animation>
   
    <controls>
	
		<include content="videoinfo_fetch_OST_local" condition="!Skin.HasSetting(VideoInfo_Content_Library_OST)" />
			
		<include condition="Window.IsActive(1110)" content="global_background" />
	
		<!-- <control type="button" id="7099">
			<description>let slideshow move artwork container</description>
			<label>current : $INFO[container(8606).currentitem] should be:   $INFO[window(home).property(slideoshow_currentitemnum)]</label>
			<onclick>SetFocus(8606,$INFO[window(home).property(slideoshow_currentitemnum)],absolute)</onclick>
		</control>
		-->
		<!-- <control type="button" id="7099">
			<description>let slideshow move artwork container - remote onclick not working</description>
			<label>Control.Move(8606,$INFO[window(home).property(slideoshow_currentitemnum)])</label>
			<onclick>Control.Move(8606,$INFO[window(home).property(slideoshow_currentitemnum)])</onclick>
		</control> -->
	
		<control type="image">
			<description>trailer dimmedbg</description>
			<animation effect="fade" start="0" end="100" time="600">VisibleChange</animation>
			<visible>$EXP[TrailerIsPlaying]</visible>
			<texture colordiffuse="$VAR[color_lib_backgroundlayer4]">colors/white50.png</texture>
		</control>
		
		<include content="dialog_videoinfo" />
		
		<include content="VideoInfo_SlideshowNav">
			<param name="ButtonID" value="8901" />
			<param name="ContainerID" value="8606" />
		</include>
		<include content="VideoInfo_SlideshowNav">
			<param name="ButtonID" value="8902" />
			<param name="ContainerID" value="8607" />
		</include>
		<include content="VideoInfo_SlideshowNav">
			<param name="ButtonID" value="8903" />
			<param name="ContainerID" value="8606" />
			<param name="origin" value="Art(thumb)" />
		</include>
		
		<control type="scrollbar" id="89060">
			<description> slideshow scrollbar </description>
			<width>1920</width>
			<centerleft>50%</centerleft>
			<height>8</height>
			<orientation>horizontal</orientation>
			<bottom>0</bottom>
			<visible>Control.HasFocus(8901) | Control.HasFocus(8902) | Control.HasFocus(8903)</visible>
			<texturesliderbackground colordiffuse="$VAR[color_global_scrollbar_panel]">colors/white.png</texturesliderbackground>
			<texturesliderbar colordiffuse="$VAR[color_global_scrollbar_slider_fo]">colors/white.png</texturesliderbar>
			<textureslidernib />
		</control>
		
		<include condition="Skin.HasSetting(SwanDebug)" content="swan_debug_overlay">
			<param name="nested_debuginfo" value=""/>
</include>
	</controls>
</window>
