<?xml version="1.0" encoding="UTF-8"?>
<addon id="skin.swan" version="18.1.03~beta" name="S W A N" provider-name="marduk">
	<requires>
		<import addon="xbmc.gui" version="5.14.0"/>
		<import addon="script.embuary.helper" version="1.4.9"/>
		<import addon="resource.images.studios.coloured" version="0.0.19"/>
		<import addon="resource.images.studios.white" version="0.0.25"/>
		<import addon="resource.images.weathericons.outline" version="0.0.6"/>
	</requires>
	<extension point="xbmc.gui.skin" debugging="false">
		<res width="1920" height="1080" aspect="1.77" default="true" folder="xml" />
	</extension>
	<extension point="xbmc.addon.metadata">
		<summary lang="en_GB">summary</summary>
		<description lang="en_GB">description</description>
		<disclaimer lang="en_GB">disclaimer</disclaimer>
		<platform>all</platform>
		<license>GNU GENERAL PUBLIC LICENSE Version 2.0</license>
		<forum>http://forum.kodi.tv/**</forum>
		<source>https://github.com/**</source>
		<news></news>
		<assets>
			<icon>resources/icon.png</icon>
			<fanart>resources/fanart.jpg</fanart>
			<screenshot>resources/screenshot-00.jpg</screenshot>
			<screenshot>resources/screenshot-01.png</screenshot>
			<screenshot>resources/screenshot-02.png</screenshot>
			<screenshot>resources/screenshot-03.png</screenshot>
			<screenshot>resources/screenshot-04.png</screenshot>
			<screenshot>resources/screenshot-05.png</screenshot>
			<screenshot>resources/screenshot-06.png</screenshot>
			<screenshot>resources/screenshot-07.png</screenshot>
			<screenshot>resources/screenshot-08.png</screenshot>
			<screenshot>resources/screenshot-09.png</screenshot>
			<screenshot>resources/screenshot-10.png</screenshot>
			<screenshot>resources/screenshot-11.png</screenshot>
		</assets>
	</extension>
</addon>