<?xml version="1.0" encoding="utf-8"?>
<includes>

    <include name="DefaultSkinSettings">
        <include condition="!Skin.HasSetting(HomeMenuDefaults46) | String.IsEmpty(Window(Home).Property(startupDone))">DefaultSkinSettingsValues</include>
        <!-- initialize some addons on startup -->
        <include condition="String.IsEmpty(Window(Home).Property(startupDone))">startupskinsettingsvalues</include>
        <!-- correct some stuff on theme switch -->
        <onload condition="Skin.HasTheme(classic) + !Skin.String(mediaflagsstyle,classic)">Skin.SetString(mediaflagsstyle,classic)</onload>
        <onload condition="Skin.HasTheme(classic) + !Skin.String(osdmediaflagsstyle,classic)">Skin.SetString(osdmediaflagsstyle,classic)</onload>
    </include>
    
    <include name="startupskinsettingsvalues">
        <!-- initialize 3th party addons -->
        <onload condition="System.HasAddon(script.games.rom.collection.browser)">RunScript(script.games.rom.collection.browser,limit=10)</onload>
        <onload>SetProperty(startupDone,loaded,Home)</onload>
    </include>
    
	<include name="DefaultSkinSettingsValues">		
		<!-- various default settings  -->
        <onload condition="!Skin.HasSetting(HomeMenuDefaults46)">Skin.SetBool(UseSectionBackground)</onload>
		<onload condition="!Skin.HasSetting(HomeMenuDefaults46)">Skin.SetBool(ShowFanartBackground)</onload>
		<onload condition="!Skin.HasSetting(HomeMenuDefaults46)">Skin.SetBool(DetailsShowFanart)</onload>
		<onload condition="!Skin.HasSetting(HomeMenuDefaults46)">Skin.SetBool(View502_ShowCDart)</onload>
		<onload condition="!Skin.HasSetting(HomeMenuDefaults46)">Skin.SetBool(View514_ShowCDart)</onload>
		<onload condition="!Skin.HasSetting(HomeMenuDefaults46)">Skin.SetBool(View513_ShowCDart)</onload>
		<onload condition="!Skin.HasSetting(HomeMenuDefaults46)">Skin.SetBool(View508_ShowCDart)</onload>
		<onload condition="!Skin.HasSetting(HomeMenuDefaults46)">Skin.SetBool(View58_ShowCDart)</onload>
		<onload condition="!Skin.HasSetting(HomeMenuDefaults46)">Skin.SetBool(View59_ShowCDart)</onload>
		<onload condition="!Skin.HasSetting(HomeMenuDefaults46)">Skin.SetBool(PanelViewShowInfo)</onload>
		<onload condition="!Skin.HasSetting(HomeMenuDefaults46)">Skin.SetBool(ShowlabelsLandscape)</onload>
		<onload condition="!Skin.HasSetting(HomeMenuDefaults46)">Skin.SetBool(EnableQuickJump)</onload>
		<onload condition="!Skin.HasSetting(HomeMenuDefaults46)">Skin.SetBool(StudioInFooter)</onload>
		<onload condition="!Skin.HasSetting(HomeMenuDefaults46)">Skin.SetBool(IMDBRatingInFooter)</onload>
		<onload condition="!Skin.HasSetting(HomeMenuDefaults46)">Skin.SetBool(TV_TMdbRatingInFooter)</onload>
		<onload condition="!Skin.HasSetting(HomeMenuDefaults46)">Skin.SetBool(RTRatingInFooter)</onload>
		<onload condition="!Skin.HasSetting(HomeMenuDefaults46)">Skin.SetString(SkinHelper.ShowInfoAtPlaybackStart, 4)</onload>
		<onload condition="!Skin.HasSetting(HomeMenuDefaults46)">Skin.SetString(GuideRows, 9)</onload>
		<onload condition="!Skin.HasSetting(HomeMenuDefaults46)">Skin.SetBool(GuideShowInfo)</onload>
		<onload condition="!Skin.HasSetting(HomeMenuDefaults46)">Skin.SetBool(ShowWeatherVideoInfoOSD)</onload>
		<onload condition="!Skin.HasSetting(HomeMenuDefaults46)">Skin.SetBool(HideWatchedRecentlyAdded)</onload>
		<onload condition="!Skin.HasSetting(HomeMenuDefaults46)">Skin.SetBool(IsTitanSkin)</onload>
		<onload condition="!Skin.HasSetting(HomeMenuDefaults46)">Skin.SetBool(SmartShortcuts.playlists)</onload>
		<onload condition="!Skin.HasSetting(HomeMenuDefaults46)">Skin.SetBool(OSDShowInfoOnPause)</onload>
		<onload condition="!Skin.HasSetting(HomeMenuDefaults46)">Skin.SetBool(PVRShowPreview)</onload>
		<onload condition="!Skin.HasSetting(HomeMenuDefaults46)">Skin.SetBool(SmartShortcuts.emby)</onload>
		<onload condition="!Skin.HasSetting(HomeMenuDefaults46)">Skin.SetBool(useExtendedWeatherScreen)</onload>
		<onload condition="!Skin.HasSetting(HomeMenuDefaults46)">Skin.SetBool(SmartShortcuts.plex)</onload>
		<onload condition="!Skin.HasSetting(HomeMenuDefaults46)">Skin.SetBool(SmartShortcuts.netflix)</onload>
		<onload condition="!Skin.HasSetting(HomeMenuDefaults46)">Skin.SetBool(PVRGuideBackSideblade)</onload>
        <onload condition="!Skin.HasSetting(HomeMenuDefaults46)">Skin.SetBool(SkinHelper.EnablePVRThumbs)</onload>
        <onload condition="!Skin.HasSetting(HomeMenuDefaults46)">Skin.SetBool(pvrGuideOnFullscreenVideo)</onload>
        <onload condition="!Skin.HasSetting(HomeMenuDefaults46)">Skin.SetBool(enableArtistBio)</onload>
        <onload condition="!Skin.HasSetting(HomeMenuDefaults46)">Skin.SetBool(ShowLabelsPosterEpisodes)</onload>
        <onload condition="!Skin.String(BackgroundOverlayTexture.label)">Skin.SetString(BackgroundOverlayTexture.label,Default)</onload>
		<onload condition="!Skin.String(BackgroundOverlayTexture.label)">Skin.SetString(BackgroundOverlayTexture,diffuse/background.png)</onload>
        <onload condition="!Skin.String(WatchedIndicator.Watched.Color)">Skin.SetBool(WatchedIndicator.Watched)</onload>
        <onload condition="!Skin.String(WatchedIndicator.Progress.Color)">Skin.SetBool(WatchedIndicator.Progress)</onload>
        <onload condition="!Skin.String(WatchedIndicator.Sets.Color)">Skin.SetBool(WatchedIndicator.Sets)</onload>
        <onload condition="!Skin.String(WatchedIndicator.Episodes.Color)">Skin.SetBool(WatchedIndicator.Episodes)</onload>
        <onload condition="!Skin.String(SkinHelper.ForcedViews.movies)">Skin.SetString(SkinHelper.ForcedViews.movies,59)</onload>
		<onload condition="!Skin.String(SkinHelper.ForcedViews.tvshows)">Skin.SetString(SkinHelper.ForcedViews.tvshows,523)</onload>
		<onload condition="!Skin.String(SkinHelper.ForcedViews.seasons)">Skin.SetString(SkinHelper.ForcedViews.seasons,526)</onload>
		<onload condition="!Skin.String(SkinHelper.ForcedViews.episodes)">Skin.SetString(SkinHelper.ForcedViews.episodes,518)</onload>
		<onload condition="!Skin.String(SkinHelper.ForcedViews.sets)">Skin.SetString(SkinHelper.ForcedViews.sets,50)</onload>
		<onload condition="!Skin.String(SkinHelper.ForcedViews.setmovies)">Skin.SetString(SkinHelper.ForcedViews.setmovies,50)</onload>
		<onload condition="!Skin.String(SkinHelper.SpinnerTexture.label)">Skin.SetString(SkinHelper.SpinnerTexture.Path, busy_spinner)</onload>
        <onload condition="!Skin.String(SkinHelper.SpinnerTexture.label)">Skin.SetString(SkinHelper.SpinnerTexture.Label,Default)</onload>
		<onload condition="!Skin.String(SpinnerTexture.Color)">Skin.SetString(SpinnerTexture.Color, ffff0000)</onload>
        <onload condition="!Skin.String(mediaflagsstyle)">Skin.SetString(mediaflagsstyle, large)</onload>
        <onload condition="!Skin.String(osdmediaflagsstyle)">Skin.SetString(osdmediaflagsstyle, large)</onload>
        <onload condition="!Skin.HasSetting(HomeMenuDefaults46)">Skin.SetBool(View523_DetailsShowFanart)</onload>
		<onload condition="!Skin.HasSetting(HomeMenuDefaults46)">Skin.SetBool(View525_DetailsShowFanart)</onload>
        <onload condition="!Skin.HasSetting(HomeMenuDefaults46)">Skin.SetBool(WatchedIndicator.Playing)</onload>
        <onload condition="!Skin.HasSetting(HomeMenuDefaults46)">Skin.SetBool(SkinHelper.EnableMusicArt)</onload>
		<onload condition="!Skin.HasSetting(HomeMenuDefaults46)">Skin.SetBool(EnableFakeDiscArt)</onload>
        <onload condition="!Skin.HasSetting(HomeMenuDefaults46)">Skin.SetBool(View526_HidePanel)</onload>
        <onload condition="!Skin.HasSetting(HomeMenuDefaults46)">Skin.SetBool(UseNetflixOSDPanel)</onload>
		<onload condition="!Skin.HasSetting(HomeMenuDefaults46)">Skin.SetBool(UseSlimOSDPanel)</onload>
        <onload condition="!Skin.HasSetting(HomeMenuDefaults46)">Skin.SetBool(EnableOSDInfo)</onload>
		<onload condition="!Skin.HasSetting(HomeMenuDefaults46)">Skin.SetBool(ShowEpisodePlotInfoDialog)</onload>
			<!-- default color settings -->
 		<onload condition="!Skin.String(ButtonColor)">Skin.SetString(ButtonColor, ff003d4c)</onload>
        <onload condition="!Skin.String(ButtonColor.name)">Skin.SetString(ButtonColor.name, default)</onload>
		<onload condition="!Skin.String(ButtonFocusColor)">Skin.SetString(ButtonFocusColor, ffafafaf)</onload>
        <onload condition="!Skin.String(ButtonFocusColor.name)">Skin.SetString(ButtonFocusColor.name, default)</onload>
		<onload condition="!Skin.String(ButtonTextColor)">Skin.SetString(ButtonTextColor, ffd0d0d0)</onload>
        <onload condition="!Skin.String(ButtonTextColor.name)">Skin.SetString(ButtonTextColor.name, default)</onload>
		<onload condition="!Skin.String(ButtonFocusTextColor)">Skin.SetString(ButtonFocusTextColor, ff000000)</onload>
        <onload condition="!Skin.String(ButtonFocusTextColor.name)">Skin.SetString(ButtonFocusTextColor.name,black)</onload>
		<onload condition="!Skin.String(ActiveSpinControlColor)">Skin.SetString(ActiveSpinControlColor, ff00ccff)</onload>
        <onload condition="!Skin.String(ActiveSpinControlColor.name)">Skin.SetString(ActiveSpinControlColor.name, default)</onload>
		<onload condition="!Skin.String(RatingsLogoColor)">Skin.SetString(RatingsLogoColor,befed699)</onload>
        <onload condition="!Skin.String(RatingsLogoColor.name)">Skin.SetString(RatingsLogoColor.name,default)</onload>	
		<!-- end custom default here -->
		<onload condition="!Skin.String(GeneralPanelsColor)">Skin.SetString(GeneralPanelsColor,cc011222)</onload>
        <onload condition="!Skin.String(GeneralPanelsColor.name)">Skin.SetString(GeneralPanelsColor.name,darkblue)</onload>
		<onload condition="!Skin.String(GeneralTextColor)">Skin.SetString(GeneralTextColor,ffffffff)</onload>
        <onload condition="!Skin.String(GeneralTextColor.name)">Skin.SetString(GeneralTextColor.name,white)</onload>
		<onload condition="!Skin.String(GeneralHighlightTextColor)">Skin.SetString(GeneralHighlightTextColor,FF00b8ff)</onload>
        <onload condition="!Skin.String(GeneralHighlightTextColor.name)">Skin.SetString(GeneralHighlightTextColor.name,mainblue)</onload>
		<onload condition="!Skin.String(ThumbDownColor)">Skin.SetString(ThumbDownColor, red)</onload>
        <onload condition="!Skin.String(ThumbDownColor.name)">Skin.SetString(ThumbDownColor.name, red)</onload> 
		<onload condition="!Skin.String(ThumbUpColor)">Skin.SetString(ThumbUpColor, green)</onload>
        <onload condition="!Skin.String(ThumbUpColor.name)">Skin.SetString(ThumbUpColor.name, green)</onload>
		<onload condition="!Skin.String(HomeWidgetsBorderColor)">Skin.SetString(HomeWidgetsBorderColor, none)</onload>
        <onload condition="!Skin.String(HomeWidgetsBorderColor.name)">Skin.SetString(HomeWidgetsBorderColor.name, none)</onload>
		<onload condition="!Skin.String(HomeSpotlightButtonNoFocusColor)">Skin.SetString(HomeSpotlightButtonNoFocusColor,ffffffff)</onload>
        <onload condition="!Skin.String(HomeSpotlightButtonNoFocusColor.name)">Skin.SetString(HomeSpotlightButtonNoFocusColor.name,white)</onload>
		<onload condition="!Skin.String(HomeSpotlightButtonFocusBGColor)">Skin.SetString(HomeSpotlightButtonFocusBGColor,ff009999)</onload>
        <onload condition="!Skin.String(HomeSpotlightButtonFocusBGColor.name)">Skin.SetString(HomeSpotlightButtonFocusBGColor.name,default)</onload>
		<onload condition="!Skin.String(HomeSpotlightButtonFocusLabelColor)">Skin.SetString(HomeSpotlightButtonFocusLabelColor,ff000000)</onload>
        <onload condition="!Skin.String(HomeSpotlightButtonFocusLabelColor.name)">Skin.SetString(HomeSpotlightButtonFocusLabelColor.name,default)</onload>
		<onload condition="!Skin.String(NetflixViewDetailsPanelColor)">Skin.SetString(NetflixViewDetailsPanelColor,white)</onload>
        <onload condition="!Skin.String(NetflixViewDetailsPanelColor.name)">Skin.SetString(NetflixViewDetailsPanelColor.name,white)</onload>
		<onload condition="!Skin.String(NetflixViewDetailsBorderFocusColor)">Skin.SetString(NetflixViewDetailsBorderFocusColor,white)</onload>
        <onload condition="!Skin.String(NetflixViewDetailsBorderFocusColor.name)">Skin.SetString(NetflixViewDetailsBorderFocusColor.name,white)</onload>
		<onload condition="!Skin.String(ViewNetfixHighlightTextColor)">Skin.SetString(ViewNetfixHighlightTextColor,red)</onload>
        <onload condition="!Skin.String(ViewNetfixHighlightTextColor.name)">Skin.SetString(ViewNetfixHighlightTextColor.name,red)</onload>
		<!-- ended order here -->
		<onload condition="!Skin.String(ViewDetailsNetflixPanelColor)">Skin.SetString(ViewDetailsNetflixPanelColor, ff000000)</onload>
        <onload condition="!Skin.String(ViewDetailsNetflixPanelColor.name)">Skin.SetString(ViewDetailsNetflixPanelColor.name, default)</onload>
		<onload condition="!Skin.String(HomeViewDetailsFocusColor)">Skin.SetString(HomeViewDetailsFocusColor, ff00b8ff)</onload>
        <onload condition="!Skin.String(HomeViewDetailsFocusColor.name)">Skin.SetString(HomeViewDetailsFocusColor.name, mainblue)</onload>
		<onload condition="!Skin.String(HomeViewDetailsBorderFocusColor)">Skin.SetString(HomeViewDetailsBorderFocusColor, ff00b8ff)</onload>
        <onload condition="!Skin.String(HomeViewDetailsBorderFocusColor.name)">Skin.SetString(HomeViewDetailsBorderFocusColor.name, mainblue)</onload>
 		<onload condition="!Skin.String(HeaderTextColor)">Skin.SetString(HeaderTextColor,ffffffff)</onload>
        <onload condition="!Skin.String(HeaderTextColor.name)">Skin.SetString(HeaderTextColor.name, white)</onload>
		<onload condition="!Skin.String(SecondaryHeaderTextColor)">Skin.SetString(SecondaryHeaderTextColor,ff009999)</onload>
        <onload condition="!Skin.String(SecondaryHeaderTextColor.name)">Skin.SetString(SecondaryHeaderTextColor.name, ff009999)</onload>
		<onload condition="!Skin.String(HeaderTextShadowColor)">Skin.SetString(HeaderTextShadowColor,None)</onload>
        <onload condition="!Skin.String(HeaderTextShadowColor.name)">Skin.SetString(HeaderTextShadowColor.name,None)</onload>
 		<onload condition="!Skin.String(HeaderPanelColor)">Skin.SetString(HeaderPanelColor.name,7e003d66)</onload>
        <onload condition="!Skin.String(HeaderPanelColor.name)">Skin.SetString(HeaderPanelColor, 7e003d66)</onload>		
		<onload condition="!Skin.String(ViewDetailsTextShadowColor)">Skin.SetString(ViewDetailsTextShadowColor, None)</onload>
        <onload condition="!Skin.String(ViewDetailsTextShadowColor.name)">Skin.SetString(ViewDetailsTextShadowColor.name,None)</onload>
 		<onload condition="!Skin.String(ViewDetailsTextColor)">Skin.SetString(ViewDetailsTextColor,ffffffff)</onload>
        <onload condition="!Skin.String(ViewDetailsTextColor.name)">Skin.SetString(ViewDetailsTextColor.name, white)</onload>
        <onload condition="!Skin.String(ViewDetailsHighlightTextColor)">Skin.SetString(ViewDetailsHighlightTextColor,FF00b8ff)</onload>
        <onload condition="!Skin.String(ViewDetailsHighlightTextColor.name)">Skin.SetString(ViewDetailsHighlightTextColor.name, mainblue)</onload>
        <onload condition="!Skin.String(ViewDetailsHighlightTextShadowColor)">Skin.SetString(ViewDetailsHighlightTextShadowColor,None)</onload>
        <onload condition="!Skin.String(ViewDetailsHighlightTextShadowColor.name)">Skin.SetString(ViewDetailsHighlightTextShadowColor.name,None)</onload>
        <onload condition="!Skin.String(ViewDetailsListItemTextColor)">Skin.SetString(ViewDetailsListItemTextColor,ffffffff)</onload>
        <onload condition="!Skin.String(ViewDetailsListItemTextColor.name)">Skin.SetString(ViewDetailsListItemTextColor.name, white)</onload>
        <onload condition="!Skin.String(ViewDetailsListItemTextFocusColor)">Skin.SetString(ViewDetailsListItemTextFocusColor,ff000000)</onload>
        <onload condition="!Skin.String(ViewDetailsListItemTextFocusColor.name)">Skin.SetString(ViewDetailsListItemTextFocusColor.name, black)</onload>
 		<onload condition="!Skin.String(ViewDetailsFocusColor)">Skin.SetString(ViewDetailsFocusColor, FF00b8ff)</onload>
        <onload condition="!Skin.String(ViewDetailsFocusColor.name)">Skin.SetString(ViewDetailsFocusColor.name, mainblue)</onload>
		<onload condition="!Skin.String(ViewDetailsBorderFocusColor)">Skin.SetString(ViewDetailsBorderFocusColor, FF00b8ff)</onload>
        <onload condition="!Skin.String(ViewDetailsBorderFocusColor.name)">Skin.SetString(ViewDetailsBorderFocusColor.name, mainblue)</onload>
 		<onload condition="!Skin.String(FooterTextColor)">Skin.SetString(FooterTextColor,ffffffff)</onload>
        <onload condition="!Skin.String(FooterTextColor.name)">Skin.SetString(FooterTextColor.name,white)</onload>       
        <onload condition="!Skin.String(NetflixPrimaryTextColor)">Skin.SetString(NetflixPrimaryTextColor,ffffffff)</onload>
        <onload condition="!Skin.String(NetflixPrimaryTextColor.name)">Skin.SetString(NetflixPrimaryTextColor.name,default)</onload>
        <onload condition="!Skin.String(NetflixSecondaryTextColor)">Skin.SetString(NetflixSecondaryTextColor,dimgray)</onload>
        <onload condition="!Skin.String(NetflixSecondaryTextColor.name)">Skin.SetString(NetflixSecondaryTextColor.name,dimgray)</onload>
		<onload condition="!Skin.String(MainMenuFocusButtonColor)">Skin.SetString(MainMenuFocusButtonColor,cc011222)</onload>
        <onload condition="!Skin.String(MainMenuFocusButtonColor.name)">Skin.SetString(MainMenuFocusButtonColor.name,darkblue)</onload>
        <onload condition="!Skin.String(MainMenuSecondaryFocusButtonColor)">Skin.SetString(MainMenuSecondaryFocusButtonColor,8c002e63)</onload>
        <onload condition="!Skin.String(MainMenuSecondaryFocusButtonColor.name)">Skin.SetString(MainMenuSecondaryFocusButtonColor.name,Custom)</onload>
        <onload condition="!Skin.String(NetflixDetailsFlagColor)">Skin.SetString(NetflixDetailsFlagColor, ffefefef)</onload>
        <onload condition="!Skin.String(NetflixDetailsFlagColor.name)">Skin.SetString(NetflixDetailsFlagColor.name, LightGray)</onload>
		<onload condition="!Skin.String(BackgroundOverlayColor)">Skin.SetString(BackgroundOverlayColor,d84d86a6)</onload>
        <onload condition="!Skin.String(BackgroundOverlayColor.name)">Skin.SetString(BackgroundOverlayColor.name,Custom)</onload>
        <onload condition="!Skin.String(BackgroundOverlayColor.base)">Skin.SetString(BackgroundOverlayColor.base,ff4d86a6)</onload>
        <onload condition="!Skin.String(BackgroundDiffuseColor)">Skin.SetString(BackgroundDiffuseColor,None)</onload>
        <onload condition="!Skin.String(BackgroundDiffuseColor.name)">Skin.SetString(BackgroundDiffuseColor.name,None)</onload>
 		<onload condition="!Skin.String(FooterPanelColor)">Skin.SetString(FooterPanelColor,cc011222)</onload>
        <onload condition="!Skin.String(FooterPanelColor.name)">Skin.SetString(FooterPanelColor.name,darkblue)</onload>
 		<onload condition="!Skin.String(GeneralPanelsColor)">Skin.SetString(GeneralPanelsColor,cc011222)</onload>
        <onload condition="!Skin.String(GeneralPanelsColor.name)">Skin.SetString(GeneralPanelsColor.name,darkblue)</onload>
 		<onload condition="!Skin.String(ViewDetailsPanelColor)">Skin.SetString(ViewDetailsPanelColor,cc011222)</onload>
        <onload condition="!Skin.String(ViewDetailsPanelColor.name)">Skin.SetString(ViewDetailsPanelColor.name,darkblue)</onload>
 		<onload condition="!Skin.String(OSDPanelColor)">Skin.SetString(OSDPanelColor,cc011222)</onload>
        <onload condition="!Skin.String(OSDPanelColor.name)">Skin.SetString(OSDPanelColor.name,darkblue)</onload>
 		<onload condition="!Skin.String(FooterTextShadowColor)">Skin.SetString(FooterTextShadowColor,None)</onload>
        <onload condition="!Skin.String(FooterTextShadowColor.name)">Skin.SetString(FooterTextShadowColor.name,None)</onload>
 		<onload condition="!Skin.String(OSDPrimaryTextColor)">Skin.SetString(OSDPrimaryTextColor,ffffffff)</onload>
        <onload condition="!Skin.String(OSDPrimaryTextColor.name)">Skin.SetString(OSDPrimaryTextColor.name,white)</onload>
 		<onload condition="!Skin.String(OSDPrimaryTextShadowColor)">Skin.SetString(OSDPrimaryTextShadowColor,None)</onload>
        <onload condition="!Skin.String(OSDPrimaryTextShadowColor.name)">Skin.SetString(OSDPrimaryTextShadowColor.name,None)</onload>
 		<onload condition="!Skin.String(OSDSecondaryTextColor)">Skin.SetString(OSDSecondaryTextColor, FF00b8ff)</onload>
        <onload condition="!Skin.String(OSDSecondaryTextColor.name)">Skin.SetString(OSDSecondaryTextColor.name,mainblue)</onload>
 		<onload condition="!Skin.String(OSDSecondaryTextShadowColor)">Skin.SetString(OSDSecondaryTextShadowColor,None)</onload>
        <onload condition="!Skin.String(OSDSecondaryTextShadowColor.name)">Skin.SetString(OSDSecondaryTextShadowColor.name,None)</onload>
 		<onload condition="!Skin.String(OSDProgressBarColor)">Skin.SetString(OSDProgressBarColor,FF00b8ff)</onload>
        <onload condition="!Skin.String(OSDProgressBarColor.name)">Skin.SetString(OSDProgressBarColor.name,mainblue)</onload>
 		<onload condition="!Skin.String(OSDProgressBarBackgroundColor)">Skin.SetString(OSDProgressBarBackgroundColor,None)</onload>
        <onload condition="!Skin.String(OSDProgressBarBackgroundColor.name)">Skin.SetString(OSDProgressBarBackgroundColor.name,None)</onload>
		<onload condition="!Skin.String(OSDProgressBarCacheColor)">Skin.SetString(OSDProgressBarCacheColor,None)</onload>
        <onload condition="!Skin.String(OSDProgressBarCacheColor.name)">Skin.SetString(OSDProgressBarCacheColor.name,None)</onload>
 		<onload condition="!Skin.String(OSDProgressBarBorderColor)">Skin.SetString(OSDProgressBarBorderColor,ffffffff)</onload>
        <onload condition="!Skin.String(OSDProgressBarBorderColor.name)">Skin.SetString(OSDProgressBarBorderColor.name,white)</onload>
 		<onload condition="!Skin.String(OSDButtonsFocusColor)">Skin.SetString(OSDButtonsFocusColor, FF00b8ff)</onload>
        <onload condition="!Skin.String(OSDButtonsFocusColor.name)">Skin.SetString(OSDButtonsFocusColor.name,mainblue)</onload>
 		<onload condition="!Skin.String(OSDButtonsColor)">Skin.SetString(OSDButtonsColor,AAFFFFFF)</onload>
        <onload condition="!Skin.String(OSDButtonsColor.name)">Skin.SetString(OSDButtonsColor.name,white)</onload>
		<onload condition="!Skin.String(OSDBufferingSpinnerColor)">Skin.SetString(OSDBufferingSpinnerColor,AAFFFFFF)</onload>
        <onload condition="!Skin.String(OSDBufferingSpinnerColor.name)">Skin.SetString(OSDBufferingSpinnerColor.name,white)</onload>
 		<onload condition="!Skin.String(ScrollbarBackgroundColor)">Skin.SetString(ScrollbarBackgroundColor,aa003153)</onload>
        <onload condition="!Skin.String(ScrollbarBackgroundColor.name)">Skin.SetString(ScrollbarBackgroundColor.name,prussian blue)</onload>
 		<onload condition="!Skin.String(ScrollbarUnfocusedColor)">Skin.SetString(ScrollbarUnfocusedColor,aa00b8ff)</onload>
        <onload condition="!Skin.String(ScrollbarUnfocusedColor.name)">Skin.SetString(ScrollbarUnfocusedColor.name,mainblue)</onload>
 		<onload condition="!Skin.String(ScrollbarFocusedColor)">Skin.SetString(ScrollbarFocusedColor,ff00b8ff)</onload>
        <onload condition="!Skin.String(ScrollbarFocusedColor.name)">Skin.SetString(ScrollbarFocusedColor.name,mainblue)</onload>
		<onload condition="!Skin.String(WatchedIndicator.Watched.Color)">Skin.SetString(WatchedIndicator.Watched.Color,cc00b8ff)</onload>
        <onload condition="!Skin.String(WatchedIndicator.Watched.Color.name)">Skin.SetString(WatchedIndicator.Watched.Color.name,mainblue)</onload>
 		<onload condition="!Skin.String(WatchedIndicator.Watched.TextColor)">Skin.SetString(WatchedIndicator.Watched.TextColor,ffffffff)</onload>
        <onload condition="!Skin.String(WatchedIndicator.Watched.TextColor.name)">Skin.SetString(WatchedIndicator.Watched.TextColor.name,white)</onload>
        <onload condition="!Skin.String(WatchedIndicator.UnWatched.Color)">Skin.SetString(WatchedIndicator.UnWatched.Color,cc00b8ff)</onload>
        <onload condition="!Skin.String(WatchedIndicator.UnWatched.Color.name)">Skin.SetString(WatchedIndicator.UnWatched.Color.name,mainblue)</onload>
 		<onload condition="!Skin.String(WatchedIndicator.UnWatched.TextColor)">Skin.SetString(WatchedIndicator.UnWatched.TextColor,ffffffff)</onload>
        <onload condition="!Skin.String(WatchedIndicator.UnWatched.TextColor.name)">Skin.SetString(WatchedIndicator.UnWatched.TextColor.name,white)</onload>
		<onload condition="!Skin.String(WatchedIndicator.Progress.Color)">Skin.SetString(WatchedIndicator.Progress.Color,cc00b8ff)</onload>
        <onload condition="!Skin.String(WatchedIndicator.Progress.Color.name)">Skin.SetString(WatchedIndicator.Progress.Color.name,mainblue)</onload>
 		<onload condition="!Skin.String(WatchedIndicator.Progress.TextColor)">Skin.SetString(WatchedIndicator.Progress.TextColor,ffffffff)</onload>
        <onload condition="!Skin.String(WatchedIndicator.Progress.TextColor.name)">Skin.SetString(WatchedIndicator.Progress.TextColor.name,white)</onload>
		<onload condition="!Skin.String(WatchedIndicator.Sets.Color)">Skin.SetString(WatchedIndicator.Sets.Color,cc00b8ff)</onload>
        <onload condition="!Skin.String(WatchedIndicator.Sets.Color.name)">Skin.SetString(WatchedIndicator.Sets.Color.name,mainblue)</onload>
 		<onload condition="!Skin.String(WatchedIndicator.Sets.TextColor)">Skin.SetString(WatchedIndicator.Sets.TextColor,ffffffff)</onload>
        <onload condition="!Skin.String(WatchedIndicator.Sets.TextColor.name)">Skin.SetString(WatchedIndicator.Sets.TextColor.name,white)</onload>
 		<onload condition="!Skin.String(WatchedIndicator.Episodes.Color)">Skin.SetString(WatchedIndicator.Episodes.Color,cc00b8ff)</onload>
        <onload condition="!Skin.String(WatchedIndicator.Episodes.Color.name)">Skin.SetString(WatchedIndicator.Episodes.Color.name,mainblue)</onload>
 		<onload condition="!Skin.String(WatchedIndicator.Episodes.TextColor)">Skin.SetString(WatchedIndicator.Episodes.TextColor,ffffffff)</onload>
        <onload condition="!Skin.String(WatchedIndicator.Episodes.TextColor.name)">Skin.SetString(WatchedIndicator.Episodes.TextColor.name,white)</onload>
        <onload condition="!Skin.String(WatchedIndicator.Playing.Color)">Skin.SetString(WatchedIndicator.Playing.Color,cc181818)</onload>
        <onload condition="!Skin.String(WatchedIndicator.Playing.Color.name)">Skin.SetString(WatchedIndicator.Playing.Color.name,grey)</onload>
 		<onload condition="!Skin.String(WatchedIndicator.Playing.TextColor)">Skin.SetString(WatchedIndicator.Playing.TextColor,ffffffff)</onload>
        <onload condition="!Skin.String(WatchedIndicator.Playing.TextColor.name)">Skin.SetString(WatchedIndicator.Playing.TextColor.name,white)</onload>
		<onload condition="!Skin.String(CaseOverlays.Color)">Skin.SetString(CaseOverlays.Color,dd0047ab)</onload>
        <onload condition="!Skin.String(CaseOverlays.Color.name)">Skin.SetString(CaseOverlays.Color.name,cobalt)</onload>
 		<onload condition="!Skin.String(CaseOverlays.TextColor)">Skin.SetString(CaseOverlays.TextColor,DDFFFFFF)</onload>
        <onload condition="!Skin.String(CaseOverlays.TextColor.name)">Skin.SetString(CaseOverlays.TextColor.name,white)</onload>
        <onload condition="!Skin.String(SideBladePanelColor) + Skin.String(GeneralPanelsColor.base)">Skin.SetString(SideBladePanelColor,$INFO[Skin.String(GeneralPanelsColor.base)])</onload>
        <onload condition="!Skin.String(SideBladePanelColor.name) + Skin.String(GeneralPanelsColor.base)">Skin.SetString(SideBladePanelColor.name,$INFO[Skin.String(GeneralPanelsColor.name)])</onload>
        <onload condition="!Skin.String(SideBladePanelColor) + !Skin.String(GeneralPanelsColor.base)">Skin.SetString(SideBladePanelColor,ff011222)</onload>
        <onload condition="!Skin.String(SideBladePanelColor.name) + !Skin.String(GeneralPanelsColor.base)">Skin.SetString(SideBladePanelColor.name,darkblue)</onload>
        <onload condition="!Skin.String(SideBladeTextColor)">Skin.SetString(SideBladeTextColor,$INFO[Skin.String(GeneralTextColor)])</onload>
        <onload condition="!Skin.String(SideBladeTextColor.name)">Skin.SetString(SideBladeTextColor.name,$INFO[Skin.String(GeneralTextColor.name)])</onload>
        <onload condition="!Skin.String(TagOverlaysPanelColor)">Skin.SetString(TagOverlaysPanelColor,dd000000)</onload>
        <onload condition="!Skin.String(TagOverlaysPanelColor.name)">Skin.SetString(TagOverlaysPanelColor.name,black)</onload>
        <onload condition="!Skin.String(TagOverlaysTextColor)">Skin.SetString(TagOverlaysTextColor,ffffffff)</onload>
        <onload condition="!Skin.String(TagOverlaysTextColor.name)">Skin.SetString(TagOverlaysTextColor.name,white)</onload>
        <onload condition="!Skin.String(LyricsOverlayColor)">Skin.SetString(LyricsOverlayColor,cc000000)</onload>
        <onload condition="!Skin.String(LyricsOverlayColor.name)">Skin.SetString(LyricsOverlayColor.name,black)</onload>
        <onload condition="!Skin.String(LyricsTextColor)">Skin.SetString(LyricsTextColor,aaffffff)</onload>
        <onload condition="!Skin.String(LyricsTextColor.name)">Skin.SetString(LyricsTextColor.name,white)</onload>
        <onload condition="!Skin.String(LyricsTextShadowColor)">Skin.SetString(LyricsTextShadowColor,None)</onload>
        <onload condition="!Skin.String(LyricsTextShadowColor.name)">Skin.SetString(LyricsTextShadowColor.name,None)</onload>
        <onload condition="!Skin.String(LyricsFocusTextColor)">Skin.SetString(LyricsFocusTextColor,ffffffff)</onload>
        <onload condition="!Skin.String(LyricsFocusTextColor.name)">Skin.SetString(LyricsFocusTextColor.name,white)</onload>
        <onload condition="!Skin.String(LyricsFocusTextShadowColor)">Skin.SetString(LyricsFocusTextShadowColor,None)</onload>
        <onload condition="!Skin.String(LyricsFocusTextShadowColor.name)">Skin.SetString(LyricsFocusTextShadowColor.name,None)</onload>      
        <onload condition="!Skin.String(MainMenuPanelColor) + !Skin.String(MainMenuPanelColor.name) + !Skin.HasSetting(HideWidgetDetailsPanel)">Skin.SetString(MainMenuPanelColor.name,$INFO[Skin.String(ViewDetailsPanelColor.name)])</onload>
        <onload condition="!Skin.String(MainMenuPanelColor) + !Skin.HasSetting(HideWidgetDetailsPanel)">Skin.SetString(MainMenuPanelColor,$INFO[Skin.String(ViewDetailsPanelColor)])</onload>
        <onload condition="!Skin.String(MainMenuPanelColor) + !Skin.String(MainMenuPanelColor.name) + Skin.HasSetting(HideWidgetDetailsPanel)">Skin.SetString(MainMenuPanelColor.name,None)</onload>
        <onload condition="!Skin.String(MainMenuPanelColor) + Skin.HasSetting(HideWidgetDetailsPanel)">Skin.SetString(MainMenuPanelColor,None)</onload>      
        <onload condition="!Skin.String(MainMenuTextColor) + !Skin.String(MainMenuTextColor.name)">Skin.SetString(MainMenuTextColor.name,$INFO[Skin.String(ViewDetailsTextColor.name)])</onload>
        <onload condition="!Skin.String(MainMenuTextColor)">Skin.SetString(MainMenuTextColor,$INFO[Skin.String(ViewDetailsTextColor)])</onload>       
        <onload condition="!Skin.String(MainMenuFocusTextColor) + !Skin.String(MainMenuFocusTextColor.name)">Skin.SetString(MainMenuFocusTextColor.name,ff006bb3)</onload>
        <onload condition="!Skin.String(MainMenuFocusTextColor)">Skin.SetString(MainMenuFocusTextColor,ff006bb3)</onload>
		<onload condition="!Skin.String(PVRGuideItemColorUnfocus)">Skin.SetString(PVRGuideItemColorUnfocus,$INFO[Skin.String(ButtonColor)])</onload>
        <onload condition="!Skin.String(PVRGuideItemColorUnfocus.name)">Skin.SetString(PVRGuideItemColorUnfocus.name,$INFO[Skin.String(ButtonColor.name)])</onload>
        <onload condition="!Skin.String(PVRGuideItemColorFocus)">Skin.SetString(PVRGuideItemColorFocus,$INFO[Skin.String(ButtonFocusColor)])</onload>
        <onload condition="!Skin.String(PVRGuideItemColorFocus.name)">Skin.SetString(PVRGuideItemColorFocus.name,$INFO[Skin.String(ButtonFocusColor.name)])</onload>
        <onload condition="!Skin.String(PVRGuideItemTextColorUnfocus)">Skin.SetString(PVRGuideItemTextColorUnfocus,$INFO[Skin.String(ButtonTextColor)])</onload>
        <onload condition="!Skin.String(PVRGuideItemTextColorUnfocus.name)">Skin.SetString(PVRGuideItemTextColorUnfocus.name,$INFO[Skin.String(ButtonTextColor.name)])</onload>
        <onload condition="!Skin.String(PVRGuideItemTextColorFocus)">Skin.SetString(PVRGuideItemTextColorFocus,$INFO[Skin.String(ButtonFocusTextColor)])</onload>
        <onload condition="!Skin.String(PVRGuideItemTextColorFocus.name)">Skin.SetString(PVRGuideItemTextColorFocus.name,$INFO[Skin.String(ButtonFocusTextColor.name)])</onload>        
        <onload condition="!Skin.String(defaultcolorpalette.label)">Skin.SetString(defaultcolorpalette.label,rainbow)</onload>
        <onload condition="!Skin.String(defaultcolorpalette)">Skin.SetString(defaultcolorpalette,rainbow)</onload>
        <onload condition="!Skin.String(volumestyle.label)">Skin.SetString(volumestyle.label,modern)</onload>
        <onload condition="!Skin.String(volumestyle)">Skin.SetString(volumestyle,modern)</onload>
        <onload condition="Skin.HasSetting(LowPerformanceMode) + !Skin.String(volumestyle.label,basic)">Skin.SetString(volumestyle.label,basic)</onload>
        <onload condition="Skin.HasSetting(LowPerformanceMode) + !Skin.String(volumestyle,basic)">Skin.SetString(volumestyle,basic)</onload>
        <onload>Skin.SetString(CompareTxtDisable, disable)</onload>
        <onload>Skin.SetString(CompareTxtTop, top)</onload>
        <onload>Skin.SetString(CompareTxtBottom, bottom)</onload>
        <onload>Skin.SetString(CompareTxtLarge, large)</onload>
        <onload>Skin.SetString(CompareTxtDefault, default)</onload>
  		<!-- finish default settings -->
        <onload condition="!Skin.HasSetting(HomeMenuDefaults46)">Skin.SetBool(HomeMenuDefaults46)</onload>
    </include>
	
</includes>