<?xml version="1.0" encoding="utf-8"?>
<!--Titan-->
<includes>
    <include name="View_50_List">
        <!--Panel-->
        <control type="group">
            <visible>Control.IsVisible(50)</visible>
            <visible>!Window.IsActive(DialogVideoInfo.xml)</visible>
            <include>animation_view_change</include>
			<bottom>13%</bottom>
            <height>736</height>
			<!-- Background Panel-->
			<control type="image">
				<posx>50</posx>
				<width>1818</width>
				<texture border="15">diffuse/bgpanel.png</texture>
				<colordiffuse>$VAR[ViewDetailsPanelColor]</colordiffuse>
                <visible>!Skin.HasSetting(View50_HidePanel)</visible>
                <visible>Integer.IsGreater(Container.NumItems,0)</visible>
			</control>
			
			<control type="image">
				<posx>50</posx>
				<width>505</width>
				<texture border="15">diffuse/bgpanel.png</texture>
				<visible>![Container.content(MusicVideos) | Container.Content(movies) | container.content(tvshows) | Container.Content(seasons) | container.content(episodes) | [Window.IsActive(tvchannels) | Window.IsActive(tvguide) | Window.IsActive(tvtimers) | Window.IsActive(tvsearch) | Window.IsActive(tvrecordings)]] + Integer.IsGreater(Container(50).NumItems,0)</visible>
				<colordiffuse>$VAR[ViewDetailsPanelColor]</colordiffuse>
                <visible>!Skin.HasSetting(View50_HidePanel)</visible>
			</control>
			
			<control type="image">
				<posx>50</posx>
				<width>1105</width>
				<texture border="15">diffuse/bgpanel.png</texture>
				<visible>[Container.content(MusicVideos) | Container.Content(movies) | container.content(tvshows) | Container.Content(seasons)] + Integer.IsGreater(Container(50).NumItems,0)</visible>
				<colordiffuse>$VAR[ViewDetailsPanelColor]</colordiffuse>
                <visible>!Skin.HasSetting(View50_HidePanel)</visible>
			</control>
			
			<control type="image">
				<posx>50</posx>
				<width>920</width>
				<texture border="15">diffuse/bgpanel.png</texture>
				<visible>[Container.Content(episodes) | [Window.IsActive(tvchannels) | Window.IsActive(tvguide) | Window.IsActive(tvtimers) | Window.IsActive(tvsearch) | Window.IsActive(tvrecordings)]] + Integer.IsGreater(Container(50).NumItems,0)</visible>
				<colordiffuse>$VAR[ViewDetailsPanelColor]</colordiffuse>
                <visible>!Skin.HasSetting(View50_HidePanel)</visible>
			</control>

        
        <!--View 50-->
        <control type="group">
            <visible>Control.IsVisible(50)</visible>
			
			 <!--Info-->
            <control type="grouplist">
                <!--Regie, Duration... Movies, TV-Shows, Sesaons, Music-Videos-->
                <visible>Container.Content(MusicVideos) | Container.Content(movies) | Container.Content(tvshows) | Container.Content(seasons)</visible>
                         <itemgap>0</itemgap>
                <onup>500</onup>
                <ondown>500</ondown>
                <onleft>100</onleft>
                <onright></onright>
                <orientation>vertical</orientation>
                <posx>570</posx>
                <posy>20</posy>
                <control type="label">
                    <posx>0</posx>
                    <posy>0</posy>
                    <width>550</width>
                    <height>40</height>
                    <font>Reg32</font>
                    <textcolor>$INFO[Skin.String(ViewDetailsHighlightTextColor)]</textcolor>
                    <shadowcolor>$INFO[Skin.String(ViewDetailsHighlightTextShadowColor)]</shadowcolor>
                    <label>[B][UPPERCASE]$INFO[ListItem.Title][/UPPERCASE][/B]</label>
                </control>
                <control type="label">
                    <posx>0</posx>
                    <posy>0</posy>
                    <width>550</width>
                    <height>40</height>
                    <textcolor>$INFO[Skin.String(ViewDetailsTextColor)]</textcolor>
                    <shadowcolor>$INFO[Skin.String(ViewDetailsTextShadowColor)]</shadowcolor>
                    <label>[B]$VAR[value_ground1_label][/B] $VAR[value_ground1_value]</label>
                    <visible>!String.IsEmpty(Control.GetLabel(5301))</visible>
                </control>
                <control type="label">
                    <posx>0</posx>
                    <posy>0</posy>
                    <width>550</width>
                    <height>40</height>
                    <textcolor>$INFO[Skin.String(ViewDetailsTextColor)]</textcolor>
                    <shadowcolor>$INFO[Skin.String(ViewDetailsTextShadowColor)]</shadowcolor>
                    <label>[B]$VAR[value_ground2_label][/B] $VAR[value_ground2_value]</label>
                    <visible>!String.IsEmpty(Control.GetLabel(5302))</visible>
                </control>
                <control type="label">
                    <posx>0</posx>
                    <posy>0</posy>
                    <width>550</width>
                    <height>40</height>
                    <textcolor>$INFO[Skin.String(ViewDetailsTextColor)]</textcolor>
                    <shadowcolor>$INFO[Skin.String(ViewDetailsTextShadowColor)]</shadowcolor>
                    <label>[B]$VAR[value_ground3_label][/B] $VAR[value_ground3_value]</label>
                    <visible>!String.IsEmpty(Control.GetLabel(5303))</visible>
                </control>
                <control type="label">
                    <posx>0</posx>
                    <posy>0</posy>
                    <width>550</width>
                    <height>40</height>
                    <textcolor>$INFO[Skin.String(ViewDetailsTextColor)]</textcolor>
                    <shadowcolor>$INFO[Skin.String(ViewDetailsTextShadowColor)]</shadowcolor>
                    <label>[B]$VAR[value_ground4_label][/B] $VAR[value_ground4_value]</label>
                    <visible>!String.IsEmpty(Control.GetLabel(5304))</visible>
                </control>
            </control>
            <control type="grouplist">
                <!--Regie, Duration... Episodes-->
                <visible>Container.content(episodes)</visible>
                <posx>460</posx>
                <posy>20</posy>
                <itemgap>0</itemgap>
                <onup>500</onup>
                <ondown>500</ondown>
                <onleft>100</onleft>
                <onright></onright>
                <orientation>vertical</orientation>
                <control type="label">
                    <posx>0</posx>
                    <posy>0</posy>
                    <width>500</width>
                    <height>40</height>
                    <textcolor>$INFO[Skin.String(ViewDetailsTextColor)]</textcolor>
                    <shadowcolor>$INFO[Skin.String(ViewDetailsTextShadowColor)]</shadowcolor>
                    <label>[B]$VAR[value_ground1_label][/B] $VAR[value_ground1_value]</label>
                    <visible>!String.IsEmpty(Control.GetLabel(5301))</visible>
                </control>
                <control type="label">
                    <posx>0</posx>
                    <posy>0</posy>
                    <width>500</width>
                    <height>40</height>
                    <textcolor>$INFO[Skin.String(ViewDetailsTextColor)]</textcolor>
                    <shadowcolor>$INFO[Skin.String(ViewDetailsTextShadowColor)]</shadowcolor>
                    <label>[B]$VAR[value_ground2_label][/B] $VAR[value_ground2_value]</label>
                    <visible>!String.IsEmpty(Control.GetLabel(5302))</visible>
                </control>
                <control type="label">
                    <posx>0</posx>
                    <posy>0</posy>
                    <width>500</width>
                    <height>40</height>
                    <textcolor>$INFO[Skin.String(ViewDetailsTextColor)]</textcolor>
                    <shadowcolor>$INFO[Skin.String(ViewDetailsTextShadowColor)]</shadowcolor>
                    <label>[B]$VAR[value_ground3_label][/B] $VAR[value_ground3_value]</label>
                    <visible>!String.IsEmpty(Control.GetLabel(5303))</visible>
                </control>
                <control type="label">
                    <posx>0</posx>
                    <posy>0</posy>
                    <width>500</width>
                    <height>40</height>
                    <textcolor>$INFO[Skin.String(ViewDetailsTextColor)]</textcolor>
                    <shadowcolor>$INFO[Skin.String(ViewDetailsTextShadowColor)]</shadowcolor>
                    <label>[B]$VAR[value_ground4_label][/B] $VAR[value_ground4_value]</label>
                    <visible>!String.IsEmpty(Control.GetLabel(5304))</visible>
                </control>
            </control>
            <control type="grouplist">
                <!-- PVR details-->
                <visible>[Window.IsActive(tvchannels) | Window.IsActive(tvguide) | Window.IsActive(tvtimers) | Window.IsActive(tvsearch) | Window.IsActive(tvrecordings)]</visible>
                <posx>80</posx>
                <posy>20</posy>
                <itemgap>0</itemgap>
                <onup>500</onup>
                <ondown>500</ondown>
                <onleft>100</onleft>
                <onright></onright>
                <orientation>vertical</orientation>
                <control type="button">
                    <width>870</width>
                    <font>Reg36</font>
                    <height>50</height>
                    <textcolor>$INFO[Skin.String(ViewDetailsHighlightTextColor)]</textcolor>
                    <shadowcolor>$INFO[Skin.String(ViewDetailsHighlightTextShadowColor)]</shadowcolor>
                    <disabledcolor fallback="white">$INFO[Skin.String(ViewDetailsHighlightTextColor)]</disabledcolor>
                    <label>$VAR[ListTitlePVR]</label>
                    <include>ListDetailsBtn</include>
                </control>
                <control type="button">
                    <width>870</width>
                    <include>ListDetailsBtn</include>
                    <label>[B]$LOCALIZE[20359][/B]</label>
                    <label2>$INFO[ListItem.Season,S,]$INFO[ListItem.Episode,E, - ]$INFO[ListItem.EpisodeName]</label2>
                    <visible>!String.IsEmpty(ListItem.EpisodeName) | !String.IsEmpty(ListItem.Season)</visible>
                </control>
                <control type="button">
                    <width>870</width>
                    <include>ListDetailsBtn</include>
                    <label>[B]$LOCALIZE[19029]:[/B]</label>
                    <label2>$VAR[PVRChannelName]</label2>
                </control>
                <control type="button">
                    <width>870</width>
                    <include>ListDetailsBtn</include>
                    <label>[B]$LOCALIZE[555]:[/B]</label>
                    <label2>$VAR[ListDateInfoPVR]</label2>
                    <visible>!String.IsEmpty(ListItem.Date)</visible>
                </control>
                <control type="button">
                    <width>870</width>
                    <include>ListDetailsBtn</include>
                    <label>[B]$LOCALIZE[180]:[/B]</label>
                    <label2>$INFO[Window(home).Property(SkinHelper.ListItem.Duration)]$INFO[ListItem.Duration, (, min.)]</label2>
                    <visible>!String.IsEmpty(ListItem.Duration)</visible>
                </control>
                <control type="button">
                    <width>870</width>
                    <include>ListDetailsBtn</include>
                    <label>[B]$LOCALIZE[515]:[/B]</label>
                    <label2>$VAR[PVRGenre]</label2>
                </control>
                <control type="button">
                    <!--Next Title-->
                    <width>870</width>
                    <include>ListDetailsBtn</include>
                    <label>[B]$LOCALIZE[19031]:[/B]</label>
                    <label2>$INFO[ListItem.NextTitle] $INFO[ListItem.NextStartTime] - $INFO[ListItem.NextEndTime]</label2>
                    <visible>!String.IsEmpty(ListItem.NextTitle)</visible>
                </control>
            </control>
            <control type="group">
                <posx>570</posx>
                <posy>240</posy>
                <width>550</width>
                <height>485</height>
                <!--Info Plot: Movies, TV-Shows, Music-Videos-->
                <visible>Container.Content(MusicVideos) | Container.Content(movies) | container.content(tvshows) | container.content(seasons)</visible>
                <control type="textbox">
                    <posx>0</posx>
                    <posy>0</posy>
                    <label>$VAR[Plots]</label>
                    <textcolor>$INFO[Skin.String(ViewDetailsTextColor)]</textcolor>
                    <shadowcolor>$INFO[Skin.String(ViewDetailsTextShadowColor)]</shadowcolor>
                    <align>justify</align>
                    <font>Light28</font>
                </control>
            </control>
            <control type="group">
                <posx>70</posx>
                <posy>250</posy>
                <width>860</width>
                <height>460</height>
                <!--Info Plot: Movies, TV-Shows, Music-Videos-->
                <visible>Container.Content(episodes)</visible>
                <control type="textbox">
                    <posx>0</posx>
                    <posy>0</posy>
                    <label>$VAR[Plots]</label>
                    <textcolor>$INFO[Skin.String(ViewDetailsTextColor)]</textcolor>
                    <shadowcolor>$INFO[Skin.String(ViewDetailsTextShadowColor)]</shadowcolor>
                    <align>justify</align>
                    <font>Light28</font>
                </control>
            </control>
            <control type="textbox">
                <!--PVR Plot-->
                <posx>80</posx>
                <posy>320</posy>
                <visible>[Window.IsActive(tvchannels) | Window.IsActive(tvguide) | Window.IsActive(tvtimers) | Window.IsActive(tvsearch) | Window.IsActive(tvrecordings)]</visible>
                <width>560</width>
                <height>400</height>
                <font>Light28</font>
                <textcolor>$INFO[Skin.String(ViewDetailsTextColor)]</textcolor>
                <shadowcolor>$INFO[Skin.String(ViewDetailsTextShadowColor)]</shadowcolor>
                <label>$VAR[Plots]</label>
            </control>
            <!--Control Tags-->
            <control type="grouplist">
                <control type="label" id="5101">
                    <include>HiddenButton</include>
                    <label>$VAR[ListDetails]</label>
                </control>
                <control type="label" id="5201">
                    <include>HiddenButton</include>
                    <label>$VAR[value_ground1_label]</label>
                </control>
                <control type="label" id="5202">
                    <include>HiddenButton</include>
                    <label>$VAR[value_ground2_label]</label>
                </control>
                <control type="label" id="5203">
                    <include>HiddenButton</include>
                    <label>$VAR[value_ground3_label]</label>
                </control>
                <control type="label" id="5204">
                    <include>HiddenButton</include>
                    <label>$VAR[value_ground4_label]</label>
                </control>
                <control type="label" id="5301">
                    <include>HiddenButton</include>
                    <label>$VAR[value_ground1_value]</label>
                </control>
                <control type="label" id="5302">
                    <include>HiddenButton</include>
                    <label>$VAR[value_ground2_value]</label>
                </control>
                <control type="label" id="5303">
                    <include>HiddenButton</include>
                    <label>$VAR[value_ground3_value]</label>
                </control>
                <control type="label" id="5304">
                    <include>HiddenButton</include>
                    <label>$VAR[value_ground4_value]</label>
                </control>
            </control>
            <!-- ID="50" -->
            <control type="list" id="50">
                <posy>20</posy>
                <posx>40</posx>
                <width>1880</width>
                <height>690</height>
                <onleft>9000</onleft>
                <onright condition="Skin.HasSetting(EnableQuickJump)">6000</onright>
                <onright condition="!Skin.HasSetting(EnableQuickJump)">60</onright>
                <onup>50</onup>
                <ondown>50</ondown>
                <pagecontrol>60</pagecontrol>
                <viewtype label="31443">list</viewtype>
                <scrolltime>300</scrolltime>
				<visible>String.IsEqual(Window(Home).Property(SkinHelper.ForcedView),50) | String.IsEmpty(Window(Home).Property(SkinHelper.ForcedView))</visible>
                <!-- All Other x=570 w=1180 -->
                <itemlayout condition="![Container.content(MusicVideos) | Container.Content(movies) | container.content(tvshows) | Container.Content(seasons) | container.content(episodes) | [Window.IsActive(tvchannels) | Window.IsActive(tvguide) | Window.IsActive(tvtimers) | Window.IsActive(tvsearch) | Window.IsActive(tvrecordings)]]" width="1900" height="62">
                    <control type="label">
                        <!--Label 1-->
                        <posx>630</posx>
                        <width>1100</width>
                        <font>Reg28</font>
                        <textcolor>$INFO[Skin.String(ViewDetailsListItemTextColor)]</textcolor>
                        <label>$VAR[ListTitle]</label>
                    </control>
                    <control type="group">
                        <!--Watched Overlay-->
						<top>-3</top>
						<right>80</right>
                        <include>WatchedIndicatorSmall</include>
                    </control>
                    <control type="image">
                        <!--Separator-->
                        <posx>615</posx>
                        <posy>56</posy>
                        <width>1200</width>
                        <height>20</height>
                        <fadetime>400</fadetime>
                        <colordiffuse>list_separator</colordiffuse>
                        <texture>common/separator.png</texture>
                    </control>
                </itemlayout>
                <focusedlayout condition="![Container.content(MusicVideos) | Container.Content(movies) | container.content(tvshows) | Container.Content(seasons) | container.content(episodes) | [Window.IsActive(tvchannels) | Window.IsActive(tvguide) | Window.IsActive(tvtimers) | Window.IsActive(tvsearch) | Window.IsActive(tvrecordings)]]" width="1900" height="90">
                    <control type="image">
						<right>80</right>
						<posy>0</posy>
						<height>86</height>
						<width>1210</width>
						<texture border="5">diffuse/panel.png</texture>
						<colordiffuse>$VAR[ViewDetailsFocusColor]</colordiffuse>
					</control>
                    <control type="label">
                        <!--Label 1-->
                        <posx>630</posx>
                        <width>1100</width>
                        <height>55</height>
                        <font>Reg36</font>
						<scroll>true</scroll>
                        <textcolor>$INFO[Skin.String(ViewDetailsListItemTextFocusColor)]</textcolor>
                        <label>$VAR[ListTitle]</label>
                    </control>
                    <control type="group">
                        <!--Watched Overlay-->
						<right>80</right>
                        <include>WatchedIndicatorNormal</include>
                    </control>
                    <control type="label">
                        <!--Label 2-->
                        <posx>630</posx>
                        <posy>52</posy>
                        <width>1100</width>
                        <height>30</height>
                        <font>Light30</font>
						<scroll>true</scroll>
                        <textcolor>$INFO[Skin.String(ViewDetailsListItemTextFocusColor)]</textcolor>
                        <label>$VAR[ListDetails]</label>
                        <visible>!String.IsEqual(ListItem.Label,..)</visible>
                    </control>
                    <control type="image">
                        <!--Separator-->
                        <posx>615</posx>
                        <posy>86</posy>
                        <width>1200</width>
                        <height>20</height>
                        <fadetime>400</fadetime>
                        <colordiffuse>list_separator</colordiffuse>
                        <texture>common/separator.png</texture>
                    </control>
					
                </focusedlayout>
                <!-- Music-Videos, Movies, TV-Shows, seasons x=1165 w=580 -->
                <itemlayout condition="[Container.content(MusicVideos) | Container.Content(movies) | container.content(tvshows) | Container.Content(seasons)] + ![Skin.HasSetting(View50_ShowBanners) + container.content(tvshows)]" width="1800" height="60">
                    <control type="label">
                        <!--Label 1-->
                        <posx>1150</posx>
                        <width>600</width>
                        <font>Reg28</font>
                        <textcolor>$INFO[Skin.String(ViewDetailsListItemTextColor)]</textcolor>
                        <label>$VAR[ListTitle]</label>
                    </control>
					<control type="group">
                        <!--Watched Overlay-->
						<top>-3</top>
                        <right>-5</right>
                        <include>WatchedIndicatorSmall</include>
                    </control>
                    <control type="image">
                        <!--Separator-->
                        <posx>1150</posx>
                        <posy>56</posy>
                        <height>20</height>
                        <fadetime>400</fadetime>
                        <colordiffuse>list_separator</colordiffuse>
                        <texture>common/separator.png</texture>
                    </control><control type="image">
                        <!--Separator-->
                        <posx>1150</posx>
                        <posy>56</posy>
                        <height>20</height>
                        <fadetime>400</fadetime>
                        <colordiffuse>list_separator</colordiffuse>
                        <texture>common/separator.png</texture>
                    </control>
                </itemlayout>
                <focusedlayout condition="[Container.content(MusicVideos) | Container.Content(movies) | container.content(tvshows) | Container.Content(seasons)] + ![Skin.HasSetting(View50_ShowBanners) + container.content(tvshows)]" width="1800" height="90">
                    <control type="image">
						<right>-5</right>
						<posy>0</posy>
						<height>86</height>
						<width>665</width>
						<texture border="5">diffuse/panel.png</texture>
						<colordiffuse>$VAR[ViewDetailsFocusColor]</colordiffuse>
						
					</control>
                    <control type="group">
                        <right>-5</right>
                        <!--Watched Overlay-->
                        <include>WatchedIndicatorNormal</include>
                    </control>
                    <control type="label">
                        <!--Label 1-->
                        <posx>1150</posx>
                        <width>600</width>
                        <height>55</height>
                        <font>Reg36</font>
						<scroll>true</scroll>
                        <textcolor>$INFO[Skin.String(ViewDetailsListItemTextFocusColor)]</textcolor>
                        <label>$VAR[ListTitle]</label>
                    </control>
                    <control type="label">
                        <!--Label 2-->
                        <posx>1150</posx>
                        <posy>52</posy>
                        <width>600</width>
                        <height>30</height>
                        <font>Light28</font>
						<scroll>true</scroll>
                        <textcolor>$INFO[Skin.String(ViewDetailsListItemTextFocusColor)]</textcolor>
                        <label>$VAR[ListDetails]</label>
                        <visible>!String.IsEqual(ListItem.Label,..)</visible>
                    </control>
                    <control type="image">
                        <!--Separator-->
                        <posx>1150</posx>
                        <posy>86</posy>
                        <height>20</height>
                        <fadetime>400</fadetime>
                        <colordiffuse>list_separator</colordiffuse>
                        <texture>common/separator.png</texture>
                    </control>
					
                </focusedlayout>
                <!-- banner layout tv shows -->
				<itemlayout height="138" width="1900" condition="Skin.HasSetting(View50_ShowBanners) + container.content(tvshows)">
					<control type="group">
                        <width>680</width>
                        <height>138</height>
                        <right>90</right>
                        <control type="image">
                            <texture border="5">diffuse/banner.png</texture>
                            <colordiffuse>$VAR[ViewDetailsPanelColor]</colordiffuse>
                            <aspectratio scalediffuse="false" align="left">stretch</aspectratio>
                            <include condition="Skin.String(thumbsborder_unfocused, 0)">thumbborder_0</include>
                            <include condition="Skin.String(thumbsborder_unfocused, 2)">thumbborder_2</include>
                            <include condition="Skin.String(thumbsborder_unfocused, 4)">thumbborder_4</include>
                            <include condition="Skin.String(thumbsborder_unfocused, 6)">thumbborder_6</include>
                        </control>
                        <include>BannerLayout</include>
					</control>
                </itemlayout>
                <focusedlayout height="138" width="1900" condition="Skin.HasSetting(View50_ShowBanners) + container.content(tvshows)">
                    <control type="group">
                        <width>680</width>
                        <height>138</height>
                        <right>90</right>
                        <control type="image">
                            <texture border="5">diffuse/banner.png</texture>
                            <colordiffuse>$VAR[ViewDetailsBorderFocusColor]</colordiffuse>
                            <aspectratio scalediffuse="false" align="left">stretch</aspectratio>
                            <include condition="Skin.String(thumbsborder_focused, 2)">thumbborder_2</include>
                            <include condition="Skin.String(thumbsborder_focused, 4)">thumbborder_4</include>
                            <include condition="Skin.String(thumbsborder_focused, 6)">thumbborder_6</include>
                        </control>
                        <include>BannerLayout</include>
					</control>
					
                </focusedlayout>
     				<!-- Episodes, pvr timers, pvr search, pvr recordings x=980 w=765 -->
                <itemlayout condition="Container.Content(episodes) | Window.IsActive(tvtimers) | Window.IsActive(tvrecordings) | Window.IsActive(tvsearch)" width="1800" height="60">
                    <control type="label">
                        <!--Label 1-->
                        <posx>990</posx>
                        <width>650</width>
                        <font>Reg28</font>
                        <textcolor>$INFO[Skin.String(ViewDetailsListItemTextColor)]</textcolor>
                        <label>$VAR[ListTitle]</label>
                    </control>
                                 <control type="group">
                        <!--Watched Overlay-->
						<top>-3</top>
                        <include>WatchedIndicatorSmall</include>
                    </control>
                    <control type="image">
                        <!--Separator-->
                        <posx>970</posx>
                        <posy>56</posy>
                        <width>830</width>
                        <height>20</height>
                        <fadetime>400</fadetime>
                        <colordiffuse>list_separator</colordiffuse>
                        <texture>common/separator.png</texture>
                    </control>
                </itemlayout>
                <focusedlayout condition="Container.Content(episodes) | Window.IsActive(tvtimers) | Window.IsActive(tvrecordings) | Window.IsActive(tvsearch)" width="1800" height="90">
                    <control type="image">
						<right>0</right>
						<posy>0</posy>
						<height>86</height>
						<width>835</width>
						<texture border="5">diffuse/panel.png</texture>
						<colordiffuse>$VAR[ViewDetailsFocusColor]</colordiffuse>
						
					</control>
                    <control type="label">
                        <!--Label 1-->
                        <posx>990</posx>
                        <width>650</width>
                        <height>55</height>
                        <font>Reg36</font>
						<scroll>true</scroll>
                        <textcolor>$INFO[Skin.String(ViewDetailsListItemTextFocusColor)]</textcolor>
                        <label>$VAR[ListTitle]</label>
                    </control>
                    <control type="label">
                        <!--Label 2-->
                        <posx>990</posx>
                        <posy>52</posy>
                        <width>650</width>
                        <height>30</height>
                        <font>Light28</font>
						<scroll>true</scroll>
                        <textcolor>$INFO[Skin.String(ViewDetailsListItemTextFocusColor)]</textcolor>
                        <label>$VAR[ListDetails]</label>
                        <visible>!String.IsEqual(ListItem.Label,..)</visible>
                    </control>
                   <control type="group">
                        <!--Watched Overlay-->
                        <include>WatchedIndicatorNormal</include>
                    </control>
                    <control type="image">
                        <!--Separator-->
                        <posx>970</posx>
                        <posy>86</posy>
                        <width>830</width>
                        <height>20</height>
                        <fadetime>400</fadetime>
                        <colordiffuse>list_separator</colordiffuse>
                        <texture>common/separator.png</texture>
                    </control>
					
                </focusedlayout>
                         <!-- pvr channels -->
                <itemlayout condition="Window.IsActive(tvchannels)" height="60" width="1900">
                    <control type="label">
                        <!--Channel Number-->
                        <posx>1030</posx>
                        <posy>5</posy>
                        <width>100</width>
                        <height>50</height>
                        <font>Reg29</font>
                        <textcolor>$INFO[Skin.String(ViewDetailsListItemTextColor)]</textcolor>
                        <align>left</align>
                        <info>ListItem.ChannelNumberLabel</info>
                    </control>
                    <control type="image">
                        <!--Rec-->
                        <posx>1185</posx>
                        <posy>0</posy>
                        <width>55</width>
                        <height>55</height>
                        <texture>pvr/icons/pvr_record.png</texture>
                        <visible>ListItem.IsRecording</visible>
                        <aspectratio align="center" aligny="center">keep</aspectratio>
                    </control>
                    <control type="image">
                        <!--Now Playing Icon-->
                        <posx>1185</posx>
                        <posy>0</posy>
                        <width>55</width>
                        <height>55</height>
                        <fadetime>600</fadetime>
                        <texture>pvr/icons/pvr_play.png</texture>
                        <visible>ListItem.Isplaying</visible>
                        <visible>!ListItem.IsRecording</visible>
                        <aspectratio align="center" aligny="center">keep</aspectratio>
                    </control>
                    <control type="image">
                        <!--Chanel Icon-->
                        <posx>1100</posx>
                        <posy>5</posy>
                        <width>48</width>
                        <height>48</height>
                        <texture background="true">$INFO[ListItem.Thumb]</texture>
                        <aspectratio align="center" aligny="center">keep</aspectratio>
                    </control>
                    <control type="label">
                        <!--Channel Name-->
                        <animation effect="slide" start="0" end="50" time="0" reversible="false" condition="[ListItem.Isplaying | ListItem.IsRecording]">Conditional</animation>
                        <posx>1200</posx>
                        <width>545</width>
                        <height>55</height>
                        <font>Reg29</font>
                        <textcolor>$INFO[Skin.String(ViewDetailsListItemTextColor)]</textcolor>
                        <align>left</align>
                        <aligny>center</aligny>
                        <label>$INFO[ListItem.Label]</label>
                    </control>
                    <control type="image">
                        <!--Separator-->
                        <posx>1020</posx>
                        <posy>56</posy>
                        <width>785</width>
                        <height>20</height>
                        <fadetime>400</fadetime>
                        <colordiffuse>list_separator</colordiffuse>
                        <texture>common/separator.png</texture>
                    </control>
                </itemlayout>
                <focusedlayout condition="Window.IsActive(tvchannels)" height="90" width="1900">
                    <control type="image">
                        <right>80</right>
                        <posy>0</posy>
                        <height>86</height>
                        <width>810</width>
                        <texture border="5">diffuse/panel.png</texture>
                        <colordiffuse>$VAR[ViewDetailsFocusColor]</colordiffuse>
                    </control>
                    <control type="label">
                        <!--Channel Number-->
                        <posx>1030</posx>
                        <posy>5</posy>
                        <width>80</width>
                        <height>80</height>
                        <font>Reg29</font>
                        <textcolor>$INFO[Skin.String(ViewDetailsListItemTextFocusColor)]</textcolor>
                        <info>ListItem.ChannelNumberLabel</info>
                    </control>
                    <control type="image">
                        <!--Rec-->
                        <posx>1185</posx>
                        <posy>0</posy>
                        <width>55</width>
                        <height>55</height>
                        <texture>pvr/icons/pvr_record.png</texture>
                        <visible>ListItem.IsRecording</visible>
                        <aspectratio align="center" aligny="center">keep</aspectratio>
                    </control>
                    <control type="image">
                        <!--Now Playing Icon-->
                        <posx>1185</posx>
                        <posy>0</posy>
                        <width>55</width>
                        <height>55</height>
                        <fadetime>600</fadetime>
                        <texture>pvr/icons/pvr_play.png</texture>
                        <visible>ListItem.Isplaying</visible>
                        <visible>!ListItem.IsRecording</visible>
                        <aspectratio align="center" aligny="center">keep</aspectratio>
                    </control>
                    <control type="image">
                        <!--Chanel Icon-->
                        <posx>1085</posx>
                        <posy>5</posy>
                        <width>78</width>
                        <height>78</height>
                        <texture background="true">$INFO[ListItem.Thumb]</texture>
                        <aspectratio align="center" aligny="center">keep</aspectratio>
                    </control>
                    <control type="label">
                        <!--Channel Name-->
                        <animation effect="slide" start="0" end="50" time="0" reversible="false" condition="[ListItem.Isplaying | ListItem.IsRecording]">Conditional</animation>
                        <posx>1200</posx>
                        <width>545</width>
                        <height>55</height>
                        <font>Reg29</font>
                        <textcolor>$INFO[Skin.String(ViewDetailsListItemTextFocusColor)]</textcolor>
                        <label>$INFO[ListItem.Label]</label>
                    </control>
                    <control type="label">
                        <!--Channel Now Playing-->
                        <posx>1200</posx>
                        <posy>50</posy>
                        <width>545</width>
                        <height>33</height>
                        <font>Light28</font>
                        <textcolor>$INFO[Skin.String(ViewDetailsListItemTextFocusColor)]</textcolor>
                        <label>[B]$INFO[ListItem.Title][/B]</label>
                    </control>
                    <control type="image">
                        <!--Separator-->
                        <posx>1020</posx>
                        <posy>86</posy>
                        <width>785</width>
                        <height>20</height>
                        <fadetime>400</fadetime>
                        <colordiffuse>list_separator</colordiffuse>
                        <texture>common/separator.png</texture>
                    </control>
                </focusedlayout>
            </control>
        
            <control type="group">
            <visible>Integer.IsGreater(Container.NumItems,0)</visible>
            
            <control type="image">
                <!--cdart image normal-->
                <width>480</width>
                <height>480</height>
                <posx>65</posx>
                <top>118</top>
                <texture background="true" diffuse="diffuse/cdmask_new.png">$VAR[DiscArtImage]</texture>
                <aspectratio scalediffuse="false" align="center" aligny="center">scale</aspectratio>
                <animation effect="slide" start="0,0" end="220,0" tween="cubic" easing="inout" time="1200" delay="600" condition="Skin.HasSetting(View50_ShowCDart)">Conditional</animation>
                <animation effect="fade" start="0" end="100" delay="600" time="800" pulse="false" condition="Skin.HasSetting(View50_ShowCDart)">Conditional</animation>
                <animation effect="rotate" end="-360" center="auto" time="20000" loop="true" reversible="false" condition="Skin.HasSetting(AnimateDiscArt)">Conditional</animation>
                <visible>Skin.HasSetting(View50_ShowCDart) + Container.Content(movies) + [!String.IsEmpty(ListItem.Art(poster)) | !String.IsEmpty(ListItem.Art(tvshow.poster)) | !String.IsEmpty(Window(Home).Property(SkinHelper.ListItem.Art.Poster))]</visible>
            </control>
            
            <!-- poster images -->
            <control type="image">
                <!--Poster-->
                <visible>!Container.Content(episodes)</visible>
                <visible>![Window.IsActive(tvchannels) | Window.IsActive(tvguide) | Window.IsActive(tvtimers) | Window.IsActive(tvsearch) | Window.IsActive(tvrecordings)]</visible>
                <posx>45</posx>
				<width>510</width>
                <bordersize>8</bordersize>
				<texture diffuse="diffuse/poster.png" border="5" fallback="DefaultVideo.png" background="true">$VAR[PosterThumb]</texture>
				<aspectratio align="center" aligny="top" scalediffuse="false">keep</aspectratio>
            </control>
            <control type="image">
                <!--Episodes Thumb-->
                <visible>Container.Content(episodes)</visible>
                <posx>70</posx>
                <posy>20</posy>
                <width>370</width>
                <height>220</height>
                <aspectratio align="left" aligny="top" scalediffuse="false" background="true">keep</aspectratio>
                <texture fallback="resource://resource.images.skinicons.wide/video.png">$INFO[ListItem.Thumb]</texture>
            </control>
            <control type="group">
                <!--PVR Thumb-->
                <visible>[Window.IsActive(tvchannels) | Window.IsActive(tvguide) | Window.IsActive(tvtimers) | Window.IsActive(tvsearch) | Window.IsActive(tvrecordings)]</visible>
                <control type="image">
                    <posy>320</posy>
                    <right>960</right>
                    <width>300</width>
                    <height>420</height>
                    <texture diffuse="home/home_matte.png" background="true">$VAR[PVRThumb]</texture>
                    <aspectratio align="right" aligny="top">keep</aspectratio>
                    <visible>![VideoPlayer.Content(livetv) + Skin.HasSetting(PVRShowPreview)]</visible>
                    <animation effect="slide" end="-5,-10" time="0" condition="!String.IsEmpty(Window(home).Property(SkinHelper.ListItem.Art.Poster))">Conditional</animation>
                </control>
            <!-- black background behind video -->
                <control type="image">
                    <texture>colors/color_black.png</texture>
                    <posy>320</posy>
                    <right>960</right>
                    <width>300</width>
                    <height>220</height>
                    <visible>VideoPlayer.Content(livetv) + Skin.HasSetting(PVRShowPreview)</visible>
                </control>
                <!--Video Window -->
                <control type="videowindow">
                    <posy>320</posy>
                    <right>960</right>
                    <width>300</width>
                    <height>220</height>
                    <visible>VideoPlayer.Content(livetv) + Skin.HasSetting(PVRShowPreview)</visible>
                </control>
            </control>
         </control>
        </control>
	   	<!--vertical Scollbar-->
		<control type="scrollbar" id="60">
			<visible>Control.IsVisible(50) + Integer.IsGreater(Container.Numitems,0)</visible>
			<right>15</right>
			<posy>20</posy>
			<height>700</height>
			<onup>60</onup>
			<ondown>6000</ondown>
			<onleft>50</onleft>
			<animation effect="fade" start="0" end="100" time="400" condition="[Control.HasFocus(60) | Skin.HasSetting(EnableTouchSupport) | Container.Scrolling | Skin.HasSetting(alwaysShowScrollbars)] + !Control.IsVisible(6002)">Conditional</animation>
			<animation effect="fade" start="100" end="0" time="400" condition="![Control.HasFocus(60) | Skin.HasSetting(EnableTouchSupport) | Container.Scrolling | Skin.HasSetting(alwaysShowScrollbars)] | Control.IsVisible(6002)">Conditional</animation>
		</control>
      </control>
 	</include>
</includes>