<?xml version="1.0" encoding="UTF-8"?>
<window>
	<defaultcontrol always="true">20</defaultcontrol>
	<menucontrol />
	<backgroundcolor>$VAR[color_global_dialog_background]</backgroundcolor>
	<include>Animation_OpenClose_Zoom</include>
<!-- 	1.33 FileManager.xml
ID 		Type 		Description
12 		label 		Number of items in directory list 1
13 		label 		Number of items in directory list 2
20 		container 	Directory list 1
21 		container 	Directory list 2
101 	label 		Path of the currently selected directory in list 1
102 	label 		Path of the currently selected directory in list 2  -->
	<controls>
		<include content="HeaderBar" />
		<control type="group">
			<top>Header</top>
			<control type="group">
				<right>60</right>
				<width>45%</width>
				<control type="image">
					<texture colordiffuse="$VAR[color_global_button_panel_nf]">colors/white50.png</texture>
				</control>
				<control type="image">
					<visible>Control.HasFocus(20)</visible>
					<height>100</height>
					<texture colordiffuse="$VAR[color_global_dialog_accent]">colors/white20.png</texture>
				</control>
				<control type="grouplist">
					<left>30</left>
					<top>10</top>
					<height>100</height>
					<orientation>vertical</orientation>
					<control type="label" id="101"><width>auto</width><height>50</height></control>
					<control type="label" id="12"><width>auto</width><height>20</height><font>debugtiny</font><textcolor>$VAR[color_global_dialog_accent]</textcolor></control>
				</control>
				<control type="list" id="20">
					<top>110</top>
					<bottom>100</bottom>
					<orientation>vertical</orientation>
					<onleft>21</onleft>
					<onright>21</onright>
					<itemlayout height="50">
						<control type="image">
							<height>50</height>
							<width>50</width>
							<left>5</left>
							<bordersize>5</bordersize>
							<texture background="true">$INFO[ListItem.Icon]</texture>
						</control>
						<control type="label">
							<right>20</right>
							<left>60</left>
							<height>50</height>
							<aligny>center</aligny>
							<font>debugtiny</font>
							<textcolor>$VAR[color_global_button_text_nf]</textcolor>
							<label>$INFO[ListItem.Label]$INFO[ListItem.Label2, |  ,]</label>
						</control>
					</itemlayout>
					<focusedlayout height="50">
						<control type="image">
							<texture colordiffuse="$VAR[color_global_button_panel_fo]">colors/white.png</texture>
							<visible>Control.HasFocus(20)</visible>
						</control>
						<control type="image">
							<height>50</height>
							<width>50</width>
							<left>5</left>
							<bordersize>5</bordersize>
							<texture background="true">$INFO[ListItem.Icon]</texture>
						</control>
						<control type="label">
							<right>20</right>
							<left>60</left>
							<height>50</height>
							<aligny>center</aligny>
							<font>debugtiny</font>
							<textcolor>$VAR[color_global_button_text_fo]</textcolor>
							<label>$INFO[ListItem.Label]$INFO[ListItem.Label2, |  ,]</label>
						</control>
					</focusedlayout>
				</control>
			</control>
			<control type="group">
				<left>60</left>
				<width>45%</width>
				<control type="image">
					<texture colordiffuse="$VAR[color_global_button_panel_nf]">colors/white50.png</texture>
				</control>
				<control type="image">
					<visible>Control.HasFocus(21)</visible>
					<height>100</height>
					<texture colordiffuse="$VAR[color_global_dialog_accent]">colors/white20.png</texture>
				</control>
				<control type="grouplist">
					<left>30</left>
					<top>10</top>
					<height>100</height>
					<orientation>vertical</orientation>
					<control type="label" id="102"><width>auto</width><height>50</height></control>
					<control type="label" id="13"><width>auto</width><height>20</height><font>debugtiny</font><textcolor>$VAR[color_global_dialog_accent]</textcolor></control>
				</control>
				<control type="list" id="21">
					<top>110</top>
					<bottom>100</bottom>
					<orientation>vertical</orientation>
					<onleft>20</onleft>
					<onright>20</onright>
					<itemlayout height="50">
						<control type="image">
							<height>50</height>
							<width>50</width>
							<left>5</left>
							<bordersize>5</bordersize>
							<texture background="true">$INFO[ListItem.Icon]</texture>
						</control>
						<control type="label">
							<right>20</right>
							<left>60</left>
							<height>50</height>
							<aligny>center</aligny>
							<font>debugtiny</font>
							<textcolor>$VAR[color_global_button_text_nf]</textcolor>
							<label>$INFO[ListItem.Label]$INFO[ListItem.Label2, |  ,]</label>
						</control>
					</itemlayout>
					<focusedlayout height="50">
						<control type="image">
							<texture colordiffuse="$VAR[color_global_button_panel_fo]">colors/white.png</texture>
							<visible>Control.HasFocus(21)</visible>
						</control>
						<control type="image">
							<height>50</height>
							<width>50</width>
							<left>5</left>
							<bordersize>5</bordersize>
							<texture background="true">$INFO[ListItem.Icon]</texture>
						</control>
						<control type="label">
							<right>20</right>
							<left>60</left>
							<height>50</height>
							<aligny>center</aligny>
							<font>debugtiny</font>
							<textcolor>$VAR[color_global_button_text_fo]</textcolor>
							<label>$INFO[ListItem.Label]$INFO[ListItem.Label2, |  ,]</label>
						</control>
					</focusedlayout>
				</control>
			</control>
		</control>
		<include condition="Skin.HasSetting(window_frame)" content="window_frame" />
	</controls>
</window>
