<?xml version="1.0" encoding="utf-8"?>
<window>
	<defaultcontrol always="true">517</defaultcontrol>
	<controls>
		<control type="image">
			<texture colordiffuse="$VAR[color_lib_backgroundlayer4]">colors/white50.png</texture>
		</control>
		<control type="scrollbar" id="517">
			<showonepage>true</showonepage>
			<right>45</right>
			<top>200</top>
			<height>680</height>
			<texturesliderbackground />
			<texturesliderbar colordiffuse="$VAR[color_lib_accent]">colors/white.png</texturesliderbar>
			<texturesliderbarfocus colordiffuse="$VAR[color_lib_accent]">colors/white.png</texturesliderbarfocus>
			<ondown>517</ondown>
			<onup>517</onup>
			<onleft />
			<onright />
		</control>
		<control id="1" type="label">
			<top>80</top>
			<centerleft>50%</centerleft>
			<width>90%</width>
			<height>100</height>
			<font>notosans_60_bold</font>
			<scroll>true</scroll>
			<align>center</align>
		</control>
		<control type="image">
			<top>190</top>
			<centerleft>50%</centerleft>
			<height>1</height>
			<width>90%</width>
			<texture colordiffuse="$VAR[color_lib_text_main]">colors/white50.png</texture>
		</control>
		<control type="textbox" id="5">
			<top>200</top>
			<height>680</height>
			<width>90%</width>
			<centerleft>50%</centerleft>
			<autoscroll>false</autoscroll>
			<scrolltime>350</scrolltime>
			<pagecontrol>517</pagecontrol>
			<align>center</align>
			<aligny>center</aligny>
			<textcolor>$VAR[color_lib_text_main]</textcolor>
			<font>notosans_34_bold_highlined</font>
		</control>
		<control type="image">
			<texture colordiffuse="$VAR[color_lib_text_main]">colors/white30.png</texture>
			<top>890</top>
			<height>1</height>
			<centerleft>50%</centerleft>
			<width>90%</width>
		</control>
		<control type="label">
			<centerleft>50%</centerleft>
			<width>90%</width>
			<top>892</top>
			<height>100</height>
			<font>notosans_20_bold</font>
			<scroll>true</scroll>
			<align>right</align>
			<textcolor>$VAR[color_lib_text_secondary]</textcolor>
			<label>$LOCALIZE[31183] :   [COLOR $VAR[color_lib_accent]]$INFO[Container(5).CurrentPage][/COLOR] [B]/[/B] [COLOR $VAR[color_lib_accent]]$INFO[Container(5).NumPages][/COLOR]</label>
		</control>
	</controls>
</window>