<?xml version="1.0" encoding="utf-8"?>
<includes>

	<include name="view_50">
		<control type="group">
			<visible>Control.IsVisible(50)</visible>
			
			<control type="group">
				<visible>Skin.HasSetting(View_50_ShowBGPanel)</visible>
				<include content="backgroundbuilding_layer4">
					<param name="width2" value="33%" />
					<param name="width3" value="100" />
				</include>
			</control>
			<control type="image">
				<left>5%</left>
				<centertop>51%</centertop>
				<width>26%</width>
				<visible>[Skin.HasSetting(View_50_Prefer_Disc_Video) | Skin.HasSetting(View_50_Prefer_Discart_Album) | Skin.HasSetting(View_50_Prefer_Discart_Song) | Skin.HasSetting(View_50_Prefer_clearlogo) | Skin.HasSetting(View_50_Prefer_clearart)]</visible>
				<bordersize>2</bordersize>
				<bordertexture />
				<texture background="true">$VAR[View_50_ForcedArtwork]</texture>
				<aspectratio aligny="center" align="center">keep</aspectratio>
			</control>
			<control type="image">
				<left>5%</left>
				<centertop>51%</centertop>
				<width>26%</width>
				<visible>![Skin.HasSetting(View_50_Prefer_Disc_Video) | Skin.HasSetting(View_50_Prefer_clearlogo) | Skin.HasSetting(View_50_Prefer_clearart)]</visible>
				<bordersize>2</bordersize>
				<bordertexture border="5" colordiffuse="$VAR[color_lib_text_main]">frames/frame320x380.png</bordertexture>
				<texture background="true">$VAR[View_50_ForcedArtwork]</texture>
				<aspectratio aligny="center" align="center">keep</aspectratio>
			</control>
			
			<control type="group">
				<visible>$EXP[TrailerIsPlaying]</visible>
				<animation effect="fade" start="0" end="100" time="750">VisibleChange</animation>
				<top>0</top>
				<left>33%</left>
				<right>100</right>
				<bottom>0</bottom>
				<control type="image">
					<texture>colors/white.png</texture>
					<colordiffuse>ff000000</colordiffuse>
				</control>
				<control type="videowindow" />
			</control>
			
			<control type="list" id="50">
				<animation effect="fade" start="100" end="0" time="650" condition="$EXP[TrailerIsPlaying]">conditional</animation>
				
				<include content="view_locking" condition="skin.hassetting(skin_locked_views)">
					<param name="view_id" value="50" />
				</include>
				
				<viewtype label="$LOCALIZE[535]">list</viewtype>
				<top>150</top>
				<include content="media_container_attributes">
					<param name="view_id" value="50" />
					<param name="left" value="35%" />
				</include>
				
				<itemlayout height="105">
					<control type="group">
						<height>90</height>
						<include content="listcontainer_infolayout">
							<param name="id" value="50" />
							<param name="artwork_w" value="90" />
							<param name="artwork_h" value="90" />
							<param name="artwork" value="circle" />
							<param name="info_posy" value="105" />
							<param name="info_headlinefont" value="roboto_22_condensedregular" />
							<param name="info_dur_alignx" value="right" />
							<param name="indicator_watchedstate_size" value="20" />
							<param name="indicator_folderind_size" value="50" />
							<param name="rating_width" value="110" />
							<param name="rating_offset_right" value="90" />
							<param name="autoscroll" value="false" />
							<param name="highlightcolor" value="$VAR[color_lib_text_secondary]" />
						</include>
					</control>
				</itemlayout>
				<focusedlayout height="105">
					<control type="group">
						<height>90</height>
						<animation type="Focus" reversible="false">
							<effect type="zoom" end="103,103" time="200" tween="sine" easing="out" center="auto" />
							<effect type="zoom" end="99,99" time="150" tween="sine" delay="200" easing="out" center="auto" />
						</animation>
						<include>hiddenbutton_manage_skinpropertys</include>
						<control type="image">
							<description>40 percent diffuse temp hardcoded - tend to use 20 percent color_lib_text_main - if fixedlist use bg frame outside of item,focusedlayout - current just id50</description>
							<animation effect="fade" start="100" end="0" time="0" condition="Control.IsVisible(50) + String.IsEqual(ListItem.Label,..)">conditional</animation>
							<description>revisit alpha stuff cdiffuse and img bg texture</description>
							<left>40</left>
							<right>20</right>
							<bordertexture border="2" colordiffuse="$VAR[color_lib_text_main]">artworkdiffuse/list_borderfo.png</bordertexture>
							<texture colordiffuse="ff181818" background="true">colors/white40.png</texture>
							<bordersize>3</bordersize>
						</control>
						<include content="listcontainer_infolayout">
							<param name="id" value="50" />
							<param name="artwork_w" value="90" />
							<param name="artwork_h" value="90" />
							<param name="artwork" value="circle" />
							<param name="info_posy" value="105" />
							<param name="info_headlinefont" value="roboto_22_condensedregular" />
							<param name="info_dur_alignx" value="right" />
							<param name="indicator_watchedstate_size" value="20" />
							<param name="indicator_folderind_size" value="50" />
							<param name="rating_width" value="110" />
							<param name="rating_offset_right" value="90" />
							<param name="autoscroll" value="true" />
							<param name="highlightcolor" value="$VAR[color_lib_accent]" />
						</include>
					</control>
				</focusedlayout>
			</control>
			<include content="footer">
				<param name="view_id" value="50" />
				<param name="footer_mediaflag_offsetleft" value="0" />
				<param name="footer_mediaflag_align" value="center" />
				<param name="footer_mediaflag_width" value="33%" />
				<param name="footer_rating_align" value="center" />
			</include>
		</control>
	</include>
	
	<include name="listcontainer_infolayout">
		<nested />
		<control type="image">
			<description>centered folderback</description>
			<visible>String.IsEqual(ListItem.Label,..) + Control.IsVisible(56)</visible>
			<centerleft>50%</centerleft>
			<centertop>50%</centertop>
			<width>90</width>
			<height>90</height>
			<texture colordiffuse="$VAR[color_lib_text_main]">defaultfolderback.png</texture>
			<bordertexture colordiffuse="$VAR[color_lib_text_main]">artworkdiffuse/circleborder.png</bordertexture>
			<aspectratio scalediffuse="false" aligny="center" align="left">scale</aspectratio>
			<bordersize>2</bordersize>
		</control>
		<control type="group">
			<control type="image">
				<description>just 50 temp workaround for def white or very bright border, may an if not cond needed def icons</description>
				<width>90</width>
				<height>90</height>
				<texture colordiffuse="cc181818">artworkdiffuse/circle.png</texture>
				<bordersize>6</bordersize>
				<visible>String.Contains(ListItem.Icon,default)</visible>
				<visible>Control.IsVisible(50)</visible>
			</control>
			<control type="image">
				<centertop>50%</centertop>
				<left>$PARAM[artwork_posx]</left>
				<centertop>50%</centertop>
				<description>get half cutted circle for icon border studio or thumb midgrey just as workaround</description>
				<width>$PARAM[artwork_w]</width>
				<height>$PARAM[artwork_h]</height>
				<texture background="true" diffuse="artworkdiffuse/$PARAM[artwork].png">$VAR[View_$PARAM[id]_listitem_artwork]</texture>
				<bordertexture colordiffuse="$VAR[color_lib_text_main]">artworkdiffuse/$PARAM[artwork]border.png</bordertexture>
				<aspectratio scalediffuse="false" aligny="center" align="center">scale</aspectratio>
				<bordersize>2</bordersize>
			</control>
			<control type="image">
				<description>dont put gif n apng to xbt compression</description>
				<centertop>50%</centertop>
				<left>14</left>
				<width>60</width>
				<height>60</height>
				<texture>special://skin/extras/song_gifs/playingsong.gif</texture>
				<colordiffuse>$VAR[color_lib_text_main]</colordiffuse>
				<bordersize>4</bordersize>
				<visible>ListItem.IsPlaying</visible>
				<bordertexture colordiffuse="55000000">artworkdiffuse/circle.png</bordertexture>
			</control>
			<include content="List_2RowInfo">
				<param name="left" value="$PARAM[info_posy]" />
				<param name="right" value="250" />
				<param name="headlinefont" value="$PARAM[info_headlinefont]" />
			</include>
			<control type="label">
				<description>if needed width was 200</description>
				<font>roboto_22_condensedregular</font>
				<right>90</right>
				<left>$PARAM[info_posy]</left>
				<align>$PARAM[info_dur_alignx]</align>
				<bottom>20</bottom>
				<height>20</height>
				<textcolor>$VAR[color_lib_text_main]</textcolor>
				<label>$VAR[ListItemDuration]</label>
			</control>
			<include content="stars_rating">
				<description>56 not placed and adjusted like wished</description>
				<top>5%</top>
				<right>$PARAM[rating_offset_right]</right>
				<param name="alignx" value="right" />
				<param name="width" value="$PARAM[rating_width]" />
				<param name="colordiffuse" value="$PARAM[highlightcolor]" />
			</include>		
			<include content="ListItem_Indicators" description="56 not placed and adjusted like wished">
				<param name="show_unwatchedindicator" value="true" />
				<param name="watched_size" value="$PARAM[indicator_watchedstate_size]" />
				<param name="folderind_size" value="$PARAM[indicator_folderind_size]" />
			</include>
		</control>
	</include>
	<variable name="View_50_listitem_artwork">
		<value condition="[!String.IsEmpty(ListItem.Art(album.discart)) + [Container.Content(songs) | String.IsEqual(ListItem.dbtype,song)]]">$INFO[ListItem.Art(album.discart)]</value>
		<value>$VAR[ImageLayout_poster]</value>
	</variable>
	<variable name="View_56_listitem_artwork">
		<value condition="Skin.HasSetting(View_56_Prefer_CircleArt)"></value>
		<value condition="String.IsEqual(ListItem.Label,..)"></value>
		<value condition="Skin.HasSetting(View_56_Prefer_Discart_Song) + !String.IsEmpty(ListItem.Art(album.discart)) + String.IsEqual(ListItem.dbtype,song)">$INFO[ListItem.Art(album.discart)]</value>
		<value condition="!String.IsEmpty(ListItem.Art(discart)) + [[String.IsEqual(ListItem.dbtype,album) + Skin.HasSetting(View_56_Prefer_Discart_Album)] | [Window.IsActive(videos) + Skin.HasSetting(View_56_Prefer_Disc_Video)]]">$INFO[ListItem.Art(discart)]</value>
		<value condition="Skin.HasSetting(View_56_Prefer_clearart) + !String.IsEmpty(ListItem.Art(clearart))">$INFO[ListItem.Art(clearart)]</value>
		<value condition="Skin.HasSetting(View_56_Prefer_clearart) + String.IsEmpty(ListItem.Art(clearart)) + !String.IsEmpty(ListItem.Art(characterart))">$INFO[ListItem.Art(characterart)]</value>
		<value condition="[Skin.HasSetting(View_56_Prefer_clearlogo) | [Skin.HasSetting(View_56_Prefer_clearart) + String.IsEmpty(ListItem.Art(clearart)) + String.IsEmpty(ListItem.Art(characterart))]] + !String.IsEmpty(ListItem.Art(clearlogo))">$INFO[ListItem.Art(clearlogo)]</value>
		<value condition="Skin.HasSetting(View_56_Prefer_animatedfanart) + !String.IsEmpty(ListItem.Art(animatedfanart))">$INFO[ListItem.Art(animatedfanart)]</value>
		<value>$VAR[ImageLayout_landscape]</value>
	</variable>	
	
	<variable name="View_50_ForcedArtwork">
		<value condition="!String.IsEmpty(ListItem.Art(album.discart)) + Skin.HasSetting(View_50_Prefer_Discart_Song) + String.IsEqual(ListItem.dbtype,song)">$INFO[ListItem.Art(album.discart)]</value>
		<value condition="!String.IsEmpty(ListItem.Art(discart)) + [[Skin.HasSetting(View_50_Prefer_Discart_Album) + String.IsEqual(ListItem.dbtype,album)] | [Window.IsActive(videos) + Skin.HasSetting(View_50_Prefer_Disc_Video)]]">$INFO[ListItem.Art(discart)]</value>
		<value condition="Skin.HasSetting(View_50_Prefer_clearart) + !String.IsEmpty(ListItem.Art(clearart))">$INFO[ListItem.Art(clearart)]</value>
		<value condition="Skin.HasSetting(View_50_Prefer_clearart) + [String.IsEmpty(ListItem.Art(clearart)) + !String.IsEmpty(ListItem.Art(characterart))]">$INFO[ListItem.Art(characterart)]</value>
		<value condition="[Skin.HasSetting(View_50_Prefer_clearlogo) | [Skin.HasSetting(View_50_Prefer_clearart) + [String.IsEmpty(ListItem.Art(clearart)) + String.IsEmpty(ListItem.Art(characterart))]]] + !String.IsEmpty(ListItem.Art(clearlogo))">$INFO[ListItem.Art(clearlogo)]</value>
		<value condition="Skin.HasSetting(View_50_Prefer_landscape) + !String.IsEmpty(ListItem.Art(landscape))">$INFO[ListItem.Art(landscape)]</value>
		<value condition="Skin.HasSetting(View_50_Prefer_landscape) + [String.IsEmpty(ListItem.Art(landscape)) + !String.IsEmpty(ListItem.Art(fanart))]">$INFO[ListItem.Art(fanart)]</value>
		<value condition="Skin.HasSetting(View_50_Prefer_banner) + !String.IsEmpty(ListItem.Art(banner))">$INFO[ListItem.Art(banner)]</value>
		<value condition="Skin.HasSetting(View_50_Prefer_keyart) + !String.IsEmpty(ListItem.Art(keyart))">$INFO[ListItem.Art(keyart)]</value>
		<value condition="Skin.HasSetting(View_50_Prefer_animatedposter) + !String.IsEmpty(ListItem.Art(animatedposter))">$INFO[ListItem.Art(animatedposter)]</value>
		<value>$VAR[ImageLayout_poster]</value>
	</variable>	
	
	
	<include name="ListItem_Indicators">
        <control type="group">
			<description>changed watched.png to buttons/enter.png, test/circle-outline.png</description>
            <visible>!String.IsEqual(ListItem.Label,..)</visible>
            <nested />
			<control description="watched" type="image">
				<visible>!String.IsEqual(ListItem.dbtype,Set) + Integer.IsGreater(ListItem.PlayCount,0) + !ListItem.IsResumable</visible>
				<centertop>50%</centertop>
				<centerright>5%</centerright>
				<width>$PARAM[watched_size]</width>
				<height>$PARAM[watched_size]</height>
				<texture colordiffuse="$VAR[color_lib_watchedoverlay_watched]" diffuse="buttons/enter.png">colors/white.png</texture>
				<bordersize>2</bordersize>
				<bordertexture colordiffuse="$VAR[color_lib_watchedoverlay_frame]" diffuse="colors/white70.png">frames/bordercircler25.png</bordertexture>
			</control>
            <control description="unwatched" type="image">
				<visible>!String.IsEqual(ListItem.dbtype,Set) + [String.IsEqual(ListItem.Overlay,OverlayUnWatched.png) + !ListItem.IsResumable]</visible>
				<visible>$PARAM[show_unwatchedindicator]</visible>
				<centertop>50%</centertop>
				<centerright>5%</centerright>
				<width>$PARAM[watched_size]</width>
				<height>$PARAM[watched_size]</height>
				<texture colordiffuse="$VAR[color_lib_watchedoverlay_frame]" diffuse="colors/white70.png">frames/bordercircler25.png</texture>
			</control>
			<control description="in progress" type="image">
				<visible>[!String.IsEqual(ListItem.dbtype,Set) + [String.IsEqual(ListItem.Overlay,OverlayUnWatched.png) + ListItem.IsResumable]] | [$EXP[IsSeason] | [$EXP[IsTVShow]]] + [String.IsEqual(ListItem.Overlay,OverlayUnWatched.png) + !String.IsEqual(ListItem.Property(TotalEpisodes), ListItem.Property(UnWatchedEpisodes))]</visible>
				<centertop>50%</centertop>
				<centerright>5%</centerright>
				<width>$PARAM[watched_size]</width>
				<height>$PARAM[watched_size]</height>
				<texture colordiffuse="$VAR[color_lib_watchedoverlay_resumeable]" diffuse="progress.png">colors/white.png</texture>
				<bordersize>2</bordersize>
				<bordertexture colordiffuse="$VAR[color_lib_watchedoverlay_frame]" diffuse="colors/white70.png">frames/bordercircler25.png</bordertexture>
			</control>
			<control description="set" type="image">
				<visible>String.IsEqual(ListItem.dbtype,Set)</visible>
				<centertop>50%</centertop>
				<centerright>5%</centerright>
				<width>$PARAM[folderind_size]</width>
				<height>$PARAM[folderind_size]</height>
				<texture colordiffuse="$VAR[color_lib_text_main]" diffuse="colors/white40.png">defaultsets.png</texture>
			</control>
			
			<control description="db item - view50,56" type="image">
				<visible>[!string.isempty(container.pluginname) + !string.isempty(listitem.dbid)] + control.isvisible(50)</visible>
				
				<centertop>50%</centertop>
				<centerright>2%</centerright>
				<width>25</width>
				<height>25</height>
				<bordertexture colordiffuse="$VAR[color_spotlightlib_background_layer1]">buttons/circle-filled.png</bordertexture>
				<texture colordiffuse="$VAR[color_lib_text_main]">buttons/check-circle-outline.png</texture>
				<aspectratio align="center" aligy="center">keep</aspectratio>
			</control>
			<control description="db item - view50,56" type="image">
				<visible>[!string.isempty(container.pluginname) + !string.isempty(listitem.dbid)] + control.isvisible(56)</visible>
				
				<centertop>50%</centertop>
				<centerright>1%</centerright>
				<width>38</width>
				<height>38</height>
				<bordertexture colordiffuse="$VAR[color_spotlightlib_background_layer1]">buttons/circle-filled.png</bordertexture>
				<texture colordiffuse="$VAR[color_lib_text_main]">buttons/check-circle-outline.png</texture>
				<aspectratio align="center" aligy="center">keep</aspectratio>
			</control>
			
        </control>
    </include>
    
	<include name="List_2RowInfo">
		<control type="group">
			<description>font maybe global notosans_24_bold </description>
			<visible>!String.IsEqual(ListItem.Label,..)</visible>
			<left>$PARAM[left]</left>
			<right>$PARAM[right]</right>
			<control type="label">
				<top>15</top>
				<height>30</height>
				<font>$PARAM[headlinefont]</font>
				<align>left</align>
				<aligny>top</aligny>
				<textcolor>$VAR[color_lib_text_main]</textcolor>
				<selectedcolor>$VAR[color_lib_selected]</selectedcolor>
				<label>$INFO[ListItem.Label,[B],[/B]]</label>
			</control>
			<control type="label">
				<top>45</top>
				<font>roboto_22_condensedregular</font>
				<font>notosans_20_bold</font>
				<align>left</align>
				<aligny>top</aligny>
				<textcolor>$VAR[color_lib_text_secondary]</textcolor>
				<selectedcolor>$VAR[color_lib_selected]</selectedcolor>
				<label>$VAR[ListItemPremieredOrYear,,     ]$INFO[ListItem.mpaa,,     ]$INFO[ListItem.genre,,     ]$VAR[ListLabel2]</label>
			</control>
		</control>
	</include>
	
	<!-- need var based on sort by -->
	<variable name="List2Row_Label_Top">
		<value condition="Window.IsActive(music) + String.IsEqual(ListItem.DBtype,song)">$INFO[ListItem.DiscNumber] • $INFO[ListItem.TrackNumber] : $INFO[ListItem.Label,[B],[/B]]</value>
		<value>$INFO[ListItem.Label,[B],[/B]]</value>
	</variable>
	
	
</includes>