<?xml version="1.0" encoding="utf-8"?>
<window>
	<include content="media_window_attributes">
		<param name="view_ids" value="50,51,52,53,54,56,502,503,504" />
	</include>
	<controls>
		
		<!-- skin helping stuff -->
		
		
		<!-- native GUI Ctrls -->
		
		<include content="mediawindow_layout">
			<param name="window" value="games" />
		</include>
		
		<include content="swan_debug_overlay">
			<param name="textleft" value="1  istitem.filenameandpath :  $INFO[listitem.filenameandpath]
2  listitem.path :         $INFO[listitem.path]
listitem.dbid $INFO[listitem.dbid]
3  ListItem.FolderName :  $INFO[ListItem.FolderName]

4  Container.FolderPath :  $INFO[Container.FolderPath]
test  ListItem.FolderPath :  $INFO[ListItem.FolderPath]
5  Container.Content  :  $INFO[Container.Content]  ; Container.ListItem.dbtype  :  $INFO[ Container.ListItem.dbtype]
6  listitem.setid :         $INFO[listitem.setid]
7 window Prop Shortcuts $INFO[Window(home).Property(shortcutitem_nr)]
8 window Prop shortcutaction_inprogress $INFO[Window(home).Property(shortcutaction_inprogress)]

9 Container.Viewmode  $INFO[Container.Viewmode]
$INFO[Game.Title,Game.Title                     ,]
$INFO[Game.Platform,Game.Platform                  ,]
$INFO[Game.Genres,Game.Genres                    ,]
$INFO[Game.Publisher,Game.Publisher                 ,]
$INFO[Game.Developer,Game.Developer                 ,]
$INFO[Game.Overview,Game.Overview                  ,]
$INFO[Game.Year,Game.Year                      ,]
$INFO[Game.GameClient,Game.GameClient                ,]"/>
</include>
	

	<!-- 2016-12-01 games support

this introduces a new media window:

    MyGames.xml (windowname=games id=10822)


a new settings category:

    gamesettings


a new infobool:

    Player.HasGame


and a new content type:

    games



pull-request: 11022 (PR)
commit: https://github.com/xbmc/xbmc/commit/7dcf...63ecf26dbf  -->
	</controls>
</window>
