<?xml version="1.0" encoding="utf-8"?>
<window>
	<include content="media_window_attributes">
		<param name="view_ids" value="50,51,52,53,54" />
	</include>
	<controls>
<!-- native GUI Buttons -->
		<control type="button" id="2">
			<visible>Control.IsEnabled(2)</visible>
			<include content="HiddenObject" />
		</control>
		<control type="button" id="3">
			<visible>Control.IsEnabled(3)</visible>
			<include content="HiddenObject" />
		</control>
		<control type="togglebutton" id="4">
			<visible>Control.IsEnabled(4)</visible>
			<include content="HiddenObject" />
		</control>
		<control type="group">
			<include>global_background</include>
		</control>
		
		<include content="mediawindow_layout">
			<param name="window" value="videos" />
		</include>
		
		<include content="swan_debug_overlay">
			<param name="textleft" value="listitem.filenameandpath :  $INFO[listitem.filenameandpath]
  listitem.Path :  $INFO[listitem.path]
  ListItem.FolderPath :  $INFO[ListItem.FolderPath]
  ListItem.FolderName :  $INFO[ListItem.FolderName]
  listitem.dbid :  $INFO[listitem.dbid]
  listitem.tvshowdbid :  $INFO[listitem.tvshowdbid]
  listitem.setid :  $INFO[listitem.setid]
  listitem.uniquiid() • imdb :  $INFO[listitem.uniqueid(imdb)]  -  themoviedb :  $INFO[listitem.uniqueid(themoviedb)]  -  tmdb :  $INFO[listitem.uniqueid(tmdb)]  -  anidb :  $INFO[listitem.uniqueid(anidb)]  -  tvdb :  $INFO[listitem.uniqueid(tvdb)]  -  trakt :  $INFO[listitem.uniqueid(trakt)]  - tvrage :  $INFO[listitem.uniqueid(tvrage)]  -  tvmaze :  $INFO[listitem.uniqueid(tvmaze)]
Container.ListItem.Year $INFO[Container.ListItem.Year] 
Container.Content  :  $INFO[Container.Content]  ; Container.ListItem.dbtype  :  $INFO[Container.ListItem.dbtype]
Container.PluginName :  $INFO[Container.PluginName]  -  Container.PluginCategory  :  $INFO[Container.PluginCategory]
Container.Viewmode :  $INFO[Container.Viewmode]  -  Container.ViewCount  :  $INFO[Container.ViewCount]
Container.FolderPath :  $INFO[Container.FolderPath]
Container.Totaltime  :  $INFO[Container.Totaltime]
Container().ListItemAbsolute(0).label :  $INFO[Container().ListItemAbsolute(0).label] 

[B]HiddenContainer byid container(2000)[/B] : $INFO[container(2000).listitem.dbid,container 2000 dbid :    ,    ]   $INFO[container(2000).listitem.dbtype,container 2000 dbtype :    ,    ]   $INFO[container(2000).listitem.label,container 2000 label :    ,    ]
SHORTCUT ONLY: $INFO[Window(home).Property(shortcutitem_nr),- window Prop Shortcuts ,]$INFO[Window(home).Property(shortcutaction_inprogress), - window Prop shortcutaction_inprogress ,]

SKINNED PROPS SET ON FOCUS
  $VAR[debug_trailer_available,VAR Trailer:  ,]
  $INFO[Window(home).Property(listitemtrailer), listitemtrailer ,     |    ]$INFO[Window(home).Property(dbid),  dbid :,  ]$INFO[Window(home).Property(rating),  rating :,  ]$INFO[Window(home).Property(totalseasons),  totalseasons :,  ]$INFO[Window(home).Property(totalepisodes),  totalepisodes ,]$INFO[Window(home).Property(status),  status :,  ]

$INFO[ListItem.UserRating, userrating :,  ]$INFO[ListItem.Rating, rating :,  ]$INFO[ListItem.Rating(themoviedb), rating(themoviedb) :,  ]$INFO[ListItem.Rating(imdb), rating(imdb) :,  ]$INFO[ListItem.Rating(tvdb), rating(tvdb) :,  ]$INFO[ListItem.Rating(metacritic), rating(metacritic) :,  ]$INFO[ListItem.Rating(tomatometerallaudience), rating(tomatometerallaudience) :,  ]$INFO[ListItem.Rating(tomatometerallcritics), rating(tomatometerallcritics) :,  ]$INFO[ListItem.Rating(tomatometeravgaudience), rating(tomatometeravgaudience) :,  ]$INFO[ListItem.Rating(tomatometeraavgcritics), rating(tomatometeraavgcritics) :,  ]
vars
ImageLayout_fanart $VAR[ImageLayout_fanart,[COLOR cyan][B],[/B][/COLOR]]

listitem.art
ListItem.ActualIcon : $INFO[ListItem.ActualIcon]
ListItem.Icon : $INFO[ListItem.Icon]
ListItem.Art(thumb) : $INFO[ListItem.Art(thumb)]
Container.Art(fanart) : $INFO[Container.Art(fanart)]
ListItem.Art(fanart) : $INFO[ListItem.Art(fanart)]
ListItem.Art(tvshow.fanart) : $INFO[ListItem.Art(tvshow.fanart)]
ListItem.Art(artist.fanart) : $INFO[ListItem.Art(artist.fanart)]
ListItem.Art(albumartist.fanart) : $INFO[ListItem.Art(albumartist.fanart)]
Container.ListItem.Art(fanart) : $INFO[Container.ListItem.Art(fanart)]
Container.ListItem.Art(tvshow.fanart) : $INFO[Container.ListItem.Art(tvshow.fanart)]
Container.ListItem.Art(artist.fanart) : $INFO[Container.ListItem.Art(artist.fanart)]
Container.ListItem.Art(albumartist.fanart) : $INFO[Container.ListItem.Art(albumartist.fanart)]
"/>
</include>
</controls>
</window>
