<?xml version="1.0" encoding="utf-8"?>
<includes>
	<include name="container_header_simple">
		<param name="align" default="center" />
		<definition>
			<control type="group" id="$PARAM[groupid]">
				<height>40</height>
				<description>merge me later with universal header, used for settings heading,centered big bold</description>
				<visible>Integer.IsGreater(Container($PARAM[id]).NumItems,0) | Container($PARAM[id]).IsUpdating</visible>
				<control type="label">
					<visible>Control.HasFocus($PARAM[id])</visible>
					<top>5</top>
					<width>auto</width>
					<label>[UPPERCASE][B]$PARAM[label][/UPPERCASE][/B]</label>
					<aligny>top</aligny>
					<align>$PARAM[align]</align>
					<textcolor>$VAR[color_global_button_text_fo]</textcolor>
					<font>notosans_32_bold</font>
					<height>24</height>
					<visible>Integer.IsGreater(Container($PARAM[id]).NumItems,0) | !Container($PARAM[id]).IsUpdating</visible>
				</control>
				<control type="label">
					<visible>!Control.HasFocus($PARAM[id])</visible>
					<top>5</top>
					<width>auto</width>
					<label>[UPPERCASE]$PARAM[label][/UPPERCASE]</label>
					<aligny>top</aligny>
					<align>$PARAM[align]</align>
					<textcolor>$VAR[color_global_button_text_nf]</textcolor>
					<font>notosans_32_bold</font>
					<height>24</height>
					<visible>Integer.IsGreater(Container($PARAM[id]).NumItems,0) | !Container($PARAM[id]).IsUpdating</visible>
				</control>
			</control>
		</definition>
	</include>
	
	<include name="container_layout_icon">
		<param name="containertype" default="fixedlist" />
		<param name="containerheight" default="300" />
		<param name="width" default="300" />
		<param name="height" default="150" />
		<param name="movement" default="5" />
		<param name="focusposition" default="0" />
		<param name="builtin_window" default="global" />
		
		<definition>
		<control type="$PARAM[containertype]" id="$PARAM[id]">
			<top>50</top>
			<left>10</left>
			<width>100%</width>
			<height>$PARAM[containerheight]</height>
			
			<focusposition>$PARAM[focusposition]</focusposition>
			<movement>$PARAM[movement]</movement>
			<orientation>horizontal</orientation>
			<scrolltime tween="quadratic">400</scrolltime>
			
						
			<itemlayout height="$PARAM[height]" width="$PARAM[width]">
				<control type="group">
					<height>$PARAM[height]</height>
					<width>$PARAM[width]</width>
				<control type="image">
					<centerleft>50%</centerleft>
					<width>90%</width>
					<height>90%</height>
					<texture>$INFO[ListItem.Icon]</texture>
					<colordiffuse>$VAR[color_$PARAM[builtin_window]_item_nf]</colordiffuse>
					<aspectratio aligny="top" align="center">keep</aspectratio>
				</control>
				<control type="textbox">
					<height>60</height>
					<top>$PARAM[height].9</top>
					<width>$PARAM[width]</width>
					<align>center</align>
					<wrapmultiline>true</wrapmultiline>
					<label>$INFO[ListItem.Label]</label>
					<textcolor>$VAR[color_$PARAM[builtin_window]_item_nf]</textcolor>
					<font>notosans_25_regular_l_lowline</font>
				</control>
				</control>
			</itemlayout>
			<focusedlayout height="$PARAM[height]" width="$PARAM[width]">
				<control type="button">
					<visible allowhiddenfocus="true">false</visible>
					<onfocus>ClearProperty(menucontrol_active,home)</onfocus>
				</control>
				<control type="group">
					<height>$PARAM[height]</height>
					<width>$PARAM[width]</width>
					<visible>!Control.HasFocus($PARAM[id])</visible>
					<control type="image">
						<centerleft>50%</centerleft>
						<width>90%</width>
						<height>90%</height>
						<texture>$INFO[ListItem.Icon]</texture>
						<colordiffuse>$VAR[color_$PARAM[builtin_window]_item_nf]</colordiffuse>
						<align>center</align>
						<aspectratio aligny="top" align="center">keep</aspectratio>
					</control>
						<control type="textbox">
						<height>60</height>
						<top>$PARAM[height]</top>
						<width>$PARAM[width]</width>
						<align>center</align>
						<wrapmultiline>true</wrapmultiline>
						<label>$INFO[ListItem.Label]</label>
						<textcolor>$VAR[color_$PARAM[builtin_window]_item_nf]</textcolor>
						<font>notosans_25_regular_l_lowline</font>
					</control>
				</control>
				<control type="group">
					<height>$PARAM[height]</height>
					<width>$PARAM[width]</width>
					<visible>Control.HasFocus($PARAM[id])</visible>
					<include>Animation_Item_Focus</include>
				
					<control type="image">
						<centerleft>50%</centerleft>
						<width>90%</width>
						<height>90%</height>
						<texture>$INFO[ListItem.Icon]</texture>
						<colordiffuse>$VAR[color_$PARAM[builtin_window]_item_fo]</colordiffuse>
						<align>center</align>
						<aspectratio aligny="bottom" align="center">keep</aspectratio>
					</control>
					<control type="textbox">
						<height>60</height>
						<top>$PARAM[height]</top>
						<width>106%</width>
						<left>-3%</left>
						<align>center</align>
						<wrapmultiline>true</wrapmultiline>
						<label>$INFO[ListItem.Label,[B],[/B]]</label>
						<textcolor>$VAR[color_$PARAM[builtin_window]_item_fo]</textcolor>
						<font>notosans_25_regular_l_lowline</font>
					</control>
				</control>
			</focusedlayout>
			<nested />
			</control>
		</definition>
	</include>
	
	<include name="container_cast_circleframe">
		<control type="image">
			<description>Fallback aspect keep</description>
			<bordertexture colordiffuse="$PARAM[colordiffuse]">artworkdiffuse/circleborder.png</bordertexture>
			<texture background="true" diffuse="artworkdiffuse/circle.png" fallback="defaultactor.png">$INFO[ListItem.Thumb]</texture>
			<aspectratio scalediffuse="false" aligny="top" align="center">scale</aspectratio>
			<bordersize>$PARAM[artwork_bg_bordersize]</bordersize>
		</control>
		<control type="group">
			<control type="textbox">
				<autoscroll delay="2000" time="1500" repeat="1500">$PARAM[infotags_autoscroll]</autoscroll>
				<top>106%</top>
				<left>10</left>
				<right>10</right>
				<wrapmultiline>true</wrapmultiline>
				<height>60</height>
				<font>roboto_22_condensedregular</font>
				<align>center</align>
				<aligny>center</aligny>
				<textcolor>$VAR[color_spotlightlib_main]</textcolor>
				<selectedcolor>$VAR[color_spotlightlib_accent]</selectedcolor>
				<label>$VAR[Tag_label1][CR][COLOR $VAR[color_spotlightlib_secondary]]$VAR[Tag_label2][/COLOR]</label>
			</control>
		</control>
	</include>
		
	<!-- dont forget benefit of usage: nested , onunfocus  -->
	<include name="hiddenbutton_manage_skinpropertys">
		<control type="button">
			<visible allowhiddenfocus="true">false</visible>
			<nested />
			<include condition="Skin.HasSetting(autoplay_trailer_home) + Window.IsActive(home) + String.IsEqual(Skin.String(HomeLayout),WidgetsOnly)">home_listitem_propertys</include>
			<onfocus condition="!Window.IsActive(movieinformation) + !String.IsEmpty(Window(home).Property(trailer_avail))">ClearProperty(trailer_avail,home)</onfocus>
			<onfocus condition="!Window.IsActive(movieinformation) + !String.IsEmpty(Window(home).Property(listitemtrailer))">ClearProperty(listitemtrailer,home)</onfocus>
			<onfocus condition="!Window.IsActive(movieinformation) + [String.IsEmpty(listitem.trailer) + !String.IsEmpty(listitem.FolderName)] + [String.IsEqual(ListItem.DBtype,tvshow) | String.IsEqual(ListItem.DBtype,movie)]">RunScript(script.embuary.helper,action=lookforfile,file='"$INFO[listitem.path]$INFO[listitem.FolderName,,-trailer.mp4]"',prop=trailer_avail)</onfocus>
			<onfocus condition="!Window.IsActive(movieinformation) + !String.IsEmpty(listitem.trailer)">SetProperty(trailer_avail,listitem,home)</onfocus>
			<onfocus condition="!Window.IsActive(movieinformation) + String.IsEmpty(listitem.trailer) + [String.IsEqual(ListItem.DBtype,tvshow) | String.IsEqual(ListItem.DBtype,movie)]">SetProperty(listitemtrailer,$INFO[listitem.path]$INFO[listitem.FolderName,,-trailer.mp4],home)</onfocus>
			<onfocus condition="!Window.IsActive(movieinformation) + !String.IsEmpty(listitem.trailer)">SetProperty(listitemtrailer,$INFO[listitem.trailer],home)</onfocus>
			<onfocus condition="String.IsEqual(ListItem.DBtype,tvshow) + !string.IsEmpty(listitem.dbid)">SetProperty(dbid,$INFO[listitem.dbid],home)</onfocus>
			<onfocus condition="String.IsEqual(ListItem.DBtype,tvshow) + !string.IsEmpty(listitem.rating)">SetProperty(rating,$INFO[listitem.rating],home)</onfocus>
			<onfocus condition="String.IsEqual(ListItem.DBtype,tvshow) + [string.IsEmpty(listitem.rating) + !string.IsEmpty(listitem.userrating)]">SetProperty(rating,$INFO[listitem.userrating],home)</onfocus>
			<onfocus condition="String.IsEqual(ListItem.DBtype,tvshow) + !string.IsEmpty(listitem.Property(totalseasons))">SetProperty(totalseasons,$INFO[listitem.Property(totalseasons)],home)</onfocus>
			<onfocus condition="String.IsEqual(ListItem.DBtype,tvshow) + !string.IsEmpty(listitem.Property(totalepisodes))">SetProperty(totalepisodes,$INFO[listitem.Property(totalepisodes)],home)</onfocus>
			<onfocus condition="String.IsEqual(ListItem.DBtype,tvshow) + !string.IsEmpty(listitem.status)">SetProperty(status,$INFO[listitem.status],home)</onfocus>
			<onfocus condition="String.IsEqual(ListItem.DBtype,album) + !string.IsEmpty(ListItem.Property(Album_Description))">SetProperty(Album_Description,$ESCINFO[ListItem.Property(Album_Description)])</onfocus>
			<onfocus condition="[String.IsEqual(ListItem.DBtype,album) + string.IsEmpty(ListItem.Property(Album_Description))] | [!String.IsEqual(ListItem.DBtype,song) + !String.IsEqual(ListItem.DBtype,album)] + !String.IsEmpty(Window(music).Property(Album_Description))">ClearProperty(Album_Description,music)</onfocus>
			<onfocus condition="!String.IsEmpty(Window(home).Property(movie_tmdbid))">ClearProperty(movie_tmdbid,home)</onfocus>
			<onfocus condition="!String.IsEmpty(Window(home).Property(tvshow_tmdbid))">ClearProperty(tvshow_tmdbid,home)</onfocus>
			<onfocus condition="!String.IsEmpty(Window(home).Property(episodetvshow_tmdbid))">ClearProperty(episodetvshow_tmdbid,home)</onfocus>	
			<onfocus condition="String.IsEqual(ListItem.DBType,movie) + !String.IsEmpty(listitem.uniqueid(tmdb))">SetProperty(movie_tmdbid,$INFO[listitem.uniqueid(tmdb)],home)</onfocus>
			<onfocus condition="String.IsEqual(ListItem.DBType,movie) + [String.IsEmpty(listitem.uniqueid(tmdb)) + !String.IsEmpty(ListItem.Property(tmdb_id))]">SetProperty(movie_tmdbid,$INFO[ListItem.Property(tmdb_id)],home)</onfocus>
			<onfocus condition="String.IsEqual(ListItem.DBType,movie) + [String.IsEmpty(listitem.uniqueid(tmdb)) + String.IsEmpty(ListItem.Property(tmdb_id))] + !String.IsEmpty(ListItem.Property(id))">SetProperty(movie_tmdbid,$INFO[ListItem.Property(id)],home)</onfocus>
			<onfocus condition="String.IsEqual(ListItem.DBType,tvshow) + !String.IsEmpty(listitem.uniqueid(tmdb))">SetProperty(tvshow_tmdbid,$INFO[listitem.uniqueid(tmdb)],home)</onfocus>
			<onfocus condition="String.IsEqual(ListItem.DBType,tvshow) + [String.IsEmpty(listitem.uniqueid(tmdb)) + !String.IsEmpty(ListItem.Property(tmdb_id))]">SetProperty(tvshow_tmdbid,$INFO[ListItem.Property(tmdb_id)],home)</onfocus>
			<onfocus condition="String.IsEqual(ListItem.DBType,tvshow) + [String.IsEmpty(listitem.uniqueid(tmdb)) + String.IsEmpty(ListItem.Property(tmdb_id))] + !String.IsEmpty(ListItem.Property(id))">SetProperty(tvshow_tmdbid,$INFO[ListItem.Property(id)],home)</onfocus>
			<onfocus condition="String.IsEqual(ListItem.DBType,episode) + !String.IsEmpty(ListItem.Property(tvshow.tmdb_id))">SetProperty(episodetvshow_tmdbid,$INFO[ListItem.Property(tvshow.tmdb_id)],home)</onfocus>
			<onunfocus condition="!Window.IsActive(movieinformation) + !String.IsEmpty(Window(home).Property(TrailerIsPlaying))">PlayerControl(Stop)</onunfocus>
		</control>
	</include>
		
	<include name="Dialog_Containers">
		<param name="Container_Height" default="67%" />
		<definition>
		<control type="list" id="$PARAM[id]">
			<animation effect="fade" start="100" end="0" time="200" tween="sine" condition="[Window.IsActive(addonbrowser) | Window.IsActive(programs)] + Window.IsTopMost(addoninformation)">Conditional</animation>
			<viewtype label="535">list</viewtype>
			<posx>640</posx>
			<posy>250</posy>
			<width>640</width>
			<height>$PARAM[Container_Height]</height>
			<onleft>$PARAM[onleft]</onleft>
			<onright>$PARAM[id]60</onright>
			<onup condition="Control.IsVisible(8999)">8999</onup>
			<onup condition="!Control.IsVisible(8999)">$PARAM[id]</onup>
			<onfocus condition="String.IsEqual(Window(Home).Property(menucontrol_active),common)">ClearProperty(menucontrol_active,home)</onfocus>
			
			
			<ondown>$PARAM[id]</ondown>
			<pagecontrol>$PARAM[id]60</pagecontrol>
			<scrolltime tween="cubic" easing="out">300</scrolltime>
			<itemlayout height="$PARAM[layout_height]">
				<control type="image">
					<visible>String.IsEmpty(ListItem.Icon)</visible>
					<texture>frames/separator.png</texture>
				</control>
				<control type="image">
					<visible>!String.IsEmpty(ListItem.Icon)</visible>
					<visible>!ListItem.Property(addon.downloading)</visible>
					<visible>!ListItem.Property(addon.hasupdate)</visible>
					<width>$PARAM[layout_height]</width>
					<height>$PARAM[layout_height]</height>
					<bordersize>7</bordersize>
					<aspectratio scalediffuse="false" aligny="center" align="center">scale</aspectratio>
					<texture diffuse="diffuse/circle.png" fallback="defaultaddon.png">$INFO[ListItem.Icon]</texture>
				</control>
				<control type="image">
					<visible>!String.IsEmpty(ListItem.Icon)</visible>
					<visible>ListItem.Property(addon.downloading)</visible>
					<width>$PARAM[layout_height]</width>
					<height>$PARAM[layout_height]</height>
					<bordersize>30</bordersize>
					<aspectratio scalediffuse="false" aligny="center" align="center">keep</aspectratio>
					<texture diffuse="diffuse/circle.png" fallback="defaultaddon.png">$INFO[ListItem.Icon]</texture>
					<bordertexture colordiffuse="$VAR[color_global_button_text_nf]">special://skin/extras/busy/busyload2.apng</bordertexture>
				</control>
				<control type="image">
					<visible>!String.IsEmpty(ListItem.Icon)</visible>
					<visible>ListItem.Property(addon.hasupdate)</visible>
					<visible>!ListItem.Property(addon.downloading)</visible>
					<width>$PARAM[layout_height]</width>
					<height>$PARAM[layout_height]</height>
					<bordersize>30</bordersize>
					<aspectratio scalediffuse="false" aligny="center" align="center">keep</aspectratio>
					<texture diffuse="diffuse/circle.png" fallback="defaultaddon.png">$INFO[ListItem.Icon]</texture>
					<bordertexture colordiffuse="$VAR[color_global_button_text_fo]">icons/update.png</bordertexture>
				</control>
				<control type="image">
					<visible>[!String.IsEmpty(ListItem.AddonBroken) | ListItem.Property(addon.orphaned) | ListItem.Property(addon.isinstalled)]</visible>
					<visible>!ListItem.Property(addon.downloading)</visible>
					<left>85</left>
					<top>5</top>
					<width>32</width>
					<height>32</height>
					<texture colordiffuse="$VAR[color_global_button_text_nf]">$VAR[AddonStatus]</texture>
				</control>
				<control type="group">
					<visible>!String.IsEqual(ListItem.label,..)</visible>
					<control type="label">
						<left>$PARAM[layout_height]</left>
						<label>$INFO[ListItem.Label][CR]$VAR[addonupdate]</label>
						<textcolor>$VAR[color_global_button_text_nf]</textcolor>
						<scroll>true</scroll>
						<visible>$PARAM[icon_visible]</visible>
					</control>
					<control type="label">
						<left>20</left>
						<label>$INFO[ListItem.Label]</label>
						<textcolor>$VAR[color_global_button_text_nf]</textcolor>
						<scroll>true</scroll>
						<visible>!$PARAM[icon_visible]</visible>
					</control>
				</control>
			</itemlayout>
			<focusedlayout height="$PARAM[layout_height]">
				<control type="button">
					<description>allowhiddenfocus true doesnt matter here</description>
					<visible>false</visible>
					<onfocus condition="string.isequal(listitem.label,..) + Integer.IsEqual(Container.NumItems,0)">action(back)</onfocus>
				</control>
				<control type="image">
					<texture>colors/white.png</texture>
					<colordiffuse>$VAR[color_global_button_panel_fo]</colordiffuse>
				</control>
				<control type="image">
					<visible>String.IsEmpty(ListItem.Icon)</visible>
					<texture>frames/separator.png</texture>
				</control>
				<control type="image">
					<visible>!String.IsEmpty(ListItem.Icon)</visible>
					<visible>!ListItem.Property(addon.downloading)</visible>
					<visible>!ListItem.Property(addon.hasupdate)</visible>
					<width>$PARAM[layout_height]</width>
					<height>$PARAM[layout_height]</height>
					<bordersize>7</bordersize>
					<aspectratio scalediffuse="false" aligny="center" align="center">scale</aspectratio>
					<texture diffuse="diffuse/circle.png" fallback="defaultaddon.png">$INFO[ListItem.Icon]</texture>
				</control>
				<control type="image">
					<visible>!String.IsEmpty(ListItem.Icon)</visible>
					<visible>ListItem.Property(addon.downloading)</visible>
					<width>$PARAM[layout_height]</width>
					<height>$PARAM[layout_height]</height>
					<bordersize>30</bordersize>
					<aspectratio scalediffuse="false" aligny="center" align="center">keep</aspectratio>
					<texture diffuse="diffuse/circle.png" fallback="defaultaddon.png">$INFO[ListItem.Icon]</texture>
					<bordertexture colordiffuse="$VAR[color_global_button_text_fo]">special://skin/extras/busy/busyload2.apng</bordertexture>
				</control>
				<control type="image">
					<visible>!String.IsEmpty(ListItem.Icon)</visible>
					<visible>ListItem.Property(addon.hasupdate)</visible>
					<visible>!ListItem.Property(addon.downloading)</visible>
					<width>$PARAM[layout_height]</width>
					<height>$PARAM[layout_height]</height>
					<bordersize>30</bordersize>
					<aspectratio scalediffuse="false" aligny="center" align="center">keep</aspectratio>
					<texture diffuse="diffuse/circle.png" fallback="defaultaddon.png">$INFO[ListItem.Icon]</texture>
					<bordertexture colordiffuse="$VAR[color_global_button_text_fo]">icons/update.png</bordertexture>
				</control>
				<control type="image">
					<visible>[!String.IsEmpty(ListItem.AddonBroken) | ListItem.Property(addon.orphaned) | ListItem.Property(addon.isinstalled)]</visible>
					<visible>!ListItem.Property(addon.downloading)</visible>
					<left>85</left>
					<top>5</top>
					<width>32</width>
					<height>32</height>
					<texture colordiffuse="$VAR[color_global_button_text_fo]">$VAR[AddonStatus]</texture>
					<visible>Window.IsActive(addonbrowser)</visible>
				</control>
				<control type="group">
					<visible>!String.IsEqual(ListItem.label,..)</visible>
					
					<control type="label">
						<left>$PARAM[layout_height].9</left>
						<label>$INFO[ListItem.Label,[B],[/B]][CR]$VAR[addonupdate]</label>
						<textcolor>$VAR[color_global_button_text_fo]</textcolor>
						<scroll>true</scroll>
						<visible>$PARAM[icon_visible]</visible>
					</control>
					<control type="label">
						<left>20</left>
						<label>$INFO[ListItem.Label,[B],[/B]]</label>
						<textcolor>$VAR[color_global_button_text_fo]</textcolor>
						<scroll>true</scroll>
						<visible>!$PARAM[icon_visible]</visible>
					</control>
				</control>
			</focusedlayout>
		</control>
		<control type="scrollbar" id="$PARAM[id]60">
			<left>66.7%</left>
			<posy>250</posy>
			<height>$PARAM[Container_Height]</height>
			<onleft>$PARAM[id]</onleft>
		</control>
		</definition>
	</include>
	
	<include name="Dialog_CommonInfo">
		<param name="Def_Icon" default="$INFO[ListItem.Icon]" />
		<param name="Header_posy" default="140" />
		<param name="Header_label" default="[UPPERCASE][B]$INFO[System.CurrentWindow][/B][/UPPERCASE]" />
		<definition>
			<control type="image">
				<left>5%</left>
				<centertop>50%</centertop>
				<width>460</width>
				<height>460</height>
				<aspectratio>keep</aspectratio>
				<fadetime>150</fadetime>
				<texture>$PARAM[Def_Icon]</texture>
			</control>
			<control type="label">
				<posy>$PARAM[Header_posy]</posy>
				<label>$PARAM[Header_label]</label>
				<textcolor>$VAR[color_global_button_text_fo]</textcolor>
				<visible>!Window.IsActive(addonbrowser) + !Window.IsActive(programs)</visible>
				<left>33.3%</left>
				<width>33.3%</width>
				<height>120</height>
				<align>center</align>
				<aligny>bottom</aligny>
				<wrapmultiline>true</wrapmultiline>
			</control>
			<control type="textbox">
				<visible>!Window.IsTopMost(addoninformation)</visible>
				<left>68%</left>
				<width>30%</width>
				<height>100%</height>
				<label>$PARAM[Item_Description]</label>
				<textcolor>ffffffff</textcolor>
			</control>
			<control type="textbox">
				<visible>Window.IsTopMost(addoninformation)</visible>
				<left>34%</left>
				<width>30%</width>
				<height>100%</height>
				<label>$PARAM[Item_Description]</label>
				<textcolor>$VAR[color_global_button_text_fo]</textcolor>
			</control>
		</definition>
	</include>
	
	
	<!-- 
	compare the layouts and get universal using only fanart vars
	
	- square,circle,disc	Resolution 	1000w x 1000h					Aspect Ratio 	1:1 
	- PosterVar				Resolution 	1000w x 1500h					Aspect Ratio 	2:3 
	- BANNER 				Resolution 	1000w x 185h				 	Aspect Ratio 	200:37 
 	- ClearLogo 			Resolution 	800w x 310h						Aspect Ratio 	80:31 
	- fanart,landscape		Resolution 	1920w x 1080h, 1000w x 562h		Aspect Ratio 	16:9 
										960w x 540h 480x270
	-->
	<!-- unresolved colors - get variable - forced_color -->
	<include name="layout_overlay_dimmer">
		<param name="diffusedimtext" default="colors/white.png" />
		<param name="bordersize" default="8" />
		<definition>
		<control type="group">
			<animation reversible="false" effect="fade" start="0" end="100" time="350" tween="quadratic" easing="in">Focus</animation>
			<animation reversible="false" effect="fade" start="100" end="0" time="0">UnFocus</animation>
			<control type="image">
				<description>temp solution for ... folder</description>
				<visible>![String.Contains(ListItem.Icon,default) + String.IsEqual(ListItem.Label,..)]</visible>
				<bordersize>$PARAM[bordersize]</bordersize>
				<colordiffuse>ff000000</colordiffuse>
				<texture diffuse="$PARAM[diffusedimtext]">overlay/overlaydiffusor.png</texture>
			</control>
			<control type="group">
				<visible>!String.IsEqual(ListItem.Label,$LOCALIZE[284])</visible>
				<visible>![String.IsEqual(ListItem.FileExtension,jpg) | String.IsEqual(ListItem.FileExtension,png)]</visible>
				<description>get listitem.dbtype at container content</description>
				
				<control type="image">
					<centerleft>50%</centerleft>
					<centertop>50%</centertop>
					<width>35%</width>
					<height>35%</height>
					<colordiffuse>$VAR[color_widgetoverlayicon]</colordiffuse>
					<aspectratio scalediffuse="false" align="center" aligny="center">keep</aspectratio>
					<texture>overlay/overlayplay.png</texture>
					<visible>$EXP[Is_MediaFileItem]</visible>
				</control>
				<control type="image">
					<centerleft>50%</centerleft>
					<centertop>50%</centertop>
					<width>25%</width>
					<height>25%</height>
					<colordiffuse>$VAR[color_widgetoverlayicon]</colordiffuse>
					<aspectratio scalediffuse="false" align="center" aligny="center">keep</aspectratio>
					<texture>overlay/overlayfolder.png</texture>
					<visible>$EXP[Is_MediaFolderItem]</visible>
				</control>
			</control>
		</control>
		</definition>
	</include>
	
	<include name="Universal_ContainerHeader">
		<param name="align" default="left" />
		<param name="top" default="60" />
		<param name="show_seperator_and_listitem" default="!Window.IsActive(home) | [Window.IsActive(home) + Skin.HasSetting(ShowFocusedLabelInHeader_Home)]" />
		<param name="label_color" default="$VAR[universalcontainer_headercolor]" />
		<definition>
			<control type="grouplist" id="$PARAM[groupid]">
				<description>need get animation in sync</description>
				<top>$PARAM[top]</top>
				<height>60</height>
				<nested />
				<orientation>horizontal</orientation>
				<usecontrolcoords>true</usecontrolcoords>
				<itemgap>10</itemgap>
				<animation condition="Window.IsActive(home) + Skin.HasSetting(Home_SectionWidgets)" type="Visible">
					<effect type="fade" start="0" end="100" time="250" tween="sine" delay="250" easing="out" />
					<effect type="slide" start="320" end="0" time="400" delay="250" tween="cubic" easing="out" />
				</animation>
				<animation condition="Window.IsActive(home) + Skin.HasSetting(Home_SectionWidgets)" type="Hidden">
					<effect type="fade" start="100" end="0" time="0" tween="sine" easing="out" />
					<effect type="slide" start="0" end="320" time="0" tween="cubic" easing="out" />
				</animation>
				<align>$PARAM[align]</align>
				<control type="label">
					<top>22</top>
					<left>15</left>
					<width>auto</width>
					<label>[B]$PARAM[label][/B]</label>
					<aligny>center</aligny>
					<textcolor>$PARAM[label_color]</textcolor>
					<font>notosans_26_semibold</font>
					<height>24</height>
					<visible>Integer.IsGreater(Container($PARAM[id]).NumItems,0) | !Container($PARAM[id]).IsUpdating</visible>
				</control>
				<control type="label">
					<visible>$PARAM[show_seperator_and_listitem]</visible>
					<visible>Control.HasFocus($PARAM[id]) + [Integer.IsGreater(Container($PARAM[id]).NumItems,0) + !Container($PARAM[id]).IsUpdating]</visible>
					<visible>String.IsEmpty(Window(home).Property(CastMemberThumb))</visible>
					<top>17</top>
					<width>auto</width>
					<label>$VAR[Universal_WidgetHeader_Seperator]</label>
					<aligny>center</aligny>
					<textcolor>$VAR[universalcontainer_seperatorcolor]</textcolor>
					<font>notosans_36_bold</font>
					<height>24</height>
					<visible>Control.HasFocus($PARAM[id])</visible>
					<visible>String.IsEmpty(Window(home).Property(CastMemberThumb))</visible>
					<visible>[!Window.IsActive(home) + Control.HasFocus($PARAM[id])] | [[Window.IsActive(home) + Skin.HasSetting(ShowFocusedLabelInHeader_Home)] + Control.HasFocus($PARAM[id])]</visible>
					<visible>Integer.IsGreater(Container($PARAM[id]).NumItems,0) + !Container($PARAM[id]).IsUpdating</visible>
				</control>
				<control type="label">
					<visible>$PARAM[show_seperator_and_listitem]</visible>
					<visible>Control.HasFocus($PARAM[id]) + [Integer.IsGreater(Container($PARAM[id]).NumItems,0) + !Container($PARAM[id]).IsUpdating]</visible>
					<visible>String.IsEmpty(Window(home).Property(CastMemberThumb))</visible>
					<visible>!String.IsEmpty(Container($PARAM[id]).ListItem.Label)</visible>
					<top>20</top>
					<width>auto</width>
					<label>$VAR[Universal_WidgetHeaderListItem]</label>
					<aligny>center</aligny>
					<textcolor>$PARAM[label_color]</textcolor>
					<font>notosans_25_regular_l_lowline</font>
					<height>24</height>
				</control>
				<control type="image">
					<visible>Container($PARAM[id]).IsUpdating</visible>
					<top>10</top>
					<width>40</width>
					<height>40</height>
					<aspectratio scalediffuse="false" align="center" aligny="center">keep</aspectratio>
					<texture colordiffuse="$VAR[universalcontainer_seperatorcolor]">special://skin/extras/busy/skypishball.apng</texture>
					<aspectratio align="center" aligny="center">keep</aspectratio>
				</control>
			</control>
        </definition>
    </include>
	
	<include name="Universal_Container">
		<param name="type" default="panel" />
		<param name="type_height" default="400" />
		<param name="type_pos_top" default="50" />
		<param name="type_orientation" default="horizontal" />
		<param name="item_artwork_bordercolor_fo" default="$VAR[color_universalcontainer_itemframe_fo]" />
		<param name="item_artwork_bordercolor_nf" default="$VAR[color_universalcontainer_itemframe_nf]" />
		<param name="item_infotags_visible" default="true" />
		<param name="item_infotags_bgpanel_visible" default="true" />
		<param name="item_overlay_circle" default="false" />
		<param name="item_overlay_fanart" default="false" />
		<param name="item_overlay_banner" default="false" />
		<param name="item_manage_skinpropertys" default="true" />
		<param name="item_focusoverlay_visible" default="true" />
		<param name="item_infobox_right_visible" default="false" />
		<param name="item_infobox_right_width" default="900" />
		<param name="item_artwork_diffuse_themed" default="String.IsEqual(ListItem.Label,..) | !Skin.HasTheme(Roundedge) | [Skin.HasTheme(Roundedge) + $EXP[HiddentagPanel]]" />
		<param name="item_artwork_diffuse_override" default="!String.IsEqual(ListItem.Label,..) + Skin.HasTheme(Roundedge) + $EXP[VisibletagPanel]" />
		<definition>
		<control type="$PARAM[type]" id="$PARAM[id]">
			<nested />
			<visible>$PARAM[visible]</visible>
			<orientation>$PARAM[type_orientation]</orientation>
			<preloaditems>2</preloaditems>
			<scrolltime tween="quadratic">400</scrolltime>
			<top>$PARAM[type_pos_top]</top>
			<height>$PARAM[type_height]</height>
			<itemlayout height="$PARAM[layout_height]" width="$PARAM[layout_width]">
				<control type="group">
					<width>$PARAM[itemwidth]</width>
					<height>$PARAM[itemheight]</height>
					<include content="universal_itemlayout">
						<param name="artwork" value="$PARAM[item_artwork_name]" />
						<param name="artwork_focusoverlay_visible" value="false" />
						<param name="artwork_bg_bordersize" value="6" />
						<param name="artwork_bordercolor" value="$PARAM[item_artwork_bordercolor_nf]" />
							<param name="artwork_overlay_circle" value="$PARAM[item_overlay_circle]" />
							<param name="artwork_overlay_landscape" value="$PARAM[item_overlay_fanart]" />
							<param name="artwork_overlay_banner" value="$PARAM[item_overlay_banner]" />
							<param name="artwork_diffuse_themed" value="$PARAM[item_artwork_diffuse_themed]" />
							<param name="artwork_diffuse_override" value="$PARAM[item_artwork_diffuse_override]" />
						<param name="infotags_visible" value="$PARAM[item_infotags_visible]" />
							<param name="infotags_bgpanel_visible" value="$PARAM[item_infotags_bgpanel_visible]" />
							<param name="infotags_bgpanel_color" value="$VAR[color_universalcontainer_itemtag_bgpanel_nf]" />
							<param name="infotags_label1_color" value="$VAR[color_universalcontainer_itemtag_label1_nf]" />
							<param name="infotags_label2_color" value="$VAR[color_universalcontainer_itemtag_label2_nf]" />
							<param name="infotags_autoscroll" value="false" />
					</include>
				</control>
				<control type="group">
					<description>info layout - UniversalWidgetInfo</description>
					<animation effect="fade" end="30" condition="true">Conditional</animation>
					<left>$PARAM[itemwidth]</left>
					<height>$PARAM[itemheight]</height>
					<width>$PARAM[item_infobox_right_width]</width>
					<visible>$PARAM[item_infobox_right_visible]</visible>
					<include condition="$PARAM[item_infobox_right_visible]" content="UniversalWidgetInfo" />
				</control>
			</itemlayout>
			<focusedlayout height="$PARAM[layout_height]" width="$PARAM[layout_width]">
				<include condition="$PARAM[item_manage_skinpropertys]" content="hiddenbutton_manage_skinpropertys" />
				<control type="group">
					<width>$PARAM[itemwidth]</width>
					<height>$PARAM[itemheight]</height>
					<include condition="true">Animation_Item_Focus</include>
					<control type="group">
						<include content="universal_itemlayout">
							<param name="artwork" value="$PARAM[item_artwork_name]" />
							<param name="artwork_focusoverlay_visible" value="$PARAM[item_focusoverlay_visible]" />
							<param name="artwork_bg_bordersize" value="4" />
							<param name="artwork_bordercolor" value="$PARAM[item_artwork_bordercolor_fo]" />
								<param name="artwork_overlay_circle" value="$PARAM[item_overlay_circle]" />
								<param name="artwork_overlay_landscape" value="$PARAM[item_overlay_fanart]" />
								<param name="artwork_overlay_banner" value="$PARAM[item_overlay_banner]" />
							<param name="artwork_diffuse_themed" value="$PARAM[item_artwork_diffuse_themed]" />
							<param name="artwork_diffuse_override" value="$PARAM[item_artwork_diffuse_override]" />
							<param name="infotags_visible" value="$PARAM[item_infotags_visible]" />
								<param name="infotags_bgpanel_visible" value="$PARAM[item_infotags_bgpanel_visible]" />
								<param name="infotags_bgpanel_color" value="$VAR[color_universalcontainer_itemtag_bgpanel_fo]" />
								<param name="infotags_label1_color" value="$VAR[color_universalcontainer_itemtag_label1_fo]" />
								<param name="infotags_label2_color" value="$VAR[color_universalcontainer_itemtag_label2_fo]" />
								<param name="infotags_autoscroll" value="true" />
						</include>
					</control>
				</control>
				<control type="group">
					<left>$PARAM[itemwidth]</left>
					<height>$PARAM[itemheight]</height>
					<width>$PARAM[item_infobox_right_width]</width>
					<visible>$PARAM[item_infobox_right_visible]</visible>
					<include condition="$PARAM[item_infobox_right_visible]" content="UniversalWidgetInfo" />
				</control>
			</focusedlayout>
		</control>
		</definition>
	</include>
	
	<include name="universal_itemlayout">
		<param name="artwork_overlay_circle" default="false" />
		<param name="artwork_overlay_landscape" default="false" />
		<param name="artwork_overlay_banner" default="false" />
		<param name="artwork_diffuse_themed" default="String.IsEqual(ListItem.Label,..) | !Skin.HasTheme(Roundedge) | [Skin.HasTheme(Roundedge) + $EXP[HiddentagPanel]]" />
		<param name="artwork_diffuse_override" default="!String.IsEqual(ListItem.Label,..) + Skin.HasTheme(Roundedge) + $EXP[VisibletagPanel]" />
		<param name="infotags_bgpanel_visible" default="true" />
		<definition>
		<control type="group">
			<visible>$PARAM[artwork_diffuse_themed]</visible>
			<include content="unilayout_subcall_artwork">
				<param name="artwork" value="$PARAM[artwork]" />
				<param name="artwork_bordercolor" value="$PARAM[artwork_bordercolor]" />
				<param name="artwork_bg_bordersize" value="$PARAM[artwork_bg_bordersize]" />
				<param name="themeprefix" value="" />
			</include>
			<include condition="$PARAM[artwork_focusoverlay_visible] + !$PARAM[artwork_overlay_circle]" content="layout_overlay_dimmer">
				<param name="diffusedimtext" value="artworkdiffuse/$PARAM[artwork].png" />
			</include>
		</control>
		<control type="group">
			<visible>$PARAM[artwork_diffuse_override]</visible>
			<include content="unilayout_subcall_artwork">
				<param name="artwork" value="$PARAM[artwork]" />
				<param name="artwork_bordercolor" value="$PARAM[artwork_bordercolor]" />
				<param name="artwork_bg_bordersize" value="$PARAM[artwork_bg_bordersize]" />
				<param name="themeprefix" value="/usebganel" />
			</include>
			<include condition="$PARAM[artwork_focusoverlay_visible] + !$PARAM[artwork_overlay_circle]" content="layout_overlay_dimmer">
				<param name="diffusedimtext" value="artworkdiffuse/usebganel/$PARAM[artwork].png" />
			</include>
		</control>
		<control type="group">
			<description>ClearLogo Overlay Circle Items</description>
			<visible>$PARAM[artwork_overlay_circle]</visible>
			<control type="image">
				<visible>![[Container.Content(Seasons) | String.IsEqual(ListItem.dbtype,season)] | [Container.Content(Episodes) | String.IsEqual(ListItem.dbtype,episode)] | [Container.Content(Albums) | String.IsEqual(ListItem.dbtype,album)]]</visible>
				<visible>
					!String.IsEmpty(ListItem.Art(tvshow.clearlogo)) | 
					!String.IsEmpty(ListItem.Art(clearlogo)) | 
					!String.IsEmpty(ListItem.Art(artist.clearlogo)) | 
					!String.IsEmpty(ListItem.Art(albumartist.clearlogo))
				</visible>
				<top>70%</top>
				<height>50%</height>
				<left>10</left>
				<right>10</right>
				<texture background="true">$VAR[ListItemClearLogo]</texture>
				<aspectratio align="center" aligny="center">keep</aspectratio>
			</control>
			<control type="textbox">
				<description>43.3 1 row</description>
				<visible>[[Container.Content(Seasons) | String.IsEqual(ListItem.dbtype,season)] | [Container.Content(Episodes) | String.IsEqual(ListItem.dbtype,episode)] | [Container.Content(Albums) | String.IsEqual(ListItem.dbtype,album)]] | 
					String.IsEmpty(ListItem.Art(tvshow.clearlogo)) +
					String.IsEmpty(ListItem.Art(artist.clearlogo)) +
					String.IsEmpty(ListItem.Art(albumartist.clearlogo)) +
					String.IsEmpty(ListItem.Art(clearlogo))
				</visible>
				<visible>!String.IsEqual(ListItem.label,..)</visible>
				<autoscroll delay="3000" time="2000" repeat="3000">$PARAM[infotags_autoscroll]</autoscroll>
				<top>90%</top>
				<left>5</left>
				<right>5</right>
				<wrapmultiline>true</wrapmultiline>
				<height max="100">auto</height>
				<font>roboto_25_condensedbold</font>
				<align>center</align>
				<aligny>top</aligny>
				<textcolor>white</textcolor>
				<shadowcolor>black</shadowcolor>
				<selectedcolor>white</selectedcolor>
				<label>$INFO[ListItem.Label]</label>
			</control>
		</control>
		<control type="group">
			<description>ClearLogo Overlay - Fanart Items</description>
			<visible>$PARAM[artwork_overlay_landscape]</visible>
			<animation effect="slide" start="0,0" end="25,-15" condition="Skin.HasTheme(Roundedge)">conditional</animation>
			<control type="image">
				<visible>
				[[$EXP[IsEpisode]] | 
					[[$EXP[IsMovie] | $EXP[IsTVShow] | $EXP[IsSeason] | $EXP[IsArtist]] + 
						String.IsEmpty(ListItem.Art(tvshow.landscape)) +
						String.IsEmpty(ListItem.Art(artist.landscape)) +
						String.IsEmpty(ListItem.Art(albumartist.landscape)) +
						String.IsEmpty(ListItem.Art(landscape))]
				]
				</visible>
				<visible>
					[!String.IsEmpty(ListItem.Art(clearlogo)) + !$EXP[IsEpisode]] | 
					[!String.IsEmpty(ListItem.Art(tvshow.clearlogo)) + [$EXP[IsEpisode] | $EXP[IsSeason]]] | 
					!String.IsEmpty(ListItem.Art(artist.clearlogo)) | 
					!String.IsEmpty(ListItem.Art(albumartist.clearlogo))
				</visible>
				<bottom>20</bottom>
				<left>10</left>
				<right>10</right>
				<height>50%</height>
				<width>50%</width>
				<texture background="true">$VAR[ListItemClearLogo]</texture>
				<aspectratio align="left" aligny="bottom">keep</aspectratio>
			</control>
		</control>
		<control type="group">
			<description>ClearLogo Overlay - Banner Items</description>
			<visible>$PARAM[artwork_overlay_banner]</visible>
			<control type="image">
				<visible>
					String.IsEmpty(ListItem.Art(tvshow.banner)) +
					String.IsEmpty(ListItem.Art(artist.banner)) +
					String.IsEmpty(ListItem.Art(albumartist.banner)) +
					String.IsEmpty(ListItem.Art(banner))
				</visible>
				<visible>
					[!String.IsEmpty(ListItem.Art(clearlogo)) + !$EXP[IsEpisode]] | 
					[!String.IsEmpty(ListItem.Art(tvshow.clearlogo)) + $EXP[IsEpisode]] | 
					!String.IsEmpty(ListItem.Art(artist.clearlogo)) | 
					!String.IsEmpty(ListItem.Art(albumartist.clearlogo))
				</visible>
				<bordersize>15</bordersize>
				<aspectratio scalediffuse="false" align="center" aligny="center">keep</aspectratio>
				<texture background="true">$VAR[ListItemClearLogo]</texture>
			</control>
			<control type="label">
				<visible>[String.IsEqual(ListItem.DBTYPE,album) | String.IsEqual(ListItem.DBTYPE,song) | String.IsEqual(ListItem.DBTYPE,episode)] | 
					[!String.IsEqual(ListItem.DBTYPE,album) | !String.IsEqual(ListItem.DBTYPE,song) | !String.IsEqual(ListItem.DBTYPE,episode)] +
					String.IsEmpty(ListItem.Art(tvshow.banner)) +
					String.IsEmpty(ListItem.Art(artist.banner)) +
					String.IsEmpty(ListItem.Art(albumartist.banner)) +
					String.IsEmpty(ListItem.Art(banner)) + 
					String.IsEmpty(ListItem.Art(tvshow.clearlogo)) +
					String.IsEmpty(ListItem.Art(artist.clearlogo)) +
					String.IsEmpty(ListItem.Art(albumartist.clearlogo)) +
					String.IsEmpty(ListItem.Art(clearlogo))
				</visible>
				<visible>!String.IsEqual(ListItem.label,..)</visible>
				<left>5%</left>
				<width>90%</width>
				<height>100%</height>
				<align>center</align>
				<aligny>center</aligny>
				<label>$INFO[ListItem.Label]</label>
				<font>roboto_32_condensedbold</font>
				<textcolor>white</textcolor>
				<shadowcolor>black</shadowcolor>
			</control>	
		</control>
		<control type="group">
			<description>Taglines Bottom</description>
			<visible>$PARAM[infotags_visible]</visible>
			<visible>!$PARAM[artwork_overlay_circle]</visible>
			<visible>!String.IsEqual(ListItem.label,..)</visible>
			<control type="image">
				<visible>$PARAM[infotags_bgpanel_visible]</visible>
				<top>97%</top>
				<bordersize>$PARAM[artwork_bg_bordersize],0,$PARAM[artwork_bg_bordersize],$PARAM[artwork_bg_bordersize]</bordersize>
				<height>80</height>
				<texture colordiffuse="$PARAM[infotags_bgpanel_color]">artworkdiffuse/tagbottom/tagpanel$PARAM[artwork].png</texture>
			</control>
			<control type="textbox">
				<autoscroll delay="2000" time="1500" repeat="1500">$PARAM[infotags_autoscroll]</autoscroll>
				<description>unresolved themerounded offset x, some times h100 is good idea-e.g. profiles</description>
				<top>101%</top>
				<left>10</left>
				<right>10</right>
				<wrapmultiline>true</wrapmultiline>
				<height>60</height>
				<font>roboto_22_condensedregular</font>
				<align>center</align>
				<aligny>center</aligny>
				<textcolor>$PARAM[infotags_label1_color]</textcolor>
				<selectedcolor>white</selectedcolor>
				<label>$VAR[Tag_label1][CR][COLOR=$PARAM[infotags_label2_color]]$VAR[Tag_label2][/COLOR]</label>
			</control>
		</control>
		<control type="group">
			<visible>!$PARAM[artwork_overlay_circle]</visible>
			<animation effect="slide" start="0,0" end="0,-7" time="0" condition="Control.IsVisible(520)">conditional</animation>
			<left>10</left>
			<right>10</right>
			<animation type="conditional" condition="Skin.HasTheme(Roundedge) + !$PARAM[infotags_bgpanel_visible]" reversible="false">
				<effect type="zoom" start="100,100" end="70,100" center="50%,100%" time="0" />
			</animation>
			<include content="ProgressBarOverlay" />
		</control>
		</definition>
    </include>
	
	<include name="unilayout_subcall_artwork">
		<control type="image">
			<description>testing framed border instead fullbg texture</description>
			<texture>artworkdiffuse$PARAM[themeprefix]/$PARAM[artwork]border.png</texture>
			<colordiffuse>$PARAM[artwork_bordercolor]</colordiffuse>
			<bordersize>$PARAM[artwork_bg_bordersize]</bordersize>
		</control>
		<control type="image">
			<description>temp workaround for def white or very bright border, may an if not cond needed def icons</description>
			<texture colordiffuse="66131313">artworkdiffuse$PARAM[themeprefix]/$PARAM[artwork].png</texture>
			<bordersize>8</bordersize>
			<visible>String.Contains(ListItem.Icon,default)</visible>
		</control>
		<control type="image">
			<description>default, aspectratio scalediffuse="true" aligny="center" align="center" stretch</description>
			<texture background="true" diffuse="artworkdiffuse$PARAM[themeprefix]/$PARAM[artwork].png">$VAR[ImageLayout_$PARAM[artwork]]</texture>
			<bordersize>8</bordersize>
			<visible>!String.IsEmpty(ListItem.Art($PARAM[artwork])) + [!String.IsEqual(ListItem.dbtype,studio) | String.IsEmpty(ListItem.ChannelName)]</visible>
		</control>
		<control type="image">
			<description>Fallback aspect scale</description>
			<texture background="true" diffuse="artworkdiffuse$PARAM[themeprefix]/$PARAM[artwork].png">$VAR[ImageLayout_$PARAM[artwork]]</texture>
			<aspectratio scalediffuse="false" aligny="center" align="center">scale</aspectratio>
			<bordersize>8</bordersize>
			<visible>String.IsEmpty(ListItem.Art($PARAM[artwork])) + [!String.IsEqual(ListItem.dbtype,studio) | String.IsEmpty(ListItem.ChannelName)]</visible>
		</control>
		<control type="group">
			<visible>$EXP[label_content]</visible>
			<control type="image">
				<visible>$EXP[label_content]</visible>
				<texture diffuse="artworkdiffuse$PARAM[themeprefix]/$PARAM[artwork].png" colordiffuse="ff131313">colors/white.png</texture>
				<aspectratio scalediffuse="false" aligny="center" align="center">stretch</aspectratio>
				<bordersize>8</bordersize>
			</control>
			<control type="textbox">
				<visible>$EXP[label_content]</visible>
				<label>$VAR[ChannelStudio_Name]</label>
				<centertop>50%</centertop>
				<align>center</align>
				<wrapmultiline>true</wrapmultiline>
				<left>10</left>
				<right>10</right>
				<font>notosans_18_bold</font>
			</control>
			<control type="image">
				<visible>[!Container.Content(playlists) + !String.IsEqual(ListItem.dbtype,genre) + !Container.Content(years) + !String.IsEqual(ListItem.dbtype,tag) + !String.IsEqual(ListItem.dbtype,director) + String.IsEqual(ListItem.dbtype,studio)] | !String.IsEmpty(ListItem.ChannelName)</visible>
				<description>fallback abuse, maybe bad for loading times</description>
				<left>8</left>
				<right>8</right>
				<top>8</top>
				<bottom>8</bottom>
				<bordersize>8</bordersize>
				<bordertexture diffuse="artworkdiffuse$PARAM[themeprefix]/$PARAM[artwork].png" colordiffuse="ff131313">colors/white.png</bordertexture>
				<texture background="true" fallback="$INFO[ListItem.Label,resource://resource.images.studios.color/,.png]" diffuse="artworkdiffuse/usebganel/$PARAM[artwork].png">$VAR[ChannelStudio_Icon]</texture>
				<aspectratio scalediffuse="false" aligny="center" align="center">keep</aspectratio>
			</control>
		</control>
	</include>
	
	<include name="UniversalWidgetInfo">
		<control type="label">
			<top>0</top>
			<left>50</left>
			<font>notosans_36_bold</font>
			<height>50</height>
			<align>left</align>
			<aligny>bottom</aligny>
			<scroll delay="2000">true</scroll>
			<scrollspeed>40</scrollspeed>
			<textcolor>$VAR[color_lib_accent]</textcolor>
			<info>ListItem.Title</info>
		</control>
		<control type="textbox">
			<top>70</top>
			<left>50</left>
			<font>notosans_27_semibold</font>
			<bottom>50</bottom>
			<align>left</align>
			<aligny>top</aligny>
			<autoscroll>false</autoscroll>
			<textcolor>$VAR[color_lib_text_main]</textcolor>
			<info>ListItem.Plot</info>
		</control>
		<control type="textbox">
			<bottom>0</bottom>
			<left>50</left>
			<font>notosans_18_bold</font>
			<height>30</height>
			<align>left</align>
			<aligny>top</aligny>
			<autoscroll>false</autoscroll>
			<textcolor>$VAR[color_lib_accent]</textcolor>
			<label>$INFO[ListItem().Duration(m),, $LOCALIZE[12391]]</label>
		</control>
		<control type="textbox">
			<bottom>0</bottom>
			<left>50</left>
			<font>notosans_18_bold</font>
			<height>30</height>
			<align>right</align>
			<aligny>top</aligny>
			<autoscroll>false</autoscroll>
			<textcolor>$VAR[color_lib_accent]</textcolor>
			<info>ListItem.Premiered</info>
		</control>
	</include>
	
	<include name="WatchedIndicatorLayout">
		<top>0</top>
		<right>0</right>
    </include>
	<include name="ProgressBarOverlay">
		<control type="progress">
			<description>common</description>
			<bottom>0</bottom>
			<height>3</height>
			<visible>$EXP[IsMovie] | $EXP[IsEpisode]</visible>
			<visible>String.IsEqual(ListItem.Overlay,OverlayUnWatched.png) + ListItem.IsResumable</visible>
			<info>ListItem.PercentPlayed</info>
		</control>
		<control type="image">
			<description>compromise shows in progress 100 percent=Episodes.Count,calc percent=Episodes.Watched</description>
			<bottom>0</bottom>
			<height>3</height>
			<width>50%</width>
			<visible>[$EXP[IsSeason] | [$EXP[IsTVShow]]] + [String.IsEqual(ListItem.Overlay,OverlayUnWatched.png) + !String.IsEqual(ListItem.Property(TotalEpisodes), ListItem.Property(UnWatchedEpisodes))]</visible>
			<texture colordiffuse="$VAR[color_universalcontainer_watchedoverlay_progressbar_progress]">colors/white.png</texture>
		</control>
		<control type="image">
			<description>watched</description>
			<bottom>0</bottom>
			<height>3</height>
			<texture colordiffuse="$VAR[color_universalcontainer_watchedoverlay_progressbar_progress]">colors/white.png</texture>
			<visible>$EXP[IsMovie] | $EXP[IsEpisode] | $EXP[IsSeason] | $EXP[IsTVShow]</visible>
			<visible>String.IsEqual(ListItem.Overlay,OverlayWatched.png) | [Integer.IsGreater(ListItem.PlayCount,0) + !ListItem.IsResumable]</visible>
		</control>
		<control type="image">
			<description>unwatched</description>
			<bottom>0</bottom>
			<height>3</height>
			<visible>false</visible>
			<texture colordiffuse="$VAR[color_universalcontainer_watchedoverlay_progressbar_remain]">colors/white.png</texture>
			<visible>$EXP[IsMovie] | $EXP[IsEpisode] | $EXP[IsSeason] | $EXP[IsTVShow]</visible>
			<visible>String.IsEqual(ListItem.Overlay,OverlayUnWatched.png) + !ListItem.IsResumable</visible>
		</control>
		<control type="progress">
			<description>pvr</description>
			<bottom>0</bottom>
			<height>3</height>
			<visible>ListItem.HasEpg</visible>
			<info>ListItem.Progress</info>
		</control>
	</include>
	
	<include name="ClearLogoOverlay">
		<control type="image">
			<visible>
				[!String.IsEmpty(ListItem.Art(clearlogo)) + !$EXP[IsEpisode]] | 
				[!String.IsEmpty(ListItem.Art(tvshow.clearlogo)) + $EXP[IsEpisode]] | 
				!String.IsEmpty(ListItem.Art(artist.clearlogo)) | 
				!String.IsEmpty(ListItem.Art(albumartist.clearlogo))
			</visible>
			<bottom>-70</bottom>
			<height>50%</height>
			<texture background="true">$VAR[ListItemClearLogo]</texture>
			<aspectratio align="center" aligny="center">keep</aspectratio>
		</control>
		<control type="textbox">
			<visible>
				String.IsEmpty(ListItem.Art(tvshow.clearlogo)) +
				String.IsEmpty(ListItem.Art(artist.clearlogo)) +
				String.IsEmpty(ListItem.Art(albumartist.clearlogo)) +
				String.IsEmpty(ListItem.Art(clearlogo))</visible>
			<visible>!String.IsEqual(ListItem.label,..)</visible>
			<autoscroll delay="2000" time="1500" repeat="1500">$PARAM[infotags_autoscroll]</autoscroll>
			<bottom>-70</bottom>
			<left>5</left>
			<right>5</right>
			<wrapmultiline>true</wrapmultiline>
			<height max="105">auto</height>
			<font>roboto_32_condensedbold</font>
			<align>center</align>
			<aligny>center</aligny>
			<textcolor>$VAR[color_universalcontainer_itemtag_label1_fo]</textcolor>
			<selectedcolor>white</selectedcolor>
			<label>$INFO[ListItem.Label,[B],[/B]]</label>
		</control>
	</include>
	
	<variable name="ImageLayout_poster">
		<value condition="!String.IsEmpty(ListItem.Property(icon))">$INFO[ListItem.Property(icon)]</value>
		<value condition="String.IsEqual(ListItem.Label,..)">defaultfolderback.png</value>
		<value condition="String.IsEqual(ListItem.Label,$LOCALIZE[21452])">defaultaddoninputstream.png</value>
		<value condition="String.IsEqual(ListItem.Label,$LOCALIZE[20462])">defaultaddsource.png</value>
		<value condition="String.IsEqual(ListItem.dbtype,studio)">$INFO[ListItem.Label,resource://resource.images.studios.white/,.png]</value>
		<value condition="Window.IsActive(videos) + String.IsEqual(ListItem.DBTYPE,genre)">defaultgenre.png</value>
		<value condition="Window.IsActive(music) + String.IsEqual(ListItem.DBTYPE,genre)">defaultmusicgenres.png</value>
		<value condition="String.IsEqual(ListItem.dbtype,director)">defaultdirector.png</value>
		<value condition="Container.Content(years)">defaultyear.png</value>
		<value condition="Skin.HasSetting(EnableAnimatedPosters) + !String.IsEmpty(ListItem.Art(animatedposter))">$INFO[ListItem.Art(animatedposter)]</value>
		<value condition="String.StartsWith(ListItem.Label,* ) + !String.IsEmpty(Container.Art(poster))">$INFO[Container.Art(poster)]</value>
		<value condition="String.StartsWith(ListItem.Label,* ) + !String.IsEmpty(Container.Art(thumb))">$INFO[Container.Art(thumb)]</value>
		<value condition="!String.IsEmpty(ListItem.Art(season.poster))">$INFO[ListItem.Art(season.poster)]</value>
		<value condition="!String.IsEmpty(ListItem.Art(poster))">$INFO[ListItem.Art(poster)]</value>
		<value condition="String.IsEmpty(listitem.art(thumb)) + String.IsEqual(listitem.dbtype,artist) + !String.IsEmpty(ListItem.Art(fanart))">$INFO[ListItem.Art(fanart)]</value>
			<value condition="Window.IsActive(pvrguideinfo) + !String.IsEmpty(ListItem.EpgEventIcon)">$INFO[ListItem.EpgEventIcon]</value>
		<value condition="Window.IsActive(pvrguideinfo)">$VAR[ChannelStudio_Icon]</value>
		<value condition="!String.IsEmpty(ListItem.Icon)">$INFO[ListItem.Icon]</value>
	</variable>
	<variable name="ImageLayout_fanart">
		<value condition="!String.IsEmpty(ListItem.Property(icon))">$INFO[ListItem.Property(icon)]</value>
		<value condition="String.IsEqual(ListItem.Label,..)">defaultfolderback.png</value>
		<value condition="String.IsEqual(ListItem.Label,$LOCALIZE[21452])">defaultaddoninputstream.png</value>
		<value condition="String.IsEqual(ListItem.Label,$LOCALIZE[20462])">defaultaddsource.png</value>
		<value condition="String.IsEqual(ListItem.dbtype,studio)">$INFO[ListItem.Label,resource://resource.images.studios.white/,.png]</value>
		<value condition="Window.IsActive(videos) + String.IsEqual(ListItem.DBTYPE,genre)">defaultgenre.png</value>
		<value condition="Window.IsActive(music) + String.IsEqual(ListItem.DBTYPE,genre)">defaultmusicgenres.png</value>
		<value condition="String.IsEqual(ListItem.dbtype,director)">defaultdirector.png</value>
		<value condition="Container.Content(years)">defaultyear.png</value>
		<value condition="String.StartsWith(ListItem.Label,* ) + !String.IsEmpty(Container.Art(fanart))">$INFO[Container.Art(fanart)]</value>
		<value condition="String.StartsWith(ListItem.Label,* ) + !String.IsEmpty(Container.Art(landscape))">$INFO[Container.Art(landscape)]</value>
		<value condition="[[$EXP[IsEpisode]] | [$EXP[IsAlbum]] | [$EXP[IsSong]] | String.Contains(ListItem.Path,youtube)] + !String.IsEmpty(ListItem.Icon)">$INFO[ListItem.Icon]</value>
		<value condition="[$EXP[IsSeason]] + [!String.IsEmpty(ListItem.Art(fanart)) + !String.IsEqual(ListItem.Art(tvshow.fanart), ListItem.Art(fanart))]">$INFO[ListItem.Art(fanart)]</value>
		<value condition="!String.IsEmpty(ListItem.Art(animatedfanart)) + Skin.HasSetting(PreferAnimatedFanart)">$INFO[ListItem.Art(animatedfanart)]</value>
		<value condition="!String.IsEmpty(ListItem.Art(season.fanart))">$INFO[ListItem.Art(season.fanart)]</value>
        <value condition="!String.IsEmpty(ListItem.Art(tvshow.fanart))">$INFO[ListItem.Art(tvshow.fanart)]</value>
		<value condition="!String.IsEmpty(ListItem.Art(fanart))">$INFO[ListItem.Art(fanart)]</value>
		<value condition="!String.IsEmpty(ListItem.Art(poster))">$INFO[ListItem.Art(poster)]</value>
		<value condition="!String.IsEmpty(ListItem.Icon)">$INFO[ListItem.Icon]</value>
    </variable>
	<variable name="ImageLayout_circle">
		<value>$VAR[ImageLayout_fanart]</value>
    </variable>
	<variable name="ImageLayout_landscape">
		<value condition="!String.IsEmpty(ListItem.Property(icon))">$INFO[ListItem.Property(icon)]</value>
		<value condition="String.IsEqual(ListItem.Label,..)">defaultfolderback.png</value>
		<value condition="String.IsEqual(ListItem.Label,$LOCALIZE[21452])">defaultaddoninputstream.png</value>
		<value condition="String.IsEqual(ListItem.Label,$LOCALIZE[20462])">defaultaddsource.png</value>
		<value condition="String.IsEqual(ListItem.dbtype,studio)">$INFO[ListItem.Label,resource://resource.images.studios.white/,.png]</value>
		<value condition="Window.IsActive(videos) + String.IsEqual(ListItem.DBTYPE,genre)">defaultgenre.png</value>
		<value condition="Window.IsActive(music) + String.IsEqual(ListItem.DBTYPE,genre)">defaultmusicgenres.png</value>
		<value condition="String.IsEqual(ListItem.dbtype,director)">defaultdirector.png</value>
		<value condition="Container.Content(years)">defaultyear.png</value>
		<value condition="String.IsEqual(ListItem.Art(thumb),OverlaySpoiler.png) + !String.IsEmpty(ListItem.Art(tvshow.landscape))">$INFO[ListItem.Art(tvshow.landscape)]</value>
		<value condition="String.IsEqual(ListItem.Art(thumb),OverlaySpoiler.png) + !String.IsEmpty(ListItem.Art(tvshow.fanart))">$INFO[ListItem.Art(tvshow.fanart)]</value>
		<value condition="String.StartsWith(ListItem.Label,* ) + !String.IsEmpty(Container.Art(landscape))">$INFO[Container.Art(landscape)]</value>
		<value condition="String.StartsWith(ListItem.Label,* ) + !String.IsEmpty(Container.Art(fanart))">$INFO[Container.Art(fanart)]</value>
		<value condition="String.StartsWith(ListItem.Label,* ) + !String.IsEmpty(Container.Art(thumb))">$INFO[Container.Art(thumb)]</value>
		<value condition="[[$EXP[IsEpisode]] | [$EXP[IsAlbum]] | [$EXP[IsSong]] | String.Contains(ListItem.Path,youtube)] + !String.IsEmpty(ListItem.Icon)">$INFO[ListItem.Icon]</value>
		<value condition="[$EXP[IsSeason]] + [!String.IsEmpty(ListItem.Art(landscape)) + !String.IsEqual(ListItem.Art(tvshow.landscape), ListItem.Art(landscape))]">$INFO[ListItem.Art(landscape)]</value>
		<value condition="!String.IsEmpty(ListItem.Art(animatedfanart)) + Skin.HasSetting(PreferAnimatedFanart)">$INFO[ListItem.Art(animatedfanart)]</value>
        <value condition="!String.IsEmpty(ListItem.Art(season.landscape))">$INFO[ListItem.Art(season.landscape)]</value>
        <value condition="!String.IsEmpty(ListItem.Art(tvshow.landscape))">$INFO[ListItem.Art(tvshow.landscape)]</value>
        <value condition="!String.IsEmpty(ListItem.Art(landscape))">$INFO[ListItem.Art(landscape)]</value>
		<value condition="String.IsEmpty(ListItem.Art(landscape))">$VAR[ImageLayout_fanart]</value>
	</variable>
	<variable name="ImageLayout_banner">
		<value condition="!String.IsEmpty(ListItem.Property(icon))">$INFO[ListItem.Property(icon)]</value>
		<value condition="String.IsEqual(ListItem.Label,..)">defaultfolderback.png</value>
		<value condition="String.IsEqual(ListItem.Label,$LOCALIZE[21452])">defaultaddoninputstream.png</value>
		<value condition="String.IsEqual(ListItem.Label,$LOCALIZE[20462])">defaultaddsource.png</value>
		<value condition="String.IsEqual(ListItem.dbtype,studio)">$INFO[ListItem.Label,resource://resource.images.studios.white/,.png]</value>
		<value condition="Window.IsActive(videos) + String.IsEqual(ListItem.DBTYPE,genre)">defaultgenre.png</value>
		<value condition="Window.IsActive(music) + String.IsEqual(ListItem.DBTYPE,genre)">defaultmusicgenres.png</value>
		<value condition="String.IsEqual(ListItem.dbtype,director)">defaultdirector.png</value>
		<value condition="Container.Content(years)">defaultyear.png</value>
		<value condition="String.StartsWith(ListItem.Label,* ) + !String.IsEmpty(ListItem.Art(banner))">$INFO[ListItem.Art(banner)]</value>
		<value condition="String.StartsWith(ListItem.Label,* ) + !String.IsEmpty(Container.Art(landscape))">$INFO[Container.Art(landscape)]</value>
		<value condition="String.StartsWith(ListItem.Label,* ) + !String.IsEmpty(Container.Art(fanart))">$INFO[Container.Art(fanart)]</value>
		<value condition="String.StartsWith(ListItem.Label,* ) + !String.IsEmpty(Container.Art(thumb))">$INFO[Container.Art(thumb)]</value>
		<value condition="!String.IsEmpty(ListItem.Art(artist.banner))">$INFO[ListItem.Art(artist.banner)]</value>
		<value condition="!String.IsEmpty(ListItem.Art(albumartist.banner))">$INFO[ListItem.Art(albumartist.banner)]</value>
		<value condition="!String.IsEmpty(ListItem.Art(thumb)) + String.IsEqual(ListItem.dbtype,episode)">$INFO[ListItem.Art(thumb)]</value>
		<value condition="!String.IsEmpty(ListItem.Art(banner))">$INFO[ListItem.Art(banner)]</value>
		<value condition="!String.IsEmpty(ListItem.Art(artist.fanart))">$INFO[ListItem.Art(artist.fanart)]</value>
		<value condition="!String.IsEmpty(ListItem.Art(albumartist.fanart))">$INFO[ListItem.Art(albumartist.fanart)]</value>
		<value condition="!String.IsEmpty(ListItem.Art(tvshow.fanart))">$INFO[ListItem.Art(tvshow.fanart)]</value>
		<value condition="!String.IsEmpty(ListItem.Art(season.fanart))">$INFO[ListItem.Art(season.fanart)]</value>
		<value condition="!String.IsEmpty(ListItem.Art(fanart))">$INFO[ListItem.Art(fanart)]</value>
		<value condition="String.IsEmpty(ListItem.Art(banner))">$VAR[ImageLayout_landscape]</value>
	</variable>
	<variable name="ImageLayout_square">
	  <value>$VAR[ImageLayout_poster]</value>
    </variable>
	<variable name="ImageLayout_thumb">
		<value>$VAR[ImageLayout_poster]</value>
	</variable>
</includes>
