<?xml version="1.0" encoding="UTF-8"?>
<window>
	<defaultcontrol always="true">8000</defaultcontrol>
	<onload>ClearProperty(AdditionalInfo)</onload>
	<onload>RunScript(script.embuary.helper,action=resetposition,container=8601||8602||8603||8604||8605||8606||8607||8608||8609||8622)</onload>
	<onload>RunScript(script.embuary.helper,action=encode,string='"$VAR[EncodeTitle]"',prop=EncodedTitle)</onload>
	<onload condition="!string.isempty(listitem.dbid) + [container.content(movies) | String.IsEqual(ListItem.DBTYPE,movie)]">RunScript(script.embuary.helper,action=lookforfile,file='"$VAR[extrasLocation_lookup]"',prop=bonuscontentavail)</onload>
	<!-- maybe auto close dialog and open embuary.info window() if not media from lib ? -->
	
	<onunload>ClearProperty(AdditionalInfo)</onunload>
	<onunload>ClearProperty(EncodedTitle,home)</onunload>
	<onunload condition="!String.IsEmpty(Window(home).Property(bonuscontentavail))">ClearProperty(bonuscontentavail,home)</onunload>	
	<onunload condition="!String.IsEmpty(Window(home).Property(cast_storedpath))">ClearProperty(cast_storedpath,home)</onunload>
	
	
	<animation type="WindowOpen">
		<effect type="fade" start="0" end="100" time="300" tween="sine" easing="in" />
		<effect type="zoom" center="50%,50%" start="0" end="100" time="300" tween="cubic" easing="out" />
	</animation>
	<animation type="WindowClose">
		<effect type="fade" start="100" end="0" time="300" tween="sine" easing="out" />
		<effect type="zoom" center="50%,50%" start="100" end="0" time="300" tween="cubic" easing="out" />
	</animation>
   
    <controls>
	
	<include content="videoinfo_fetch_OST_local" condition="!Skin.HasSetting(VideoInfo_Content_Library_OST)" />
		
	
		<control type="image">
			<description>trailer dimmedbg</description>
			<animation effect="fade" start="0" end="100" time="600">VisibleChange</animation>
			<visible>$EXP[TrailerIsPlaying]</visible>
			<texture colordiffuse="$VAR[color_lib_backgroundlayer4]">colors/white50.png</texture>
		</control>
		
		<control type="group">
			<visible>!Window.IsActive(filebrowser)</visible>
			<visible>String.IsEmpty(Window(home).Property(movieinformation))</visible>
			<include content="Animation_TransitionFadeOut">
				<param name="condition" value="[Control.HasFocus(8903) | Window.IsActive(textviewer) | Window.IsVisible(script-embuary-video.xml) | Window.IsVisible(script-embuary-person.xml) | Window.IsVisible(script-embuary-image.xml) | Window.IsVisible(1104)]" />
			</include>
				
			<control type="group">
				<description>bottom info fade studio + folderpath</description>
				<visible>String.IsEqual(Window.Property(AdditionalInfo),infolist) | $EXP[TrailerIsPlaying]</visible>
				<animation effect="fade" end="30" time="0" condition="true">conditional</animation>
				<animation effect="fade" start="0" end="100" time="450">VisibleChange</animation>
				<include content="studiologo_image">
					<visible>$EXP[ListItemClearLogo_IsEmpty]</visible>
					<param name="color" value="$VAR[color_lib_text_main]"/>
					<bottom>20</bottom>
					<right>50</right>
				</include>
				<include content="studiologo_image">
					<visible>![$EXP[ListItemClearLogo_IsEmpty]]</visible>
					<param name="color" value="$VAR[color_lib_text_main]"/>
					<top>140</top>
					<left>470</left>
				</include>
				<control type="label">
					<align>left</align>
					<left>150</left>
					<bottom>2</bottom>
					<width>95%</width>
					<height>40</height>
					<font>font20_title</font>
					<textcolor>$VAR[color_lib_text_secondary]</textcolor>
					<label>$INFO[ListItem.Folderpath,[B]$LOCALIZE[573]:[/B]    ,]</label>
					<visible>!String.IsEmpty(ListItem.Folderpath)</visible>
				</control>
			</control>
			
			<control type="group">
				<visible>$EXP[TrailerIsPlaying]</visible>
				<animation effect="fade" start="0" end="100" time="750">VisibleChange</animation>
				<left>100</left>
				<top>260</top>
				<width>960</width>
				<height>540</height>
				<control type="image">
					<texture>colors/white.png</texture>
					<colordiffuse>ff000000</colordiffuse>
				</control>
				<control type="videowindow" />
			</control>
			
			<control type="group">
				<description>Info right</description>
				<visible>!String.IsEqual(Window.Property(AdditionalInfo),infocontainer)</visible>
				<animation effect="fade" start="0" end="100" time="450">VisibleChange</animation>
				<width>500</width>
				<height>750</height>
				<right>50</right>
				<top>150</top>
				
				<include content="DiscArt">
					<param name="size" value="440" />
					<top>120</top>
					<animation effect="slide" start="0" end="-420,0" tween="cubic" easing="inout" time="500" delay="100">VisibleChange</animation>
					<visible>String.IsEqual(Window.Property(AdditionalInfo),infolist)</visible>
				</include>
				<control type="image">
					<height>660</height>
					<width>440</width>
					<description>thumb - test keep</description>
					<aspectratio align="center" aligny="top" scalediffuse="true">stretch</aspectratio>
					<texture background="true" diffuse="diffuse/poster.png" border="5">$VAR[ImageLayout_poster]</texture>
					<!-- <texture background="true" diffuse="artworkdiffuse/poster.png" border="5">$VAR[ImageLayout_poster]</texture> -->
				</control>
				<control type="image">
					<height>660</height>
					<width>440</width>
					<description>overlay - maybe optional or remove and just simple frame instead</description>
					<visible>!String.IsEqual(ListItem.DBType,musicvideo)</visible>
					<aspectratio align="center" aligny="top" scalediffuse="true">stretch</aspectratio>
					<texture background="true" colordiffuse="grey" diffuse="diffuse/poster.png">overlay/postertorna.png</texture>
					<!-- <texture background="true" colordiffuse="grey" diffuse="artworkdiffuse/poster.png">overlay/tornpostera.png</texture> -->
				</control>
				<include content="stars_rating">
					<top>-40</top>
					<param name="width" value="440" />
					<param name="height" value="55" />
					<param name="alignx" value="center" />
					<param name="colordiffuse" value="$VAR[color_lib_accent]" />
				</include>
				<include content="Ratings_Footer">
					<!-- 
					<visible>String.IsEqual(Window.Property(AdditionalInfo),infolist) | $EXP[TrailerIsPlaying]</visible>
					<animation effect="fade" start="0" end="100" time="450">VisibleChange</animation>
					-->
					<top>670</top>
					<param name="align" value="center" />
					<param name="offset_left" value="0" />
					<param name="right" value="0" />
					<param name="forcedcolor" value="$VAR[color_lib_text_main]" />
					
				</include>
			</control>
			
			<control type="group">
				<description>Window Heading for Container Items</description>
				<visible>String.IsEqual(Window.Property(AdditionalInfo),infocontainer)</visible>
				<animation effect="fade" start="0" end="100" time="500" reversible="false">VisibleChange</animation>
				<control type="image">
					<top>170</top>
					<width>1880</width>
					<height>1</height>
					<texture colordiffuse="$VAR[color_lib_text_secondary]">colors/white50.png</texture>
				</control>
				<control type="label">
					<height>25</height>
					<right>50</right>
					<top>110</top>
					<width>400</width>
					<font>Bold32</font>
					<textcolor>$VAR[color_lib_text_main]</textcolor>
					<align>right</align>
					<label>$VAR[DialogInfo_Header]</label>
				</control>
			</control>
			
			<control type="group">
				<animation effect="slide" end="0,-120" time="600" condition="String.IsEqual(Window.Property(AdditionalInfo),infocontainer)">Conditional</animation>
				<left>150</left>
				<top>140</top>
				<control type="image">
					<visible>!$EXP[ListItemClearLogo_IsEmpty]</visible>
					<width>495</width>
					<height>143</height>
					<fadetime>600</fadetime>
					<aspectratio align="left" aligny="bottom">keep</aspectratio>
					<texture background="true">$VAR[ListItemClearLogo]</texture>
				</control>
				<control type="label">
					<visible>$EXP[ListItemClearLogo_IsEmpty]</visible>
					<top>50</top>
					<height>80</height>
					<right>600</right>
					<wrapmultiline>true</wrapmultiline>
					<font>font_MainMenu</font>
					<align>left</align>
					<textcolor>$VAR[color_lib_text_main]</textcolor>
					<label>$VAR[Title]</label>
				</control>
			</control>
			
			<control type="grouplist">
				<description>Meta Data - left center</description>
				<animation effect="slide" end="0,-850" time="550" tween="cubic" reversible="true" condition="String.IsEqual(Window.Property(AdditionalInfo),infocontainer)">Conditional</animation>
				<animation effect="fade" start="100" end="0" time="650" reversible="false" condition="String.IsEqual(Window.Property(AdditionalInfo),infocontainer)">Conditional</animation>
				<animation effect="slide" end="0,950" time="550" tween="cubic" reversible="true" condition="String.IsEqual(Window.Property(AdditionalInfo),infolist)">Conditional</animation>
				<animation effect="fade" start="100" end="0" time="650" reversible="false" condition="String.IsEqual(Window.Property(AdditionalInfo),infolist)">Conditional</animation>
				<animation effect="fade" start="100" end="0" time="600" condition="$EXP[TrailerIsPlaying]">conditional</animation>
				
				<width>1250</width>
				<height>1000</height>
				<orientation>vertical</orientation>
				<usecontrolcoords>true</usecontrolcoords>
				<itemgap>5</itemgap>
				<left>150</left>
				<top>300</top>
				<include>Animation_OpenClose_Zoom</include>
				
				<control type="label">
					<description>kodi bug for seasons if using dbtype check</description>
					<visible>[$EXP[IsEpisode]] | [$EXP[IsSeason]] | !String.IsEmpty(ListItem.TagLine)</visible>
					<height>50</height>
					<label>$VAR[value_subheader]</label>
					<font>Tagline</font>
					<textcolor>$VAR[color_lib_accent]</textcolor>
				</control>
				
				<control type="textbox">
					<description>Plot</description>
					<width>800</width>
					<height>188</height>
					<label>$VAR[Plots]</label>
					<textcolor>$VAR[color_lib_text_main]</textcolor>
					<align>left</align>
					<font>PlotSemiBold</font>
				</control>
				<include content="spacer_h">
					<param name="gap" value="20" />
				</include>
				
				<control type="grouplist">
					<description>meta flags</description>
					<usecontrolcoords>true</usecontrolcoords>
					<orientation>horizontal</orientation>
					<left>0</left>
					<itemgap>25</itemgap>
					<height>90</height>
					
					<include content="framedflag">
						<param name="id" />
						<param name="color" value="$VAR[color_lib_text_main]" />
						<visible>!String.IsEmpty(ListItem.Status)</visible>
						<top>25</top>
						<height>40</height>
						<width min="32">auto</width>
						<font>font20_title</font>
						<label>$INFO[ListItem.Status]</label>
					</include>
					
					<include content="studiologo_image">
						<visible>!String.IsEmpty(Control.GetLabel(7999)) + !String.IsEmpty(ListItem.Studio)</visible>
						<param name="id" value="7999"/>
						<param name="aligny" value="center"/>
						<param name="alignx" value="left"/>
						<param name="width" value="130"/>
						<param name="height" value="90"/>
						<param name="color" value="$VAR[color_lib_text_main]"/>
					</include>
						
					<include content="framedflag">
						<param name="id" />
						<param name="color" value="$VAR[color_lib_text_main]" />
						<visible>String.IsEmpty(Control.GetLabel(7999)) + !String.IsEmpty(ListItem.Studio)</visible>
						<width max="200">auto</width>
						<height>90</height>
						<font>DialogListItem</font>
						<label>$INFO[ListItem.Studio]</label>
						<wrapmultiline>true</wrapmultiline>
					</include>
					
					<control type="label">
						<width min="50">auto</width>
						<font>PlotSemiBold</font>
						<label>$VAR[ListItemPremieredOrYear]</label>
						<textcolor>$VAR[color_lib_text_main]</textcolor>
					</control>
					
					<include content="framedflag">
						<param name="color" value="$VAR[color_lib_text_main]" />
						<visible>!String.IsEmpty(ListItem.MPAA)</visible>
						<top>25</top>
						<height>40</height>
						<width min="32">auto</width>
						<font>font20_title</font>
						<label>$INFO[ListItem.mpaa]</label>
					</include>
					
					<control type="label">
						<width min="32">auto</width>
						<font>SearchControl</font>
						<label>$VAR[ListItemDurationWithEndTime]</label>
						<textcolor>$VAR[color_lib_text_main]</textcolor>
						<visible>String.IsEmpty(ListItem.Property(TotalEpisodes))</visible>
					</control>
					
					<control type="label">
						<width min="32">auto</width>
						<font>SearchControl</font>
						<label>$INFO[ListItem.Property(TotalEpisodes),$LOCALIZE[20360]: ,  •  ]$INFO[ListItem.Property(unWatchedepisodes),$LOCALIZE[16101]: ,]</label>
						<textcolor>$VAR[color_lib_text_main]</textcolor>
						<visible>!String.IsEmpty(ListItem.Property(TotalEpisodes))</visible>
					</control>
					<include content="framedflag">
						<param name="color" value="$VAR[color_lib_text_main]" />
						<visible>!String.IsEmpty(ListItem.genre)</visible>
						<top>25</top>
						<height>40</height>
						<width min="32">auto</width>
						<font>font20_title</font>
						<label>$INFO[ListItem.genre]</label>
					</include>
				</control>
					
				<control type="grouplist">
					<description>progress</description>
					<usecontrolcoords>true</usecontrolcoords>
					<orientation>horizontal</orientation>
					<itemgap>40</itemgap>
					<height>50</height>
					<width>950</width>
					<visible>![Container.content(tvshows) | String.IsEqual(ListItem.DBTYPE,tvshow)]</visible>
					<control type="progress">
						<top>30</top>
						<width>700</width>
						<height>2</height>
						<align>left</align>
						<visible>Integer.IsGreater(ListItem.PercentPlayed,0)</visible>
						<info>ListItem.PercentPlayed</info>
					</control>
					<control type="image">
						<top>30</top>
						<width>700</width>
						<height>2</height>
						<align>left</align>
						<texture colordiffuse="$VAR[color_lib_watchedoverlay_progressbar_progress]">colors/white.png</texture>
						<visible>[Integer.IsGreater(ListItem.PlayCount,0) + !ListItem.IsResumable]</visible>
					</control>
					<control type="image">
						<top>30</top>
						<width>700</width>
						<height>2</height>
						<align>left</align>
						<texture colordiffuse="$VAR[color_lib_watchedoverlay_progressbar_remain]">colors/white.png</texture>
						<visible>[!Integer.IsGreater(ListItem.PlayCount,0) + !ListItem.IsResumable]</visible>
					</control>
					<control type="label">
						<top>0</top>
						<width>auto</width>
						<font>SearchControl</font>
						<align>left</align>
						<label>$VAR[PercentPlayed]</label>
						<textcolor>$VAR[color_lib_text_main]</textcolor>
					</control>
				</control>
			</control>
			
			<control type="group">
				<description>Media Flags</description>
				<visible>String.IsEqual(Window.Property(AdditionalInfo),infolist) | $EXP[TrailerIsPlaying]</visible>
				<animation effect="fade" start="0" end="100" time="450">VisibleChange</animation>
				<height>150</height>
				<bottom>100</bottom>
				<left>100</left>
				<include content="MediaFlagGroup_Footer">
					<param name="mediaflag_offset_align" value="left" />
					<param name="mediaflag_width" value="70%" />
					<param name="forcedcolor" value="$VAR[color_lib_text_secondary]" />
				</include>
			</control>
					
			
			<control type="grouplist" id="8000">
				<animation effect="fade" start="100" end="0" time="350" reversible="true" condition="String.IsEqual(Window.Property(AdditionalInfo),infocontainer)">Conditional</animation>
				<animation effect="slide" end="0,100" time="350" reversible="true" condition="String.IsEqual(Window.Property(AdditionalInfo),infolist) | $EXP[TrailerIsPlaying]">Conditional</animation>
				<top>850</top>
				<left>150</left>
				<right>620</right>
				<height>55</height>
				<itemgap>10</itemgap>
				
				<onup condition="String.IsEmpty(Window.Property(AdditionalInfo))">SetFocus(8006)</onup>
				
				<ondown>SetFocus(8005)</ondown>
				
				<onleft>8000</onleft>
				<onright>8000</onright>
				<pagecontrol>60</pagecontrol>
				<orientation>horizontal</orientation>
				
				<control type="button" id="8">
					<description>play native</description>
					<visible>!Skin.HasSetting(VideoInfo_Button_play)</visible>
					<include>Button_VideoInfo</include>
					<label>208</label>
				</control>
				
				<control type="button" id="9">
					<description>resume native</description>
					<visible>!Skin.HasSetting(VideoInfo_Button_play) + ListItem.IsResumable</visible>
					<include>Button_VideoInfo</include>
					<label>13404</label>
				</control>
				
				<control type="button" id="20">
					<description>show textviewer plot</description>
					<visible>!Skin.HasSetting(VideoInfo_Button_Plot)</visible>
					<include>Button_VideoInfo</include>
					<label>$LOCALIZE[207]</label>
					<onclick>RunScript(script.embuary.helper,action=textviewer,header='$ESCINFO[ListItem.Title]',message='$ESCINFO[ListItem.Plot]')</onclick>
				</control>
				
				<control type="togglebutton" id="21">
					<description>Play Trailer</description>
					<visible>!Skin.HasSetting(VideoInfo_Button_Trailer) + $EXP[Has_Trailer]</visible>
					<include>Button_VideoInfo</include>
					<label>20410</label>
					<onclick condition="!String.IsEmpty(ListItem.Trailer)">PlayMedia($INFO[ListItem.Trailer],1)</onclick>
					<onclick condition="String.IsEmpty(ListItem.Trailer) + [!String.IsEmpty(Window(home).Property(listitemtrailer)) + !String.IsEmpty(Window(home).Property(trailer_avail))]">PlayMedia($INFO[Window(home).Property(listitemtrailer)],1)</onclick>
					<onclick>SetProperty(TrailerIsPlaying,true,home)</onclick>
					<usealttexture>!String.IsEmpty(Window(Home).Property(TrailerIsPlaying))</usealttexture>
					<altlabel>244</altlabel>
					<altclick>FullScreen</altclick>
				</control>
				
				<control type="button" id="122">
					<visible>!String.IsEmpty(Window(Home).Property(TrailerIsPlaying))</visible>
					<include>Button_VideoInfo</include>
					<label>36044</label>
					<onclick>Stop</onclick>
				</control>
				
				<control type="button" id="23">
					<description>Embuary TMDB Info</description>
					<visible>!Skin.HasSetting(EmbuaryTMDBInfo) + System.HasAddon(script.embuary.info)</visible>
					<include>Button_VideoInfo</include>
					<label>Embuary TMDB Info</label>
					<onclick condition="!String.IsEqual(ListItem.DBTYPE,musicvideo) + String.IsEmpty(ListItem.TvShowTitle)">RunScript(script.embuary.info,call=movie,query='"$INFO[ListItem.Label]"')</onclick>
					<onclick condition="!String.IsEmpty(ListItem.TvShowTitle)">RunScript(script.embuary.info,call=tv,query='"$INFO[ListItem.TvShowTitle]"')</onclick>
				</control>
				
				<control type="button" id="7">
					<description>native set user rating, use setprop to get cond layout for rating in dialogselect based or use cond based on header</description>
					<visible>!Skin.HasSetting(VideoInfo_Button_Rate) + Control.IsEnabled(7)</visible>
					<include>Button_VideoInfo</include>
					<label>Rate Title</label>
				</control>
				
				<control type="button" id="10">
					<description>native get Thumb</description>
					<visible>!Skin.HasSetting(VideoInfo_Button_KodiGetThumb)</visible>
					<include>Button_VideoInfo</include>
					<label>13511</label>
				</control>
				
				<control type="button" id="24">
					<description>ArtworkBeef get Thumb</description>
					<visible>[String.IsEqual(ListItem.DBType,tvshow) | String.IsEqual(ListItem.DBType,movie) | String.IsEqual(ListItem.DBType,musicvideo) | String.IsEqual(ListItem.DBType,episode)] + [system.hasaddon(script.artwork.beef) + !Skin.HasSetting(VideoInfo_Button_BeefGetThumb)]</visible>
					<include>Button_VideoInfo</include>
					<label>Artwork Beef</label>
					<onclick condition="String.IsEqual(ListItem.DBType,episode) + System.HasAddon(script.artwork.beef)">XBMC.RunScript(script.artwork.beef, mode=gui, mediatype=episode, dbid=$INFO[ListItem.DBID])</onclick>
					<onclick condition="String.IsEqual(ListItem.DBType,tvshow) + System.HasAddon(script.artwork.beef)">XBMC.RunScript(script.artwork.beef, mode=gui, mediatype=tvshow, dbid=$INFO[ListItem.DBID])</onclick>
					<onclick condition="String.IsEqual(ListItem.DBType,movie) + System.HasAddon(script.artwork.beef)">XBMC.RunScript(script.artwork.beef, mode=gui, mediatype=movie, dbid=$INFO[ListItem.DBID])</onclick>
				</control>
				
				<control type="button" id="6">
					<description>native refresh</description>
					<include>Button_VideoInfo</include>
					<label>184</label>
				</control>
			</control>
			
			<control type="group">
				<description>Nav Buttons</description>
				<animation effect="fade" start="100" end="50" tween="sine" easing="inout" time="800" pulse="true" reversible="false" condition="true">Conditional</animation>
				<width>130</width>
				<centerleft>50%</centerleft>
				
				<control type="button" id="8006">
					<description>up</description>
					<top>10</top>
					<visible>!String.IsEqual(Window.Property(AdditionalInfo),infolist)</visible>
					<focusedcolor />
					<disabledcolor />
					<pulseonselect />
					<textoffsetx />
					<texturefocus />
					<texturenofocus />
					
					<!-- Main Info goto Info List -->
					<onfocus condition="String.IsEmpty(Window.Property(AdditionalInfo))">SetProperty(AdditionalInfo,infolist)</onfocus>
					<onfocus condition="String.IsEmpty(Window.Property(AdditionalInfo))">SetFocus(8003)</onfocus>
					
					<!-- Info Containers goto Main Info -->
					<onfocus condition="String.Contains(Window.Property(AdditionalInfo),infocontainer)">ClearProperty(AdditionalInfo)</onfocus>
					
					<onfocus>SetFocus(8000)</onfocus>
					
					
				</control>
				<control type="button" id="8005">
					<description>down</description>				
					<visible>!String.IsEqual(Window.Property(AdditionalInfo),infocontainer)</visible>
					<bottom>10</bottom>
					<focusedcolor />
					<disabledcolor />
					<pulseonselect />
					<textoffsetx />
					<texturefocus />
					<texturenofocus />
					
					<!-- main page goto Itemcontainers -->
					<onfocus condition="String.IsEmpty(Window.Property(AdditionalInfo))">SetProperty(AdditionalInfo,infocontainer)</onfocus>
					<onfocus condition="String.IsEmpty(Window.Property(AdditionalInfo))">SetFocus(8001)</onfocus>
					
					<!-- Info List goto Main Info -->
					<onfocus condition="String.Contains(Window.Property(AdditionalInfo),infolist)">ClearProperty(AdditionalInfo)</onfocus>
					<onfocus condition="String.Contains(Window.Property(AdditionalInfo),infolist)">SetFocus(8000)</onfocus>
					
				</control>
			</control>
			
			<control type="grouplist" id="8001">
				<description>Item Containers</description>
				<animation effect="slide" end="0,-910" time="1000" tween="cubic" reversible="false" condition="String.IsEqual(Window.Property(AdditionalInfo),infocontainer)">conditional</animation>
				<animation effect="slide" start="0,-910" end="0,-0" time="800" tween="cubic" reversible="false" condition="!String.IsEqual(Window.Property(AdditionalInfo),infocontainer)">conditional</animation>
				<animation effect="fade" start="100" end="0" time="250" condition="Control.HasFocus(8903)">conditional</animation>
				
				<top>1090</top>
				<left>120</left>
				<height>880</height>
				<scrolltime tween="quadratic">400</scrolltime>
				<onup>SetFocus(8006)</onup>
				<ondown>8001</ondown>
				<onleft>8001</onleft>
				<orientation>vertical</orientation>
				<itemgap>-50</itemgap>
				<usecontrolcoords>true</usecontrolcoords>
				
				<include content="spacer_h">
					<param name="id" value="8600" />
					<param name="gap" value="-20" />
				</include>
				
				<include content="Universal_ContainerHeader">
					<param name="groupid" value="8501" />
					<param name="id" value="8601" />
					<param name="label" value="$INFO[ListItem.Set,&quot; , &quot;]" />
					<visible>Control.IsVisible(8601)</visible>
				</include>
				<include condition="Skin.HasSetting(VideoInfo_Content_SetItems) + !String.IsEmpty(ListItem.SetId)" content="Universal_Container">
					<param name="id" value="8601" />
					<param name="visible" value="Integer.IsGreater(Container(8601).NumItems,0) | Container(8601).IsUpdating" />
					<param name="type_height" value="380" />
					<param name="tags_visible" value="true" />
					<param name="layout_height" value="380" />
					<param name="layout_width" value="210" />
					<param name="itemwidth" value="207" />
					<param name="itemheight" value="310" />
					<param name="layout" value="poster" />
					<include condition="!Skin.HasSetting(Dialog_ItemsForceSelect)" content="Action_ItemForceInfo"/>
					<include condition="Skin.HasSetting(Dialog_ItemsForceSelect)" content="Action_ItemForceSelect"/>
					<content target="videos" sortby="year" >videodb://movies/sets/$INFO[ListItem.SetId]/?setid=$INFO[ListItem.SetId]</content>
				</include>
				
				<include content="Universal_ContainerHeader">
					<param name="groupid" value="8502" />
					<param name="id" value="8602" />
					<param name="label" value="Nächste Episode" />
					<visible>Control.IsVisible(8602)</visible>
				</include>
				<include condition="!Skin.HasSetting(VideoInfo_Content_NextUp) + [Integer.IsGreater(ListItem.Property(UnwatchedEpisodes),0) + !String.IsEmpty(ListItem.DBID)]" content="Universal_Container">
					<param name="id" value="8602" />
					<param name="visible" value="Integer.IsGreater(Container(8602).NumItems,0) | Container(8602).IsUpdating" />
					<param name="type_height" value="370" />
					<param name="tags_visible" value="false" />
					<param name="layout_height" value="360" />
					<param name="layout_width" value="612" />
					<param name="itemheight" value="350" />
					<param name="itemwidth" value="595" />
					<param name="ls_overlay_visible" value="!String.IsEqual(ListItem.Art(thumb),OverlaySpoiler.png) | [String.IsEqual(ListItem.Art(thumb),OverlaySpoiler.png) + String.IsEmpty(ListItem.Art(tvshow.landscape))]" />
					<param name="layout" value="landscape" />
					<param name="is_infowidget" value="!String.IsEqual(ListItem.Plot,$LOCALIZE[20370])" />
					<param name="diffuse_art_topedges" value="false" />
					<param name="diffuse_art_alledges" value="true" />
					<param name="root_conditional_artworkdiffuse_themed" value="true" />
					<param name="root_conditional_artworkdiffuse_override" value="false" />
					
					<content limit="1" target="videos" sortby="playcount">videodb://inprogresstvshows/$INFO[ListItem.DBID]/-1/?tvshowid=$INFO[ListItem.DBID]</content>
				</include>
				
				<!-- error - will be empty/visible=false if coming back from embuary.info dialogs dont refresh , labels remain empty if tmdbhelper-->
				<include content="Universal_ContainerHeader">
					<param name="groupid" value="8503" />
					<param name="id" value="8603" />
					<param name="label" value="$LOCALIZE[344] $INFO[ListItem.Title,  &quot; , &quot;]" />
					<visible>Control.IsVisible(8603)</visible>
				</include>
				<include content="Universal_Container">
					<param name="id" value="8603" />
					<param name="visible" value="Integer.IsGreater(Container(8603).NumItems,0) | Container(8603).IsUpdating" />
					<param name="type_height" value="380" />
					<param name="tags_visible" value="true" />
					<param name="layout_height" value="380" />
					<param name="layout_width" value="210" />
					<param name="itemwidth" value="207" />
					<param name="itemheight" value="310" />
					<param name="layout" value="poster" />
					<include>Action_CastMemberSearchForceOption</include>
					
					<!-- <onfocus>SetProperty(cast_storedpath,$INFO[Container(8603).ListItem.Folderpath],home)</onfocus> -->
					<!--
						<include condition="!String.IsEmpty(Window(home).Property(cast_storedpath))" content="stored_castpath" />
						<include condition="String.IsEmpty(Window(home).Property(cast_storedpath))" content="castpath" />
					 -->
					<content>$VAR[content_cast]</content>
				</include>
				<include content="Universal_ContainerHeader">
					<param name="groupid" value="8650" />
					<param name="id" value="50" />
					<param name="label" value="$LOCALIZE[344] $INFO[ListItem.Title,  &quot; , &quot;]" />
					<visible>Control.IsVisible(50)</visible>
				</include>
				<include content="Universal_Container">
					<description>may use workaround set hidden focus to button which do control moves</description>
					<param name="id" value="50" />
					<param name="visible" value="!Control.IsVisible(8603) + [Integer.IsGreater(Container(50).NumItems,0) | Container(50).IsUpdating]" />
					<param name="type_height" value="380" />
					<param name="tags_visible" value="true" />
					<param name="layout_height" value="380" />
					<param name="layout_width" value="210" />
					<param name="itemwidth" value="207" />
					<param name="itemheight" value="310" />
					<param name="layout" value="poster" />
					<!-- <onfocus>SetFocus(8698)</onfocus> -->
				</include>
				
				<include content="Universal_ContainerHeader">
					<param name="groupid" value="8504" />
					<param name="id" value="8604" />
					<param name="label" value="$LOCALIZE[342] &amp; $LOCALIZE[20343] $LOCALIZE[1441] [COLOR=$INFO[Skin.String(ViewDetailsHighlightTextColor)]]$INFO[Container(8603).ListItem.Label, &quot; , &quot;][/COLOR]" />
					<visible>Control.IsVisible(8604)</visible>
				</include>
				<include condition="!Skin.HasSetting(VideoInfo_Content_ItemsByCastMember)" content="Universal_Container">
					<param name="id" value="8604" />
					<param name="visible" value="[Control.IsVisible(8603) + [Integer.IsGreater(Container(8603).NumItems,0) | Container(8603).IsUpdating]] | [!Control.IsVisible(8603) + Control.IsVisible(50)]" />
					<param name="type_height" value="380" />
					<param name="tags_visible" value="true" />
					<param name="layout_height" value="380" />
					<param name="layout_width" value="210" />
					<param name="itemwidth" value="207" />
					<param name="itemheight" value="310" />
					<param name="layout" value="poster" />
					
					<include condition="!Skin.HasSetting(Dialog_ItemsForceSelect)" content="Action_ItemForceInfo"/>
					<include condition="Skin.HasSetting(Dialog_ItemsForceSelect)" content="Action_ItemForceSelect"/>
									
					<content target="videos" sortby="year" sortorder="descending">videodb://movies/titles/?xsp=%7B%22rules%22%3A%7B%22and%22%3A%5B%7B%22field%22%3A%22actor%22%2C%22operator%22%3A%22contains%22%2C%22value%22%3A%5B%22$VAR[videoinfo_cast_container_id]%22%5D%7D%2C%7B%22field%22%3A%22title%22%2C%22operator%22%3A%22isnot%22%2C%22value%22%3A%5B%22$INFO[Window(home).Property(EncodedTitle)]%22%5D%7D%5D%7D%2C%22type%22%3A%22movies%22%7D</content>
					<content target="videos" sortby="year" sortorder="descending">videodb://tvshows/titles/?xsp=%7B%22rules%22%3A%7B%22and%22%3A%5B%7B%22field%22%3A%22actor%22%2C%22operator%22%3A%22contains%22%2C%22value%22%3A%5B%22$VAR[videoinfo_cast_container_id]%22%5D%7D%2C%7B%22field%22%3A%22title%22%2C%22operator%22%3A%22isnot%22%2C%22value%22%3A%5B%22$INFO[Window(home).Property(EncodedTitle)]%22%5D%7D%5D%7D%2C%22type%22%3A%22tvshows%22%7D</content>
				</include>
				
				<include content="Universal_ContainerHeader">
					<param name="groupid" value="8505" />
					<param name="id" value="8605" />
					<param name="label" value="$LOCALIZE[342] $LOCALIZE[19159] $LOCALIZE[20339] [COLOR=$INFO[Skin.String(ViewDetailsHighlightTextColor)]]$INFO[ListItem.Director, &quot; , &quot;][/COLOR]" />
					<visible>Control.IsVisible(8605)</visible>
				</include>
				<include condition="!Skin.HasSetting(VideoInfo_Content_Director) + !String.IsEmpty(ListItem.Director)" content="Universal_Container">
					<param name="id" value="8605" />
					<param name="visible" value="Integer.IsGreater(Container(8605).NumItems,0) | Container(8605).IsUpdating" />
					<param name="type_height" value="380" />
					<param name="tags_visible" value="true" />
					<param name="layout_height" value="380" />
					<param name="layout_width" value="210" />
					<param name="itemwidth" value="207" />
					<param name="itemheight" value="310" />
					<param name="layout" value="poster" />
					
					<include condition="!Skin.HasSetting(Dialog_ItemsForceSelect)" content="Action_ItemForceInfo"/>
					<include condition="Skin.HasSetting(Dialog_ItemsForceSelect)" content="Action_ItemForceSelect"/>
					<content>
						<item>
							<visible>System.HasAddon(resource.images.moviedirectorthumbs)</visible>
							<label>$INFO[ListItem.Director]</label>
							<description>may add custom onclick open search prop director items</description>
							<thumb fallback="defaultdirector.png">$INFO[ListItem.Director,resource.images.moviedirectorthumbs/,.png]</thumb>
						</item>
					</content>
					<content target="videos" sortby="year" sortorder="descending">videodb://movies/titles/?xsp=%7B%22rules%22%3A%7B%22and%22%3A%5B%7B%22field%22%3A%22director%22%2C%22operator%22%3A%22contains%22%2C%22value%22%3A%5B%22$INFO[ListItem.Director]%22%5D%7D%2C%7B%22field%22%3A%22title%22%2C%22operator%22%3A%22isnot%22%2C%22value%22%3A%5B%22$INFO[Window(home).Property(EncodedTitle)]%22%5D%7D%5D%7D%2C%22type%22%3A%22movies%22%7D</content>
				</include>
				
				<include content="Universal_ContainerHeader">
					<param name="groupid" value="8522" />
					<param name="id" value="8622" />
					<param name="label" value="Crew [COLOR=$INFO[Skin.String(ViewDetailsHighlightTextColor)]]$INFO[ListItem.Title,  &quot; , &quot;][/COLOR]" />
					<visible>Control.IsVisible(8622)</visible>
				</include>
				<include condition="[!$EXP[IsOfflineMode] + System.HasAddon(plugin.video.themoviedb.helper)] + !Skin.HasSetting(VideoInfo_Content_tmdbhelper_crew)" content="Universal_Container">
					<param name="id" value="8622" />
					<param name="visible" value="Integer.IsGreater(Container(8622).NumItems,0) | Container(8622).IsUpdating" />
					<param name="type_height" value="380" />
					<param name="tags_visible" value="true" />
					<param name="layout_height" value="380" />
					<param name="layout_width" value="210" />
					<param name="itemwidth" value="207" />
					<param name="itemheight" value="310" />
					<param name="layout" value="poster" />
					
					<include condition="!Skin.HasSetting(Dialog_ItemsForceSelect)" content="Action_ItemForceInfo"/>
					<include condition="Skin.HasSetting(Dialog_ItemsForceSelect)" content="Action_ItemForceSelect"/>
					<include>Action_CastMemberSearchForceOption</include>
					<content limit="15" target="videos">plugin://plugin.video.themoviedb.helper/?info=crew&amp;$VAR[videoinfo_tmdb_helper_type]&amp;$VAR[videoinfo_tmdb_helper_query]</content>
				</include>
				<!-- similiar -->
				<include content="Universal_ContainerHeader">
					<param name="groupid" value="8510" />
					<param name="id" value="8610" />
					<param name="label" value="Similiar [COLOR=$INFO[Skin.String(ViewDetailsHighlightTextColor)]]$INFO[ListItem.Title,  &quot; , &quot;][/COLOR]" />
					<visible>Control.IsVisible(8610)</visible>
				</include>
				<include condition="!Skin.HasSetting(VideoInfo_Content_Similiar) + [!String.IsEmpty(ListItem.DBType) + !String.IsEmpty(ListItem.DBID)]" content="Universal_Container">
					<param name="id" value="8610" />
					<param name="visible" value="Integer.IsGreater(Container(8610).NumItems,0) | Container(8610).IsUpdating" />
					<param name="type_height" value="380" />
					<param name="tags_visible" value="true" />
					<param name="layout_height" value="380" />
					<param name="layout_width" value="210" />
					<param name="itemwidth" value="207" />
					<param name="itemheight" value="310" />
					<param name="layout" value="poster" />
					
					<include condition="!Skin.HasSetting(Dialog_ItemsForceSelect)" content="Action_ItemForceInfo"/>
					<include condition="Skin.HasSetting(Dialog_ItemsForceSelect)" content="Action_ItemForceSelect"/>
					
					<content target="videos">plugin://script.embuary.helper/?info=getsimilar&amp;dbid=$INFO[ListItem.DBID]&amp;type=$INFO[ListItem.DBType]</content>
				</include>
				
				<!-- OST lib -->
				<include content="Universal_ContainerHeader">
					<param name="groupid" value="8520" />
					<param name="id" value="8620" />
					<param name="label" value="Soundtrack [COLOR $INFO[Skin.String(ViewDetailsHighlightTextColor)]]$VAR[Title,  &quot; , &quot;][/COLOR]" />
					<visible>Control.IsVisible(8620)</visible>
				</include>
				<include condition="!Skin.HasSetting(VideoInfo_Content_Library_OST)" content="Universal_Container">
					<param name="id" value="8620" />
					<param name="visible" value="Integer.IsGreater(Container(8999).NumItems,0) + !Container(8999).IsUpdating" />
					<param name="type_height" value="365" />
					<param name="tags_visible" value="true" />
					<param name="layout_height" value="355" />
					<param name="layout_width" value="300" />
					<param name="itemheight" value="280" />
					<param name="itemwidth" value="280" />
					<param name="ls_overlay_visible" value="true" />
					<param name="layout" value="square" />
					<content target="music" sortby="tracknumber">$INFO[Container(8999).ListItem.Folderpath]</content>
				</include>
				
				<include content="Universal_ContainerHeader">
					<param name="groupid" value="8521" />
					<param name="id" value="8621" />
					<param name="label" value="Soundtrack[COLOR $INFO[Skin.String(ViewDetailsHighlightTextColor)]]$VAR[Title,  &quot; , &quot;][/COLOR] (YouTube Results)" />
					<visible>Control.IsVisible(8621)</visible>
				</include>
				
				<include condition="!$EXP[IsOfflineMode] + [System.HasAddon(plugin.video.youtube) + !Skin.HasSetting(VideoInfo_Content_Youtube_OST)]" content="Universal_Container">
					<param name="id" value="8621" />
					<param name="visible" value="!Integer.IsGreater(Container(8999).NumItems,0) + [Integer.IsGreater(Container(8621).NumItems,0) | Container(8621).IsUpdating]" />
					<param name="type_height" value="365" />
					<param name="tags_visible" value="true" />
					<param name="layout_height" value="355" />
					<param name="layout_width" value="355" />
					<param name="itemheight" value="280" />
					<param name="itemwidth" value="355" />
					<param name="ls_overlay_visible" value="true" />
					<param name="layout" value="square" />
					<onclick>PlayMedia($INFO[ListItem.FilenameAndPath],1,noresume)</onclick>
					<content target="video" sortby="file" limit="25">$VAR[videoinfo_content_youtube_soundtrack]</content>
				</include> 
				
				<!-- YOU TUBE common-->
				<include content="Universal_ContainerHeader">
					<param name="groupid" value="8511" />
					<param name="id" value="8611" />
					<param name="label" value="YouTube Results for [COLOR=$INFO[Skin.String(ViewDetailsHighlightTextColor)]]$VAR[Title,  &quot; , &quot;][/COLOR]" />
					<visible>Control.IsVisible(8611)</visible>
				</include>
				<include condition="!$EXP[IsOfflineMode] + [System.HasAddon(plugin.video.youtube) + !Skin.HasSetting(VideoInfo_Content_Youtube)]" content="Universal_Container">
					<param name="id" value="8611" />
					<param name="visible" value="Integer.IsGreater(Container(8611).NumItems,0) | Container(8611).IsUpdating" />
					<param name="type_height" value="365" />
					<param name="tags_visible" value="true" />
					<param name="layout_height" value="355" />
					<param name="layout_width" value="490" />
					<param name="itemheight" value="280" />
					<param name="itemwidth" value="476" />
					<param name="ls_overlay_visible" value="true" />
					<param name="layout" value="landscape" />
					<onclick>Close</onclick>
					<onclick>PlayMedia($INFO[ListItem.FilenameAndPath],noresume)</onclick>
					<content target="videos" sortby="file" limit="25">$VAR[videoinfo_content_youtube]</content>
				</include>
				
				<!-- stored extra fanart $LOCALIZE[20438]-->
				<include content="Universal_ContainerHeader">
					<param name="groupid" value="8506" />
					<param name="id" value="8606" />
					<param name="label" value="$LOCALIZE[20445]" />
					<visible>Control.IsVisible(8606)</visible>
				</include>
				<include content="Universal_Container">
					<param name="id" value="8606" />
					<param name="visible" value="Integer.IsGreater(Container(8606).NumItems,0) | Container(8606).IsUpdating" />
					<param name="type_height" value="370" />
					<param name="tags_visible" value="false" />
					<param name="layout_height" value="370" />
					<param name="layout_width" value="612" />
					<param name="itemheight" value="365" />
					<param name="itemwidth" value="620" />
					<param name="ls_overlay_visible" value="false" />
					<param name="layout" value="fanart" />
					
					<param name="diffuse_art_topedges" value="false" />
					<param name="diffuse_art_alledges" value="true" />
					<param name="root_conditional_artworkdiffuse_themed" value="true" />
					<param name="root_conditional_artworkdiffuse_override" value="false" />
		
					
					<pagecontrol>89060</pagecontrol>
					<!-- 
					<onclick condition="!Skin.HasSetting(UseExtraFanartFolder)">SetProperty(FanartType,mixedfanart,home)</onclick>
					<onclick condition="!Skin.HasSetting(UseExtraFanartFolder)">ActivateWindow(1121)</onclick>
					-->
					<!-- missed LOCAL fanart path for episodes -->
					<onclick condition="Skin.HasSetting(UseExtraFanartFolder)">SetFocus(8901)</onclick>
					<onclick condition="!Skin.HasSetting(UseExtraFanartFolder)">SetFocus(8903)</onclick>
					<include condition="!Skin.HasSetting(UseExtraFanartFolder) + [Container.Content(seasons) | Container.Content(episodes)]" content="ExtrafanartSource">
						<param name="prefix" value="tvshow." />
					</include>
					<include condition="!Skin.HasSetting(UseExtraFanartFolder) + ![Container.Content(seasons) | Container.Content(episodes)]" content="ExtrafanartSource" />
					<include condition="Skin.HasSetting(UseExtraFanartFolder)">ExtrafanartFolderPath</include>
				</include>
				
				<!-- stored extra thumbs ,content placeholder -->
				<include content="Universal_ContainerHeader">
					<param name="groupid" value="8507" />
					<param name="id" value="8607" />
					<param name="label" value="EXTRA THUMBS" />
					<visible>Control.IsVisible(8607)</visible>
				</include>
				<include condition="Skin.HasSetting(UseExtraFanartFolder)" content="Universal_Container">
					<param name="id" value="8607" />
					<param name="type" value="fixedlist" />
					<param name="visible" value="[Integer.IsGreater(Container(8607).NumItems,0) | Container(8607).IsUpdating]" />
					<param name="type_height" value="370" />
					<param name="tags_visible" value="false" />
					<param name="layout_height" value="370" />
					<param name="layout_width" value="612" />
					<param name="itemheight" value="365" />
					<param name="itemwidth" value="620" />
					<param name="ls_overlay_visible" value="false" />
					<param name="layout" value="landscape" />
					<param name="diffuse_art_topedges" value="false" />
					<param name="diffuse_art_alledges" value="true" />
					<param name="root_conditional_artworkdiffuse_themed" value="true" />
					<param name="root_conditional_artworkdiffuse_override" value="false" />
					
					<focusposition>1</focusposition>
					<pagecontrol>89060</pagecontrol>
					<onclick>SetFocus(8902)</onclick>
					<content>$VAR[extraThumbsLocation]</content>
				</include>
				
				<!-- stored extras -->
				<include content="Universal_ContainerHeader">
					<param name="groupid" value="8509" />
					<param name="id" value="8609" />
					<param name="label" value="Bonusmaterial" />
					<visible>Control.IsVisible(8609)</visible>
				</include>
				<include content="Universal_Container">
					<param name="type" value="panel" />
					<param name="id" value="8609" />
					<param name="visible" value="!String.IsEmpty(Window(home).Property(bonuscontentavail)) + [Integer.IsGreater(Container(8609).NumItems,0) | Container(8609).IsUpdating]" />
					<param name="tagbottom" value="false" />
					<param name="type_height" value="150" />
					<param name="layout_height" value="150" />
					<param name="layout_width" value="450" />
					<param name="itemheight" value="140" />
					<param name="itemwidth" value="440" />
					<param name="banner_overlay_visible" value="true" />
					<param name="layout" value="banner" />
					<param name="diffuse_art_topedges" value="false" />
					<param name="diffuse_art_alledges" value="true" />
					<param name="root_conditional_artworkdiffuse_themed" value="true" />
					<param name="root_conditional_artworkdiffuse_override" value="false" />
					
					
					<!--need  play media windowed - fake fullscreen -->
					
					<onclick>Close</onclick>
					<onclick>PlayMedia($INFO[ListItem.FilenameAndPath],noresume)</onclick>
					<content>$VAR[extrasLocation_contentpath]</content>
				</include>
			</control>
			
			<!--  INFOS TOP -->
			<control type="panel" id="8003">
				<animation effect="slide" end="0,1200" time="1000" tween="cubic" reversible="false" condition="String.IsEqual(Window.Property(AdditionalInfo),infolist)">conditional</animation>
				<animation effect="slide" start="0,1200" end="0,-0" time="800" tween="cubic" reversible="false" condition="!String.IsEqual(Window.Property(AdditionalInfo),infolist)">conditional</animation>
				<animation effect="fade" start="0" end="100" time="600" reversible="false" condition="String.IsEqual(Window.Property(AdditionalInfo),infolist)">conditional</animation>
				
				<animation effect="fade" start="100" end="0" time="600" condition="$EXP[TrailerIsPlaying]">conditional</animation>
				
				<top>-910</top>
				<!-- 
				<centerleft>30%</centerleft>
                <width>1000</width>
				-->
				<left>150</left>
				<width>1000</width>
				<autoscroll>true</autoscroll>
				<height>540</height>
				<orientation>horizontal</orientation>
				
				<itemlayout width="500" height="90">
					<include content="Static_InfoList" />
				</itemlayout>
				<focusedlayout />
				<content>
					<item>
						<label>$LOCALIZE[36910]</label>
						<label2>$INFO[ListItem.Set]</label2>
						<visible>!String.IsEmpty(ListItem.SetID)</visible>
					</item>
					<item>
						<label>$LOCALIZE[20416]</label>
						<label2>$INFO[ListItem.Premiered]</label2>
						<visible>!String.IsEmpty(ListItem.Premiered)</visible>
					</item>
					<item>
						<label>$LOCALIZE[345]</label>
						<label2>$INFO[ListItem.Year]</label2>
						<visible>String.IsEmpty(ListItem.Premiered) + !String.IsEmpty(ListItem.Year)</visible>
					</item>
					<item>
						<label>$LOCALIZE[20360]</label>
						<label2>$INFO[ListItem.Property(TotalEpisodes),$LOCALIZE[20360]: ,  •  ]$INFO[ListItem.Property(unWatchedepisodes),$LOCALIZE[16101]: ,]</label2>
						<visible>!String.IsEmpty(ListItem.Property(TotalEpisodes))</visible>
					</item>
					<item>
						<label>$LOCALIZE[515]</label>
						<label2>$INFO[ListItem.Genre]</label2>
						<visible>!String.IsEmpty(ListItem.Genre)</visible>
					</item>
					<!-- <item>
						<label>$LOCALIZE[20459]</label>
						<label2>$INFO[ListItem.Tag]</label2>
						<visible>!String.IsEmpty(ListItem.Tag)</visible>
					</item> -->
					<item>
						<label>$LOCALIZE[574]</label>
						<label2>$INFO[ListItem.Country]</label2>
						<visible>!String.IsEmpty(ListItem.Country)</visible>
					</item>
					<item>
						<label>$LOCALIZE[20339]</label>
						<label2>$INFO[ListItem.Director]</label2>
						<visible>!String.IsEmpty(ListItem.Director)</visible>
					</item>
					<item>
						<label>$LOCALIZE[20417]</label>
						<label2>$INFO[ListItem.Writer]</label2>
						<visible>!String.IsEmpty(ListItem.Writer)</visible>
					</item>
					<item>
						<label>$LOCALIZE[20074]</label>
						<label2>$INFO[ListItem.MPAA]</label2>
						<visible>!String.IsEmpty(ListItem.MPAA)</visible>
					</item>
					<item>
						<label>$LOCALIZE[126]</label>
						<label2>$INFO[ListItem.Status]</label2>
						<visible>!String.IsEmpty(ListItem.Status)</visible>
					</item>
					<item>
						<label>$LOCALIZE[31212] $LOCALIZE[31213]</label>
						<label2>$INFO[Window(Home).Property(SkinHelper.ListItem.airdaytime.label)]</label2>
						<visible>!String.IsEmpty(Window(Home).Property(SkinHelper.ListItem.airdaytime.label))</visible>
					</item>
					<item>
						<label>$LOCALIZE[563]</label>
						<label2>$INFO[ListItem.RatingAndVotes]</label2>
						<visible>!String.IsEmpty(ListItem.RatingAndVotes)</visible>
					</item>
					<item>
						<label>$LOCALIZE[13409]</label>
						<label2>$INFO[ListItem.Top250,# ,]</label2>
						<visible>!String.IsEmpty(ListItem.Top250)</visible>
					</item>
					<item>
						<label>$LOCALIZE[29909]</label>
						<label2>$INFO[ListItem.Studio]</label2>
						<visible>!String.IsEmpty(ListItem.Studio)</visible>
					</item>
					<item>
						<label>Einnahmen</label>
						<label2>$INFO[Window(Home).Property(SkinHelper.ListItem.Revenue.formatted),, $]</label2>
						<visible>!String.IsEmpty(Window(Home).Property(SkinHelper.ListItem.Revenue.formatted))</visible>
					</item>
					<item>
						<label>Budget</label>
						<label2>$INFO[Window(Home).Property(SkinHelper.ListItem.Budget.formatted),, $]</label2>
						<visible>!String.IsEmpty(Window(Home).Property(SkinHelper.ListItem.Budget.formatted))</visible>
					</item>
					<item>
						<label>BoxOffice</label>
						<label2>$INFO[Window(Home).Property(SkinHelper.ListItem.BoxOffice.formatted),, $]</label2>
						<visible>!String.IsEmpty(Window(Home).Property(SkinHelper.ListItem.BoxOffice.formatted))</visible>
					</item>
					<item>
						<label>Awards</label>
						<label2>$INFO[Window(Home).Property(SkinHelper.ListItem.Awards)]</label2>
						<visible>!String.IsEmpty(Window(Home).Property(SkinHelper.ListItem.Awards))</visible>
					</item>
					<item>
						<label />
						<label2 />
						<visible>true</visible>
					</item>
					<item>
						<label>$LOCALIZE[21447]</label>
						<label2>$INFO[ListItem.AudioLanguage]</label2>
						<visible>!String.IsEmpty(ListItem.AudioLanguage) | !String.IsEmpty(ListItem.Property(AudioLanguage.1))</visible>
						<icon>$INFO[ListItem.AudioLanguage,resource://resource.images.languageflags.colour/,.png]</icon>
						<property name="Icon2">$INFO[ListItem.Property(AudioLanguage.2),resource://resource.images.languageflags.colour/,.png]</property>
						<property name="Icon3">$INFO[ListItem.Property(AudioLanguage.3),resource://resource.images.languageflags.colour/,.png]</property>
						<property name="Icon4">$INFO[ListItem.Property(AudioLanguage.4),resource://resource.images.languageflags.colour/,.png]</property>
					</item>
					<item>
						<label>$LOCALIZE[21448]</label>
						<label2 />
						<visible>!String.IsEmpty(ListItem.SubtitleLanguage) | !String.IsEmpty(ListItem.Property(SubtitleLanguage.1))</visible>
						<icon>$INFO[ListItem.SubtitleLanguage,resource://resource.images.languageflags.colour/,.png]</icon>
						<property name="Icon2">$INFO[ListItem.Property(SubtitleLanguage.2),resource://resource.images.languageflags.colour/,.png]</property>
						<property name="Icon3">$INFO[ListItem.Property(SubtitleLanguage.3),resource://resource.images.languageflags.colour/,.png]</property>
						<property name="Icon4">$INFO[ListItem.Property(SubtitleLanguage.4),resource://resource.images.languageflags.colour/,.png]</property>
					</item>
					
				</content>
			</control>
		</control>
		
		<include content="VideoInfo_SlideshowNav">
			<param name="ButtonID" value="8901" />
			<param name="ContainerID" value="8606" />
		</include>
		<include content="VideoInfo_SlideshowNav">
			<param name="ButtonID" value="8902" />
			<param name="ContainerID" value="8607" />
		</include>
		<include content="VideoInfo_SlideshowNav">
			<param name="ButtonID" value="8903" />
			<param name="ContainerID" value="8606" />
			<param name="origin" value="Art(thumb)" />
		</include>
		
		<control type="scrollbar" id="89060">
			<description> slideshow scrollbar </description>
			<width>1920</width>
			<centerleft>50%</centerleft>
			<height>8</height>
			<orientation>horizontal</orientation>
			<bottom>0</bottom>
			<visible>Control.HasFocus(8901) | Control.HasFocus(8902) | Control.HasFocus(8903)</visible>
			<texturesliderbackground colordiffuse="$VAR[color_global_scrollbar_panel]">colors/white.png</texturesliderbackground>
			<texturesliderbar colordiffuse="$VAR[color_global_scrollbar_slider_fo]">colors/white.png</texturesliderbar>
			<textureslidernib />
		</control>
	</controls>
</window>
