<?xml version="1.0" encoding="utf-8"?>
<!--Titan-->
<includes>
	<!-- U P     N E X T    F a n c y -->
	<!-- Skin default - Netflix -->
	<include name="UpNext_Fancy_Netflix">
		<animation type="WindowOpen" reversible="false">
			<effect type="fade" start="0" end="100" time="400" />
			<effect type="slide" start="2050,0" end="0,0" time="800" />
		</animation>
		<animation type="WindowClose" reversible="false">
			<effect type="fade" start="100" end="0" time="400" />
			<effect type="slide" start="0,0" end="2050,0" time="400" />
		</animation>
		
		<include>hide_upnextbuttons</include>
		
		<!-- Background Image -->
		<control type="image">
			<right>0</right>
			<bottom>0</bottom>
			<height>580</height>
			<width>700</width>
			<texture border="5" colordiffuse="$INFO[Skin.String(upnext_panel)]">diffuse/gradient.png</texture>
		</control>
		<!-- Info / Artwork -->
		<control type="grouplist">
			<posx>1245</posx>
			<posy>530</posy>
			<height>600</height>
			<width>680</width>
			<orientation>vertical</orientation>
			<!-- title -->
			<control type="label">
				<left>20</left>
				<width>680</width>
				<height>30</height>
				<align>left</align>
				<textcolor>$INFO[Skin.String(upnext_text)]</textcolor>
				<font>Bold36</font>
				<label>[B]$INFO[Window.Property(tvshowtitle)][/B]</label>
			</control>
			<!-- time -->
			<control type="label">
				<width>680</width>
				<top>30</top>
				<left>20</left>
				<height>33</height>
				<font>Bold24</font>
				<aligny>center</aligny>
				<textcolor>$INFO[Skin.String(upnext_text)]</textcolor>
				<label>Starting in[COLOR=$INFO[Skin.String(upnext_text_secondary)]][B]$INFO[Player.TimeRemaining(ss), ,][/COLOR][/B] seconds...</label>
			</control>
			<!-- Framed Thumb Image + E,S Info -->
			<control type="group">
				<left>20</left>
				<top>65</top>
				<width>500</width>
				<height>282</height>
				<control type="image">
					<width>500</width>
					<height>282</height>
					<texture>$VAR[NextUpThumb]</texture>
					<aspectratio scalediffuse="false" align="left" aligny="center">stretch</aspectratio>
				</control>
				<!-- Countdown -->
				<control type="image">
					<visible>Skin.HasSetting(UpNext_ShowCountdownAtThumb)</visible>
					<left>13</left>
					<top>13</top>
					<width>70</width>
					<height>70</height>
					<texture colordiffuse="$INFO[Skin.String(upnext_text)]">$VAR[nextupbutton_TimeRemaining]</texture>
				</control>
				<control type="image">
					<bottom>5</bottom>
					<left>5</left>
					<width>498</width>
					<align>center</align>
					<height>55</height>
				   <texture colordiffuse="ff000000">diffuse/gradient.png</texture>
				</control>
				<control type="image">
					<width>504</width>
					<height>285</height>
					<texture colordiffuse="$INFO[Skin.String(upnext_text)]"border="2">netflix/frame/slimframe_hardedge.png</texture>
				</control>
				<control type="label">
					<bottom>25</bottom>
					<left>25</left>
					<height>20</height>
					<width>auto</width>
					<textcolor>$INFO[Skin.String(upnext_text)]</textcolor>
					<font>Bold26</font>
					<label>$INFO[Window.Property(season),S,: ]$INFO[Window.Property(episode),E,]</label>
				</control>
			</control>
			<!-- Infos -->
			<control type="label">
				<width>auto</width>
				<height>25</height>
				<aligny>center</aligny>
				<font>Bold26</font>
				<textcolor>$INFO[Skin.String(upnext_text)]</textcolor>
				<label>$INFO[Window.Property(title)]</label>
				<visible>!String.IsEmpty(Window.Property(title))</visible>
			</control>
			<control type="grouplist">
				<orientation>horizontal</orientation>
				<itemgap>10</itemgap>
				<usecontrolcoords>true</usecontrolcoords>
				<height>42</height>
				<width>680</width>
				<control type="label">
					<width>auto</width>
					<height>40</height>
					<aligny>center</aligny>
					<font>Reg24</font>
					<textcolor>$INFO[Skin.String(upnext_text_secondary)]</textcolor>
					<label>$INFO[Window.Property(year)]</label>
					<visible>!String.IsEmpty(Window.Property(year))</visible>
				</control>
				<control type="group">
					<width>105</width>
					<control type="image">
						<top>2</top>
						<width>100</width>
						<height>40</height>
						<aspect>keep</aspect>
						<texture align="center" colordiffuse="$INFO[Skin.String(upnext_text_secondary)]" border="2">netflix/frame/detail-framehardedge.png</texture>
					</control>
					<control type="label">
						<width>100</width>
						<height>40</height>
						<aligny>center</aligny>
						<align>center</align>
						<font>Reg24</font>
						<textcolor>$INFO[Skin.String(upnext_text_secondary)]</textcolor>
						<label>$INFO[VideoPlayer.mpaa]</label>
						<visible>!String.IsEmpty(VideoPlayer.mpaa))</visible> <!-- need disabled if playlist -->
						<!-- <visible>!String.IsEmpty(Window.Property(mpaa))</visible> ,not in yet,maybe sometime -->
					</control>
				</control>
				<control type="label">
					<width>auto</width>
					<height>40</height>
					<aligny>center</aligny>
					<font>Bold26</font>
					<textcolor>$INFO[Skin.String(upnext_text_secondary)]</textcolor>
					<label>HD</label>
					<!-- <visible>!String.IsEmpty(VideoPlayer.**)</visible> , not in yet, maybe sometime -->
				</control>
				<!-- Logo, Addon provided icon.png/thumb ? , need check and possibility, or Studio Image of currently playing for lib episodes -->
				<control type="image">
					<left>10</left>
					<width>136.84</width>
					<height>43,2</height>
					<aspectratio aligny="center" align="left">keep</aspectratio>
					<texture colordiffuse="$INFO[Skin.String(upnext_text_secondary)]" background="true">$INFO[Skin.String(SkinHelper.studiologos.path)]$INFO[VideoPlayer.Studio].png</texture>
					<visible>!String.IsEmpty(VideoPlayer.Studio)</visible> <!-- need disabled if playlist -->
				</control>
			</control>
			<control type="label">
				<wrapmultiline>true</wrapmultiline>
				<width>660</width>
				<height>80</height>
				<aligny>top</aligny>
				<font>Reg26</font>
				<textcolor>$INFO[Skin.String(upnext_text)]</textcolor>
				<label>$INFO[Window.Property(plot)]</label>
				<visible>!String.IsEmpty(Window.Property(plot))</visible> <!-- + depending on kodi setting, "dont show plot for unwatched items " -->
			</control>
		</control>
	</include>
	<!-- Addon default  -->
	<include name="UpNext_fancy_def">
		<animation type="WindowOpen" reversible="false">
			<effect type="fade" start="0" end="100" time="400" />
			<effect type="slide" start="0,-181" end="0,0" time="400" />
		</animation>
		<animation type="WindowClose" reversible="false">
			<effect type="fade" start="100" end="0" time="400" />
			<effect type="slide" start="0,0" end="0,-181" time="400" />
		</animation>
		<control type="group">
			<height>181</height>
			<!-- Background -->
			<control type="image">
				<top>0</top>
				<width>100%</width>
				<height>181</height>
				<texture colordiffuse="dd000000">bg.png</texture>
			</control>
			<!-- Thumb -->
			<control type="group">
				<top>20</top>
				<left>20</left>
				<control type="image">
					<top>-2</top>
					<left>-2</left>
					<width>254</width>
					<height>144</height>
					<texture>shadow.png</texture>
				</control>
				<control type="image">
					<width>250</width>
					<height>141</height>
					<texture colordiffuse="FF12A0C7">white.jpg</texture>
					<visible>String.IsEmpty(Window.Property(thumb)) + String.IsEmpty(Window.Property(landscape)) + String.IsEmpty(Window.Property(fanart))</visible>
				</control>
				<control type="textbox">
					<top>10</top>
					<left>10</left>
					<width>230</width>
					<height>121</height>
					<font>font12</font>
					<textcolor>ffffffff</textcolor>
					<shadowcolor>00000000</shadowcolor>
					<align>center</align>
					<aligny>center</aligny>
					<label>$INFO[Window.Property(tvshowtitle)]</label>
					<visible>String.IsEmpty(Window.Property(thumb)) + String.IsEmpty(Window.Property(landscape)) + String.IsEmpty(Window.Property(fanart))</visible>
				</control>
				<control type="image">
					<width>250</width>
					<height>141</height>
					<texture>$INFO[Window.Property(landscape)]</texture>
					<aspectratio>scale</aspectratio>
				</control>
				<control type="image">
					<width>250</width>
					<height>141</height>
					<texture>$INFO[Window.Property(fanart)]</texture>
					<aspectratio>scale</aspectratio>
					<visible>String.IsEmpty(Window.Property(landscape))</visible>
				</control>
				<control type="image">
					<width>250</width>
					<height>141</height>
					<texture>$INFO[Window.Property(thumb)]</texture>
					<aspectratio>scale</aspectratio>
					<visible>String.IsEmpty(Window.Property(landscape)) + String.IsEmpty(Window.Property(fanart))</visible>
				</control>
				<control type="progress" id="3014">
					<width>250</width>
					<top>136</top>
					<height>5</height>
					<reveal>true</reveal>
					<righttexture></righttexture>
					<overlaytexture></overlaytexture>
					<lefttexture></lefttexture>
					<texturebg colordiffuse="00ffffff">white.jpg</texturebg>
					<midtexture colordiffuse="FFFF4081">white.jpg</midtexture>
				</control>
			</control>
			<!-- Labels -->
			<control type="group">
				<top>20</top>
				<left>290</left>
				<right>20</right>
				<!-- Time -->
				<control type="label">
					<width>auto</width>
					<height>35</height>
					<aligny>center</aligny>
					<font>font25_title</font>
					<textcolor>eeffffff</textcolor>
					<shadowcolor>00000000</shadowcolor>
					<label>$ADDON[service.upnext 30008] $ADDON[service.upnext 30036] [COLOR FFFF4081]$INFO[Player.TimeRemaining(ss),,][/COLOR] $ADDON[service.upnext 30035]</label>
					<visible>!Integer.IsGreater(Player.TimeRemaining,59)</visible>
				</control>
				<control type="label">
					<width>auto</width>
					<height>35</height>
					<aligny>center</aligny>
					<font>font25_title</font>
					<textcolor>eeffffff</textcolor>
					<shadowcolor>00000000</shadowcolor>
					<label>$ADDON[service.upnext 30008] $ADDON[service.upnext 30036] [COLOR FFFF4081]$INFO[Player.TimeRemaining,,][/COLOR]</label>
					<visible>Integer.IsGreater(Player.TimeRemaining,59)</visible>
				</control>
				<!-- Details -->
				<control type="grouplist">
					<orientation>horizontal</orientation>
					<height>35</height>
					<top>40</top>
					<itemgap>0</itemgap>
					<control type="label">
						<width>auto</width>
						<height>35</height>
						<aligny>center</aligny>
						<font>font12</font>
						<textcolor>eeffffff</textcolor>
						<shadowcolor>00000000</shadowcolor>
						<label>$INFO[Window.Property(tvshowtitle),, - ]$INFO[Window.Property(season),S,]$INFO[Window.Property(episode),E, - ]$INFO[Window.Property(title)]   </label>
						<visible>!String.IsEmpty(Window.Property(title))</visible>
					</control>
					<control type="label">
						<width>auto</width>
						<height>35</height>
						<aligny>center</aligny>
						<font>font12</font>
						<textcolor>eeffffff</textcolor>
						<shadowcolor>00000000</shadowcolor>
						<label>$INFO[Window.Property(year),,   ]</label>
						<visible>!String.IsEmpty(Window.Property(year))</visible>
					</control>
					<control type="image">
						<width>19</width>
						<height>19</height>
						<aspect>keep</aspect>
						<texture colordiffuse="FFFF4081">star.png</texture>
						<animation effect="slide" end="0,8" time="0" condition="true">Conditional</animation>
						<visible>!String.IsEmpty(Window.Property(rating))</visible>
					</control>
					<control type="label">
						<width>auto</width>
						<height>35</height>
						<aligny>center</aligny>
						<label>$INFO[Window.Property(rating), ,   ]</label>
						<font>font12</font>
						<textcolor>eeffffff</textcolor>
						<shadowcolor>00000000</shadowcolor>
						<visible>!String.IsEmpty(Window.Property(rating))</visible>
					</control>
				</control>
				<!-- Buttons -->
				<control type="grouplist">
					<orientation>horizontal</orientation>
					<height>56</height>
					<bottom>20</bottom>
					<itemgap>10</itemgap>
					<control type="button" id="3012">
						<label>    $ADDON[service.upnext 30006]</label>
						<height>56</height>
						<width min="50">auto</width>
						<font>font20_title</font>
						<textoffsetx>55</textoffsetx>
						<textcolor>ddffffff</textcolor>
						<focusedcolor>eeffffff</focusedcolor>
						<selectedcolor>ddffffff</selectedcolor>
						<shadowcolor>22000000</shadowcolor>
						<aligny>center</aligny>
						<align>center</align>
						<texturefocus border="10" colordiffuse="FF172A91">button.png</texturefocus>
						<texturenofocus border="10" colordiffuse="FF212121">button.png</texturenofocus>
						<alttexturefocus border="10" colordiffuse="FF172A91">button.png</alttexturefocus>
						<alttexturenofocus border="10" colordiffuse="FF212121">button.png</alttexturenofocus>
						<pulseonselect>no</pulseonselect>
						<onback>SendClick(3013)</onback>
					</control>
					<control type="button" id="3013">
						<label>$ADDON[service.upnext 30034]</label>
						<height>56</height>
						<width min="50">auto</width>
						<font>font20_title</font>
						<textoffsetx>15</textoffsetx>
						<textcolor>ddffffff</textcolor>
						<focusedcolor>eeffffff</focusedcolor>
						<selectedcolor>ddffffff</selectedcolor>
						<shadowcolor>22000000</shadowcolor>
						<aligny>center</aligny>
						<align>center</align>
						<texturefocus border="10" colordiffuse="FF172A91">button.png</texturefocus>
						<texturenofocus border="10" colordiffuse="FF212121">button.png</texturenofocus>
						<alttexturefocus border="10" colordiffuse="FF172A91">button.png</alttexturefocus>
						<alttexturenofocus border="10" colordiffuse="FF212121">button.png</alttexturenofocus>
						<pulseonselect>no</pulseonselect>
					</control>
				</control>
				<control type="image">
					<bottom>20</bottom>
					<width>46</width>
					<height>46</height>
					<aspect>keep</aspect>
					<texture colordiffuse="ddffffff">nextupicons/00.png</texture>
					<animation effect="slide" end="13,-5" time="0" condition="true">Conditional</animation>
				</control>
			</control>
		</control>
	</include>
	<!-- Custom ,no name yet-->
	<include name="UpNext_fancy_triangle">
	
		<animation type="WindowOpen" reversible="false">
			<effect type="fade" start="0" end="100" time="400" />
			<effect type="slide" start="1420,0" end="0,0" time="800" />
		</animation>
		<animation type="WindowClose" reversible="false">
			<effect type="fade" start="100" end="0" time="400" />
			<effect type="slide" start="0,0" end="1420,0" time="400" />
		</animation>
		
		<include>hide_upnextbuttons</include>
		
		<!-- Background Image -->
		<control type="image">
			<right>-50</right>
			<bottom>0</bottom>
			<height>100%</height>
			<width>100%</width>
			<texture colordiffuse="$INFO[Skin.String(upnext_panel)]">$VAR[UpNextPanel]</texture>  
		</control>	
		<control type="group">
			<left>1420</left>
			<top>700</top>
			<width>450</width>
			<height>53.8</height>
			<!-- diffused image -->
			<control type="image">
				<top>-40</top>
				<left>-20</left>
				<width>559.35</width>
				<height>315.48</height>
				<include condition="Skin.HasSetting(Upnext_diffused_art)">Upnext_diffused_thumb</include>
				<include condition="!Skin.HasSetting(Upnext_diffused_art)">Upnext_No_diffused_thumb</include>
				<aspectratio scalediffuse="false" align="center" aligny="center">scale</aspectratio>
			</control>
			<!-- Countdown image -->
			<control type="image">
				<visible>Skin.HasSetting(UpNext_ShowCountdownAtThumb)</visible>
				<top>95</top>
				<left>210</left>
				<width>80</width>
				<height>80</height>
				<texture aligny="center" align="center" colordiffuse="$INFO[Skin.String(upnext_text)]">$VAR[nextupbutton_TimeRemaining]</texture>
				<animation effect="zoom" start="100,100" center="auto" end="120,120" delay="200" time="750" pulse="true" condition="true">Conditional</animation>
			</control>
		</control>
		<!-- Logo, Addon provided thumb ? if png, need check and possibility, or Studio Image of currently playing -->
		<control type="image">
			<right>20</right>
			<top>460</top>
			<width>387</width>
            <height>135</height>
			<aspectratio aligny="center" align="right">keep</aspectratio>
			<texture colordiffuse="$INFO[Skin.String(upnext_text)]" background="true">$INFO[Skin.String(SkinHelper.studiologos.path)]$INFO[VideoPlayer.Studio].png</texture>
			<visible>!String.IsEmpty(VideoPlayer.Studio)</visible>
		</control>
		<!-- clearlogo -->
		<control type="image">
			<top>890</top>
			<left>1220</left>
			<width>324</width>
			<height>125.5</height>
			<aspect>keep</aspect>
			<texture>$INFO[Window.Property(clearlogo)]</texture>
			<visible>!String.IsEmpty(Window.Property(clearlogo))</visible>
		</control>
		<!-- Show Title if clearlogo n/a -->
		<control type="label">
			<right>0</right>
			<bottom>100</bottom>
			<width>55%</width>
			<height>30</height>
			<align>center</align>
			<textcolor>$INFO[Skin.String(upnext_text)]</textcolor>
			<shadowcolor></shadowcolor>
			<font>Bold40</font>
			<label>[UPPERCASE][B]$INFO[Window.Property(tvshowtitle), • , •][/B][/UPPERCASE]</label>
			<visible>String.IsEmpty(Window.Property(clearlogo))</visible>
		</control>
		<!-- Infos -->
		<control type="grouplist">
			<top>1000</top>
			<right>10</right>
			<height>80</height>
			<width>30%</width>
			<orientation>vertical</orientation>
			<control type="label">
				<height>30</height>
				<align>center</align>
				<textcolor>$INFO[Skin.String(upnext_text)]</textcolor>
				<shadowcolor></shadowcolor>
				<font>Light32</font>
				<label>[B]$LOCALIZE[31212][/B]</label>
			</control>	
			<control type="label">
				<height>30</height>
				<align>center</align>
				<textcolor>$INFO[Skin.String(upnext_text)]</textcolor>
				<shadowcolor></shadowcolor>
				<font>Reg30</font>
				<label>$INFO[Window.Property(season),$LOCALIZE[20373] [B],[/B] • ]$INFO[Window.Property(episode),$LOCALIZE[20359] [B],[/B]]$INFO[Window.Property(title), • ,]</label>
			</control>
		</control>
	</include>

	<!-- U P     N E X T    S I M P L E -->
	<!-- Skin default, Info Bottom -->
	<include name="UpNext_simple_skindefault">
		
		<control type="button" id="3012">
			<include>HiddenButton</include>
			<onback>SendClick(3013)</onback>
		</control>
		<control type="button" id="3013">
			<include>HiddenButton</include>
		</control>
		
		<control type="image">
			<bottom>0</bottom>
			<right>0</right>
			<width>100%</width>
			<height>100</height>
			<texture colordiffuse="$INFO[Skin.String(upnext_panel)]">diffuse/gradient.png</texture>
		</control>
		<control type="image">
			<bottom>10</bottom>
			<left>10</left>
			<width>75</width>
			<height>75</height>
			<aspect>keep</aspect>
			<texture colordiffuse="$INFO[Skin.String(upnext_text)]">$VAR[nextupbutton_TimeRemaining]</texture>
			<animation effect="zoom" start="100,100" center="auto" end="120,120" delay="200" time="750" pulse="true" condition="true">Conditional</animation>
		</control>
		<control type="group">
			<bottom>0</bottom>
			<left>100</left>
			<right>0</right>
			<width>100%</width>
			<height>100</height>
			<!-- Clearlogo -->	
			<control type="image">
				<left>-20</left>
				<width>243</width>
				<height>95</height>
				<aspect>keep</aspect>
				<texture>$INFO[Window.Property(clearlogo)]</texture>
				<visible>!String.IsEmpty(Window.Property(clearlogo))</visible>
			</control>
			<!-- Show Title if Clearlogo n/a -->
			<control type="label">
				<top>20</top>
				<left>-30</left>
				<height>60</height>
				<width>250</width>
				<wrapmultiline>true</wrapmultiline>
				<align>center</align>
				<aligny>center</aligny>
				<textcolor>$INFO[Skin.String(upnext_text_secondary)]</textcolor>
				<shadowcolor></shadowcolor>
				<font>Bold28</font>
				<label>[UPPERCASE][B]$INFO[Window.Property(tvshowtitle)][/B][/UPPERCASE]</label>
				<visible>String.IsEmpty(Window.Property(clearlogo))</visible>
			</control>
			<!-- Infos -->
			<control type="label">
				<top>0</top>
				<left>250</left>
				<width>auto</width>
				<height>35</height>
				<aligny>center</aligny>
				<font>Reg28</font>
				<textcolor>$INFO[Skin.String(upnext_text_secondary)]</textcolor>
				<label>$LOCALIZE[31212] : [COLOR=$INFO[Skin.String(upnext_text)]]$INFO[Window.Property(season),$LOCALIZE[20373] [B],[/B] • ]$INFO[Window.Property(episode),$LOCALIZE[20359] [B],[/B]][B]$INFO[Window.Property(title), • ,][/COLOR][B] • Starting in[COLOR=$INFO[Skin.String(upnext_text)]][B]$INFO[Player.TimeRemaining(ss),[/B] ,][/COLOR] seconds</label>
			</control>
			
			<control type="grouplist">
				<orientation>horizontal</orientation>
				<top>45</top>
				<left>250</left>
				<itemgap>10</itemgap>
				<usecontrolcoords>true</usecontrolcoords>
				<height>45</height>
				<width>70%</width>
				<control type="label">
					<width>auto</width>
					<height>45</height>
					<aligny>center</aligny>
					<font>Reg24</font>
					<textcolor>$INFO[Skin.String(upnext_text)]</textcolor>
					<label>$INFO[Window.Property(year)]</label>
					<visible>!String.IsEmpty(Window.Property(year))</visible>
				</control>
				<control type="group">
					<width>105</width>
					<control type="image">
						<top>2</top>
						<width>100</width>
						<height>45</height>
						<aspect>keep</aspect>
						<texture align="center" colordiffuse="$INFO[Skin.String(upnext_text)]" border="2">netflix/frame/detail-framehardedge.png</texture>
					</control>
					<control type="label">
						<width>100</width>
						<height>45</height>
						<aligny>center</aligny>
						<align>center</align>
						<font>Reg24</font>
						<textcolor>$INFO[Skin.String(upnext_text)]</textcolor>
						<label>$INFO[VideoPlayer.mpaa]</label>
						<visible>!String.IsEmpty(VideoPlayer.mpaa))</visible> <!-- need disabled if playlist -->
						<!-- <visible>!String.IsEmpty(Window.Property(mpaa))</visible> ,not in yet,maybe sometime -->
					</control>
				</control>
				<control type="label">
					<width>auto</width>
					<height>45 </height>
					<aligny>center</aligny>
					<font>Bold26</font>
					<textcolor>$INFO[Skin.String(upnext_text)]</textcolor>
					<label>HD</label>
					<!-- <visible>!String.IsEmpty(Window.Property(**))</visible> ,not in yet,maybe sometime -->
				</control>
				<!-- Logo, Addon provided icon.png/thumb ? , need check and possibility, or Studio Image of currently playing for lib episodes -->
				<control type="image">
					<left>10</left>
					<width>136.84</width>
					<height>43,2</height>
					<aspectratio aligny="center" align="left">keep</aspectratio>
					<texture colordiffuse="$INFO[Skin.String(upnext_text)]" background="true">$INFO[Skin.String(SkinHelper.studiologos.path)]$INFO[VideoPlayer.Studio].png</texture>
					<visible>!String.IsEmpty(VideoPlayer.Studio)</visible>
				</control>
			</control>
		</control>
	</include>
	<!-- Addon default  -->
	<include name="UpNext_simple_addondefault">
		<animation type="WindowOpen" reversible="false">
			<effect type="fade" start="0" end="100" time="600" />
			<effect type="slide" start="0,-115" end="0,0" time="600" />
		</animation>
		<animation type="WindowClose" reversible="false">
			<effect type="fade" start="100" end="0" time="400" />
			<effect type="slide" start="0,0" end="0,-115" time="400" />
		</animation>
		<control type="group">
			<height>80</height>
			<!-- Background -->
			<control type="image">
				<top>0</top>
				<width>100%</width>
				<height>80</height>
				<texture colordiffuse="dd000000">bg.png</texture>
			</control>
			<control type="group">
				<top>12</top>
				<left>20</left>
				<width>75%</width>
				<!-- Buttons -->
				<control type="grouplist">
					<orientation>horizontal</orientation>
					<height>56</height>
					<itemgap>10</itemgap>
					<align>left</align>
					<control type="button" id="3012">
						<label>    $ADDON[service.upnext 30037] [COLOR FFFF4081]$INFO[Player.TimeRemaining(ss),,][/COLOR] $ADDON[service.upnext 30035]</label>
						<height>56</height>
						<width min="50">auto</width>
						<font>font20_title</font>
						<textoffsetx>55</textoffsetx>
						<textcolor>ddffffff</textcolor>
						<focusedcolor>eeffffff</focusedcolor>
						<selectedcolor>ddffffff</selectedcolor>
						<shadowcolor>22000000</shadowcolor>
						<aligny>center</aligny>
						<align>center</align>
						<texturefocus border="10" colordiffuse="FF172A91">button.png</texturefocus>
						<texturenofocus border="10" colordiffuse="FF212121">button.png</texturenofocus>
						<alttexturefocus border="10" colordiffuse="FF172A91">button.png</alttexturefocus>
						<alttexturenofocus border="10" colordiffuse="FF212121">button.png</alttexturenofocus>
						<pulseonselect>no</pulseonselect>
						<onback>SendClick(3013)</onback>
					</control>
					<control type="button" id="3013">
						<label>$ADDON[service.upnext 30034]</label>
						<height>56</height>
						<width min="50">auto</width>
						<font>font20_title</font>
						<textoffsetx>15</textoffsetx>
						<textcolor>ddffffff</textcolor>
						<focusedcolor>eeffffff</focusedcolor>
						<selectedcolor>ddffffff</selectedcolor>
						<shadowcolor>22000000</shadowcolor>
						<aligny>center</aligny>
						<align>center</align>
						<texturefocus border="10" colordiffuse="FF172A91">button.png</texturefocus>
						<texturenofocus border="10" colordiffuse="FF212121">button.png</texturenofocus>
						<alttexturefocus border="10" colordiffuse="FF172A91">button.png</alttexturefocus>
						<alttexturenofocus border="10" colordiffuse="FF212121">button.png</alttexturenofocus>
						<pulseonselect>no</pulseonselect>
					</control>
				</control>
				<control type="image">
					<width>46</width>
					<height>46</height>
					<aspect>keep</aspect>
					<texture colordiffuse="ddffffff">nextupicons/30.png</texture>
					<animation effect="slide" end="13,5" time="0" condition="true">Conditional</animation>
					<visible>Integer.IsGreater(Player.TimeRemaining(ss),30)</visible>
				</control>
				<control type="image">
					<width>46</width>
					<height>46</height>
					<aspect>keep</aspect>
					<texture colordiffuse="ddffffff">$INFO[Player.TimeRemaining(ss),nextupicons/,.png]</texture>
					<animation effect="slide" end="13,5" time="0" condition="true">Conditional</animation>
					<visible>!Integer.IsGreater(Player.TimeRemaining(ss),30)</visible>
				</control>
			</control>
		</control>
	</include>
	<!-- Custom , just buttons right -->
	<include name="UpNext_simple_button">
		<animation type="WindowOpen" reversible="false">
			<effect type="fade" start="0" end="100" time="600" />
			<effect type="slide" start="700,0" end="0,0" time="600" />
		</animation>
		<animation type="WindowClose" reversible="false">
			<effect type="fade" start="100" end="0" time="400" />
			<effect type="slide" start="0,0" end="700,0" time="400" />
		</animation>
		
		<control type="button" id="3013">
			<include>HiddenButton</include>
		</control>

		<control type="button" id="3012">
			<bottom>30</bottom>
			<right>0</right>
			<label>$ADDON[service.upnext 30037] [COLOR=$INFO[Skin.String(upnext_text_secondary)]]$INFO[Player.TimeRemaining(ss),,][/COLOR] $ADDON[service.upnext 30035]</label>
			<height>65</height>
			<width>650</width>
			<font>font20_title</font>
			<textoffsetx>70</textoffsetx>
			<textcolor></textcolor>
			<focusedcolor>$INFO[Skin.String(upnext_text)]</focusedcolor>
			<selectedcolor>$INFO[Skin.String(upnext_text)]</selectedcolor>
			<shadowcolor></shadowcolor>
			<aligny>center</aligny>
			<align>left</align>
			<texturefocus colordiffuse="$INFO[Skin.String(upnext_panel)]" border="5">diffuse/panel.png</texturefocus>
			<texturenofocus></texturenofocus>
			<alttexturefocus border="10" colordiffuse="$INFO[Skin.String(upnext_panel)]">diffuse/panel.png</alttexturefocus>
			<alttexturenofocus></alttexturenofocus>
			<pulseonselect>no</pulseonselect>
			<onback>SendClick(3013)</onback>
		</control>

		<control type="image">
			<bottom>45</bottom>
			<right>610</right>
			<width>46</width>
			<height>46</height>
			<aspect>keep</aspect>
			<texture colordiffuse="$INFO[Skin.String(upnext_text)]">$VAR[nextupbutton_TimeRemaining]</texture>
			<animation effect="slide" end="13,5" time="0" condition="true">Conditional</animation>
		</control>
	</include>
	
	<!-- includes for skinsettings -->
	<include name="hide_upnextbuttons">
		<control type="button" id="3012">
			<include>HiddenButton</include>
			<onback>SendClick(3013)</onback>
		</control>
		<control type="button" id="3013">
			<include>HiddenButton</include>
		</control>
		<control type="progress" id="3014">
			<include>HiddenButton</include>
		</control>
	</include>
	<!-- workaround since colodiffuse condition=** didnt work in image control, when using diffuse image for var[thumb] -->
	<include name="Upnext_diffused_thumb">
		<texture background="true" colordiffuse="$INFO[Skin.String(upnext_panel)]" diffuse="nextupicons/diffusor_Square Bold.png">$VAR[NextUpThumb]</texture>
	</include>
	<include name="Upnext_No_diffused_thumb">
		<texture background="true" diffuse="nextupicons/diffusor_Square Bold.png">$VAR[NextUpThumb]</texture>
	</include>
	<include name="Upnext_diffused_clearlogo">
		<texture background="true" fallback="$INFO[Window.Property(clearart)]" colordiffuse="$INFO[Skin.String(upnext_panel)]">$INFO[Window.Property(clearlogo)]</texture>
	</include>
	<include name="Upnext_No_diffused_clearlogo">
		<texture background="true" fallback="$INFO[Window.Property(clearart)]">$INFO[Window.Property(clearlogo)]</texture>
	</include>

</includes>