<?xml version="1.0" encoding="UTF-8"?>
<window>
	<include content="media_window_attributes">
		<param name="view_ids" value="50,51" /> grids?
	</include>
	<defaultcontrol always="true">11</defaultcontrol>
	<onload condition="String.IsEmpty(Window(home).Property(shortcutaction_inprogress))">setfocus(8000)</onload>
	<include content="media_window_attributes" />
<!-- 	1.44 MyPVRGuide.xml
ID 	Type 			Description
2 	button 			Select viewtype (list, thumbnail, media info, etc...)
3 	button 			Select sort method (sort by: name, date size, etc...)
4 	togglebutton 	Select sortmode (ascending or descending)
10 	epggrid 		EPG Guide Timeline
11 	container 		Channel groups selector ?
28 	button 			Channel groups button ?
29 	label 			View name (Now / Next / Timeline)
30 	label 			Channel groups name  
-->
	<controls>
		<control type="button" id="2">
			<include>HiddenObject</include>
		</control>
		<control type="button" id="3">
			<include>HiddenObject</include>
		</control>
		<control type="togglebutton" id="4">
			<include>HiddenObject</include>
		</control>
		<control type="button" id="28">
			<description>use container 11 instead ?</description>
			<include>HiddenObject</include>
		</control>
		<control type="label" id="29">
			<description>may adjust header ?</description>
			<include>HiddenObject</include>
		</control>
		<control type="label" id="30">
			<description>may adjust header ?</description>
			<include>HiddenObject</include>
		</control>
		
		<control type="group">
			<visible>!Skin.HasSetting(BlurEnabled)</visible>
			<visible>String.IsEmpty(Window(home).Property(shortcutaction_inprogress))</visible>
			<include>global_background</include>
		</control>
		<control type="group">
			<visible>Skin.HasSetting(BlurEnabled)</visible>
			<visible>String.IsEmpty(Window(home).Property(shortcutaction_inprogress))</visible>
			<include>GlobalBlurredBackground</include>
		</control>
		
		<control type="group">
			<description>viewtypes</description>
			<include content="Animation_Close_MediaContainer" condition="String.IsEmpty(Window(home).Property(shortcutaction_inprogress))" />
			<animation type="Conditional" condition="$EXP[Infodialog_IsActive] | Window.IsActive(mediasource) | [Window.IsActive(shutdownmenu) + !$EXP[Spotlight_ViewType]] | Window.IsActive(1104)">
				<effect type="fade" start="100" end="0" time="250" tween="sine" easing="out" />
				<effect type="zoom" center="50%,50%" start="100" end="0" time="300" tween="cubic" easing="out" />
			</animation>
			<include condition="!string.isempty(window(home).property(shortcutaction_inprogress))" content="SwanShortcuts_Container" />
			
			<include condition="String.IsEmpty(Window(home).Property(shortcutaction_inprogress))" content="grid_test">
				<param name="grid_id" value="50" />
				<param name="orientation" value="vertical" />
			</include>
				
			
			<include condition="String.IsEmpty(Window(home).Property(shortcutaction_inprogress))" content="grid_test">
				<param name="grid_id" value="51" />
				<param name="orientation" value="horizontal" />
			</include>
			
			
			
			<control type="grouplist" id="8000">
				<visible>String.IsEmpty(Window(home).Property(shortcutaction_inprogress))</visible>
				<orientation>vertical</orientation>
				<top>120</top>
				<left>100</left>
				<height>100</height>
				
				<ondown>SetFocus(50)</ondown>
				
				<control type="list" id="11">
					<height>100</height>
					<onleft>500</onleft>
					<onright>9001</onright>
					<orientation>horizontal</orientation>
					
					<itemlayout width="200" height="50">
						<control type="image">
							<height>50</height>
							<width>50</width>
							<left>5</left>
							<bordersize>5</bordersize>
							<texture background="true">$INFO[ListItem.Icon]</texture>
						</control>
						<control type="label">
							<right>20</right>
							<left>60</left>
							<height>50</height>
							<aligny>center</aligny>
							<font>debugtiny</font>
							<textcolor>$VAR[color_global_button_text_nf]</textcolor>
							<label>$INFO[ListItem.Label]$INFO[ListItem.Label2, |  ,]</label>
						</control>
					</itemlayout>
					<focusedlayout width="200" height="50">
						<control type="image">
							<texture colordiffuse="$VAR[color_global_button_panel_fo]">colors/white.png</texture>
							<visible>Control.HasFocus(11)</visible>
						</control>
						<control type="image">
							<height>50</height>
							<width>50</width>
							<left>5</left>
							<bordersize>5</bordersize>
							<texture background="true">$INFO[ListItem.Icon]</texture>
						</control>
						<control type="label">
							<right>20</right>
							<left>60</left>
							<height>50</height>
							<aligny>center</aligny>
							<font>debugtiny</font>
							<textcolor>$VAR[color_global_button_text_fo]</textcolor>
							<label>$INFO[ListItem.Label]$INFO[ListItem.Label2, |  ,]</label>
						</control>
					</focusedlayout>
				</control>
			</control>
		</control>
		
		
		
		<include content="HeaderBar">
			<param name="HasBGPanel" value="Skin.HasSetting(MediaWindow_UseHeaderBG)" />
		</include>
		<include content="PreMenucontrol" />
		<control type="group">
			<animation effect="slide" start="-450,0" end="0,0" time="300" tween="cubic" easing="inout">VisibleHidden</animation>
			<visible>String.IsEqual(Window(Home).Property(menucontrol_active),common)</visible>
			<include content="menucontrol_global" condition="String.IsEmpty(Window(home).Property(shortcutaction_inprogress))" />
		</control>
		<include content="window_frame" />
	<!-- views -->
		<!-- epggrid -->
		<include content="swan_debug_overlay">
			<param name="textleft" value=""/>
</include>
	</controls>
</window>
