<?xml version="1.0" encoding="UTF-8"?>
<includes>

	

	<!-- the higher the transparency the lesser the transparency to diffuse - if using blur -->
	<variable name="infopanel_bg_plot">
		<value condition="!Skin.HasSetting(BlurEnabled) | [Skin.HasSetting(BlurEnabled) + $EXP[TrailerIsPlaying]]">colors/white70.png</value>
		<value condition="Skin.HasSetting(BlurEnabled) + !$EXP[TrailerIsPlaying] + [!Skin.String(color_lib_infopanel_frame) | [Skin.String(color_lib_infopanel_frame) + String.StartsWith(Skin.String(color_lib_infopanel_frame),ff)]]">colors/white40.png</value>
		<value condition="Skin.HasSetting(BlurEnabled) + !$EXP[TrailerIsPlaying] + [Skin.String(color_lib_infopanel_frame) + !String.StartsWith(Skin.String(color_lib_infopanel_frame),ff)]">colors/white60.png</value>
	</variable>
	
	<!-- align to scrollbarright with no gaps <param name="right" default="99" /> -->
	<include name="Media_Container_Infopanel">
		<param name="width" default="590" />
		<param name="right" default="110" />
		<definition>
		
		<control type="group">
			<animation effect="slide" start="0,0" end="0,90" time="350" tween="quadratic" easing="in" delay="100" condition="[Control.IsVisible(510) + Skin.HasSetting(View_510_DisableFooter)] | [Control.IsVisible(511) + Skin.HasSetting(View_511_DisableFooter)] | [Control.IsVisible(512) + Skin.HasSetting(View_512_DisableFooter)] | [Control.IsVisible(513) + Skin.HasSetting(View_513_DisableFooter)]">conditional</animation>
			<visible>Control.IsVisible(510) | Control.IsVisible(511) | Control.IsVisible(512) | Control.IsVisible(513)</visible>
			
			<control type="image">
				<description>fullscrreen fade bg</description>
				<visible>$EXP[TrailerIsPlaying]</visible>
				<animation effect="fade" start="0" end="100" time="750">VisibleChange</animation>
				<texture colordiffuse="ff131313">colors/white80.png</texture>
				<colordiffuse>ff000000</colordiffuse>
			</control>
			
			<control type="group">
				<description>info group</description>
				<width>$PARAM[width]</width>
				<right>$PARAM[right]</right>
				<top>Header</top>
				<bottom>Footer</bottom>
				<!-- <top>127</top>
				<bottom>105</bottom> -->
				<!-- align to footer,header with no gaps
				<top>110</top>
				<bottom>90</bottom>
				 -->
				<control type="image">
					<description>Main ARTWORK + BORDER -  var infopanel_fanart - prefer keyart HAS TO MUCH DEALY TO CHECK THE VAR</description>
					<bordersize>20</bordersize>
					<bordertexture colordiffuse="$VAR[color_lib_infopanel_frame]">colors/white.png</bordertexture>
					<texture diffuse="colors/white80.png">$VAR[infopanel_fanart]</texture> 
					<aspectratio align="center">scale</aspectratio>
					<visible>!$EXP[TrailerIsPlaying]</visible>
					<visible>[Control.IsVisible(510) + !Skin.HasSetting(View_510_disabledart)] | [Control.IsVisible(511) + !Skin.HasSetting(View_511_disabledart)] | [Control.IsVisible(512) + !Skin.HasSetting(View_512_disabledart)] | [Control.IsVisible(513) + !Skin.HasSetting(View_513_disabledart)]</visible>
				</control>
				
				<control type="image">
					<description>ROTATING ARTWORK - with fade anim, optional</description>
					<visible>Control.IsVisible(99007) + !String.IsEmpty(Control.GetLabel(99007))</visible>
					<description>Dimmed Art DONE _ EXCEPT COLORS - need get diffusor for blur plot - need  new color for artwork frame/bg - color_lib_infopanelframe</description>
					<bordersize>20</bordersize>
					<texture>$INFO[Control.GetLabel(99007)]</texture>
					<aspectratio align="center">scale</aspectratio>
					<visible>!$EXP[TrailerIsPlaying]</visible>
					<animation type="Visible" reversible="false">
						<effect type="fade" start="0" end="100" time="750" />
					</animation>
					<animation type="Hidden" reversible="false">
						<effect type="fade" start="100" end="0" time="1000" />
					</animation>
				</control>
				
				<control type="image">
					<description>BLURRED diffused ARTWORK - plot bg ,optional</description>
					<visible>Skin.HasSetting(BlurEnabled)</visible>
					<bordersize>20,0,20,0</bordersize>
					<description>l,t,r,b</description>
					<texture diffuse="diffuse/infopanel_blur.png">$INFO[Window(home).Property(listitem_blurred)]</texture>
					<aspectratio align="center">scale</aspectratio>
					<animation effect="fade" start="100" end="0" time="150" condition="$EXP[TrailerIsPlaying]">conditional</animation>
				</control>
				
				<control type="group">
					<description>Metadats</description>
					<top>200</top>	
					<animation effect="slide" start="0,0" end="0,-200" condition="$EXP[TrailerIsPlaying]">conditional</animation>
					
					<control type="image">
						<description>bg header infos - NO BLURRING - wished overlay for some clearart , temp Skin.HasSetting(BlurEnabled) or generell h80 - better for meta flags top row</description>
						
						<!-- no_gap zoom equals height80 , -->
						<animation effect="zoom" start="100,100" end="100,113" condition="!$EXP[InfoPanel_gap_enabled]">conditional</animation>
						
						<left>20</left>
						<right>20</right>
						<top>300</top>
						<height>70</height>
						<texture colordiffuse="$VAR[color_lib_infopanel_frame]">colors/white.png</texture>
					</control>
					<control type="grouplist">
				
							<description>header - infos T E M P _ PLACEHOLDER UNADJUSTED METADATA</description>
							<orientation>horizontal</orientation>
							
								<align>center</align>
								<height>50</height>
								<itemgap>10</itemgap>
								<right>25</right>
								<!-- <top>325</top> -->
								<top>330</top>
								<left>35</left>
								<animation effect="zoom" start="100" end="65" center="255,330" condition="true">conditional</animation>
								<animation effect="fade" start="100" end="60" condition="true">conditional</animation>
								<description>i was a copy paste job in include Meta_Uncommon_Top - temp animation - till adjust</description>
								
								<control type="label">
									<visible>!String.IsEmpty(ListItem.Year)</visible>	
									<top>5</top>
									<left>10</left>
									<height>35</height>
									<width>auto</width>
									<aligny>center</aligny>
									<font>font_SpotlightMetaDataBar</font>
									<label>$INFO[ListItem.Year,[B],[/B]]</label>
									<textcolor>$VAR[color_lib_infopanel_main]</textcolor>
								</control>
								
								<control type="button">
									<width min="50">auto</width>
									<font>font_SpotlightMetaDataBar</font>
									<label>$INFO[ListItem.MPAA,[B],[/B]]</label>
									<aligny>top</aligny>
									<align>center</align>
									<textcolor>$VAR[color_lib_infopanel_main]</textcolor>
									<disabledcolor>$VAR[color_lib_infopanel_main]</disabledcolor>
									<posy>3</posy>
									<height>40</height>
									<textoffsetx>20</textoffsetx>
									<textoffsety>4</textoffsety>
									<texturenofocus colordiffuse="$VAR[color_global_spotlight_main]">flags/detailframe.png</texturenofocus>
									<enable>false</enable>
									<visible>!String.IsEmpty(ListItem.MPAA)</visible>
								</control>
								
								<control type="label">
									<!-- <visible>!String.IsEmpty(ListItem.Property(TotalSeasons)) | !String.IsEmpty(ListItem.Property(TotalEpisodes)) | !String.IsEmpty(ListItem.Label2)</visible> -->
								
									<posy>5</posy>
									<width>auto</width>
									<label>$VAR[Meta_Top_Details]</label>
									<height>35</height>
									<aligny>center</aligny>
									<textcolor>$VAR[color_lib_infopanel_main]</textcolor>
									<font>font_SpotlightMetaDataBar</font>
								</control>
								
								<include content="FramedCodecInfo">
									<param name="visible" value="ListItem.IsStereoscopic | !String.IsEmpty(ListItem.VideoResolution)" />
									<param name="infolabel" value="$VAR[Simple_Resolution,[B],[/B]]" />
								</include>
								<control type="group">
									<visible>!String.IsEmpty(ListItem.AudioChannels)</visible>
									<left>-10</left>
									<width>70</width>
									<include content="FramedCodecInfo">
										<param name="visible" value="!String.IsEmpty(ListItem.AudioChannels)" />
										<param name="infolabel" value="$VAR[Simple_AudioChannel,[B],[/B]]" />
									</include>
								</control>
							</control>
						
								
								
						<include content="ListItem_Indicators">
							<param name="show_unwatchedindicator" value="false" />
							<param name="watched_size" value="25" />
							<param name="folderind_size" value="60" />
							<right>30</right>
							<top>10</top>
							<animation effect="slide" start="0,0" end="0,10" condition="!$EXP[InfoPanel_gap_enabled]">conditional</animation>
						</include>
						
					<control description="meta2" type="group">
						<left>10</left>
						<right>10</right>
						<bottom>10</bottom>
						<top>130</top>
						
						<control type="image">
							<visible>!$EXP[ListItemClearLogo_IsEmpty]</visible>
							<description>colordiffuse ?</description>
							<height>200</height>
							<aspectratio align="center" aligny="bottom">keep</aspectratio>
							<texture background="true">$VAR[ListItemClearLogo]</texture>
						</control>
						<control type="textbox">
							<visible>$EXP[ListItemClearLogo_IsEmpty]</visible>
							<font>Montserrat_ExtraBold_40</font>
							<align>center</align>
							<label>$INFO[Container.ListItem.Label]</label>
							<height>200</height>
							<textcolor>white</textcolor>
							<shadowcolor>black</shadowcolor>
						</control>
						
						<control type="image">
							<description>crop l,r - border 2,1,2,1 , common plot bg  - bottom , slide on trailer playback, disabled artwork sync with diffued height blur img</description>
							<top>248</top>
							<left>10</left>
							<right>10</right>
							<height>195</height>
							<bordertexture border="1" colordiffuse="$VAR[color_lib_infopanel_frame]">frames/frame.png</bordertexture>
							<texture colordiffuse="$VAR[color_lib_infopanel_frame]">$VAR[infopanel_bg_plot]</texture>
						</control>
						
						<control type="textbox">
							<description>put into a group - for above used bg imgs 160-180h</description>
							<top>255</top>
							<left>30</left>
							<right>30</right>
							<label>$VAR[plot]</label>
							<height>180</height>
							<align>justify</align>
							<!-- <font>MenucontrolItem</font> -->
							<font>debugtiny</font>
							<textcolor>$VAR[color_lib_infopanel_main]</textcolor>
						</control>
						
						<control description="ratings" type="group">
							<top>442</top>
							<bottom>20</bottom>
							<height>90</height>
							<control type="image">
								<!-- gap -->    <animation effect="slide" start="0,0" end="0,10" condition="$EXP[InfoPanel_gap_enabled]">conditional</animation>
												<animation effect="zoom" start="100,100" end="100,85" condition="$EXP[InfoPanel_gap_enabled]">conditional</animation>
								<description>method3 - diffusesblurred flag bg | plot bg - top height just for get diffuse template creation</description>
								<left>10</left>
								<right>10</right>
								<visible>!$EXP[TrailerIsPlaying]</visible>
								<height>70</height>
								<texture flipx="true" colordiffuse="$VAR[color_lib_infopanel_accent]">diffuse/gradientleft.png</texture>
							</control>
							<description> TEMP - ITS  TOO LARGE</description>
							
							<control type="grouplist">
								<!-- no_gap --> <animation effect="zoom" start="100" end="65" center="315,20" condition="!$EXP[InfoPanel_gap_enabled]">conditional</animation>
								<!-- gap -->	<animation effect="zoom" start="100" end="65" center="315,30" condition="$EXP[InfoPanel_gap_enabled]">conditional</animation>
								<description>neg offset to circumstance group width tag - just good n needed if using shrink animation</description>
								<orientation>horizontal</orientation>
								<align>center</align>
								<right>-100</right>
								<left>-100</left>
								<itemgap>5</itemgap>
								<include content="ratingcommon_footer_template">
									<param name="listitem" value="UserRating"/>
									<param name="color" value="white" />
									<visible>!Window.IsActive(movieinformation)</visible>
								</include>
								<include content="ratingcommon_footer_template">
									<param name="listitem" value="Rating"/>
									<param name="color" value="white" />
									<visible>!$EXP[NonMusic_ListItem] | ListItem.IsCollection</visible>
								</include>
								<include content="rating_footer_template">
									<param name="rating" value="trakt"/>
									<param name="rating_prop" value="Trakt_Rating" />
									<param name="color" value="white" />
								</include>
								<include content="ratingcommon_footer_template">
									<param name="listitem" value="Rating"/>
									<param name="color" value="white" />
									<visible>String.StartsWith(ListItem.FolderPath,plugin://)</visible>
								</include>
								<include content="rating_footer_template">
									<param name="rating" value="metacritic"/>
									<param name="rating_prop" value="Metacritic_Rating" />
									<param name="color" value="white" />
								</include>
								<include content="rating_footer_template">
									<param name="rating" value="tomatometerallaudience"/>
									<param name="rating_prop" value="RottenTomatoes_UserMeter" />
									<param name="color" value="white" />
								</include>
								<include content="rating_footer_template">
									<param name="rating" value="tomatometerallcritics"/>
									<param name="rating_prop" value="RottenTomatoes_Rating" />
									<param name="color" value="white" />
								</include>
								<include content="rating_footer_template">
									<param name="rating" value="themoviedb"/>
									<param name="rating_prop" value="TMDb_Rating" />
									<param name="color" value="white" />
								</include>
								<include content="rating_footer_template">
									<param name="rating" value="tvdb"/>
									<param name="rating_prop" value="tvdb_rating" />
									<param name="color" value="white" />
								</include>
								<include content="rating_footer_template">
									<param name="rating" value="imdb"/>
									<param name="rating_prop" value="IMDb_Rating" />
									<param name="color" value="white" />
								</include>
								<include content="rating_footer_template">
									<param name="rating" value="imdbtop250"/>
									<param name="rating_prop" value="Top250" />
									<param name="color" value="white" />
								</include>
							</control>
						</control>
					</control>		
			
			
					<control type="label">
						<animation effect="fade" start="100" end="80" condition="false">conditional</animation>
						<description>description to tiny for 10-foot UI</description>
						<visible>!String.IsEmpty(ListItem.Genre) + !$EXP[InfoPanel_gap_enabled]</visible>
						<width>auto</width>
						<top>352</top>
						<height>30</height>
						<aligny>center</aligny>
						<label>$INFO[ListItem.Genre]</label>
						<textcolor>$VAR[color_lib_infopanel_accent]</textcolor>
						<align>center</align>
						<font>NotoSans_bold15</font>
					</control>
				</control>
			
			</control>
			
			<control type="group">
				<visible>$EXP[TrailerIsPlaying]</visible>
				<animation effect="fade" start="0" end="100" time="750">VisibleChange</animation>
				<top>0</top>
				<left>150</left>
				<right>750</right>
				<bottom>0</bottom>
				
				
				<control type="videowindow" />
			</control>
		</control>
		</definition>
	
	</include>
	<include name="view_510">
		<control type="group">
			<visible>Control.IsVisible(510)</visible>
			
			<control type="panel" id="510">
				<viewtype label="$LOCALIZE[31244]">icon</viewtype>
				<animation effect="fade" start="100" end="0" time="250" tween="quadratic" easing="out" delay="100" condition="Player.HasMedia + !String.IsEmpty(Window(Home).Property(TrailerIsPlaying))">conditional</animation>
			<!-- some accident BUT if ommit width param Media_Container_Infopanel <animation effect="fade" start="100" end="0" time="250" tween="quadratic" easing="out" delay="100" condition="true">conditional</animation> -->
           
				<include content="view_510_noLocking" condition="!skin.hassetting(skin_locked_views)" />
				<include content="view_locking" condition="skin.hassetting(skin_locked_views)">
					<param name="view_id" value="510" />
				</include>
				
				<include content="Media_Container_Attributes">
					<param name="view_id" value="510" />
					<param name="left" value="170" />
					<param name="right" value="705" />
				</include>
				<include>Media_Values_ContainerNavigation</include>
				
				<itemlayout height="445" width="260" condition="!Skin.HasSetting(View_510_DisableTags)">
					<control type="group">
						<width>240</width>
						<height>350</height>
						<include content="universal_itemlayout">
							<param name="artwork_bordercolor" value="$VAR[color_universalcontainer_itemframe_nf]" />
							<param name="artwork" value="poster" />
							<param name="artwork_focusoverlay_visible" value="false" />
							<param name="infotags_visible" value="true" />
							<param name="infotags_autoscroll" value="false" />
							<param name="artwork_bg_bordersize" value="6" />
							<param name="infotags_bgpanel_color" value="$VAR[color_universalcontainer_itemtag_bgpanel_nf]" />
							<param name="infotags_label1_color" value="$VAR[color_universalcontainer_itemtag_label1_nf]" />
							<param name="infotags_label2_color" value="$VAR[color_universalcontainer_itemtag_label2_nf]" />
						</include>
					</control>
				</itemlayout>
				<focusedlayout height="445" width="260" condition="!Skin.HasSetting(View_510_DisableTags)">
					<include content="hiddenbutton_manage_skinpropertys" />
					<control type="group">
						<width>240</width>
						<height>350</height>
						<description>to avoid relaod skin on disable footer and avoid bottom offset fade out 3rd row of items</description>
						<include>Animation_Item_Focus</include>
						<control type="group">
							<include content="universal_itemlayout">
								<param name="artwork_bordercolor" value="$VAR[color_universalcontainer_itemframe_fo]" />
								<param name="artwork" value="poster" />
								<param name="artwork_focusoverlay_visible" value="true" />
								<param name="infotags_visible" value="true" />
								<param name="infotags_autoscroll" value="true" />
								<param name="artwork_bg_bordersize" value="4" />
								<param name="infotags_bgpanel_color" value="$VAR[color_universalcontainer_itemtag_bgpanel_fo]" />
								<param name="infotags_label1_color" value="$VAR[color_universalcontainer_itemtag_label1_fo]" />
								<param name="infotags_label2_color" value="$VAR[color_universalcontainer_itemtag_label2_fo]" />
							</include>
						</control>
					</control>
				</focusedlayout>
				<itemlayout height="365" width="260" condition="Skin.HasSetting(View_510_DisableTags)">
					<control type="group">
						<width>240</width>
						<height>350</height>
						<include content="universal_itemlayout">
							<param name="artwork_bordercolor" value="$VAR[color_universalcontainer_itemframe_nf]" />
							<param name="artwork" value="poster" />
							<param name="artwork_focusoverlay_visible" value="false" />
							<param name="infotags_visible" value="false" />
							<param name="infotags_bgpanel_visible" value="false" />
							<param name="infotags_autoscroll" value="false" />
							<param name="artwork_bg_bordersize" value="6" />
							<param name="infotags_bgpanel_color" value="$VAR[color_universalcontainer_itemtag_bgpanel_nf]" />
							<param name="infotags_label1_color" value="$VAR[color_universalcontainer_itemtag_label1_nf]" />
							<param name="infotags_label2_color" value="$VAR[color_universalcontainer_itemtag_label2_nf]" />
							<param name="artwork_diffuse_themed" value="true" />
							<param name="artwork_diffuse_override" value="false" />
						</include>
					</control>
				</itemlayout>
				<focusedlayout height="365" width="260" condition="Skin.HasSetting(View_510_DisableTags)">
					<include content="hiddenbutton_manage_skinpropertys" />
					<control type="group">
						<width>240</width>
						<height>350</height>
						<include>Animation_Item_Focus</include>
						<control type="group">
							<include content="universal_itemlayout">
								<param name="artwork_bordercolor" value="$VAR[color_universalcontainer_itemframe_fo]" />
								<param name="artwork" value="poster" />
								<param name="artwork_focusoverlay_visible" value="true" />
								<param name="infotags_visible" value="false" />
								<param name="infotags_bgpanel_visible" value="false" />
								<param name="infotags_autoscroll" value="true" />
								<param name="artwork_bg_bordersize" value="4" />
								<param name="infotags_bgpanel_color" value="$VAR[color_universalcontainer_itemtag_bgpanel_fo]" />
								<param name="infotags_label1_color" value="$VAR[color_universalcontainer_itemtag_label1_fo]" />
								<param name="infotags_label2_color" value="$VAR[color_universalcontainer_itemtag_label2_fo]" />
								<param name="artwork_diffuse_themed" value="true" />
								<param name="artwork_diffuse_override" value="false" />
							</include>
						</control>
					</control>
				</focusedlayout>
			</control>
			
			<include content="footer">
				<param name="view_id" value="510" />
				<param name="footer_show_ratings" value="false" />
				<param name="footer_mediaflag_align" value="center" />
		
				<param name="footer_mediaflag_width" value="100%" />
				<param name="footer_mediaflag_offsetleft" value="-100" />
				<param name="footer_rating_offsetright" value="200" />
			</include>
		</control>
	</include>
	
	<include name="view_511">
		<control type="group">
			<visible>Control.IsVisible(511)</visible>
			
			<include content="Universal_Container">
				<viewtype label="$LOCALIZE[31245]">icon</viewtype>
				<animation effect="fade" start="100" end="0" time="250" tween="quadratic" easing="out" delay="100" condition="Player.HasMedia + !String.IsEmpty(Window(Home).Property(TrailerIsPlaying))">conditional</animation>
				<include content="view_511_noLocking" condition="!skin.hassetting(skin_locked_views)" />
				<include content="view_locking" condition="skin.hassetting(skin_locked_views)">
					<param name="view_id" value="511" />
				</include>
				<include>Media_Values_ContainerNavigation</include>
				<include content="Media_Container_Attributes">
					<param name="view_id" value="511" />
					<param name="left" value="170" />
					<param name="right" value="705" />
				</include>
				
				<param name="id" value="511" />
				<param name="type_height" value="900" />
				<param name="type_pos_top" value="120" />
				<param name="type_orientation" value="vertical" />
				<param name="item_overlay_circle" value="true" />
				<param name="visible" value="Container.Content(movies) | Container.Content(sets) | Container.Content(tvshows) | Container.Content(seasons) | Container.Content(musicvideos) | Container.Content(artists) | Container.Content(albums) | Container.Content(mixed) | Container.Content(images) | Container.Content(videos) | Container.Content(games)" />
				<param name="layout_height" value="300" />
				<param name="layout_width" value="250" />
				<param name="itemheight" value="210" />
				<param name="itemwidth" value="210" />
				<param name="item_artwork_name" value="circle" />
				
			</include>
			<include content="footer">
				<param name="view_id" value="511" />
				<param name="footer_show_ratings" value="false" />
				<param name="footer_mediaflag_align" value="center" />
				<param name="footer_mediaflag_width" value="100%" />
				<param name="footer_mediaflag_offsetleft" value="-100" />
				<param name="footer_rating_offsetright" value="200" />
			</include>
		</control>
	</include>
	
	<include name="view_512">
		<control type="group">
			<visible>Control.IsVisible(512)</visible>
			
			<control type="panel" id="512">
				<animation effect="fade" start="100" end="0" time="250" tween="quadratic" easing="out" delay="100" condition="Player.HasMedia + !String.IsEmpty(Window(Home).Property(TrailerIsPlaying))">conditional</animation>
				<viewtype label="$LOCALIZE[31246]">icon</viewtype>
				<include content="view_512_noLocking" condition="!skin.hassetting(skin_locked_views)" />
				<include content="view_locking" condition="skin.hassetting(skin_locked_views)">
					<param name="view_id" value="512" />
				</include>
				
				<include content="Media_Container_Attributes">
					<param name="view_id" value="512" />
					<param name="left" value="120" />
					<param name="right" value="705" />
				</include>
				
				<include>Media_Values_ContainerNavigation</include>
				<itemlayout height="292" width="364" condition="!Skin.HasSetting(View_512_DisableTags)">
					<control type="group">
						<width>349</width>
						<height>205</height>
						<include content="universal_itemlayout">
							<param name="artwork_bordercolor" value="$VAR[color_universalcontainer_itemframe_nf]" />
							<param name="artwork" value="landscape" />
							<param name="artwork_focusoverlay_visible" value="false" />
							<param name="infotags_visible" value="true" />
							<param name="infotags_autoscroll" value="false" />
							<param name="artwork_bg_bordersize" value="6" />
							<param name="infotags_bgpanel_color" value="$VAR[color_universalcontainer_itemtag_bgpanel_nf]" />
							<param name="infotags_label1_color" value="$VAR[color_universalcontainer_itemtag_label1_nf]" />
							<param name="infotags_label2_color" value="$VAR[color_universalcontainer_itemtag_label2_nf]" />
							<param name="artwork_overlay_landscape" value="![$EXP[IsEpisode]]" />
						</include>
					</control>
				</itemlayout>
				<focusedlayout height="292" width="365" condition="!Skin.HasSetting(View_512_DisableTags)">
					<include content="hiddenbutton_manage_skinpropertys" />
					<control type="group">
						<width>349</width>
						<height>205</height>
						<description>to avoid relaod skin on disable footer and avoid bottom offset fade out 3rd row of items</description>
						<include>Animation_Item_Focus</include>
						<control type="group">
							<include content="universal_itemlayout">
								<param name="artwork_bordercolor" value="$VAR[color_universalcontainer_itemframe_fo]" />
								<param name="artwork" value="landscape" />
								<param name="artwork_focusoverlay_visible" value="true" />
								<param name="infotags_visible" value="true" />
								<param name="infotags_autoscroll" value="true" />
								<param name="artwork_bg_bordersize" value="4" />
								<param name="infotags_bgpanel_color" value="$VAR[color_universalcontainer_itemtag_bgpanel_fo]" />
								<param name="infotags_label1_color" value="$VAR[color_universalcontainer_itemtag_label1_fo]" />
								<param name="infotags_label2_color" value="$VAR[color_universalcontainer_itemtag_label2_fo]" />
								<param name="artwork_overlay_landscape" value="![$EXP[IsEpisode]]" />
							</include>
							
						</control>
					</control>
				</focusedlayout>
				<itemlayout height="220" width="365" condition="Skin.HasSetting(View_512_DisableTags)">
					<control type="group">
						<width>349</width>
						<height>205</height>
						<include content="universal_itemlayout">
							<param name="artwork_bordercolor" value="$VAR[color_universalcontainer_itemframe_nf]" />
							<param name="artwork" value="landscape" />
							<param name="artwork_focusoverlay_visible" value="false" />
							<param name="infotags_visible" value="false" />
							<param name="infotags_bgpanel_visible" value="false" />
							<param name="infotags_autoscroll" value="false" />
							<param name="artwork_bg_bordersize" value="6" />
							<param name="infotags_bgpanel_color" value="$VAR[color_universalcontainer_itemtag_bgpanel_nf]" />
							<param name="infotags_label1_color" value="$VAR[color_universalcontainer_itemtag_label1_nf]" />
							<param name="infotags_label2_color" value="$VAR[color_universalcontainer_itemtag_label2_nf]" />
							<param name="artwork_diffuse_themed" value="true" />
							<param name="artwork_diffuse_override" value="false" />
							<param name="artwork_overlay_landscape" value="![$EXP[IsEpisode]]" />
						</include>
					</control>
				</itemlayout>
				<focusedlayout height="220" width="365" condition="Skin.HasSetting(View_512_DisableTags)">
					<include content="hiddenbutton_manage_skinpropertys" />
					<control type="group">
						<width>349</width>
						<height>205</height>
						<include>Animation_Item_Focus</include>
						<control type="group">
							<include content="universal_itemlayout">
								<param name="artwork_bordercolor" value="$VAR[color_universalcontainer_itemframe_fo]" />
								<param name="artwork" value="landscape" />
								<param name="artwork_focusoverlay_visible" value="true" />
								<param name="infotags_visible" value="false" />
								<param name="infotags_bgpanel_visible" value="false" />
								<param name="infotags_autoscroll" value="true" />
								<param name="artwork_bg_bordersize" value="4" />
								<param name="infotags_bgpanel_color" value="$VAR[color_universalcontainer_itemtag_bgpanel_fo]" />
								<param name="infotags_label1_color" value="$VAR[color_universalcontainer_itemtag_label1_fo]" />
								<param name="infotags_label2_color" value="$VAR[color_universalcontainer_itemtag_label2_fo]" />
								<param name="artwork_diffuse_themed" value="true" />
								<param name="artwork_diffuse_override" value="false" />
								<param name="artwork_overlay_landscape" value="![$EXP[IsEpisode]]" />
							</include>
						</control>
					</control>
				</focusedlayout>
			</control>
			
			<include content="footer">
				<param name="view_id" value="512" />
				<param name="footer_show_ratings" value="false" />
				<param name="footer_mediaflag_align" value="center" />
		
				<param name="footer_mediaflag_width" value="100%" />
				<param name="footer_mediaflag_offsetleft" value="-100" />
				<param name="footer_rating_offsetright" value="200" />
			</include>
		</control>
	</include>
	<include name="view_513">
		<control type="group">
			<visible>Control.IsVisible(513)</visible>
			
			<control type="panel" id="513">
				<viewtype label="$LOCALIZE[31247]">icon</viewtype>
				<animation effect="fade" start="100" end="0" time="250" tween="quadratic" easing="out" delay="100" condition="Player.HasMedia + !String.IsEmpty(Window(Home).Property(TrailerIsPlaying))">conditional</animation>
				<include content="view_513_noLocking" condition="!skin.hassetting(skin_locked_views)" />
				<include content="view_locking" condition="skin.hassetting(skin_locked_views)">
					<param name="view_id" value="513" />
				</include>
				<include content="Media_Container_Attributes">
					<param name="view_id" value="513" />
					<param name="left" value="120" />
					<param name="right" value="705" />
				</include>
				<include>Media_Values_ContainerNavigation</include>
				
				<itemlayout height="445" width="365" condition="!Skin.HasSetting(View_513_DisableTags)">
					<control type="group">
						<width>340</width>
						<height>340</height>
						<include content="universal_itemlayout">
							<param name="artwork_bordercolor" value="$VAR[color_universalcontainer_itemframe_nf]" />
							<param name="artwork" value="square" />
							<param name="artwork_focusoverlay_visible" value="false" />
							<param name="infotags_visible" value="true" />
							<param name="infotags_autoscroll" value="false" />
							<param name="artwork_bg_bordersize" value="6" />
							<param name="infotags_bgpanel_color" value="$VAR[color_universalcontainer_itemtag_bgpanel_nf]" />
							<param name="infotags_label1_color" value="$VAR[color_universalcontainer_itemtag_label1_nf]" />
							<param name="infotags_label2_color" value="$VAR[color_universalcontainer_itemtag_label2_nf]" />
						</include>
					</control>
				</itemlayout>
				<focusedlayout height="445" width="365" condition="!Skin.HasSetting(View_513_DisableTags)">
					<include content="hiddenbutton_manage_skinpropertys" />
					<control type="group">
						<width>340</width>
						<height>340</height>
						<description>to avoid relaod skin on disable footer and avoid bottom offset fade out 3rd row of items</description>
						<include>Animation_Item_Focus</include>
						<control type="group">
							<include content="universal_itemlayout">
								<param name="artwork_bordercolor" value="$VAR[color_universalcontainer_itemframe_fo]" />
								<param name="artwork" value="square" />
								<param name="artwork_focusoverlay_visible" value="true" />
								<param name="infotags_visible" value="true" />
								<param name="infotags_autoscroll" value="true" />
								<param name="artwork_bg_bordersize" value="4" />
								<param name="infotags_bgpanel_color" value="$VAR[color_universalcontainer_itemtag_bgpanel_fo]" />
								<param name="infotags_label1_color" value="$VAR[color_universalcontainer_itemtag_label1_fo]" />
								<param name="infotags_label2_color" value="$VAR[color_universalcontainer_itemtag_label2_fo]" />
							</include>
						</control>
					</control>
				</focusedlayout>
				<itemlayout height="370" width="365" condition="Skin.HasSetting(View_513_DisableTags)">
					<control type="group">
						<width>340</width>
						<height>340</height>
						<include content="universal_itemlayout">
							<param name="artwork_bordercolor" value="$VAR[color_universalcontainer_itemframe_nf]" />
							<param name="artwork" value="square" />
							<param name="artwork_focusoverlay_visible" value="false" />
							<param name="infotags_visible" value="false" />
							<param name="infotags_bgpanel_visible" value="false" />
							<param name="infotags_autoscroll" value="false" />
							<param name="artwork_bg_bordersize" value="6" />
							<param name="infotags_bgpanel_color" value="$VAR[color_universalcontainer_itemtag_bgpanel_nf]" />
							<param name="infotags_label1_color" value="$VAR[color_universalcontainer_itemtag_label1_nf]" />
							<param name="infotags_label2_color" value="$VAR[color_universalcontainer_itemtag_label2_nf]" />
							<param name="artwork_diffuse_themed" value="true" />
							<param name="artwork_diffuse_override" value="false" />
						</include>
					</control>
				</itemlayout>
				<focusedlayout height="370" width="365" condition="Skin.HasSetting(View_513_DisableTags)">
					<include content="hiddenbutton_manage_skinpropertys" />
					<control type="group">
						<width>340</width>
						<height>340</height>
						<include>Animation_Item_Focus</include>
						<control type="group">
							<include content="universal_itemlayout">
								<param name="artwork_bordercolor" value="$VAR[color_universalcontainer_itemframe_fo]" />
								<param name="artwork" value="square" />
								<param name="artwork_focusoverlay_visible" value="true" />
								<param name="infotags_visible" value="false" />
								<param name="infotags_bgpanel_visible" value="false" />
								<param name="infotags_autoscroll" value="true" />
								<param name="artwork_bg_bordersize" value="4" />
								<param name="infotags_bgpanel_color" value="$VAR[color_universalcontainer_itemtag_bgpanel_fo]" />
								<param name="infotags_label1_color" value="$VAR[color_universalcontainer_itemtag_label1_fo]" />
								<param name="infotags_label2_color" value="$VAR[color_universalcontainer_itemtag_label2_fo]" />
								<param name="artwork_diffuse_themed" value="true" />
								<param name="artwork_diffuse_override" value="false" />
							</include>
						</control>
					</control>
				</focusedlayout>
			</control>
			
			<include content="footer">
				<param name="view_id" value="513" />
				<param name="footer_show_ratings" value="false" />
				<param name="footer_mediaflag_align" value="center" />
		
				<param name="footer_mediaflag_width" value="100%" />
				<param name="footer_mediaflag_offsetleft" value="-100" />
				<param name="footer_rating_offsetright" value="200" />
			</include>
		</control>
	</include>
	
</includes>