<?xml version="1.0" encoding="UTF-8"?>
<!-- SWAN -->
<includes>
	<!-- ################### -->
	<!-- #### A U D I O #### -->
	<!-- ################### -->
	<variable name="debugPlayerShowInfo">
		<value condition="Player.ShowInfo">ShowInfo is true</value>
		<value condition="!Player.ShowInfo">ShowInfo is false</value>
	</variable>
	
	
	<include name="MusicOSD_CommonPlaylist">
		<control type="group">
			
			<control type="image">
				<left>35%</left>
				<right>20%</right>
				<height>100%</height>
				<texture colordiffuse="$VAR[color_osdmusic_bgpanelseperator]">colors/white70.png</texture>
			</control>
				
			<control type="group">
				<left>36%</left>
				<right>21%</right>
				<height>100%</height>
				
				<control type="label" id="498">
					<top>50</top>
					<height>25</height>
					<aligny>center</aligny>
					<font>HeaderBar_Main</font>
					<textcolor>$VAR[color_osdmusic_accent]</textcolor>
					<label>[B]$LOCALIZE[13350][/B] $INFO[MusicPlayer.PlaylistLength,:  ( , Items )]</label>
				</control>
				<control type="panel" id="499">
					<top>100</top>
					<bottom>100</bottom>
					<aligny>top</aligny>
					<align>center</align>
					<preloaditems>2</preloaditems>
					<orientation>vertical</orientation>
					<onup>699</onup>
					<ondown>699</ondown>
					<onleft>Dialog.Close(1140)</onleft>
					<onclick>RunScript(script.embuary.helper,action=playall,id=499,type=music,method=fromhere)</onclick>
					<onright condition="Control.IsVisible(49960)">49960</onright>
					<onright condition="!Control.IsVisible(49960)">Dialog.Close(1140)</onright>
					
					<pagecontrol>49960</pagecontrol>
					
					<scrolltime tween="quadratic">400</scrolltime>
					
					<itemlayout height="100">
						<control type="group">
							<height>90</height>
							<control type="image">
								<centertop>50%</centertop>
								<left>5</left>
								<width>70</width>
								<height>70</height>
								<texture background="true">$INFO[ListItem.Icon]</texture>
							</control>
							<control type="image">
								<centertop>50%</centertop>
								<left>15</left>
								<width>50</width>
								<height>50</height>
								<texture background="true">special://skin/extras/song_gifs/playingsong.gif</texture>
								<colordiffuse>$VAR[color_osdmusic_secondary]</colordiffuse>
								<bordersize>4</bordersize>
								<visible>ListItem.IsPlaying</visible>
								<bordertexture colordiffuse="cc000000">artworkdiffuse/circle.png</bordertexture>
							</control>
							<control type="label">
								<aligny>center</aligny>
								<left>100</left>
								<font>debugtiny</font>
								<selectedcolor>$VAR[color_osdmusic_secondary]</selectedcolor>
								<textcolor>$VAR[color_osdmusic_secondary]</textcolor>
								<label>$INFO[ListItem.TrackNumber,[B],[/B]  •  ]$INFO[listitem.label]$INFO[listitem.duration,   (,)][CR]$INFO[listitem.artist][CR]$INFO[listitem.album]$INFO[listitem.year,  (,)]</label>
							</control>
						</control>
					</itemlayout>
					<focusedlayout height="100">
						<control type="group">
							<height>90</height>
							<control type="image">
								<top>10</top>
								<left>10</left>
								<height>1</height>
								<texture background="true">colors/white.png</texture>
								<colordiffuse>$VAR[color_osdmusic_accent]</colordiffuse>
							</control>
							<control type="image">
								<bottom>10</bottom>
								<left>10</left>
								<height>1</height>
								<texture background="true">colors/white.png</texture>
								<colordiffuse>$VAR[color_osdmusic_accent]</colordiffuse>
							</control>
							<control type="image">
								<centertop>50%</centertop>
								<left>5</left>
								<width>70</width>
								<height>70</height>
								<texture background="true">$INFO[ListItem.Icon]</texture>
							</control>
							<control type="image">
								<centertop>50%</centertop>
								<left>15</left>
								<width>50</width>
								<height>50</height>
								<texture background="true">special://skin/extras/song_gifs/playingsong.gif</texture>
								<colordiffuse>$VAR[color_osdmusic_main]</colordiffuse>
								<bordersize>4</bordersize>
								<visible>ListItem.IsPlaying</visible>
								<bordertexture colordiffuse="cc000000">artworkdiffuse/circle.png</bordertexture>
							</control>
							<control type="label">
								<aligny>center</aligny>
								<left>100</left>
								<font>debugtiny</font>
								<selectedcolor>$VAR[color_osdmusic_accent]</selectedcolor>
								<textcolor>$VAR[color_osdmusic_accent]</textcolor>
								<label>$INFO[ListItem.TrackNumber,[B],[/B]  •  ]$INFO[listitem.label]$INFO[listitem.duration,   (,)][CR][COLOR=$VAR[color_osdmusic_main]]$INFO[listitem.artist][CR]$INFO[listitem.album]$INFO[listitem.year,  (,)][/COLOR]</label>
							</control>
						</control>
					</focusedlayout>
					<content target="music">playlistmusic://</content>
				</control>
				<control type="scrollbar" id="49960">
					<right>-20</right>
					<top>100</top>
					<bottom>100</bottom>
					<width>3</width>
					<onleft>499</onleft>
					<onright>499</onright>
				</control>
			</control>
		</control>
	</include>
	<include name="MusicOSD_SmallPlaylist">
		<control type="group">
			
			<animation effect="slide" start="0,120" end="0,0" time="250">WindowOpen</animation>
			<animation effect="slide" start="0,0" end="0,120" time="250">WindowClose</animation>
						
			<description>put me left bottom cond slide up or roght fade in</description>
			<left>0</left>
			
			<height>100%</height>
			
			
			<width>34%</width>
			
			<control type="label" id="498">
				<visible>[!Window.IsActive(home) + String.IsEqual(Skin.String(HomeLayout),MenuTiles)]</visible>
				<bottom>230</bottom>
				<left>60</left>
				<height>25</height>
				<align>left</align>
				<font>debugtiny2</font>
				<textcolor>$VAR[color_osdmusic_accent]</textcolor>
				<label>Current Playlist :</label>
			</control>
			
			<control type="panel" id="499">
				
				<include content="height" condition="Window.IsActive(home) + String.IsEqual(Skin.String(HomeLayout),MenuTiles)">
					<param name="height" value="170" />
				</include>
				
				<bottom>20</bottom>
				<left>60</left>
				<height>200</height>
				<aligny>center</aligny>
				<align>left</align>
				<preloaditems>2</preloaditems>
				<orientation>vertical</orientation>
				
				<onup>699</onup>
				
				<onclick>RunScript(script.embuary.helper,action=playall,id=499,type=music,method=fromhere)</onclick>
				
				<onleft>Dialog.Close(1140)</onleft>
				<onright>49960</onright>
				<pagecontrol>49960</pagecontrol>
				
				<scrolltime tween="quadratic">400</scrolltime>
				
				<itemlayout height="28">
					
					<control type="label">
						<align>left</align>
						<aligny>center</aligny>
							
						<textcolor>$VAR[color_osdmusic_main]</textcolor>
						<font>debugtiny2</font>
						<textcolor>grey</textcolor>
						<label>$INFO[listitem.artist] - $INFO[listitem.title] • [COLOR=$VAR[color_osdmusic_accent]]$LOCALIZE[554]:[/COLOR]$INFO[ListItem.TrackNumber] [COLOR=$VAR[color_osdmusic_accent]]/[/COLOR]$INFO[Container(499).NumItems]</label>
					</control>
						
				</itemlayout>
				<focusedlayout height="28">
						
					<control type="group">
						<control type="image">
							<description>color_osdmusic_accent vs color_osdmusic_bgpanelseperator</description>
							<bordertexture border="2" colordiffuse="$VAR[color_osdmusic_accent]">frames/frame.png</bordertexture>
							<texture colordiffuse="$VAR[color_osdmusic_bgpanelseperator]" diffuse="artworkdiffuse/banner.png">colors/white50.png</texture>
							<bordersize>3</bordersize>
						</control>
						<control type="label">
							<align>left</align>
							<aligny>center</aligny>
							
							<textcolor>$VAR[color_osdmusic_main]</textcolor>
							<font>debugtiny2</font>
							<textcolor>grey</textcolor>
							<label>$INFO[listitem.artist] - $INFO[listitem.title] • [COLOR=$VAR[color_osdmusic_accent]]$LOCALIZE[554]:[/COLOR]$INFO[ListItem.TrackNumber] [COLOR=$VAR[color_osdmusic_accent]]/[/COLOR]$INFO[Container(499).NumItems]</label>
						</control>
					</control>
				</focusedlayout>
				<content target="music">playlistmusic://</content>
			</control>
		</control>
	</include>
	
	<variable name="CULRCLyricsTitle">
		<value condition="!String.IsEmpty(MusicPlayer.Property(Role.Lyricist))">$INFO[MusicPlayer.Title,, ]$INFO[MusicPlayer.Property(Role.Lyricist), $LOCALIZE[31071] &apos;,&apos;]</value>
		<value>$INFO[MusicPlayer.Title]$INFO[MusicPlayer.Artist, $LOCALIZE[31071] &apos;,&apos;]</value>
    </variable>
	<variable name="MusicPlayerOffset">
		<value condition="Player.HasAudio + MusicPlayer.Offset(3).Exists">[COLOR=$VAR[color_osdmusic_accent]]$LOCALIZE[19031] : [/COLOR][CR]$INFO[MusicPlayer.Offset(1).Artist] - $INFO[MusicPlayer.Offset(1).Title] • [COLOR=$VAR[color_osdmusic_accent]]$LOCALIZE[554]:[/COLOR] $INFO[MusicPlayer.Offset(1).PlaylistPosition][COLOR=$VAR[color_osdmusic_accent]]/[/COLOR]$INFO[MusicPlayer.PlaylistLength][CR]$INFO[MusicPlayer.Offset(2).Artist] - $INFO[MusicPlayer.Offset(2).Title] • [COLOR=$VAR[color_osdmusic_accent]]$LOCALIZE[554]:[/COLOR] $INFO[MusicPlayer.Offset(2).PlaylistPosition][COLOR=$VAR[color_osdmusic_accent]]/[/COLOR]$INFO[MusicPlayer.PlaylistLength][CR]$INFO[MusicPlayer.Offset(3).Artist] - $INFO[MusicPlayer.Offset(3).Title] • [COLOR=$VAR[color_osdmusic_accent]]$LOCALIZE[554]:[/COLOR] $INFO[MusicPlayer.Offset(3).PlaylistPosition][COLOR=$VAR[color_osdmusic_accent]]/[/COLOR]$INFO[MusicPlayer.PlaylistLength]</value>
		<value condition="Player.HasAudio + MusicPlayer.Offset(2).Exists">[COLOR=$VAR[color_osdmusic_accent]]$LOCALIZE[19031] : [/COLOR][CR]$INFO[MusicPlayer.Offset(1).Artist] - $INFO[MusicPlayer.Offset(1).Title] • [COLOR=$VAR[color_osdmusic_accent]]$LOCALIZE[554]:[/COLOR] $INFO[MusicPlayer.Offset(1).PlaylistPosition][COLOR=$VAR[color_osdmusic_accent]]/[/COLOR]$INFO[MusicPlayer.PlaylistLength][CR]$INFO[MusicPlayer.Offset(2).Artist] - $INFO[MusicPlayer.Offset(2).Title] • [COLOR=$VAR[color_osdmusic_accent]]$LOCALIZE[554]:[/COLOR] $INFO[MusicPlayer.Offset(2).PlaylistPosition][COLOR=$VAR[color_osdmusic_accent]]/[/COLOR]$INFO[MusicPlayer.PlaylistLength]</value>
		<value condition="Player.HasAudio + MusicPlayer.Offset(1).Exists">[COLOR=$VAR[color_osdmusic_accent]]$LOCALIZE[19031] : [/COLOR][CR]$INFO[MusicPlayer.Offset(1).Artist] - $INFO[MusicPlayer.Offset(1).Title] • [COLOR=$VAR[color_osdmusic_accent]]$LOCALIZE[554]:[/COLOR] $INFO[MusicPlayer.Offset(1).PlaylistPosition][COLOR=$VAR[color_osdmusic_accent]]/[/COLOR]$INFO[MusicPlayer.PlaylistLength]</value>
    </variable>
	<variable name="MusicPlayerArtistSubInfo">
		<value condition="!String.IsEmpty(MusicPlayer.Property(Artist_YearsActive))">$INFO[MusicPlayer.Property(Artist_YearsActive)]</value>
		<value condition="!String.IsEmpty(MusicPlayer.Property(Artist_Formed)) | !String.IsEmpty(MusicPlayer.Property(Artist_Disbanded))">$INFO[MusicPlayer.Property(Artist_Formed),$LOCALIZE[21894]: ,]$INFO[MusicPlayer.Property(Artist_Disbanded), - $LOCALIZE[21896]: ,]</value>
	</variable>
	<include name="MusicPlayerOSDButtons">
		<control type="button" id="6008">
			<texturefocus />
			<texturenofocus />
			<onclick>ClearProperty(userratingbutton)</onclick>
			<onclick>SetFocus(6009)</onclick>
			<onfocus>SetProperty(userratingbutton,hasfocus)</onfocus>
			<onunfocus>ClearProperty(userratingbutton)</onunfocus>
			<onleft>DecreaseRating</onleft>
			<onright>IncreaseRating</onright>
			<onup>IncreaseRating</onup>
			<ondown>DecreaseRating</ondown>
			<onback>6009</onback>
		</control>
		
		<control type="grouplist" id="600">
			<top>78%</top>
			<left>60</left>
			<right>50</right>
			<height>100</height>
			<aligny>center</aligny>
			<align>center</align>
			<orientation>horizontal</orientation>
			<itemgap>15</itemgap>
			<usecontrolcoords>true</usecontrolcoords>
			
			<onup>699</onup>
			<ondown>699</ondown>
			
			<!-- 
			 501	button	Lock visualization to the current preset
			optional
			<onclick>ActivateWindow(visualisationpresetlist)</onclick>
			<visible>Visualisation.Enabled + Visualisation.HasPresets</visible>
		
			<onclick>Addon.Default.OpenSettings(xbmc.player.musicviz)</onclick>
			<visible>Visualisation.Enabled</visible>
			-->
			
			<control type="button" id="6009">
				<texturefocus colordiffuse="$VAR[color_osdmusic_accent]">buttons/osd/userrating_fo.png</texturefocus>
				<texturenofocus colordiffuse="$VAR[color_osdmusic_secondary]">buttons/osd/userrating_fo.png</texturenofocus>
				<onup>699</onup>
				<onleft>6092</onleft>
				<onright>6011</onright>
				<onclick>SetFocus(6008)</onclick>
				<centertop>50%</centertop>
				<width>45</width>
				<height>45</height>
			</control>
			
			<control type="group" id="601">
				<width>45</width>
				<height>100</height>
				
				<control type="button" id="6011">
					<centertop>25%</centertop>
					<width>45</width>
					<height>45</height>
					<label />
					<texturefocus colordiffuse="$VAR[color_osdmusic_accent]">buttons/osd/infonoborder.png</texturefocus>
					<texturenofocus colordiffuse="$VAR[color_osdmusic_secondary]">buttons/osd/infonoborder.png</texturenofocus>
					<animation effect="slide" start="0,0" end="0,20" time="325" condition="!Control.IsVisible(6012)">conditional</animation>
					<onleft>6009</onleft>
					<ondown condition="Control.IsVisible(6012)">6012</ondown>
					<onup>699</onup>
					<onright>6021</onright>
					<onclick condition="String.IsEqual(Window(home).Property(PlayerShowInfo),true)">ClearProperty(PlayerShowInfo,home)</onclick>
					<onclick>Action(info)</onclick>
				</control>
				<control type="button" id="6012">
					<description>get playlist</description>
					<visible>MusicPlayer.HasPrevious | MusicPlayer.HasNext</visible>
					<centertop>75%</centertop>
					<width>45</width>
					<height>45</height>
					<label />
					<texturefocus colordiffuse="$VAR[color_osdmusic_accent]">buttons/osd/playlist.png</texturefocus>
					<texturenofocus colordiffuse="$VAR[color_osdmusic_secondary]">buttons/osd/playlist.png</texturenofocus>
					
					<onright>500</onright>
					<onup>6011</onup><ondown>6011</ondown>
					<onleft>6009</onleft>
					<onclick>RunScript(script.embuary.helper,action=encode,string='"$INFO[MusicPlayer.Artist]"',prop=MusicPlayer_EncodedArtist)</onclick>
					<onclick>ActivateWindow(1140,return)</onclick>
					
				</control>
			</control>
			
			<control type="group" id="602">
				<width>55</width>
				<height>100</height>
		
				<control type="button" id="6021">
					<centertop>25%</centertop>
					<width>45</width>
					<height>45</height>
					<label />
					<texturefocus colordiffuse="$VAR[color_osdmusic_accent]">buttons/osd/crlyrics.png</texturefocus>
					<texturenofocus colordiffuse="$VAR[color_osdmusic_secondary]">buttons/osd/crlyrics.png</texturenofocus>
					<onleft>6011</onleft>
					<onup>699</onup><ondown>500</ondown>
					<onright condition="Control.IsVisible(604)">604</onright>
					<onright condition="!Control.IsVisible(604)">605</onright>
					<!-- 
					<onclick>RunScript(script.cu.lrclyrics)</onclick>
					-->
					<onclick condition="!String.IsEmpty(Skin.String(addon_lyricspath))">RunScript($INFO[Skin.String(addon_lyricspath)])</onclick>
					<onclick condition="String.IsEmpty(Skin.String(addon_lyricspath))">Close</onclick> 
					<onclick condition="String.IsEmpty(Skin.String(addon_lyricspath))">Skin.SetAddon(addon_lyricspath,xbmc.python.lyrics)</onclick>
					<onclick condition="String.IsEmpty(Skin.String(addon_lyricspath))">RunScript($INFO[Skin.String(addon_lyricspath)])</onclick>
					
					<selected>!String.IsEmpty(Skin.String(addon_lyricspath))</selected>
					
				</control>
				
				<control type="button" id="500">
					<centertop>75%</centertop>
					<width>45</width>
					<height>45</height>
					<label />
					<texturefocus colordiffuse="$VAR[color_osdmusic_accent]">buttons/osd/visualisation.png</texturefocus>
					<texturenofocus colordiffuse="$VAR[color_osdmusic_secondary]">buttons/osd/visualisation.png</texturenofocus>
					
					<onleft condition="Control.IsVisible(6012)">6012</onleft>
					<onleft condition="!Control.IsVisible(6012)">6011</onleft>
					<onup>6021</onup><ondown>6021</ondown>
					<onright condition="Control.IsVisible(604)">604</onright>
					<onright condition="!Control.IsVisible(604)">605</onright>
				</control>
			</control>
			
			<include content="spacer_w">
				<param name="id" value="603"/>
				<param name="gap" value="5"/>
			</include>
			<control type="button" id="604">
				<centertop>50%</centertop>
				<visible>MusicPlayer.HasPrevious | Playlist.IsRepeat</visible>
				<width>50</width>
				<height>50</height>
				<label />
				<texturefocus colordiffuse="$VAR[color_osdmusic_accent]">buttons/osd/previous_fo.png</texturefocus>
				<texturenofocus colordiffuse="$VAR[color_osdmusic_secondary]">buttons/osd/previous_fo.png</texturenofocus>
				<!-- <onclick condition="!Integer.IsLessOrEqual(MusicPlayer.Time(ss),03)">PlayerControl(previous)</onclick> -->
				<onclick>PlayerControl(previous)</onclick>
			</control>
		
			<control type="togglebutton" id="605">
				<centertop>50%</centertop>
				<width>50</width>
				<height>50</height>
				<label />
				<altlabel />
				<texturefocus colordiffuse="$VAR[color_osdmusic_accent]">buttons/osd/play_fo.png</texturefocus>
				<texturenofocus colordiffuse="$VAR[color_osdmusic_secondary]">buttons/osd/play_fo.png</texturenofocus>
				<alttexturefocus colordiffuse="$VAR[color_osdmusic_accent]">buttons/osd/pause_fo.png</alttexturefocus>
				<alttexturenofocus colordiffuse="$VAR[color_osdmusic_secondary]">buttons/osd/pause_fo.png</alttexturenofocus>
				<usealttexture>!Player.Paused</usealttexture>
				<onclick>PlayerControl(play)</onclick>
			</control>
		
			<control type="button" id="606">
				<centertop>50%</centertop>
				<width>50</width>
				<height>50</height>
				<label />
				<texturefocus colordiffuse="$VAR[color_osdmusic_accent]">buttons/osd/stop_fo.png</texturefocus>
				<texturenofocus colordiffuse="$VAR[color_osdmusic_secondary]">buttons/osd/stop_fo.png</texturenofocus>
				<onclick>PlayerControl(stop)</onclick>
			</control>
		
			<control type="togglebutton" id="607">
				<centertop>50%</centertop>
				<animation effect="fade" start="100" end="40" time="1000" loop="true" condition="PVR.IsRecordingPlayingChannel">conditional</animation>
				<visible>PVR.CanRecordPlayingChannel</visible>
				<width>50</width>
				<height>50</height>
				<label />
				<texturefocus colordiffuse="$VAR[color_osdmusic_accent]">buttons/osd/record.png</texturefocus>
				<texturenofocus colordiffuse="$VAR[color_osdmusic_secondary]">buttons/osd/record.png</texturenofocus>
				<alttexturefocus colordiffuse="red">buttons/osd/record.png</alttexturefocus>
				<alttexturenofocus colordiffuse="red">buttons/osd/record.png</alttexturenofocus>
				<usealttexture>PVR.IsRecordingPlayingChannel</usealttexture>
				<onclick>PVR.ToggleRecordPlayingChannel</onclick>
			</control>
			
			<control type="button" id="608">
				<centertop>50%</centertop>
				<visible>MusicPlayer.HasNext | Playlist.IsRepeat</visible>
				<centertop>50%</centertop>
				<width>50</width>
				<height>50</height>
				<label />
				<texturefocus colordiffuse="$VAR[color_osdmusic_accent]">buttons/osd/next_fo.png</texturefocus>
				<texturenofocus colordiffuse="$VAR[color_osdmusic_secondary]">buttons/osd/next_fo.png</texturenofocus>
				<onclick>PlayerControl(next)</onclick>
			</control>
			
			<include content="spacer_w">
				<param name="id" value="609"/>
				<param name="gap" value="5" />
			</include>
			
			<control type="group" id="610">
				<width>55</width>
				<height>100</height>
				
				<control type="button" id="6092">
					<top>0</top>
					<width>45</width>
					<height>45</height>
					<label />
					<texturefocus colordiffuse="$VAR[color_osdmusic_accent]">buttons/osd/repeat.png</texturefocus>
					<texturenofocus colordiffuse="$VAR[color_osdmusic_secondary]">buttons/osd/repeat.png</texturenofocus>
					<onleft condition="Control.IsVisible(608)">608</onleft>
					<onleft condition="!Control.IsVisible(608)">606</onleft>
					<onup>699</onup><ondown>6096</ondown>
					<onright condition="Control.IsVisible(6701)">6701</onright>
					<onright condition="!Control.IsVisible(6701)">6009</onright>
					<onclick>PlayerControl(Repeat)</onclick>
					<onclick condition="!Playlist.IsRepeatOne + !Playlist.IsRepeat">Notification(Repeat,[B]A l l[/B],10,buttons/osd/repeatall.png)</onclick>
					<onclick condition="Playlist.IsRepeat">Notification(Repeat,[B]T i t l e[/B],10,buttons/osd/repeatone.png)</onclick>
					<onclick condition="Playlist.IsRepeatOne">Notification(Repeat,[B]D i s a b l e d[/B],10,buttons/osd/repeatoff.png)</onclick>
				</control>
				
				<control type="button" id="6096">
				<description>toggle vs common, currently looks lika a bad symbol</description>
					<top>50</top>
					<width>45</width>
					<height>45</height>
					<label />
					<texturefocus colordiffuse="$VAR[color_osdmusic_accent]">buttons/osd/random.png</texturefocus>
					<texturenofocus colordiffuse="$VAR[color_osdmusic_secondary]">buttons/osd/random.png</texturenofocus>
					<onleft condition="Control.IsVisible(608)">608</onleft>
					<onleft condition="!Control.IsVisible(608)">606</onleft>
					<onup>6092</onup><ondown>6092</ondown>
					<onright condition="Control.IsVisible(6701)">6701</onright>
					<onright condition="!Control.IsVisible(6701)">6009</onright>
					<onclick>PlayerControl(Random)</onclick>
					<onclick condition="!Playlist.IsRandom">Notification(Random,[B]O n[/B],10,buttons/osd/random.png)</onclick>
					<onclick condition="Playlist.IsRandom">Notification(Random,[B]O f f[/B],10,buttons/osd/randomoff.png)</onclick>
				</control>
			</control>
		</control>
	</include>
	
	<!-- 
	<variable name="color_musciplayer_info_scrollbar_bg">
		<value>$VAR[color_global_scrollbar_panel]</value>
	</variable>
	-->
	<variable name="color_musciplayer_info_scrollbar_slider">
		<value condition="String.IsEmpty(Window(musicosd).property(Scrollbar_ctrl))">$VAR[color_osdmusic_secondary]</value>
		<value condition="!String.IsEmpty(Window(musicosd).property(Scrollbar_ctrl))">$VAR[color_osdmusic_accent]</value>
	</variable>
	<variable name="MusicPlayer_Plot_textview">
		<value condition="!String.IsEmpty(MusicPlayer.Property(Album_Description))">$ESCINFO[MusicPlayer.Property(Album_Description)]</value>
		<value condition="!String.IsEmpty(MusicPlayer.Property(Artist_Description))">$ESCINFO[MusicPlayer.Property(Artist_Description)]</value>
		<value condition="!String.IsEmpty(VideoPlayer.Plot)">$ESCINFO[VideoPlayer.Plot]</value>
	</variable>
	
	
	
	<!-- ################### -->
	<!-- #### V I D E O #### -->
	<!-- ################### -->
	
	<!-- OSD Controls merge video and music -->
	

	<include condition="" content="pos_left">
		<param name="left" value="320" /> <!-- value thumb width ? - differ on screen aspect ratio -->
	</include>
	
	<include name="OSD_Slider_Seek">
		<bottom>141</bottom>
		<left>320</left>
		<right>0</right>
		<height>20</height>
		<texturesliderbar colordiffuse="none">buttons/slidernib.png</texturesliderbar>
		<textureslidernib colordiffuse="$VAR[color_osdvideo_progress]">buttons/slidernib.png</textureslidernib>
		<textureslidernibfocus colordiffuse="$VAR[color_osdvideo_button_fo]">buttons/slidernib.png</textureslidernibfocus>
		<ondown>6101</ondown>
	</include>
	
	<include name="VideoOSD_ProgressSlider">
		
		<control type="progress">
			<bottom>149</bottom>
			<left>320</left>
			<right>0</right>
			<height>4</height>
			<texturebg colordiffuse="$VAR[color_osdvideo_remain]">diffuse/sliderbackground.png</texturebg>
			<midtexture flipx="true" colordiffuse="$VAR[color_osdvideo_progress]">diffuse/gradientleft.png</midtexture>
			<lefttexture />
			<righttexture />
			<overlaytexture />
			<info>$PARAM[info]</info>
		</control>
		<control type="slider" id="6001">
			<include content="OSD_Slider_Seek" />
			<info>$PARAM[info]</info>
			<action>$PARAM[slider_action]</action>
		</control>
		
	</include>
					
	<variable name="EmbuaryHelper_GetPlayerInfo_dbid">
		<value condition="VideoPlayer.Content(movies) + Integer.IsGreater(VideoPlayer.DBID,0)">plugin://script.embuary.helper/?info=getbydbid&amp;dbid=$INFO[VideoPlayer.DBID]&amp;type=movie</value>
		<value condition="VideoPlayer.Content(tvshows) + Integer.IsGreater(VideoPlayer.DBID,0)">plugin://script.embuary.helper/?info=getbydbid&amp;dbid=$INFO[VideoPlayer.DBID]&amp;type=movie</value>
		<value condition="VideoPlayer.Content(episodes) + Integer.IsGreater(VideoPlayer.DBID,0)">plugin://script.embuary.helper/?info=getbydbid&amp;dbid=$INFO[VideoPlayer.DBID]&amp;type=tvshow&amp;idtype=episode</value>
	</variable>
	
	<variable name="Fullscreen_Numeric_Input">
		<value condition="Window.Is(fullscreenlivetvinput) | !String.IsEmpty(PVR.ChannelNumberInput)">$INFO[PVR.ChannelNumberInput,$LOCALIZE[19029]]</value>
		<value condition="Window.Is(videotimeseek) | !String.IsEmpty(Player.SeekNumeric)">Jump to a specific time[CR](hh:mm:ss)[CR][CR]$INFO[Player.SeekNumeric(hh:mm:ss),,]</value>
	</variable>
	
	<!-- ARt -->
	<variable name="PlayerThumb">
		<value condition="!String.IsEmpty(Player.Art(season.poster))">$INFO[Player.Art(season.poster)]</value>
		<value condition="!String.IsEmpty(Player.Art(tvshow.poster))">$INFO[Player.Art(tvshow.poster)]</value>
		<value condition="!String.IsEmpty(Player.Art(poster))">$INFO[Player.Art(poster)]</value>
		<value>$INFO[Player.Icon]</value>
	</variable>
	<variable name="PlayerDisc">
		<value condition="!String.IsEmpty(Player.Art(discart))">$INFO[Player.Art(discart)]</value>
		<value condition="!String.IsEmpty(Player.Art(album.discart))">$INFO[Player.Art(album.discart)]</value>
		<value condition="!String.IsEmpty(Player.Art(season.discart))">$INFO[Player.Art(season.discart)]</value>
		<value condition="!String.IsEmpty(Player.Art(tvshow.discart))">$INFO[Player.Art(tvshow.discart)]</value>
		<!-- <value condition="!String.IsEmpty(Player.Art(landscape)) + Skin.HasSetting(EnableFakeDiscArt)">$INFO[Player.Art(landscape)]</value> -->
        <!-- <value condition="!String.IsEmpty(Player.Art(fanart)) + Skin.HasSetting(EnableFakeDiscArt)">$INFO[Player.Art(fanart)]</value> -->
		<value>$INFO[Player.Art(discart)]</value>
	</variable>
	
	Skin.HasSetting(PlayerPreferClearLogo)
	Skin.HasSetting(PlayerPreferLandscape)
	Skin.HasSetting(PlayerHideDiscArt)
	Skin.HasSetting(PlayerHideOSD)
	
	
	<variable name="PlayerClearlogo">
		
		<value condition="!String.IsEmpty(Player.Art(albumartist.clearlogo))">$INFO[Player.Art(albumartist.clearlogo)]</value>
		<value condition="!String.IsEmpty(Player.Art(artist.clearlogo))">$INFO[Player.Art(artist.clearlogo)]</value>
	
		<value condition="!String.IsEmpty(Player.Art(tvshow.clearlogo))">$INFO[Player.Art(tvshow.clearlogo)]</value>
		<value condition="!String.IsEmpty(Player.Art(clearlogo))">$INFO[Player.Art(clearlogo)]</value>
	</variable>
	
	<!-- Infos -->
	<variable name="VideoPlayerInfo">
		<value condition="window.isactive(videobookmarks)">$INFO[System.CurrentWindow,[B],[/B]]</value>
		<value condition="!window.isactive(videobookmarks) + Player.HasVideo + VideoPlayer.Content(episodes)">[B]$INFO[VideoPlayer.TVShowTitle,,  •  ]$LOCALIZE[20373]$INFO[VideoPlayer.Season, ,]  $LOCALIZE[20359] $INFO[VideoPlayer.Episode, ,][/B]$INFO[Player.Title,[B]  |  ,[/B]]</value>
		<value condition="!window.isactive(videobookmarks)">$INFO[Player.Title,[B],[/B]]$INFO[VideoPlayer.Year,[B]  (,) [/B]]</value>
	</variable>
	<!-- $INFO[VideoPlayer.Premiered] -->
	<variable name="PlayerPlot">
		<value condition="!String.IsEmpty(Game.Overview)">$INFO[Game.Overview]</value>
		<value>$INFO[VideoPlayer.Plot]</value>
	</variable>
	
	<variable name="MusicPlayer_Plot">
		<value condition="!String.IsEmpty(MusicPlayer.Property(Album_Description))">$INFO[MusicPlayer.Property(Album_Description)]</value>
		<value condition="!String.IsEmpty(MusicPlayer.Property(Artist_Description))">$INFO[MusicPlayer.Property(Artist_Description)]</value>
		<value condition="!String.IsEmpty(VideoPlayer.Plot)">$INFO[VideoPlayer.Plot]</value>
		<value>$LOCALIZE[19055]</value>
	</variable>
	
	
	<include name="VideoFullscreen_OSD">
		<description>keep id 99 if possible - otherwise issues come - as like prefer used in videofullscreen</description>
			<control type="group" id="99">
			<visible>Window.IsVisible(videoosd) | Window.IsVisible(seekbar) | Player.Paused | Player.ShowTime | $EXP[IsSeek] | !String.IsEmpty(Window(home).Property(ShowOSD_Plot)) | Window.IsActive(fullscreeninfo) | Window.IsActive(videobookmarks)</visible>
			
			<animation effect="fade" start="0" end="100" time="150">Visible</animation>
			<animation effect="fade" start="100" end="0" time="200" delay="1500">Hidden</animation>
			<animation effect="fade" start="100" end="0" time="400" condition="[Player.Paused + System.IdleTime(5) + [!Window.IsActive(videoosd) + !Window.IsActive(fullscreeninfo)]] | [[Window.IsActive(osdvideosettings) | Window.IsActive(osdaudiosettings) | Window.IsActive(osdsubtitlesettings)] + Window.IsTopMost(sliderdialog) | $EXP[embinfodialogactive] | Window.IsActive(1104)]">conditional</animation>
			<animation effect="fade" start="100" end="0" time="0" condition="Window.IsVisible(pvrosdchannels) | Window.IsVisible(Teletext) | Window.IsVisible(sliderdialog) | Window.IsVisible(shutdownmenu) | !String.IsEmpty(Window(home).Property(service.upnext.dialog))">Conditional</animation>
			
			<control type="group" id="99">
				<bottom>0</bottom>
				<width>100%</width>
				<height>400</height>
				<animation effect="slide" start="0,0" end="0,-100" time="250" condition="Window.IsActive(videoosd)">conditional</animation>
				<animation effect="slide" start="0,0" end="0,-410" time="250" condition="Window.IsActive(fullscreeninfo)">conditional</animation>
				<animation effect="slide" start="0,0" end="0,150" time="250" condition="[!Window.IsActive(fullscreeninfo) + !Window.IsActive(videobookmarks)] + $EXP[osd_video_noinfo]">conditional</animation>
				<control type="image" id="99">
					<description>bottom offset neg as osd button bg</description>
					<bottom>-200</bottom>
					<width>102%</width>
					<height>450</height>
					<aspectratio scalediffuse="true" align="center" aligny="bottom">stretch</aspectratio>
					<bordersize>0,100,0,0</bordersize>
					<texture colordiffuse="$VAR[color_osdvideo_bgpanel]">colors/white.png</texture>
					<bordertexture colordiffuse="$VAR[color_osdvideo_bgpanel]">colors/white70.png</bordertexture>
				</control>
			
				<control type="label" id="99">
					<bottom>160</bottom>
					<left>350</left>
					<width>65%</width>
					<height>80</height>
					<font>font13</font>
					<align>left</align>
					<aligny>center</aligny>
					<wrapmultiline>true</wrapmultiline>
					<textcolor>$VAR[color_osdvideo_main]</textcolor>
					<label>$VAR[VideoPlayerInfo]</label>
				</control>
				
				<control type="label" id="99">
					<bottom>170</bottom>
					<!-- <right>20</right> -->
					<right>140</right>
					<height>60</height>
					<width>300</width>
					<font>font_clock</font>
					<align>right</align>
					<textcolor>$VAR[color_osdvideo_secondary]</textcolor>
					<label>$INFO[System.Time]</label>
				</control>
				<control type="label" id="99">
					<bottom>170</bottom>
					<right>20</right>
					<height>60</height>
					<width>100</width>
					<font>DialogListItemLowLined</font>
					<align>left</align>
					<textcolor>$VAR[color_osdvideo_main]</textcolor>
					<label>$INFO[Player.Finishtime,Ends at[CR][B],[/B]]</label>
				</control>
				<control type="image" id="99">
					<visible>!Window.IsActive(fullscreeninfo)</visible>
					<visible>[!String.IsEqual(Weather.fanartcode,na) + !String.IsEmpty(Weather.fanartcode)] + Weather.IsFetched</visible>
					<bottom>70</bottom>
					<right>25</right>
					<height>60</height>
					<width>100</width>
					<texture colordiffuse="$VAR[color_osdvideo_main]">$INFO[Weather.FanartCode,resource://resource.images.weathericons.outline-hd/,.png]</texture>
					<aspectratio align="left">keep</aspectratio>
				</control>
				<control type="label" id="99">
					<visible>!Window.IsActive(fullscreeninfo)</visible>
					<visible>[!String.IsEqual(Weather.fanartcode,na) + !String.IsEmpty(Weather.fanartcode)] + Weather.IsFetched</visible>
					<bottom>70</bottom>
					<right>2</right>
					<font>font23_title</font>
					<width>60</width>
					<height>20</height>
					<align>left</align>
					<label>$INFO[Weather.Temperature]</label>
					<font>font12</font>
					<textcolor>$VAR[color_osdvideo_main]</textcolor>
				</control>
				
				<control type="textbox" id="99">
					<description>intended show info on false</description>
					<animation effect="fade" start="0" end="100" time="250">Visible</animation>
					<animation effect="fade" start="100" end="0" time="250">Hidden</animation>
					<bottom>10</bottom>
					<left>350</left>
					<right>350</right>
					<height>120</height>
					<aligny>top</aligny>
					<align>justify</align>
					<textcolor>$VAR[color_osdvideo_secondary]</textcolor>
					<font>DialogListItem</font>
					<label>$VAR[PlayerPlot]</label>
					<visible>[!String.IsEmpty(VideoPlayer.Plot) + !Player.ShowInfo] | Window.IsActive(fullscreeninfo)</visible>
				</control>
			</control>
			
			<control type="group" id="99">
				<animation effect="slide" start="0,0" end="0,-310" time="250" condition="Window.IsActive(fullscreeninfo)">conditional</animation>
				
				<bottom>0</bottom>
				<width>100%</width>
				<control type="image" id="99">
					
					<left>0</left>
					<bottom>0</bottom>
					<width>320</width>
					<height>440</height>
					<texture>$VAR[PlayerThumb]</texture>
					<aspectratio scalediffuse="false" align="left" aligny="bottom">keep</aspectratio>
				</control>
			</control>
		</control>
	</include>
	<include name="OSDButton">
		<param name="color_fo" default="$VAR[color_osdvideo_button_fo]" />
		<param name="color_nf" default="$VAR[color_osdvideo_button_nf]" />
		<param name="can_autoclose_osd" default="Skin.String(timeout_close_videoosd)" />
		<definition>
			<include condition="$PARAM[can_autoclose_osd]" content="Close_OSD_onfocus" />
			<include>Animation_Item_Focus</include>
			<width>60</width>
			<height>60</height>
			<texturefocus colordiffuse="$PARAM[color_fo]">buttons/osd/$PARAM[texture]_fo.png</texturefocus>
			<texturenofocus colordiffuse="$PARAM[color_nf]">buttons/osd/$PARAM[texture].png</texturenofocus>
		</definition>
	</include>
	<include name="Close_OSD_onfocus">
		<onclick condition="player.paused">AlarmClock(timeout_close_videoosd,dialog.close(videoosd),00:0$INFO[Skin.String(timeout_close_videoosd)],silent)</onclick>
		<onunfocus condition="System.HasAlarm(timeout_close_videoosd)">CancelAlarm(timeout_close_videoosd,silent)</onunfocus>
	</include>
</includes>