<?xml version="1.0" encoding="utf-8"?>
<window>
	<defaultcontrol always="true">700</defaultcontrol>
	<onload condition="skin.hassetting(fullscreeninfo_pauseonload) + !player.paused">PlayerControl(play)</onload>
	<onload condition="!String.IsEmpty(VideoPlayer.Artist)">SetProperty(playerartist,$INFO[VideoPlayer.Artist],home)</onload>
	
	<controls>
	
		<!-- NOTES : keep either empty to place controls (special ratings, cast ...) in videoOSD.xml and have it visible at contition for the slide fade animations , if mouse is hovering osd will forced activated -->
		<!-- preety unhappy about some stuff and unsure how i want it - get active osd or not to gain focus -->
		
		<!-- 
		<control type="list" id="6999">
			<description>not in use</description>
			<include>HiddenContainer</include>
			<content limit="1">$VAR[CurrentlyPlayingItem]</content>
		</control>
		-->
		
		<include content="embuaryhelper_getbyvideoid_container" condition="[system.hasaddon(script.embuary.helper) + system.addonisenabled(script.embuary.helper)] + !string.isempty(videoplayer.dbid)" />
		
		
		<control type="group">
			<visible>!$EXP[embinfodialogactive] + !Window.IsVisible(1104) + !Window.IsVisible(1193)</visible>	
	
			
			<animation type="WindowOpen">
				<effect type="fade" start="0" end="100" time="200" tween="sine" easing="in" />
				<effect type="slide" start="0,1920" end="0" time="250" tween="cubic" easing="out" />
			</animation>
			<animation type="WindowClose">
				<effect type="fade" start="100" end="0" time="200" tween="sine" easing="out" />
				<effect type="slide" start="0" end="0,1920" time="250" tween="cubic" easing="out" />
			</animation>
			<width>100%</width>
			<height>100%</height>
			<description> temp ? - show together with osd ctrls </description>
			
			<control type="group">
				<description>meta rating, flags</description>
				<animation effect="slide" start="0,0" end="0,-110" time="200" condition="Window.IsActive(videoosd) + Window.IsActive(fullscreeninfo)">conditional</animation>
				
				<include content="footer">
					<param name="bottom" value="310" />
					<param name="footer_mediaflag_width" value="400" />
					<param name="footer_mediaflag_offsetleft" value="350" />
					<param name="footer_mediaflag_align" value="left" />
					<param name="footer_rating_offsetright" value="325" />
					<param name="footer_rating_align" value="right" />
				</include>
				
				<control type="panel">
					<description>audio n sub img</description>
					<bottom>280</bottom>
					<right>700</right>
					<width>500</width>
					<height>100</height>
					
					<orientation>horizontal</orientation>
					<autoscroll>true</autoscroll>
					
					<itemlayout width="240" height="30">
						<include content="Static_InfoList_video" />
					</itemlayout>
					<focusedlayout />
					<content>
						<item>
							<!-- <label>$LOCALIZE[21447]</label> -->
							<label>Audio</label>
							<label2>$INFO[Container(2000).ListItem.AudioLanguage]</label2>
							<visible>!String.IsEmpty(Container(2000).ListItem.AudioLanguage) | !String.IsEmpty(Container(2000).ListItem.Property(AudioLanguage.1))</visible>
							<icon>$INFO[Container(2000).ListItem.AudioLanguage,resource://resource.images.languageflags.colour/,.png]</icon>
							<property name="Icon2">$INFO[Container(2000).ListItem.Property(AudioLanguage.2),resource://resource.images.languageflags.colour/,.png]</property>
							<property name="Icon3">$INFO[Container(2000).ListItem.Property(AudioLanguage.3),resource://resource.images.languageflags.colour/,.png]</property>
							<property name="Icon4">$INFO[Container(2000).ListItem.Property(AudioLanguage.4),resource://resource.images.languageflags.colour/,.png]</property>
						</item>
						<item>
							<!-- <label>$LOCALIZE[21448]</label> -->
							<label> Sub</label>
							<label2>$INFO[Container(2000).ListItem.SubtitleLanguage]</label2>
							<visible>!String.IsEmpty(Container(2000).ListItem.SubtitleLanguage) | !String.IsEmpty(Container(2000).ListItem.Property(SubtitleLanguage.1))</visible>
							<icon>$INFO[Container(2000).ListItem.SubtitleLanguage,resource://resource.images.languageflags.colour/,.png]</icon>
							<property name="Icon2">$INFO[Container(2000).ListItem.Property(SubtitleLanguage.2),resource://resource.images.languageflags.colour/,.png]</property>
							<property name="Icon3">$INFO[Container(2000).ListItem.Property(SubtitleLanguage.3),resource://resource.images.languageflags.colour/,.png]</property>
							<property name="Icon4">$INFO[Container(2000).ListItem.Property(SubtitleLanguage.4),resource://resource.images.languageflags.colour/,.png]</property>
						</item>
					</content>
				</control>
			
			</control>
			
			<control type="group">
				<description>channel icon or disc</description>
				<width>240</width>
				<height>240</height>
				<bottom>310</bottom>
				<right>50</right>
				<control type="image">
					<visible>![String.IsEmpty(Player.Art(tvshow.discart)) + String.IsEmpty(Player.Art(discart))]</visible>
					<right>0</right>
					<bordersize>2</bordersize>
					<bordertexture /> 
					<aspectratio scalediffuse="true" align="right" aligny="bottom">keep</aspectratio>
					<texture diffuse="diffuse/compactdisk.png">$VAR[PlayerDisc]</texture>
					<animation effect="rotate" end="-360" center="auto" time="4800" loop="true" reversible="false" condition="!Player.Paused">Conditional</animation>
				</control>
				<control type="image">
					<visible>!String.IsEmpty(Player.Art(fanart)) + [String.IsEmpty(Player.Art(tvshow.discart)) + String.IsEmpty(Player.Art(discart))]</visible>
					<right>0</right>
					<bordersize>2</bordersize>
					<bordertexture /> 
					<aspectratio scalediffuse="true" align="right" aligny="center">keep</aspectratio>
					<texture>$INFO[Player.Art(fanart)]</texture>
				</control>
			</control>
			
			<control type="group">
				<width>100%</width>
				<height>310</height>
				<bottom>0</bottom>
				<control type="image">
					<texture colordiffuse="$VAR[color_osdvideo_bgpanel]">colors/white.png</texture>
				</control>
				
				<control type="button" id="701">
					<top>10</top>
					<left>0</left>
					<width>150</width>
					<height>150</height>
					<description>TMDB INFO - NEED CONDITIONAL SLIDE AUTO VIA GROULIST OR ANIM</description>
					<texturefocus colordiffuse="$VAR[color_osdvideo_button_fo]">buttons/tmdbembuaryinfo.png</texturefocus>
					<texturenofocus colordiffuse="$VAR[color_osdvideo_button_nf]">buttons/tmdbembuaryinfo.png</texturenofocus>
					<onclick>RunScript(script.embuary.info,$VAR[embuaryinfo_player])</onclick>
					<enable>VideoPlayer.Content(episodes) | VideoPlayer.Content(movies)</enable>
					<visible>VideoPlayer.Content(episodes) | VideoPlayer.Content(movies)</visible>
					<onup>Close</onup>
					<ondown>Close</ondown>
					<onleft>700</onleft>
					<onright>700</onright>
				</control>
				
				<control type="grouplist" id="700">
					<description>cast Container</description>
					<top>5</top>
					<left>150</left>
					<height>300</height>
					<scrolltime tween="quadratic">400</scrolltime>
					<orientation>vertical</orientation>
					<usecontrolcoords>true</usecontrolcoords>
					<onup>Close</onup>
					<ondown>Close</ondown>
					<onleft>701</onleft>
					
					<include content="Universal_ContainerHeader">
						<param name="groupid" value="7101" />
						<param name="top" value="0" />
						<param name="id" value="7102" />
						<param name="label" value="$VAR[fullscreeninfo_7002_header]" />
						<param name="show_seperator_and_listitem" value="false" />
						<left>-15</left>
						<visible>Control.IsVisible(7102)</visible>
					</include>
					<include condition="!VideoPlayer.Content(musicvideos)" content="Universal_Container">
						<param name="id" value="7102" />
						<param name="visible" value="Integer.IsGreater(Container(7102).NumItems,0) | Container(7102).IsUpdating" />
						<param name="type_height" value="225" />
						<param name="type_pos_top" value="0" />
						<param name="layout_height" value="190" />
						<param name="layout_width" value="118" />
						<param name="itemwidth" value="115" />
						<param name="itemheight" value="170" />
						<param name="item_artwork_name" value="poster" />
						<param name="item_focusoverlay_visible" value="false" />
						<param name="item_artwork_bordercolor_fo" value="$VAR[color_osdvideo_main]" />
						<param name="item_artwork_bordercolor_nf" value="$VAR[color_osdvideo_bgpanel]" />
		
						<param name="item_artwork_diffuse_themed" value="true" />
						<param name="item_artwork_diffuse_override" value="false" />
						<param name="item_infotags_visible" value="true" />
						<param name="item_infotags_bgpanel_visible" value="false" />
						<right>8</right>
						<include>Action_CastMemberSearchForceOption</include>
						
						<content>$VAR[content_cast_video]</content>
					</include>
					<include condition="VideoPlayer.Content(musicvideos)" content="Universal_Container">
						<param name="id" value="7102" />
						<param name="visible" value="Integer.IsGreater(Container(7102).NumItems,0) | Container(7102).IsUpdating" />
						<param name="type_height" value="220" />
						<param name="type_pos_top" value="0" />
						<param name="layout_height" value="185" />
						<param name="layout_width" value="185" />
						<param name="itemwidth" value="185" />
						<param name="itemheight" value="185" />
						<param name="item_artwork_name" value="circle" />
						
						<param name="item_artwork_bordercolor_fo" value="$VAR[color_osdvideo_main]" />
						<param name="item_artwork_bordercolor_nf" value="$VAR[color_osdvideo_bgpanel]" />
						<param name="item_artwork_diffuse_themed" value="true" />
						<param name="item_artwork_diffuse_override" value="false" />
						<param name="item_infotags_visible" value="true" />
						<param name="item_infotags_bgpanel_visible" value="false" />
						
						<right>298</right>
						<!-- <onclick condition="VideoPlayer.Content(musicvideos)">ActivateWindow(musicinformation)</onclick> -->
						<!-- 
						go to hub NOTE No PREV ID IS SET -->
						
						<!-- <onclick>SetProperty(HUB_Music,SongsByAlbum,home)</onclick>
						<onclick>Dialog.Close(all,true)</onclick>
						<onclick condition="Integer.IsGreater(container(7102).ListItem.TotalDiscs,1)">SetProperty(HUB_containerpath_albums,$INFO[container(7102).ListItem.FolderPath],home)</onclick>
						<onclick condition="Integer.IsGreater(container(7102).ListItem.TotalDiscs,1)">ActivateWindow(1110)</onclick>
						<onclick condition="Integer.IsGreater(container(7102).ListItem.TotalDiscs,1)">AlarmClock(delayedfocus,SetFocus(5120,0,absolute),00:00,silent)</onclick>
						<onclick condition="Integer.IsEqual(container(7102).ListItem.TotalDiscs,1) | String.IsEmpty(container(7102).ListItem.TotalDiscs)">SetProperty(HUB_containerpath_songs,$INFO[container(7102).ListItem.FolderPath],home)</onclick>
						<onclick condition="Integer.IsEqual(container(7102).ListItem.TotalDiscs,1) | String.IsEmpty(container(7102).ListItem.TotalDiscs)">ActivateWindow(1110)</onclick>
						<onclick condition="Integer.IsEqual(container(7102).ListItem.TotalDiscs,1) | String.IsEmpty(container(7102).ListItem.TotalDiscs)">AlarmClock(delayedfocus,SetFocus(5121,0,absolute),00:00,silent)</onclick> -->
						
						<onclick>Dialog.Close(all,true)</onclick>
						<!-- 
						all albums
						<onclick>ActivateWindow(music,musicdb://albums/?xsp=%7B%22rules%22%3A%7B%22and%22%3A%5B%7B%22field%22%3A%22artist%22%2C%22operator%22%3A%22contains%22%2C%22value%22%3A%5B%22$INFO[Window(home).Property(playerartist)]%22%5D%7D%5D%7D%2C%22type%22%3A%22albums%22%7D,return)</onclick>
						<onclick>AlarmClock(clearprop,ClearProperty(playerartist,home),00:01,silent)</onclick> -->
						
						<!-- songs by album -->
						<onclick>ActivateWindow(music,$INFO[ListItem.Folderpath],return)</onclick>
						<onclick>AlarmClock(clearprop,ClearProperty(playerartist,home),00:01,silent)</onclick>
						<content>musicdb://albums/?xsp=%7B%22rules%22%3A%7B%22and%22%3A%5B%7B%22field%22%3A%22artist%22%2C%22operator%22%3A%22contains%22%2C%22value%22%3A%5B%22$INFO[VideoPlayer.Artist]%22%5D%7D%5D%7D%2C%22type%22%3A%22albums%22%7D</content>
					</include>
					<include content="Universal_ContainerHeader">
						<param name="groupid" value="7103" />
						<param name="top" value="0" />
						<param name="id" value="7104" />
						<param name="label" value="[COLOR grey]More Musicvideos by   [/COLOR]$INFO[videoplayer.artist]" />
						<param name="show_seperator_and_listitem" value="false" />
						<left>-15</left>
						<visible>Control.IsVisible(7104)</visible>
					</include>
					<include condition="VideoPlayer.Content(musicvideos)" content="Universal_Container">
						<param name="id" value="7104" />
						<param name="visible" value="Integer.IsGreater(Container(7104).NumItems,0) | Container(7104).IsUpdating" />
						<param name="type_height" value="250" />
						<param name="type_pos_top" value="0" />
						<param name="layout_height" value="170" />
						<param name="layout_width" value="295" />
						<param name="item_artwork_bordercolor_fo" value="$VAR[color_osdvideo_main]" />
						<param name="item_artwork_bordercolor_nf" value="$VAR[color_osdvideo_bgpanel]" />
						<param name="itemwidth" value="290" />
						<param name="itemheight" value="155" />
						<param name="item_artwork_name" value="landscape" />
						
						<param name="item_artwork_bordercolor_fo" value="$VAR[color_osdvideo_main]" />
						<param name="item_artwork_bordercolor_nf" value="$VAR[color_osdvideo_bgpanel]" />
						<param name="item_artwork_diffuse_themed" value="true" />
						<param name="item_artwork_diffuse_override" value="false" />
						<param name="item_infotags_visible" value="true" />
						<param name="item_infotags_bgpanel_visible" value="false" />
						<right>298</right>
						<!-- <onclick>SCRIPT ADD TO PLAYLIST vs ADDnPLAY</onclick> -->
						<content sortby="year">videodb://musicvideos/titles/?xsp=%7B%22rules%22%3A%7B%22and%22%3A%5B%7B%22field%22%3A%22artist%22%2C%22operator%22%3A%22is%22%2C%22value%22%3A%5B%22$INFO[VideoPlayer.Artist]%22%5D%7D%2C%7B%22field%22%3A%22title%22%2C%22operator%22%3A%22isnot%22%2C%22value%22%3A%5B%22$INFO[VideoPlayer.Title]%22%5D%7D%5D%7D%2C%22type%22%3A%22musicvideos%22%7D</content>
						<onback>SetFocus(7102)</onback>
					</include>
					
				</control>
			
			<control type="group">
				<visible>VideoPlayer.Content(musicvideos)</visible>
				<width>100</width>
				<height>100</height>
				<bottom>100</bottom>
				<left>50</left>			
				<control type="image">
					<animation effect="fade" start="90" end="10" condition="!control.hasfocus(7102)">conditional</animation>
					<width>30</width>
					<height>30</height>
					<texture colordiffuse="$VAR[color_osdvideo_main]">buttons/circle-filled.png</texture>
					<aspectratio>keep</aspectratio>
				</control>
				<control type="image">
					<animation effect="fade" start="90" end="10" condition="!control.hasfocus(7104)">conditional</animation>
					<top>50</top>
					<width>30</width>
					<height>30</height>
					<texture colordiffuse="$VAR[color_osdvideo_main]">buttons/circle-filled.png</texture>
					<aspectratio>keep</aspectratio>
				</control>
			</control>
				
			</control>
		</control>
	</controls>
</window>
