<?xml version="1.0" encoding="utf-8"?>
<window>
	<defaultcontrol />
	<animation effect="fade" start="60" end="100" time="150">WindowOpen</animation>
	<animation effect="fade" start="100" end="60" time="150">WindowClose</animation>
	<!-- still need additional click if not prop isnt cleared, but chance is low 
	that info is clicked before timeout as can be user defined
	kodi.wiki/view/Advancedsettings.xml#songinfoduration-->
	
	<!-- make it optional behaviour -->
	<onload>SetProperty(PlayerShowInfo,true,home)</onload>
	<onload>ActivateWindow(musicosd)</onload>
	
	
	<onunload condition="!String.IsEmpty(Window(home).Property(PlayerShowInfo))">ClearProperty(PlayerShowInfo,home)</onunload>
	<onunload condition="!String.IsEmpty(Window(home).Property(MusicPlayer_EncodedArtist))">ClearProperty(MusicPlayer_EncodedArtist,home)</onunload>
<!--
bools

MusicPlayer.HasNext	Returns true if the music player has a next song queued in the Playlist.	
MusicPlayer.HasPrevious	Returns true if the music player has a a Previous Song in the Playlist .	
MusicPlayer.Offset(number).Exists	Returns true if the music players playlist has a song queued in position (number).	
MusicPlayer.Content(parameter)	Returns true if the current audio you are playing matches the specified content. The following values are accepted: files, livetv	
MusicPartyMode.Enabled	Returns true if Party Mode is enabled

Visualisation.Enabled	Returns true if any visualisation has been set in settings (so not None).	
Visualisation.HasPresets	Returns true if the visualisation has built in presets.	
Visualisation.Locked	Returns true if the current visualisation preset is locked (eg in Milkdrop.)
-->

	<controls>
	
		<control type="visualisation" id="2">
			<visible>Visualisation.Enabled</visible>
		</control>
		
		<control type="group">
			<animation effect="fade" start="100" end="40" time="325" condition="Visualisation.Enabled">conditional</animation>
			<include>PlayerBackground</include>
		</control>
		
		<control type="group">
			<description>left - show on osd or lyrics info enabled</description>
			<animation effect="slide" start="-900,0" end="0,0" time="250">VisibleChange</animation>
			<animation effect="slide" start="-900,0" end="0,0" time="250">WindowOpen</animation>
			<animation effect="slide" start="0,0" end="-900,0" time="250">WindowClose</animation>
			
			<visible>Window.IsActive(MusicOSD) | Player.ShowInfo | String.IsEqual(Window(home).Property(PlayerShowInfo),true) | [Window.IsActive(script-cu-lrclyrics-main.xml) + Player.ShowInfo]</visible>
			
			<control type="group">
				<left>0</left>
				<height>100%</height>
				<width>35%</width>
				
				<control type="image">
					<bordersize>0,0,1,0</bordersize>
					<bordertexture border="2" colordiffuse="$VAR[color_osdmusic_accent]">frames/lefttrans.png</bordertexture> 
					<texture colordiffuse="$VAR[color_osdmusic_bgpanelseperator]">colors/white70.png</texture>
				</control>
				
				<control type="label">
					<wrapmultiline>true</wrapmultiline>
					<!-- <visible>!Skin.HasSetting(musicplayer_hideclock)</visible> -->
					<visible>false</visible>
					<left>60</left>
					<height>100</height>
					<width>100%</width>
					<aligny>bottom</aligny>
					<align>left</align>
					<textcolor>$VAR[color_osdmusic_accent]</textcolor>
					<font>font_robotobold</font>
					<label>$INFO[System.Time]</label>
				</control>
				
				<control type="image">
					<visible>Skin.HasSetting(MusicPlayer_PreferDisc)</visible>
					<left>60</left>
					<centertop>25%</centertop>
					<height>400</height>
					<width>400</width>
					<bordersize>2</bordersize>
					<bordertexture /> 
					<aspectratio scalediffuse="true" align="center" aligny="bottom">keep</aspectratio>
					<texture diffuse="diffuse/compactdisk.png">$VAR[PlayerDisc]</texture>
					<animation effect="rotate" end="-360" center="auto" time="4800" loop="true" reversible="false" condition="!Player.Paused">Conditional</animation>
					<animation effect="slide" start="-320,0" end="0,0" time="300" reversible="false">WindowOpen</animation>
				</control>
				
				<control type="image">
					<visible>[Skin.HasSetting(MusicPlayer_PreferDisc) + String.IsEmpty(Player.Art(discart)) + String.IsEmpty(Player.Art(album.discart))] | !Skin.HasSetting(MusicPlayer_PreferDisc)</visible>
					<description>optional diffuse texture as some art will not fit</description>
					<left>60</left>
					<centertop>25%</centertop>
					<height>400</height>
					<width>400</width>
					<bordersize>3</bordersize>
					<bordertexture border="2" colordiffuse="$VAR[color_osdmusic_main]">frames/frame.png</bordertexture> 
					<texture>$VAR[PlayerThumb]</texture>
					<aspectratio scalediffuse="false" align="left" aligny="bottom">keep</aspectratio>
				</control>
				
				
				<control type="grouplist">
					<top>45%</top>
					<left>60</left>
					<right>50</right>
					<height>50%</height>
					
					<orientation>vertical</orientation>
					<itemgap>10</itemgap>
					<usecontrolcoords>true</usecontrolcoords>
			
					<control type="label">
						<wrapmultiline>true</wrapmultiline>
						<height>200</height>
						<width>100%</width>
						<aligny>bottom</aligny>
						<align>left</align>
						<textcolor>$VAR[color_osdmusic_main]</textcolor>
						<font>font_robotobold</font>
						<label>$INFO[MusicPlayer.Album,[B],[/B]][CR][COLOR=$VAR[color_osdmusic_secondary]]$LOCALIZE[19156][/COLOR][CR]$INFO[MusicPlayer.Artist,[B],[/B]]</label>
					</control>
					<control type="label">
						<height>20</height>
						<label />
					</control>
					<control type="label">
						<wrapmultiline>true</wrapmultiline>
						<height>25</height>
						<align>left</align>
						<aligny>bottom</aligny>
						<textcolor>$VAR[color_osdmusic_main]</textcolor>
						<font>font_notification</font>
						<label>$INFO[MusicPlayer.PlaylistPosition,[B],[/B]  •  ]$INFO[Player.Title,[B],[/B]]</label>
						<!-- <label>$INFO[Player.Title,[B],[/B]]</label> -->
						<!-- <label>[COLOR=$VAR[color_osdmusic_secondary]]$INFO[MusicPlayer.PlaylistPosition,[B],[/B]   ][/COLOR]$INFO[Player.Title,[B],[/B]]</label> -->
						<!-- <label>$INFO[Player.Title,[B],[/B]][COLOR grey]$INFO[MusicPlayer.PlaylistPosition, [B]( ,[/B]]$INFO[MusicPlayer.PlaylistPosition, von [B],[/B])][/COLOR]</label> -->
						
					</control>
				
					<!-- ( $INFO[MusicPlayer.PlaylistPosition]/$INFO[MusicPlayer.PlaylistLength] )-->
					<control type="label">
						<wrapmultiline>true</wrapmultiline>
						<visible>false</visible>
						<height>50</height>
						<width>auto</width>
						<align>left</align>
						<textcolor>$VAR[color_osdmusic_main]</textcolor>
						<font>font_notification</font>
						<label>$INFO[MusicPlayer.Album,[B],[/B]]$INFO[MusicPlayer.Year,[CR](,)]</label>
					</control>
				</control>
					
				<control type="label">
					<animation effect="fade" start="100" end="0" time="250" condition="Window.IsActive(1140) + Skin.HasSetting(MusicOSD_SmallPlaylist)">Conditional</animation>
					<bottom>20</bottom>
					<left>60</left>
					<height>100</height>
					<align>left</align>
					<textcolor>$VAR[color_osdmusic_main]</textcolor>
					<font>debugtiny2</font>
					<label>$VAR[MusicPlayerOffset]</label>
				</control>
			</control>	
			
			<control type="progress">
				<left>60</left>
				<bottom>25%</bottom>
				<height>2</height>
				<width>28%</width>
				<texturebg colordiffuse="black">colors/white.png</texturebg>
				<midtexture colordiffuse="$VAR[color_osdmusic_accent]">colors/white.png</midtexture>
				<lefttexture />
				<righttexture />
				<overlaytexture />
				<info>Player.Progress</info>
			</control>
		</control>
		
		<control type="group">
			<description>right</description>
			<visible>Player.ShowInfo | String.IsEqual(Window(home).Property(PlayerShowInfo),true) | [Window.IsActive(script-cu-lrclyrics-main.xml) + Player.ShowInfo]</visible>
			
			<animation effect="slide" start="500,0" end="0,0" time="250" reversible="false">VisibleChange</animation>
			<animation effect="slide" start="500,0" end="0,0" time="250" reversible="false">WindowOpen</animation>
			<animation effect="slide" start="0,0" end="500,0" time="250">WindowClose</animation>
			
			<right>0</right>
			<height>100%</height>
			<width>20%</width>
			
			<control type="image">
				<bordersize>1,0,0,0</bordersize>
				<bordertexture flipx="true" border="2" colordiffuse="$VAR[color_osdmusic_accent]">frames/lefttrans.png</bordertexture> 
				<texture colordiffuse="$VAR[color_osdmusic_bgpanelseperator]">colors/white70.png</texture>
			</control>
			
			<control type="grouplist">
				<top>100</top>
				<right>50</right>
				<left>50</left>
				<bottom>100</bottom>
				<aligny>center</aligny>
				<align>top</align>
				<orientation>vertical</orientation>
				<itemgap>20</itemgap>
				<usecontrolcoords>true</usecontrolcoords>
				
				<control type="image">
					<centerright>50%</centerright>
					<width>150</width>
					<height>150</height>
					<texture background="true" diffuse="artworkdiffuse/circle.png">$INFO[Player.Art(artist.thumb)]</texture>
					<bordertexture colordiffuse="$VAR[color_osdmusic_accent]">artworkdiffuse/circleborder.png</bordertexture>
					<aspectratio scalediffuse="false" aligny="center" align="center">scale</aspectratio>
					<bordersize>2</bordersize>
				</control>
				<control type="textbox">
					<wrapmultiline>true</wrapmultiline>
					<height>auto</height>
					<align>center</align>
					<textcolor>$VAR[color_osdmusic_main]</textcolor>
					<font>HeaderLarge</font>
					<label>$INFO[MusicPlayer.Artist,[B],[/B]]</label>
				</control>
				<control type="label">
					<visible>!String.IsEmpty(MusicPlayer.Property(Artist_YearsActive)) | [!String.IsEmpty(MusicPlayer.Property(Artist_Formed)) | !String.IsEmpty(MusicPlayer.Property(Artist_Disbanded))]</visible>
					<height>25</height>
					<align>center</align>
					<textcolor>$VAR[color_osdmusic_accent]</textcolor>
					<font>CommonTag</font>
					<label>$VAR[MusicPlayerArtistSubInfo]</label>
				</control>
				<control type="textbox">
					<wrapmultiline>true</wrapmultiline>
					<autoscroll delay="3000" time="1200" repeat="10000">true</autoscroll>
					<height>700</height>
					<align>justify</align>
					<aligny>bottom</aligny>
					<textcolor>$VAR[color_osdmusic_main]</textcolor>
					<font>CommonTag</font>
					<label>$VAR[MusicPlayer_Plot]</label>
				</control>
			</control>
		</control>
		
		<!-- Layout 2 placeholder -->
		<control type="group">
			<visible>false</visible>
			<!-- <visible>!Window.IsActive(musicosd)</visible> -->
			<!-- <animation effect="fade" start="100" end="40" time="250" condition="true">conditional</animation> -->
			<bottom>0</bottom>
			<width>100%</width>
			<height>600</height>
			<control type="image">
				<left>310</left>
				<bottom>5</bottom>
				<height>320</height>
				<width>320</width>
				<aspectratio scalediffuse="true" align="center" aligny="bottom">keep</aspectratio>
				<texture diffuse="diffuse/compactdisk.png">$VAR[PlayerDisc]</texture>
				<animation effect="rotate" end="-360" center="auto" time="4800" loop="true" reversible="false" condition="!Player.Paused">Conditional</animation>
				<animation effect="slide" start="-320,0" end="0,0" time="300" reversible="false">WindowOpen</animation>
			</control>
			<control type="image">
				<description>optional diffuse texture as some art will not fit</description>
				<left>0</left>
				<bottom>0</bottom>
				<height>450</height>
				<width>340</width>
				<texture>$VAR[PlayerThumb]</texture>
				<aspectratio scalediffuse="true" align="left" aligny="bottom">keep</aspectratio>
			</control>
			
		</control>
		
		<include content="swan_debug_overlay">
			<param name="textleft" value="$VAR[debugPlayerShowInfo] $INFO[Player.Time(ss)]
$INFO[Window(home).Property(PlayerShowInfo),Property PlayerShowInfo  :,]

"/>
</include>
		
	</controls>
</window>


	