<?xml version="1.0" encoding="UTF-8"?>
<window>
	<include content="media_window_attributes" />
<!-- 	1.42 MyPrograms.xml
ID 	Type 			Description
2 	button 			Select viewtype (list, thumbnail, media info, etc...)
3 	button 			Select sort method (sort by: name, date size, etc...)
4 	togglebutton 	Select sortmode (ascending or descending)
12 	label 			Number of items in the list 
-->
	
	
	<controls>
		<!-- native GUI Ctrls -->
		<control type="button" id="2">
			<description>Select viewtype</description>
			<include content="HiddenObject" />
		</control>
		<control type="button" id="3">
			<description>Select sort method (sort by: name, date size, etc...)</description>
			<visible>Control.IsEnabled(3)</visible>
			<include content="HiddenObject" />
		</control>
		<control type="togglebutton" id="4">
			<description>Select sortmode (ascending or descending)</description>
			<visible>Control.IsEnabled(4)</visible>
			<include content="HiddenObject" />
		</control>
		
		<control type="group">
			<description>BG</description>
			<include content="DialogBackground_TriplePanel" />
		</control>
		
		
		<!-- Shortcut -->
		<include content="SwanShortcuts_Container" condition="!string.isempty(window(home).property(shortcutitem_nr))" />
			
		<control type="group">
			<include condition="string.isempty(window(home).property(shortcutitem_nr))" content="Dialog_CommonInfo">
				<param name="Header_posy" value="50" />
				<param name="Item_Description" value="$INFO[ListItem.AddonName,[B]$LOCALIZE[551]:[/B] ,]$INFO[ListItem.AddonCreator,[CR][B]$LOCALIZE[21863]:[/B] ,]$INFO[ListItem.AddonDescription,[CR][CR][B]$LOCALIZE[31171][/B][CR],]" />
			</include>
			
			<include condition="string.isempty(window(home).property(shortcutitem_nr))" content="Dialog_Containers">
				<param name="id" value="50" />
				<param name="Container_Height" value="70%" />
				<param name="onleft" value="9000" />
				<param name="icon_visible" value="true" />
				<param name="layout_height" value="110" />
			</include>
		</control>
		
		<include content="menucontrol_background_layer"/>
		
		<control type="group">
			<animation effect="slide" start="-450,0" end="0,0" time="300" tween="cubic" easing="inout">VisibleHidden</animation>
			<visible>String.IsEqual(Window(Home).Property(MenucontrolActive),true)</visible>
			<include content="menucontrol_global" condition="String.IsEmpty(Window(home).Property(SetShortcutInProgress))">
				<param name="has_premenu" value="false" />
				<param name="has_no_premenu" value="true" />
			</include>
		</control>
		
		<include content="swan_debug_overlay" />
	</controls>


</window>
