<?xml version="1.0" encoding="utf-8"?>
<window type="window" id="1120">
    <defaultcontrol always="true">5600</defaultcontrol>
	<menucontrol>99001</menucontrol>
	
	<onload condition="true">setfocus(5500)</onload>
	
	<onload condition="!Skin.String(SearchTerm)">Back</onload>
	<onunload condition="!String.IsEmpty(Window(home).Property(CastMemberThumb))">ClearProperty(CastMemberThumb,home)</onunload>
	<onunload condition="!String.IsEmpty(Window(home).Property(CastMemberLabel))">ClearProperty(CastMemberLabel,home)</onunload>
    <onunload>Skin.Reset(SearchTerm)</onunload>
	
	<controls>
        
		
		<include condition="true" content="default_search_layout" />
		<include condition="Skin.HasSetting(window_frame)" content="window_frame" />
		<include condition="Skin.HasSetting(SwanDebug)" content="swan_debug_overlay">
			<param name="nested_debuginfo" value="
Winrop for vis conds came from xmlfile LibTargetSearch  :    $INFO[Window(home).Property(LibTargetSearch)]
Search String   $INFO[Skin.String(SearchTerm)]
"/>
		</include>
    </controls>
</window>