<?xml version="1.0" encoding="utf-8"?>
<timers>

	<!-- label Skin.TimerElapsedSecs([name]) -->

	<!-- https://xbmc.github.io/docs.kodi.tv/master/kodi-base/d4/d8c/_skin__timers.html -->
	<!-- <timer> -->
		<!-- <name>login_action</name> -->
		<!-- <description>test</description> -->
		<!-- <stop>Integer.IsGreaterOrEqual(Skin.TimerElapsedSecs(login_action),5)</stop> -->
		<!-- <onstart>Notification(skintimer, My timer was started, 1000)</onstart> -->
			<!-- <onstart>ClearProperty(HideProfiles)</onstart> -->
			<!-- <onstart>SetFocus(52)</onstart> -->
			<!-- <reset>Window.IsActive(loginscreen) + System.IdleTime(4) + !Control.HasFocus(52)</reset> -->
		<!-- <onstop>Notification(skintimer, My timer was stopped at $INFO[Skin.TimerElapsedSecs(login_action)], 4000)</onstop> -->
	<!-- </timer> -->

</timers>
