<?xml version="1.0" encoding="UTF-8"?>
<window id="1104" type="dialog">
	<defaultcontrol always="true">10450</defaultcontrol>
	<controls>
		
		<control type="group">
			<description>Heading</description>
			<include>Animation_OpenClose_Zoom</include>
			<control type="image">
				<texture colordiffuse="$VAR[color_global_dialog_background]">colors/white90.png</texture>
				<aspectratio>stretch</aspectratio>
			</control>
			
			<control type="label">
				<width>100%</width>
				<top>20%</top>
				<height>60</height>
				<font>edit_common</font>
				<aligny>center</aligny>
				<align>center</align>
				<textoffsetx>5</textoffsetx>
				<textcolor>red</textcolor>
				<label>what you gonna do with    $INFO[Window(home).Property(CastMemberLabel)]</label>
			</control>
		</control>
		
		<include content="Menucontrol_Grouplist">
			<param name="id" value="10450"/>
			<param name="height" value="50%"/>
			<param name="onup" value="10451"/>
			<param name="ondown" value="10451"/>
			<param name="top" value="30%"/>
			<left>40%</left>
			<include content="Animation_OpenClose_Slide">
				<param name="slide_start" value="1920,0" />
				<param name="slide_end" default="0,0" />
			</include>
			<control type="radiobutton" id="$PARAM[id]1">
				<height>200</height>
				<radioposx>50</radioposx>
				<textoffsetx>50</textoffsetx>
				<radiowidth>150</radiowidth>
				<radioheight>150</radioheight>
				<textureradioonfocus colordiffuse="$VAR[color_global_button_text_fo]">icons/embinfowatersign.png</textureradioonfocus>
				<textureradioonnofocus colordiffuse="$VAR[color_global_button_text_nf]">icons/embinfowatersign.png</textureradioonnofocus>
				<textureradioofffocus colordiffuse="$VAR[color_global_button_text_fo]">icons/embinfowatersign.png</textureradioofffocus>
				<textureradiooffnofocus colordiffuse="$VAR[color_global_button_text_nf]">icons/embinfowatersign.png</textureradiooffnofocus>
				<textureradioondisabled colordiffuse="disabled">icons/embinfowatersign.png</textureradioondisabled>
				<textureradiooffdisabled colordiffuse="disabled">icons/embinfowatersign.png</textureradiooffdisabled>
				<font>font45</font>
				<onclick condition="!String.IsEmpty(Skin.String(SearchTerm))">Skin.Reset(SearchTerm)</onclick>
				<onclick>Skin.SetString(SearchTerm,$INFO[Window(home).Property(CastMemberLabel)])</onclick>
				<onclick>RunScript(script.embuary.info,call=person,query=$INFO[Window(home).Property(CastMemberLabel)])</onclick>
				<onclick>Dialog.Close(1104,true)</onclick>
				<onclick>ClearProperty(CastMemberLabel,home)</onclick>
				<label>                 [I]Search[/I]    [B]T M D B[/B]</label>
			</control>
		</include>
		
		<include content="Menucontrol_Grouplist">
			<include content="Animation_OpenClose_Slide">
				<param name="slide_start" value="-1920,0" />
				<param name="slide_end" default="0,0" />
			</include>
			<param name="id" value="10451"/>
			<param name="height" value="50%"/>
			<param name="onup" value="10450"/>
			<param name="ondown" value="10450"/>
			<param name="top" value="50%"/>
			<right>40%</right>
			
			<control type="radiobutton" id="$PARAM[id]1">
				<height>200</height>
				<textoffsetx>50</textoffsetx>
				<radiowidth>500</radiowidth>
				<radioheight>150</radioheight>
				<textureradioonfocus colordiffuse="$VAR[color_global_button_text_fo]">icons/swanwatersign.png</textureradioonfocus>
				<textureradioonnofocus colordiffuse="$VAR[color_global_button_text_nf]">icons/swanwatersign.png</textureradioonnofocus>
				<textureradioofffocus colordiffuse="$VAR[color_global_button_text_fo]">icons/swanwatersign.png</textureradioofffocus>
				<textureradiooffnofocus colordiffuse="$VAR[color_global_button_text_nf]">icons/swanwatersign.png</textureradiooffnofocus>
				<textureradioondisabled colordiffuse="disabled">icons/swanwatersign.png</textureradioondisabled>
				<textureradiooffdisabled colordiffuse="disabled">icons/swanwatersign.png</textureradiooffdisabled>
				<font>font45</font>
				<onclick condition="!String.IsEmpty(Skin.String(SearchTerm))">Skin.Reset(SearchTerm)</onclick>
				<onclick>Skin.SetString(SearchTerm,$INFO[Window(home).Property(CastMemberLabel)])</onclick>
				<onclick>ClearProperty(CastMemberLabel,home)</onclick>
				<onclick>Dialog.Close(1104,true)</onclick>
				<onclick condition="Window.IsActive(movieinformation)">Dialog.Close(movieinformation,true)</onclick>
				<onclick>ActivateWindow(1120,return)</onclick>
				<onclick>Dialog.Close(1104,true)</onclick>
				<label></label>
				<label2>[I]Search[/I]   [B]L I B R A R Y[/B]                            </label2>
			</control>
		</include>
	</controls>
</window>