<?xml version="1.0" encoding="UTF-8"?>
<fonts>
	<fontset id="Default" idloc="15109">
	
	<!--unused ttf's 
		NotoSans-Medium.ttf
		NotoSans-ExtraBold.ttf
		NotoSans-Light.ttf
		NotoSans-SemiCondensedBold.ttf
		Condensed-Light.ttfCondensed-Regular
	-->
	
	<!-- LiberationSans as Spotlight Layouts HelveticaNeue Replacement -->
	<font>
		<name>font_Montserrat_16_semibold</name>
		<filename>Montserrat-SemiBold.ttf</filename>
		<size>16</size>
	</font>
	<font>
		<name>font_Montserrat_16_extrabold</name>
		<filename>Montserrat-ExtraBold.ttf</filename>
		<size>16</size>
	</font>
	<font>
		<name>font_Montserrat_30_semibold</name>
		<filename>Montserrat-SemiBold.ttf</filename>
		<size>30</size>
	</font>
	<font>
		<name>Montserrat_ExtraBold_40</name>
		<filename>Montserrat-ExtraBold.ttf</filename>
		<size>40</size>
	</font>
	<font>
		<name>Montserrat_ExtraBold_50</name>
		<filename>Montserrat-ExtraBold.ttf</filename>
		<size>50</size>
	</font>
	<font>
		<name>font_titlefallbackspotlight</name>
		<filename>Montserrat-ExtraBold.ttf</filename>
		<size>68</size>
	</font>
	<font>
		<name>font_Montserrat_90_bold</name>
		<filename>Montserrat-ExtraBold.ttf</filename>
		<size>90</size>
	</font>
	
	
	
	<font>
		<name>font_labelshutdown</name>
		<filename>LiberationSans-Bold.ttf</filename>
		<size>22</size>
		<aspect>0.80</aspect>
		<style>lighten</style>
	</font>
	<font>
		<name>font_labelprofile</name>
		<filename>NotoSans-SemiBold.ttf</filename>
		<size>18</size>
		<linespacing>0.9</linespacing>
	</font>
	<font>
		<name>menucontrol_heading</name>
		<filename>NotoSans-SemiBold.ttf</filename>
		<size>21</size>
	</font>	
	<font>
		<description>LiberationSans has ugly num styles</description>
		<name>font_SpotlightMetaDataBar</name>
		<filename>NotoSans-Regular.ttf</filename>
		<size>22</size>
	</font>
	<font>
		<name>font_SpotlightMetaGenreBottom</name>
		<filename>LiberationSans-Bold.ttf</filename>
		<size>23</size>
		<aspect>1.06</aspect>
	</font>
	<font>
		<description>2nd choice</description>
		<filename>LiberationSans-Regular.ttf</filename>
		<name>font_SpotlightPlot_BoldMedium</name>
		<linespacing>1.2</linespacing>
		<size>26</size>
		<aspect>1.06</aspect>
		<style>bold</style>
	</font>
	<font>
		<description></description>
		<filename>LiberationSans-Regular.ttf</filename>
		<name>font_LiberationSans_Bold34</name>
		<linespacing>1.2</linespacing>
		<size>34</size>
		<!-- <aspect>1.08</aspect> -->
		<style>bold</style>
	</font>
	<font>
		<description>1st choice, semi bold would be great</description>
		<name>font_SpotlightPlot_RegMedium</name>
		<filename>LiberationSans-Regular.ttf</filename>
		<linespacing>1.3</linespacing>
		<size>27</size>
		<aspect>1.08</aspect>
	</font>
	<font>
		<filename>LiberationSans-Regular.ttf</filename>
		<name>font_SpotlightTitle_Large</name>
		<size>64</size>
		<aspect>1.03</aspect>
		<style>bold</style>
	</font>
	
	
	
	<!-- NotoMono Regular -->	
		<font>
			<name>Mono26</name>
			<filename>NotoMono-Regular.ttf</filename>
			<size>26</size>
		</font>	
		
	<!-- noto sans bold -->
		<font>
            <name>NotoSans_bold16</name>
			<linespacing>0.5</linespacing>
			
            <filename>NotoSans-Bold.ttf</filename>
			<size>16</size>
        </font>
		<font>
            <name>debugtiny</name>
            <filename>NotoSans-Bold.ttf</filename>
			<size>16</size>
        </font>
		<font>
            <name>font_Montserrat_semibold_22</name>
			<filename>Montserrat-SemiBold.ttf</filename>
			<size>22</size>
        </font>
		<font>
			<name>MenucontrolItem</name>
			<filename>NotoSans-Bold.ttf</filename>
			<size>18</size>
		</font>
		<font>
			<name>NumItemsTop</name>
			<aspect>0.85</aspect>
			<filename>NotoSans-Bold.ttf</filename>
			<size>20</size>
		</font>
		<font>
			<name>font20_title</name>
			<filename>NotoSans-Bold.ttf</filename>
			<size>20</size>
		</font>
		<font>
			<name>PlotCommon</name>
			<filename>NotoSans-bold.ttf</filename>
			<linespacing>1.2</linespacing>
			<size>22</size>
		</font>
		<font>
			<name>MenucontrolSectionHeading</name>
			<filename>NotoSans-Bold.ttf</filename>
			<size>22</size>
		</font>
		<font>
			<name>font23_title</name>
			<filename>NotoSans-Bold.ttf</filename>
			<size>23</size>
		</font>
		<font>
			<name>PlotMedium</name>
			<filename>NotoSans-bold.ttf</filename>
			<linespacing>1.2</linespacing>
			<size>24</size>
		</font>
		<font>
			<name>InfoCommon</name>
			<filename>NotoSans-bold.ttf</filename>
			<size>24</size>
		</font>
		<font>
			<name>font25_title</name>
			<filename>NotoSans-Bold.ttf</filename>
			<size>25</size>
		</font>
		<font>
			<name>font30_title</name>
			<filename>NotoSans-Bold.ttf</filename>
			<size>30</size>
		</font>
		<font>
			<name>font32_title</name>
			<filename>NotoSans-Bold.ttf</filename>
			<size>32</size>
		</font>
		<font>
			<name>PlotLarge</name>
			<filename>NotoSans-bold.ttf</filename>
			 <linespacing>1.3</linespacing>
			<size>34</size>
		</font>
		<font>
			<name>font36_title</name>
			<filename>NotoSans-Bold.ttf</filename>
			<size>36</size>
		</font>
		<font>
			<name>CastLabelBig</name>
			<filename>NotoSans-Bold.ttf</filename>
			<size>38</size>
			<linespacing>0.8</linespacing>
		</font>
		<font>
			<name>font45_title</name>
			<filename>NotoSans-Bold.ttf</filename>
			<size>45</size>
		</font>
		<font>
			<name>font52_title</name>
			<filename>NotoSans-Bold.ttf</filename>
			<size>52</size>
		</font>
		<font>
			<name>font_MainMenu</name>
			<filename>NotoSans-Bold.ttf</filename>
			<size>60</size>
		</font>
		<font>
			<name>WeatherTemp</name>
			<aspect>0.85</aspect>
			<filename>NotoSans-Bold.ttf</filename>
			<size>120</size>
		</font>
	
	<!-- noto sans semi bold -->
		
		<font>
			<name>WidgetHeading</name>
			<filename>NotoSans-SemiBold.ttf</filename>
			<size>26</size>
		</font>
		<font>
			<name>PlotSemiBold</name>
			<filename>NotoSans-SemiBold.ttf</filename>
			 <linespacing>1.2</linespacing>
			<size>27</size>
		</font>
		<font>
			<name>Tagline</name>
			<filename>NotoSans-SemiBold.ttf</filename>
			<size>30</size>
		</font>
	
	
	
		
	<!-- noto sans Regular -->		
		<font>
            <name>debugtiny2</name>
            <filename>NotoSans-Regular.ttf</filename>
			<size>20</size>
        </font>
		<font>
            <name>DialogListItem</name>
            <filename>NotoSans-Regular.ttf</filename>
			<size>22</size>
        </font>
		<font>
            <name>DialogListItemLowLined</name>
            <filename>NotoSans-Regular.ttf</filename>
			<size>22</size>
			<linespacing>0.9</linespacing>
        </font>
		<font>
			<name>font10</name>
			<filename>NotoSans-Regular.ttf</filename>
			<size>23</size>
			<style>lighten</style>
		</font>
		<font>
			<name>SearchControl</name>
			<filename>NotoSans-Regular.ttf</filename>
			<size>24</size>
		</font>
		<font>
			<name>font12</name>
			<filename>NotoSans-Regular.ttf</filename>
			<size>25</size>
			<style>lighten</style>
		</font>
		<font>
			<name>font12_lowline</name>
			<filename>NotoSans-Regular.ttf</filename>
			<linespacing>0.9</linespacing>
			<size>25</size>
			<style>lighten</style>
		</font>
		<font>
			<name>font12bold</name>
			<filename>NotoSans-Regular.ttf</filename>
			<size>25</size>
			<style>bold</style>
		</font>
		<font>
			<name>font25_narrow</name>
			<filename>NotoSans-Regular.ttf</filename>
			<size>25</size>
			<style>lighten</style>
			<linespacing>0.8</linespacing>
		</font>
		<font>
			<name>font27</name>
			<filename>NotoSans-Regular.ttf</filename>
			<size>27</size>
			<style>lighten</style>
		</font>
		<font>
			<name>font13</name>
			<filename>NotoSans-Regular.ttf</filename>
			<size>30</size>
			<style>lighten</style>
		</font>
		<font>
			<name>font14</name>
			<filename>NotoSans-Regular.ttf</filename>
			<size>33</size>
			<style>lighten</style>
		</font>
		<font>
			<name>font37</name>
			<filename>NotoSans-Regular.ttf</filename>
			<size>37</size>
			<style>lighten</style>
		</font>
		<font>
			<name>HeaderBar_Main</name>
			<filename>NotoSans-Regular.ttf</filename>
			 <aspect>1.0</aspect>
			<size>40</size>
		</font>
		<font>
			<name>font45</name>
			<filename>NotoSans-Regular.ttf</filename>
			<size>45</size>
			<style>lighten</style>
		</font>
		<font>
			<name>edit_common</name>
			<filename>NotoSans-Regular.ttf</filename>
			<size>46</size>
		</font>
		<font>
			<name>HeaderBar_Media</name>
			<filename>NotoSans-Regular.ttf</filename>
			 <aspect>1.0</aspect>
			<size>50</size>
		</font>
		
		<font>
			<name>font60</name>
			<filename>NotoSans-Regular.ttf</filename>
			<size>60</size>
			<style>lighten</style>
		</font>
		
		
	
		
		
		
	<!-- Roboto-Condensed Bold -->
		<font>
            <name>CircleTag_Small</name>
            <filename>Roboto-Condensed-Bold.ttf</filename>
            <style>bold</style>
			<aspect>1.1</aspect>
			<linespacing>1.1</linespacing>
			<size>25</size>
        </font>
		<font>
            <name>CircleTag</name>
            <filename>Roboto-Condensed-Bold.ttf</filename>
            <style>bold</style>
			<aspect>1.2</aspect>
			<linespacing>1.1</linespacing>
			<size>32</size>
        </font>
		<font>
            <name>BannerTag</name>
            <filename>Roboto-Condensed-Bold.ttf</filename>
            <style>bold</style>
			<aspect>1.2</aspect>
			<size>36</size>
        </font>
		
		
	<!-- Roboto-Condensed Regular -->
		<font>
            <name>HUB_WidgetSubHeader</name>
            <filename>Roboto-Condensed-Regular.ttf</filename>
			<size>20</size>
        </font>
		<font>
            <name>CommonTag</name>
            <filename>Roboto-Condensed-Regular.ttf</filename>
			<size>22</size>
        </font>
		
		<font>
            <name>HubAT</name>
            <filename>Roboto-Condensed-Regular.ttf</filename>
			<size>26</size>
        </font>
		<font>
            <name>PlotTiny</name>
            <filename>Roboto-Condensed-Regular.ttf</filename>
			<linespacing>1.2</linespacing>
			<size>28</size>
        </font>
		<font>
            <name>HUB_WidgetHeader</name>
            <filename>Roboto-Condensed-Regular.ttf</filename>
			<size>32</size>
        </font>
		<font>
            <name>HeaderLarge</name>
            <filename>Roboto-Condensed-Regular.ttf</filename>
			<size>36</size>
        </font>
		<font>
            <name>Roboto_Condensed_40</name>
            <filename>Roboto-Condensed-Regular.ttf</filename>
			<size>40</size>
        </font>
		
	<!-- Roboto Thin -->
		<font>
			<name>font_notification</name>
			<filename>Roboto-Thin.ttf</filename>
			<size>35</size>
		</font>
		<font>
			<name>font_robotobold</name>
			<filename>Roboto-Thin.ttf</filename>
			
			<size>40</size>
		</font>
		<font>
			<name>font_clock</name>
			<filename>Roboto-Thin.ttf</filename>
			<size>70</size>
		</font>
		<font>
			<name>font_clockbig</name>
			<filename>Roboto-Thin.ttf</filename>
			<size>90</size>
		</font>
	
	
	
	<!-- Arial -->
		
		
		<font>
			<name>Arial_Bold50</name>
			<filename>arial.ttf</filename>
			<size>50</size>
			<style>bold</style>
		</font>
		
		
	</fontset>
	<fontset id="Arial" idloc="31053">
	
		<!-- un edited -->
		<!-- Arial Font better for non English -->
		<font>
			<name>font10</name>
			<filename>arial.ttf</filename>
			<size>18</size>
		</font>
		<font>
			<name>font12</name>
			<filename>arial.ttf</filename>
			<size>22</size>
		</font>
		<font>
			<name>font13</name>
			<filename>arial.ttf</filename>
			<size>27</size>
		</font>
		<font>
			<name>font14</name>
			<filename>arial.ttf</filename>
			<size>30</size>
		</font>
		<font>
			<name>font25_narrow</name>
			<filename>arial.ttf</filename>
			<size>25</size>
			<linespacing>0.8</linespacing>
		</font>
		<font>
			<name>font27</name>
			<filename>arial.ttf</filename>
			<size>27</size>
		</font>
		<font>
			<name>font29</name>
			<filename>arial.ttf</filename>
			<size>29</size>
		</font>
		<font>
			<name>font37</name>
			<filename>arial.ttf</filename>
			<size>37</size>
		</font>
		<font>
			<name>font45</name>
			<filename>arial.ttf</filename>
			<size>45</size>
		</font>
		<font>
			<name>font60</name>
			<filename>arial.ttf</filename>
			<size>60</size>
			<style>lighten</style>
		</font>
		<font>
			<name>font_clock</name>
			<filename>arial.ttf</filename>
			<size>70</size>
			<style>lighten</style>
		</font>
		<!-- Title Fonts -->
		<font>
			<name>MenucontrolItem</name>
			<filename>arial.ttf</filename>
			<size>18</size>
		</font>
		<font>
			<name>font20_title</name>
			<filename>arial.ttf</filename>
			<size>20</size>
			<style>bold</style>
		</font>
		<font>
			<name>font23_title</name>
			<filename>arial.ttf</filename>
			<size>23</size>
			<style>bold</style>
		</font>
		<font>
			<name>font25_title</name>
			<filename>arial.ttf</filename>
			<size>25</size>
			<style>bold</style>
		</font>
		<font>
			<name>font30_title</name>
			<filename>arial.ttf</filename>
			<size>30</size>
			<style>bold</style>
		</font>
		<font>
			<name>font36_title</name>
			<filename>arial.ttf</filename>
			<size>36</size>
			<style>bold</style>
		</font>
		<font>
			<name>font45_title</name>
			<filename>arial.ttf</filename>
			<size>45</size>
			<style>bold</style>
		</font>
		<font>
			<name>font52_title</name>
			<filename>arial.ttf</filename>
			<size>52</size>
			<style>bold</style>
		</font>
		<font>
			<name>font_MainMenu</name>
			<filename>arial.ttf</filename>
			<size>52</size>
			<style>bold</style>
		</font>
		<font>
			<name>Arial_Bold50</name>
			<filename>arial.ttf</filename>
			<size>50</size>
			<style>bold</style>
		</font>
		<font>
			<name>WeatherTemp</name>
			<filename>arial.ttf</filename>
			<size>120</size>
			<style>bold</style>
		</font>
		<font>
			<name>Mono26</name>
			<filename>arial.ttf</filename>
			<size>26</size>
		</font>
	</fontset>
	
	
	<!-- unshipped ttf  
	if exist put .ttf in skin.swan/fonts or installdir/media/Fonts
	missing license unsure if free source
	
	<fontset id="Helvetica Neue">
		
		<font>
			<name>font_SpotlightTitle_Large</name>
			<filename>HelveticaNeueLt.ttf</filename>
			<size>66</size>
			<style>bold</style>
		</font>
		<font>
			<name>font_SpotlightPlot_RegMedium</name>
			<filename>HelveticaNeueLt.ttf</filename>
			<size>28</size>
			<style>bold</style>
			<aspect>1.06</aspect>
			<linespacing>1.2</linespacing>
		</font>
		<font>
			<name>font_SpotlightMetaDataBar</name>
			<filename>HelveticaNeueLt.ttf</filename>
			<size>25</size>
		</font>
		<font>
			<name>font_SpotlightMetaGenreBottom</name>
			<filename>HelveticaNeueLt.ttf</filename>
			<size>25</size>
			<style>bold</style>
		</font>
	
	
	</fontset>
	-->
</fonts>
