<?xml version="1.0" encoding="UTF-8"?>
<window>
	<include content="media_window_attributes">
		<param name="view_ids" value="50,51,52,53,54" />
	</include>

	<controls>
		
		<!-- native GUI Buttons -->
		<control type="button" id="3">
			<visible>Control.IsEnabled(3)</visible>
			<include content="HiddenObject" />
		</control>
		<control type="togglebutton" id="4">
			<visible>Control.IsEnabled(4)</visible>
			<include content="HiddenObject" />
		</control>
		<control type="group">
			<include>global_background</include>
		</control>
		
		<control type="group" id="70">
			<description>viewtypes</description>
			<include content="Animation_Close_MediaContainer" condition="String.IsEmpty(Window(home).Property(SetShortcutInProgress))" />
			<centerleft>50%</centerleft>
			
			<!-- 
			<include content="Animation_TransitionFadeOut">
				<param name="condition" value="$EXP[Infodialog_IsActive] | Window.IsActive(mediasource)" />
			</include> 
			-->
			<animation type="Conditional" condition="$EXP[Infodialog_IsActive] | Window.IsActive(mediasource)">
				<effect type="fade" start="100" end="0" time="250" tween="sine" easing="out" />
				<effect type="zoom" center="50%,50%" start="100" end="0" time="300" tween="cubic" easing="out" />
			</animation>
			
			<include condition="!string.isempty(window(home).property(shortcutitem_nr))" content="SwanShortcuts_Container"  />
			
			<include condition="String.IsEmpty(Window(home).Property(SetShortcutInProgress))">view_layer4</include>
				
			<include condition="String.IsEmpty(Window(home).Property(SetShortcutInProgress))">view_50</include>
			<include condition="String.IsEmpty(Window(home).Property(SetShortcutInProgress))">view_51</include>
			<include condition="String.IsEmpty(Window(home).Property(SetShortcutInProgress))">view_52</include>
			<include condition="String.IsEmpty(Window(home).Property(SetShortcutInProgress))">view_53</include>
			<include condition="String.IsEmpty(Window(home).Property(SetShortcutInProgress))">view_54</include>
			
			<include condition="String.IsEmpty(Window(home).Property(SetShortcutInProgress))">Scrollbar_Lib_vertical</include>
			<include condition="String.IsEmpty(Window(home).Property(SetShortcutInProgress))">Scrollbar_Lib_horizontal</include>
			
		</control>
		
		<include content="HeaderBar">
			<param name="HasBGPanel" value="Skin.HasSetting(MediaWindow_UseHeaderBG)" />
		</include>
		
		<!-- Pre-MenuControl -->
		<include content="PreMenucontrol" />
		
		<control type="group">
			<animation effect="slide" start="-450,0" end="0,0" time="300" tween="cubic" easing="inout">VisibleHidden</animation>
			<visible>ControlGroup(9000).HasFocus()</visible>
			<include content="menucontrol_global" condition="String.IsEmpty(Window(home).Property(SetShortcutInProgress))" />
		</control>
		
		<include content="swan_debug_overlay">
			<param name="textleft" value=""/>
		</include>
	
	</controls>
</window>


