<?xml version="1.0" encoding="UTF-8" standalone="yes"?>
<addon id="script.playlist.helper" name="Playlist Helper" version="0.0.07" provider-name="marduk">
	<requires>
		<import addon="xbmc.python" version="2.6.0"/>
	</requires>
	<extension point="kodi.context.item">
		<menu id="kodi.core.main">
			<item library="context_playlistcontainer_fn.py" args="minus">
				<label>$LOCALIZE[13332]</label>
				<visible>string.isequal(window(home).property(playlist_itemcontrol),enable)</visible>
			</item>
			<item library="context_playlistcontainer_fn.py" args="plus">
				<label>$LOCALIZE[13333]</label>
				<visible>string.isequal(window(home).property(playlist_itemcontrol),enable)</visible>
			</item>
			<item library="context_playlistcontainer_fn.py" args="delete">
				<label>$LOCALIZE[15015]</label>
				<visible>string.isequal(window(home).property(playlist_itemcontrol),enable)</visible>
			</item>
			<item library="context_playlist_queuing.py" args="insert">
				<label>$LOCALIZE[10008]</label>
				<visible>!Window.IsMedia + [String.IsEqual(ListItem.dbtype,artist) | String.IsEqual(ListItem.dbtype,album) | String.IsEqual(ListItem.dbtype,song) | String.IsEqual(ListItem.dbtype,year) | String.IsEqual(ListItem.dbtype,originalyear) | String.IsEqual(ListItem.dbtype,genre)]</visible>
			</item>
			<item library="context_playlist_queuing.py" args="add">
				<label>$LOCALIZE[13347]</label>
				<visible>!Window.IsMedia + [String.IsEqual(ListItem.dbtype,artist) | String.IsEqual(ListItem.dbtype,album) | String.IsEqual(ListItem.dbtype,song) | String.IsEqual(ListItem.dbtype,year) | String.IsEqual(ListItem.dbtype,originalyear) | String.IsEqual(ListItem.dbtype,genre)]</visible>
			</item>
			<item library="context_actions.py" args="playmedia_dir">
				<label>$LOCALIZE[22083]</label>
				<visible>[Window.IsMedia + Container.Content(Albums) + string.startswith(listitem.label, *)] | [!Window.IsMedia + [String.IsEqual(ListItem.DBtype,artist) | String.IsEqual(ListItem.DBtype,album)]]</visible>
			</item>
			<menu>
				<label>$ADDON[script.playlist.helper 32000]</label>
				<item library="context_actions.py" args="open_playlist">
					<label>$LOCALIZE[13350]</label>
					<visible>!Window.IsActive(MyPlaylist.xml) + [MusicPlayer.Offset(-1).Exists | MusicPlayer.Offset(1).Exists]</visible>
				</item>
				<item library="context_actions.py" args="save_playlist">
					<label>$LOCALIZE[190] $LOCALIZE[559]</label>
					<visible>!Window.IsActive(MyPlaylist.xml) + [MusicPlayer.Offset(-1).Exists | MusicPlayer.Offset(1).Exists]</visible>
				</item>
				<item library="context_actions.py" args="open_playercontrol">
					<label>$LOCALIZE[10114]</label>
					<visible>!Window.IsActive(playercontrols) + [Player.HasMedia + [MusicPlayer.Offset(-1).Exists | MusicPlayer.Offset(1).Exists]]</visible>
				</item>
			</menu>
		</menu>
	</extension>
	<extension point="xbmc.python.script" library="actions.py">
        <provides>executable</provides>
    </extension>
	<extension point="kodi.addon.metadata">
		<platform>all</platform>
		<summary lang="en_GB">Enable Playlist Functions for Contextmenu which currently not provided by Kodi core and provides select Actions for Skinners</summary>
		<description lang="en_GB">Enable Playlist Functions for Contextmenu which currently not provided by Kodi core and Provide select Actions for Skinners[CR]
Contextmenu
  • for skins, which use a dynamic container filled with currently playing playlist (playlistmusic:// ; playlistvideo://)
     - switch playlistitems (move up or down)
     - delete playlistitem

  • play all songs by artist
     - if either media window and on '. all albums' listitem entry, or if not media window for artist or album items (clears playlist, and start plaing folder)

  • activate playlist window
  • activate playercontrols dialog
  • save currently active playlist


Select Actions
  • play selected Song if container filled with (playlistmusic:// ; playlistvideo://)
  • conditional select actions for dynamic content containers in Custom Windows/Containers (directory or file)
     - add to playlist as next title and play item (default ~ !Skin.HasSetting(&lt; dbtype &gt;_select_queue))
     - add to playlist as next title (if Skin.HasSetting(&lt; dbtype &gt;_select_queue))

</description>
		<license>GPL-2.0-or-later</license>
		<forum></forum>
		<source>https://github.com/marduklev/script.playlist.helper</source>
		<assets>
			<icon>resources/icon.png</icon>
			<fanart>resources/fanart.png</fanart>
		</assets>
	</extension>
</addon>
