<?xml version="1.0" encoding="UTF-8"?>
<window>
	<depth>DepthOSD</depth>
	<defaultcontrol always="true">799</defaultcontrol>
	<animation effect="fade" start="0" end="100" time="300">WindowOpen</animation>
	<animation effect="fade" start="100" end="0" time="200">WindowClose</animation>
	<controls>
	<control type="image">
		<bordersize>0,0,0,210</bordersize>
		<bordertexture colordiffuse="$VAR[color_osdvideo_bgpanel]">colors/white80.png</bordertexture>
		<texture colordiffuse="$VAR[color_osdvideo_bgpanel]">colors/white.png</texture>
		<height>250</height>
	</control>
	<control type="button" id="799">
		<onup>Close</onup>
		<ondown>Close</ondown>
		<width>auto</width>
		<height>40</height>
		<textoffsetx>40</textoffsetx>
		<label>$LOCALIZE[544]</label>
		<onclick>Dialog.Close(playerprocessinfo)</onclick>
		<texturefocus />
		<texturenofocus />
		<font>debugtiny</font>
		<disabledcolor>$VAR[color_osdvideo_secondary]</disabledcolor>
		<enable>false</enable>
	</control>
		
	<control type="group">
			<top>50</top>
			<left>50</left>
			<height>200</height>
			
			<control type="grouplist">
				<visible>VideoPlayer.Content(livetv)</visible>
				<control type="label">
					<width>1200</width>
					<height>30</height>
					<aligny>bottom</aligny>
					<textcolor>$VAR[color_osdvideo_main]</textcolor>
					<label>$INFO[PVR.ActStreamServiceName,$LOCALIZE[19099]: ,]</label>
					<font>debugtiny</font>
				</control>
				<control type="label">
					<width>1200</width>
					<height>30</height>
					<aligny>bottom</aligny>
					<textcolor>$VAR[color_osdvideo_main]</textcolor>
					<label>$INFO[PVR.ActStreamProviderName,$LOCALIZE[19101]: ,]</label>
					<font>debugtiny</font>
				</control>
				<control type="label">
					<width>1200</width>
					<height>30</height>
					<aligny>bottom</aligny>
					<textcolor>$VAR[color_osdvideo_main]</textcolor>
					<label>$INFO[PVR.ActStreamClient,$LOCALIZE[19012]: ,]</label>
					<font>debugtiny</font>
				</control>
				<control type="label">
					<width>1200</width>
					<height>30</height>
					<aligny>bottom</aligny>
					<textcolor>$VAR[color_osdvideo_main]</textcolor>
					<label>$INFO[PVR.ActStreamDevice,$LOCALIZE[19006]: ,]</label>
					<font>debugtiny</font>
				</control>
				<control type="label">
					<width>1200</width>
					<height>30</height>
					<aligny>bottom</aligny>
					<textcolor>$VAR[color_osdvideo_main]</textcolor>
					<label>$INFO[PVR.ActStreamStatus,$LOCALIZE[19007]: ,]</label>
					<font>debugtiny</font>
				</control>
				<control type="label">
					<width>1200</width>
					<height>30</height>
					<aligny>bottom</aligny>
					<textcolor>$VAR[color_osdvideo_main]</textcolor>
					<label>$INFO[PVR.ActStreamEncryptionName,$LOCALIZE[19015]: ,]</label>
					<font>debugtiny</font>
				</control>
			</control>
			<control type="grouplist">
				<left>1250</left>
				<visible>VideoPlayer.Content(livetv)</visible>
				<usecontrolcoords>true</usecontrolcoords>
				<control type="label">
					<width>600</width>
					<height>30</height>
					<aligny>bottom</aligny>
					<textcolor>$VAR[color_osdvideo_main]</textcolor>
					<label>$INFO[PVR.ActStreamBer,$LOCALIZE[19010]: ,]</label>
					<font>debugtiny</font>
				</control>
				<control type="label">
					<width>600</width>
					<height>30</height>
					<aligny>bottom</aligny>
					<textcolor>$VAR[color_osdvideo_main]</textcolor>
					<label>$INFO[PVR.ActStreamUnc,$LOCALIZE[19011]: ,]</label>
					<font>debugtiny</font>
				</control>
				<control type="label">
					<width>600</width>
					<height>30</height>
					<aligny>bottom</aligny>
					<textcolor>$VAR[color_osdvideo_main]</textcolor>
					<label>$INFO[PVR.ActStreamMux,$LOCALIZE[19100]: ,]</label>
					<font>debugtiny</font>
				</control>
				<control type="label">
					<width>600</width>
					<height>30</height>
					<aligny>bottom</aligny>
					<textcolor>$VAR[color_osdvideo_main]</textcolor>
					<label>$INFO[PVR.ActStreamSignal,$LOCALIZE[19008]: ,]</label>
					<font>debugtiny</font>
				</control>
				<control type="progress">
					<top>5</top>
					<width>600</width>
					<height>18</height>
					<info>PVR.ActStreamProgrSignal</info>
				</control>
				<control type="label">
					<top>5</top>
					<width>1600</width>
					<height>30</height>
					<aligny>bottom</aligny>
					<textcolor>$VAR[color_osdvideo_main]</textcolor>
					<label>$INFO[PVR.ActStreamSNR,$LOCALIZE[19009]: ,]</label>
					<font>debugtiny</font>
				</control>
				<control type="progress">
					<top>0</top>
					<width>600</width>
					<height>18</height>
					<info>PVR.ActStreamProgrSNR</info>
				</control>
			</control>
			<control type="grouplist">
				<visible>!VideoPlayer.Content(livetv)</visible>
				<control type="label">
					<width>1600</width>
					<height>30</height>
					<aligny>bottom</aligny>
					<textcolor>$VAR[color_osdvideo_main]</textcolor>
					<label>$INFO[Player.Process(videodecoder),Video Decoder: ,]$VAR[PlayerProcess_VideoHWDecoder, (,)]</label>
					<font>debugtiny</font>
					<visible>Player.HasVideo</visible>
				</control>
				<control type="label">
					<width>1600</width>
					<height>30</height>
					<aligny>bottom</aligny>
					<textcolor>$VAR[color_osdvideo_main]</textcolor>
					<label>$INFO[Player.Process(pixformat),Pixel format: ,]</label>
					<font>debugtiny</font>
					<visible>Player.HasVideo</visible>
				</control>
				<control type="label">
					<width>1600</width>
					<height>30</height>
					<aligny>bottom</aligny>
					<textcolor>$VAR[color_osdvideo_main]</textcolor>
					<label>$INFO[Player.Process(deintmethod),$LOCALIZE[16038]: ,]</label>
					<font>debugtiny</font>
					<visible>Player.HasVideo</visible>
				</control>
				<control type="label">
					<width>1600</width>
					<height>30</height>
					<aligny>bottom</aligny>
					<textcolor>$VAR[color_osdvideo_main]</textcolor>
					<label>$INFO[Player.Process(videowidth),$LOCALIZE[21443]: [B]w[/B]: ,px]$INFO[Player.Process(videoheight),  [B]h[/B]: ,px  ]$INFO[Player.Process(videodar),    |     $LOCALIZE[21374]: , ]$INFO[Player.Process(videofps),    |    $LOCALIZE[243] @, FPS]</label>
					<font>debugtiny</font>
					<visible>Player.HasVideo</visible>
				</control>
				<control type="label">
					<width>1600</width>
					<height>30</height>
					<aligny>bottom</aligny>
					<textcolor>$VAR[color_osdvideo_main]</textcolor>
					<label>$INFO[Player.Process(audiochannels),$LOCALIZE[460]: ,]$INFO[Player.Process(audiodecoder),     |     $LOCALIZE[201]: ,]$INFO[Player.Process(audiobitspersample),     |     $LOCALIZE[612]: , bits]$INFO[Player.Process(audiosamplerate),     |     $LOCALIZE[613]: @, Hz]</label>
					<font>debugtiny</font>
				</control>
				
				
				<control type="group">
					<width>1600</width>
					<height>40</height>
					
					<control type="label">
						<width>450</width>
						<height>30</height>
						<aligny>bottom</aligny>
						<textcolor>$VAR[color_osdvideo_main]</textcolor>
						<label>$INFO[System.Memory(used.percent),$LOCALIZE[31030]: , ]</label>
						<font>debugtiny</font>
					</control>
					<control type="progress">
						<width>400</width>
						<top>30</top>
						<height>2</height>
						<width>600</width>
						<info>System.Memory(used.percent)</info>
						<texturebg colordiffuse="$VAR[color_osdvideo_main]">colors/white20.png</texturebg>
						<midtexture colordiffuse="$VAR[color_osdvideo_secondary]">colors/white.png</midtexture>
					</control>
				
					<control type="label">
						<width>450</width>
						<height>30</height>
						<left>450</left>
						<aligny>bottom</aligny>
						<textcolor>$VAR[color_osdvideo_main]</textcolor>
						<label>$INFO[System.CpuUsage,$LOCALIZE[13271] ,]</label>
						<font>debugtiny</font>
					</control>
					<control type="progress">
						<width>400</width>
						<top>30</top>
						<height>2</height>
						<left>450</left>
						<width>600</width>
						<info>System.CpuUsage</info>
						<texturebg colordiffuse="$VAR[color_osdvideo_main]">colors/white20.png</texturebg>
						<midtexture colordiffuse="$VAR[color_osdvideo_secondary]">colors/white.png</midtexture>
					</control>
				</control>
					
				<!-- <control type="progress">
					<info>System.CpuUsage</info>
				</control>
				<control type="slider">
					<info>System.CpuUsage</info>
				</control> -->
				
			</control>
		</control>
	</controls>
</window>
