<?xml version="1.0" encoding="utf-8"?>
<!--Titan-->
<includes>
    <include name="View_56_BannerPlex">
        <!--Panel-->
        <control type="group">
            <visible>Control.IsVisible(56)</visible>
            <include>animation_view_change</include>
			
            <!-- ID="52" -->
            <control type="panel" id="56">
                <posx>65</posx>
                <bottom>13%</bottom>
                <width>1800</width>
                <height>675</height>
                <onup>56</onup>
                <ondown>56</ondown>
                <onleft>9000</onleft>
                <onright condition="Skin.HasSetting(EnableQuickJump)">6000</onright>
				<onright condition="!Skin.HasSetting(EnableQuickJump)">60</onright>
                <pagecontrol>60</pagecontrol>
                <viewtype label="31425">bigwide</viewtype>
                <scrolltime tween="Cubic" easing="inout">500</scrolltime>
                <focusposition>0</focusposition>
                <orientation>vertical</orientation>
                <preloaditems>2</preloaditems>
				<visible>String.IsEqual(Window(Home).Property(SkinHelper.ForcedView),56) | String.IsEmpty(Window(Home).Property(SkinHelper.ForcedView))</visible>
                <itemlayout height="135" width="600" condition="!Skin.HasSetting(View56_LargeBanners)">
                    <control type="group">
                        <width>590</width>
                        <height>125</height>
                        <include content="BannerLayout">
							<param name="WatchedIndicator" value="WatchedIndicatorNormal" />
							<param name="colordiffuse" value="$VAR[ViewDetailsPanelColor]" />
							<param name="border" value="thumbsborder_unfocused" />
						</include>
					</control>
                </itemlayout>
                <focusedlayout height="135" width="600" condition="!Skin.HasSetting(View56_LargeBanners)">
                    <control type="group">
                        <width>590</width>
                        <height>125</height>
						<include>Focus_Zoom_Animation</include>
                        <include content="BannerLayout">
							<param name="WatchedIndicator" value="WatchedIndicatorNormal"/>
							<param name="colordiffuse" value="$VAR[ViewDetailsBorderFocusColor]" />
							<param name="border" value="thumbsborder_focused" />
						</include>
						<include condition="Skin.HasSetting(LibItems_FocusOverlay)">FocusOverlay</include>
					</control>
                </focusedlayout>
                <itemlayout height="225" width="900" condition="Skin.HasSetting(View56_LargeBanners)">
                    <control type="group">
                        <width>890</width>
                        <height>205</height>
                        <include content="BannerLayout">
							<param name="WatchedIndicator" value="WatchedIndicatorNormal" />
							<param name="colordiffuse" value="$VAR[ViewDetailsPanelColor]" />
							<param name="border" value="thumbsborder_unfocused" />
						</include>
					</control>
                </itemlayout>
                <focusedlayout height="225" width="900" condition="Skin.HasSetting(View56_LargeBanners)">
                    <control type="group">
                        <width>890</width>
                        <height>205</height>
						<include>Focus_Zoom_Animation</include>
                       <include content="BannerLayout">
							<param name="WatchedIndicator" value="WatchedIndicatorNormal"/>
							<param name="colordiffuse" value="$VAR[ViewDetailsBorderFocusColor]" />
							<param name="border" value="thumbsborder_focused" />
						</include>
						<include condition="Skin.HasSetting(LibItems_FocusOverlay)">FocusOverlay</include>
					</control>
                </focusedlayout>

			</control>
 			<!--vertical Scollbar-->
			<control type="scrollbar" id="60">
				<visible>Control.IsVisible(56) + Integer.IsGreater(Container.Numitems,0)</visible>
				<right>15</right>
				<bottom>13%</bottom>
				<height>675</height>
				<onup>60</onup>
				<ondown>6000</ondown>
				<onleft>56</onleft>
				<animation effect="fade" start="0" end="100" time="400" condition="[Control.HasFocus(60) | Skin.HasSetting(EnableTouchSupport) | Container.Scrolling | Skin.HasSetting(alwaysShowScrollbars)] + !Control.IsVisible(6002)">Conditional</animation>
				<animation effect="fade" start="100" end="0" time="400" condition="![Control.HasFocus(60) | Skin.HasSetting(EnableTouchSupport) | Container.Scrolling | Skin.HasSetting(alwaysShowScrollbars)] | Control.IsVisible(6002)">Conditional</animation>
			</control>

		
		
		</control>
   </include>
</includes>