<?xml version="1.0" encoding="UTF-8"?>
<includes>
  
  <include name="View_512_ThumbsDetails">
	
    <control type="group">
      <visible>Control.IsVisible(512)</visible>
		<include>animation_view_change</include>
      

    <include>MovieDetailsLeft</include>
	  
	  <control type="panel" id="512">
        <animation effect="slide" end="-635" time="250" condition="Skin.HasSetting(View512_ShowInfoRight)">Conditional</animation>
        <viewtype label="31439">icons</viewtype>
        <right>40</right>
        <bottom>12%</bottom>
        <height>744</height>
        <width>1201</width>
        <orientation>vertical</orientation>
        <onleft>9000</onleft>
        <onright condition="Skin.HasSetting(EnableQuickJump)">6000</onright>
        <onright condition="!Skin.HasSetting(EnableQuickJump)">60</onright>
        <onup>512</onup>
        <ondown>512</ondown>
        <preloaditems>4</preloaditems>
        <pagecontrol>60</pagecontrol>
		<visible>String.IsEqual(Window(Home).Property(SkinHelper.ForcedView),512) | String.IsEmpty(Window(Home).Property(SkinHelper.ForcedView))</visible>
		<itemlayout height="186" width="298" condition="!Skin.HasSetting(View512_ShowTags)">
            <control type="group">
                <width>290</width>
                <height>178</height>
                <include content="ThumbsViewLayout">
					<param name="colordiffuse" value="$VAR[ViewDetailsPanelColor]" />
					<param name="border" value="thumbsborder_unfocused" />
				</include>
            </control>
        </itemlayout>
        <focusedlayout height="186" width="298" condition="!Skin.HasSetting(View512_ShowTags)">
			<control type="group">
				<include>Focus_Zoom_Animation</include>
                <width>290</width>
                <height>178</height>
				<include content="ThumbsViewLayout">
					<param name="colordiffuse" value="$VAR[ViewDetailsBorderFocusColor]" />
					<param name="border" value="thumbsborder_focused" />
				</include>
				<include condition="Skin.HasSetting(LibItems_FocusOverlay)">FocusOverlay</include>
                <include>AutoTrailerButton</include>
			</control>
        </focusedlayout>
        <itemlayout height="250" width="300" condition="Skin.HasSetting(View512_ShowTags)">
			<control type="group">
                <width>299</width>
                <height>184</height>
                <include content="ThumbsViewLayout">
					<param name="colordiffuse" value="$VAR[ViewDetailsPanelColor]" />
					<param name="border" value="thumbsborder_unfocused" />
				</include>
				<include content="Tag_NF">
					<param name="tagwidth" value="280" />
					<param name="tagtop" value="186" />
				</include>
            </control>
        </itemlayout>
        <focusedlayout height="250" width="300" condition="Skin.HasSetting(View512_ShowTags)">
			<control type="group">
				<include>Focus_Zoom_Animation</include>
                <width>299</width>
                <height>184</height>
				<include content="ThumbsViewLayout">
					<param name="colordiffuse" value="$VAR[ViewDetailsBorderFocusColor]" />
					<param name="border" value="thumbsborder_focused" />
				</include>
				<include condition="Skin.HasSetting(LibItems_FocusOverlay)">FocusOverlay</include>
				<include content="Tag_FO">
					<param name="tagwidth" value="298" />
					<param name="tagtop" value="186" />
				</include>
			</control>
        </focusedlayout>
 	  </control>
      
	  
	  
	  <!--vertical Scollbar-->
		<control type="scrollbar" id="60">
			<visible>Control.IsVisible(512) + Integer.IsGreater(Container.Numitems,0)</visible>
			<right>15</right>
			<bottom>12%</bottom>
            <height>744</height>
			<onup>60</onup>
			<ondown>6000</ondown>
			<onleft>509</onleft>
			<animation effect="fade" start="0" end="100" time="400" condition="[Control.HasFocus(60) | Skin.HasSetting(EnableTouchSupport) | Container.Scrolling | Skin.HasSetting(alwaysShowScrollbars)] + !Control.IsVisible(6002)">Conditional</animation>
			<animation effect="fade" start="100" end="0" time="400" condition="![Control.HasFocus(60) | Skin.HasSetting(EnableTouchSupport) | Container.Scrolling | Skin.HasSetting(alwaysShowScrollbars)] | Control.IsVisible(6002)">Conditional</animation>
		</control>
    
	  
    </control>
	
	
	

  </include>
</includes>
