<?xml version="1.0" encoding="UTF-8"?>
<includes>
	<include name="View_527_TSE">
		<control type="group">
			<visible>Control.IsVisible(527)</visible>
			<visible>Container.Content(tvshows)</visible>
			<include>animation_view_change</include>
			<control type="image">
				<top>100</top>
				<left>750</left>
				<width>1</width>
				<height>925</height>
				<texture>colors/color_white.png</texture>
				<colordiffuse>grey</colordiffuse>
			</control>
			<!-- panel 1 -->
			<control type="image">
				<posx>30</posx>
				<posy>75</posy>
				<width>720</width>
				<height>995</height>
				<texture border="15">diffuse/bgpanel_softedgeframe.png</texture>
				<colordiffuse>99000000</colordiffuse>
				<visible>!Skin.HasSetting(View527_HidePanel)</visible>
			</control>
			<!-- seperate  div line 2 -->
			<control type="image">
				<top>100</top>
				<left>1060</left>
				<width>1</width>
				<height>925</height>
				<texture>colors/color_white.png</texture>
				<colordiffuse>grey</colordiffuse>
			</control>
			<!--panel 2-->
			<control type="image">
				<posx>750</posx>
				<posy>75</posy>
				<width>310</width>
				<height>995</height>
				<texture border="15">diffuse/bgpanel_softedgeframe.png</texture>
				<colordiffuse>99000000</colordiffuse>
				<visible>!Skin.HasSetting(View527_HidePanel)</visible>
			</control>
			<!--panel 3-->
			<control type="image">
				<posx>1070</posx>
				<posy>595</posy>
				<width>830</width>
				<height>475</height>
				<texture border="15">diffuse/bgpanel_softedgeframe.png</texture>
				<colordiffuse>99000000</colordiffuse>
				<visible>!Skin.HasSetting(View527_HidePanel)</visible>
			</control>
			<!-- INFO GROUP -->
			<control type="image">
				<fadetime>350</fadetime>
				<width>890</width>
				<height>385</height>
				<right>0</right>
				<top>0</top>
				<texture background="true" diffuse="special://home/addons/resource.images.backgroundoverlays.basic/resources/Right Corner.png">$VAR[527_Schow_focus]</texture>
				<aspectratio scalediffuse="true" aligny="top">scale</aspectratio>
			</control>
			<control type="textbox"> 
				<height>45</height>
				<width>800</width>
				<left>1118</left>
				<top>362</top>
				<font>Reg30</font>
				<align>left</align>
				<aligny>center</aligny>
				<label>[UPPERCASE][B]$INFO[ListItem.TVShowTitle][/UPPERCASE]$VAR[premiered, (,)][/B]$INFO[Window(Home).Property(SkinHelper.ListItem.Status), | ,]</label>
				<textcolor>$VAR[ToggleNetflixViewDetailsTextColor]</textcolor>
				<visible>!Control.HasFocus(5127)</visible>
			</control>
			<control type="textbox"> 
				<height>35</height>
				<width>800</width>
				<left>1118</left>
				<top>392</top>
				<font>Reg20</font>
				<align>left</align>
				<aligny>center</aligny>
				<label>$VAR[Netflix_Details,•, •]</label>
				<textcolor>$VAR[ToggleNetflixViewDetailsTextColor]</textcolor>
				<visible>!Control.HasFocus(5127)</visible>
			</control>
			<!-- rating TV SHOWS -->
			<control type="group">
				<visible>[String.IsEqual(ListItem.DBTYPE,tvshow) | String.IsEqual(ListItem.DBTYPE,season)] + !Control.HasFocus(5127)</visible>
				<height>150</height>
				<width>800</width>
				<left>1260</left>
				<top>320</top>
				<animation effect="zoom" alignx="false" end="80,80" time="0" condition="true">Conditional</animation>
				<include condition="[Skin.HasSetting(StudioInFooter) | Skin.HasSetting(IMDBRatingInFooter) | Skin.HasSetting(TV_TMdbRatingInFooter) | Skin.HasSetting(RTRatingInFooter)]">AltRatingFooter</include>
			</control>
			<control type="textbox"> 
				<width>750</width>
				<top>437</top>
				<left>1118</left>
				<height>155</height>
				<height>155</height>
				<align>justify</align>
				<font>Reg26</font>
				<label>$INFO[ListItem.Plot]</label>
				<textcolor>$VAR[ToggleNetflixViewDetailsTextColor]</textcolor>
				<visible>!Control.HasFocus(5127)</visible>
			</control>
			<control type="grouplist">
				<orientation>horizontal</orientation>
				<usecontrolcoords>true</usecontrolcoords>
				<width>650</width>
				<top>590</top>
				<left>1095</left>
				<height>155</height>
				<itemgap>10</itemgap>
				<control type="image">
					<animation effect="fade" start="100" end="50" tween="sine" easing="inout" time="800" pulse="true" reversible="false" condition="true">Conditional</animation>
					<left>5</left>
					<width>20</width>
					<height>60</height>
					<aspectratio>keep</aspectratio>
					<texture>dialogs/videoinfo/arrow.png</texture>
					<colordiffuse>white</colordiffuse>
					<visible>!Control.HasFocus(5127)</visible>
				</control>
				<control type="label"> 
					<left>5</left>
					<height>55</height>
					<align>justify</align>
					<font>Reg28</font>
					<label>$VAR[TSEEp]</label>
					<textcolor>$VAR[ToggleNetflixViewDetailsTextColor]</textcolor>
					<visible>!Control.HasFocus(5127)</visible>
				</control>
			</control>

			<!-- studio -->
			<control type="image">
				<left>700</left>
				<width>410</width>
				<height>90</height>
				<top>1</top>
				<bordersize>1</bordersize>
				<aspectratio aligny="top" alignx="center">keep</aspectratio>
				<visible>Skin.HasSetting(StudioInFooter)</visible>
				<include>studiologo_image</include>
			</control>

			<!-- SHOWS -->
			<control type="fixedlist" id="527">
				<viewtype label="31901">icons</viewtype>
				<top>100</top>
				<left>80</left>
				<width>37%</width>
				<height>920</height>
				<scrolltime tween="cubic" easing="out">500</scrolltime>
				<orientation>vertical</orientation>
				<movement>0</movement>
				<focusposition>2</focusposition>
				<pagecontrol>60</pagecontrol>
				<onleft condition="Skin.HasSetting(EnableQuickJump)">6000</onleft>
				<onleft condition="!Skin.HasSetting(EnableQuickJump)">60</onleft>
				<onleft condition="!Skin.HasSetting(KioskMode)">9000</onleft>
				<onright>SetFocus(5027,0,absolute)</onright>
				<onup>527</onup>
				<ondown>527</ondown>
				<!-- default , clearlogo-->
				<itemlayout width="750" height="210" condition="![Skin.HasSetting(LogoViewPreferClearArt) | Skin.HasSetting(LogoViewPreferLandscape) | Skin.HasSetting(LogoViewPreferBanner)]">
					<control type="image">
						<left>102</left>
						<width>390</width>
						<height>164</height>
						<aspectratio aligny="center" align="center">keep</aspectratio>
						<texture background="true">$VAR[527_Schow]</texture>
						<animation effect="fade" start="0" end="30" time="0" reversible="false" condition="true">Conditional</animation>
					</control>
				</itemlayout>
				<focusedlayout width="750" height="250" condition="![Skin.HasSetting(LogoViewPreferClearArt) | Skin.HasSetting(LogoViewPreferLandscape) | Skin.HasSetting(LogoViewPreferBanner)]">
					<control type="group">
						<animation effect="zoom" center="auto" start="100" end="140" time="480" tween="back" reversible="false">Focus</animation>
						<animation effect="zoom" center="auto" start="140" end="100" time="160" tween="back" reversible="false">UnFocus</animation>	
						<control type="image">
							<left>102</left>
							<width>430</width>
							<height>205</height>
							<aspectratio aligny="center" align="center">keep</aspectratio>
							<texture background="true">$VAR[527_Schow]</texture>
						</control>
					</control>
				</focusedlayout>
				<!-- clear art -->
				<itemlayout width="780" height="328" condition="Skin.HasSetting(LogoViewPreferClearArt)">
					<control type="group">
						<animation effect="fade" start="0" end="30" time="0" reversible="false" condition="true">Conditional</animation>
						<control type="image">
							<left>122</left>			
							<width>390</width>
							<height>164</height>
							<aspectratio aligny="center" align="center">keep</aspectratio>
							<texture background="true">$VAR[527_Schow]</texture>
						</control>
					</control>
				</itemlayout>
				<focusedlayout width="780" height="328" condition="Skin.HasSetting(LogoViewPreferClearArt)">
					<control type="group">
						<animation effect="zoom" center="auto" start="100" end="140" time="480" tween="back" reversible="false">Focus</animation>
						<animation effect="zoom" center="auto" start="140" end="100" time="160" tween="back" reversible="false">UnFocus</animation>		
						<control type="image">
							<left>122</left>
							<width>430</width>
							<height>205</height>
							<aspectratio aligny="center" align="center">keep</aspectratio>
							<texture background="true">$VAR[527_Schow]</texture>
						</control>
					</control>
				</focusedlayout>
				<!-- landscape -->
				<itemlayout  width="780" height="328" condition="Skin.HasSetting(LogoViewPreferLandscape)">
					<control type="group">
						<animation effect="fade" start="0" end="30" time="0" reversible="false" condition="true">Conditional</animation>
						<control type="image">
							<left>102</left>			
							<width>390</width>
							<height>164</height>
							<aspectratio aligny="center" align="center">keep</aspectratio>
							<texture background="true">$VAR[527_Schow]</texture>
						</control>
					</control>
				</itemlayout>
				<focusedlayout width="780" height="328" condition="Skin.HasSetting(LogoViewPreferLandscape)">
					<control type="group">
						<animation effect="zoom" center="auto" start="100" end="150" time="480" tween="back" reversible="false">Focus</animation>
						<animation effect="zoom" center="auto" start="150" end="100" time="160" tween="back" reversible="false">UnFocus</animation>
						<control type="image">
							<left>102</left>
							<width>430</width>
							<height>205</height>
							<aspectratio aligny="center" align="center">keep</aspectratio>
							<texture background="true">$VAR[527_Schow]</texture>
						</control>
					</control>
				</focusedlayout>
				<!-- banner -->
				<itemlayout width="780" height="140" condition="Skin.HasSetting(LogoViewPreferBanner)">
					<control type="group">
						<animation effect="fade" start="0" end="50" time="0" reversible="false" condition="true">Conditional</animation>
						<control type="image">
							<left>82</left>
							<width>500</width>
							<height>92</height>
							<aspectratio aligny="center" align="center">keep</aspectratio>
							<texture background="true">$VAR[527_Schow]</texture>
						</control>
					</control>
				</itemlayout>
				<focusedlayout width="780" height="140" condition="Skin.HasSetting(LogoViewPreferBanner)">
					<control type="group">
						<animation effect="zoom" center="auto" start="100" end="140" time="480" tween="back" reversible="false">Focus</animation>
						<animation effect="zoom" center="auto" start="140" end="100" time="160" tween="back" reversible="false">UnFocus</animation>
						<control type="image">
							<left>82</left>
							<width>500</width>
							<height>92</height>
							<aspectratio aligny="center" align="center">keep</aspectratio>
							<texture background="true">$VAR[527_Schow]</texture>
						</control>
					</control>
				</focusedlayout>
			</control>

			<!-- seasons -->
			<control type="fixedlist" id="5027">
				<left>40%</left>
				<top>80</top>
				<width>40%</width>
				<height>90%</height>
				<scrolltime tween="cubic" easing="out">500</scrolltime>
				<orientation>vertical</orientation>
				<pagecontrol>531</pagecontrol>
				<movement>3</movement>
				<focusposition>0</focusposition>
				<onleft>527</onleft>
				<onright>SetFocus(5127,0,absolute)</onright>
				<onup>5027</onup>
				<ondown>5027</ondown>
				<onback>527</onback>
				<animation type="Conditional" condition="Integer.IsEqual(Container(5027).NumItems,2)">
					<effect type="slide" end="0,150" time="0" delay="0" />
				</animation>
				<animation type="Conditional" condition="Integer.IsEqual(Container(5027).NumItems,1)">
					<effect type="slide" end="0,300" time="0" delay="0" />
				</animation>
				<focusedlayout height="320" width="220" condition="Container.Content(tvshows)">
					<control type="group">
						<left>30</left>
						<top>20</top>
						<width>196</width>
						<height>280</height>
						<animation effect="fade" start="0" end="60" time="0" reversible="false" condition="Control.HasFocus(527)">Conditional</animation>
						<animation effect="zoom" center="auto" start="100" end="110" time="360" tween="back" reversible="false">Focus</animation>
						<animation effect="zoom" center="auto" start="110" end="100" time="160" tween="back" reversible="false">UnFocus</animation>
						<control type="image">
							<visible>Control.HasFocus(5027) | Control.HasFocus(5127)</visible>
							<include content="PosterThumb">
								<param name="colordiffuse" value="$VAR[NetflixViewDetailsBorderFocusColor]" />
							</include>
							<include condition="Skin.String(thumbsborder_focused, 2)">thumbborder_2</include>
							<include condition="Skin.String(thumbsborder_focused, 4)">thumbborder_4</include>
							<include condition="Skin.String(thumbsborder_focused, 6)">thumbborder_6</include>
						</control>
						<control type="image">
							<texture border="1" background="true" diffuse="diffuse/poster.png" fallback="$INFO[ListItem.Art(tvshow.poster)]">$INFO[ListItem.Thumb]</texture>
							<aspectratio scalediffuse="true" aligny="bottom" align="center">stretch</aspectratio>
							<bordersize>8</bordersize>
						</control>
						
						<control type="group">
							<include condition="Skin.HasSetting(CaseOverlays)">PosterCaseOverlay</include>
						</control>
						<include content="Tag_FO">
							<param name="tagwidth" value="195"/>
							<param name="tagtop" value="280" />
						</include>
						<control type="group">
							<!--Watched Overlay-->
							<right>8</right>
							<top>8</top>
							<include>WatchedIndicatorNormal</include>
						</control>
					</control>
				</focusedlayout>
				<itemlayout height="320"  width="220" condition="Container.Content(tvshows)">
					<control type="group">
						<left>30</left>
						<top>20</top>
						<width>196</width>
						<height>280</height>
						<!-- <animation effect="fade" start="0" end="40" time="0" reversible="false" condition="!Control.HasFocus(5027) | !Control.HasFocus(5127)">Conditional</animation> -->
						<control type="image">
							<visible>Control.HasFocus(5027) | Control.HasFocus(5127)</visible>
							<include content="PosterThumb">
								<param name="colordiffuse" value="None"/>
							</include>
							<include condition="Skin.String(thumbsborder_unfocused, 0)">thumbborder_0</include>
							<include condition="Skin.String(thumbsborder_unfocused, 2)">thumbborder_2</include>
							<include condition="Skin.String(thumbsborder_unfocused, 4)">thumbborder_4</include>
							<include condition="Skin.String(thumbsborder_unfocused, 6)">thumbborder_6</include>
						</control>
						<control type="image">
							<texture border="1" background="true" diffuse="diffuse/poster.png" fallback="$INFO[ListItem.Art(tvshow.poster)]">$INFO[ListItem.Thumb]</texture>
							<aspectratio scalediffuse="true" aligny="bottom" align="center">stretch</aspectratio>
							<bordersize>8</bordersize>
						</control>
						<control type="group">
							<include condition="Skin.HasSetting(CaseOverlays)">PosterCaseOverlay</include>
						</control>
						<include content="Tag_NF">
							<param name="tagwidth" value="195"/>
							<param name="tagtop" value="280" />
						</include>
						<control type="group">
							<!--Watched Overlay-->
							<right>8</right>
							<top>8</top>
							<include>WatchedIndicatorNormal</include>
							<animation type="Conditional" condition="skin.hastheme(classic)">
								<effect type="slide" end="3,-3" time="0" />
							</animation>
						</control>
					</control>
				</itemlayout>			
				<content target="videos" sortby="year" sortorder="ascending">$INFO[Container(527).ListItem.FolderPath]</content>
			</control>

			<!-- episodes -->
			<control type="fixedlist" id="5127">
				<top>0</top>
				<height>95.3%</height>
				<left>53%</left>
				<scrolltime tween="cubic" easing="out">400</scrolltime>
				<orientation>vertical</orientation>
				<movement>0</movement>
				<focusposition>0</focusposition>
				<onleft>5027</onleft>
				<onright></onright>
				<onup>5127</onup>
				<ondown>5127</ondown>
				<onback>5027</onback>
				<visible>Container.Content(tvshows)</visible>
				<itemlayout  width="860" height="120">
					<control type="image">
						<animation effect="fade" end="30" time="0" reversible="false" condition="!Control.HasFocus(5127)">Conditional</animation>
						<top>635</top>
						<left>90</left>
						<width>100</width>
						<height>100</height>
						<texture background="true" diffuse="diffuse/roundmask.png">$VAR[RoundImage]</texture>
						<aspectratio scalediffuse="false" align="center" aligny="center">scale</aspectratio>		
					</control>
					<control type="group">
						<top>635</top>
						<right>0</right>
						<width>50</width>
						<height>50</height>
						<include>WatchedIndicatorSmall</include>
						<animation effect="fade" end="30" time="0" reversible="false" condition="!Control.HasFocus(5127)">Conditional</animation>
					</control>
					<control type="label">
						<animation effect="fade" end="30" time="0" reversible="false" condition="!Control.HasFocus(5127)">Conditional</animation>
						<top>635</top>
						<left>210</left>
						<width>645</width>
						<height>60</height>
						<font>Reg26</font>
						<align>left</align>
						<textcolor>$VAR[ToggleNetflixViewDetailsTextColor]</textcolor>
						<label>$INFO[ListItem.Episode,Ep. , : ]$INFO[ListItem.Title,, • ]$VAR[ListItemDuration]</label>
					</control>
				</itemlayout>
				<focusedlayout width="900" height="120">
					<control type="group">
						<posy>0</posy>
						<visible>Control.HasFocus(5127)</visible>
						
						<control type="progress">
							<right>40</right>  
							<top>400</top>
							<description>progress bar</description>
							<width>85%</width>
							<height>4%</height>
							<align>center</align>
							<texturebg colordiffuse="grey" border="2">colors/color_white.png</texturebg>
							<lefttexture></lefttexture>
							<midtexture colordiffuse="$VAR[NetfixViewHighlightTextColor]" border="2">colors/color_white.png</midtexture>
							<righttexture></righttexture>
							<visible>Integer.IsGreater(ListItem.PercentPlayed,0)</visible>
							<info>ListItem.PercentPlayed</info>
						</control>
						<!-- fake full progressbar for watched & not resumable -->
						<control type="image">
							<right>40</right>  
							<top>400</top>
							<description>full progress bar</description>
							<width>85%</width>
							<height>4%</height>
							<align>center</align>
							<texture colordiffuse="$VAR[NetfixViewHighlightTextColor]" border="2">colors/color_white.png</texture>
							<visible>[Integer.IsGreater(ListItem.PlayCount,0) + !ListItem.IsResumable]</visible>
						</control>
						<control type="textbox">
							<width>85%</width>
							<left>100</left>
							<align>left</align>
							<top>355</top>
							<height>40</height>
							<align>justify</align>
							<font>Bold30</font>
							<autoscroll>true</autoscroll>
							<textcolor>$VAR[ToggleNetflixViewDetailsTextColor]</textcolor>
							<label>[UPPERCASE]$INFO[ListItem.TVShowTitle,, • ][/UPPERCASE]$VAR[WideView_LargeSeasonLabel,s,]$VAR[WideView_LargeEpisodeLabel,e,]$INFO[ListItem.Title, • ,]</label>
						</control>
						<control type="textbox">
							<left>100</left>
							<width>750</width>
							<top>410</top>
							<height>155</height>
							<align>justify</align>
							<font>Reg26</font>
							<textcolor>$VAR[ToggleNetflixViewDetailsTextColor]</textcolor>
							<label>$VAR[Plots]</label>
							<autoscroll delay="2000" time="4000" repeat="2000">true</autoscroll>
						</control>
					</control>
					<control type="group">
						<animation effect="fade" end="30" time="0" reversible="false" condition="!Control.HasFocus(5127)">Conditional</animation>
						<top>640</top>
						<left>70</left>
						<width>780</width>
						<height>120</height>
						<control type="image">
							<height>110</height>
							<width>790</width>
							<texture border="5">diffuse/panel.png</texture>
							<colordiffuse>$VAR[NetflixViewDetailsPanelColor]</colordiffuse>
							<visible>Control.HasFocus(5127)</visible>
						</control>
						<control type="image">
							<!--cdart image-->
							<top>5</top>
							<left>20</left>
							<width>100</width>
							<height>100</height>
							<texture background="true" diffuse="diffuse/roundmask.png" fallback="defaultcovers/cd_big.png">$VAR[RoundImage]</texture>
							<aspectratio scalediffuse="false" align="center" aligny="center">scale</aspectratio>
						</control>
						<control type="group">
							<right>-10</right>
							<width>50</width>
							<height>50</height>
							<include>WatchedIndicatorSmall</include>
						</control>
						<control type="label">
							<left>138</left>
							<width>645</width>
							<aligny>center</aligny>
							<height>60</height>
							<align>left</align>
							<font>Bold30</font>
							<textcolor>$VAR[ToggleNetflixViewDetailsTextColor]</textcolor>
							<autoscroll>true</autoscroll>
							<label>$INFO[ListItem.Episode,Ep. , : ]$INFO[ListItem.Title,, • ]$VAR[ListItemDuration]</label>
						</control>
					</control>
				</focusedlayout>
				<content target="videos" sortby="year" sortorder="ascending">$INFO[Container(5027).ListItem.FolderPath]</content>
			</control>
		</control>
		
		<control type="scrollbar" id="60">
			<visible>Control.IsVisible(527) + Integer.IsGreater(Container(527).Numitems,3)</visible>
			<!-- Skin.HasSetting(LogoViewPreferClearArt) + Control.IsVisible(527) + Integer.IsGreater(Container(527).Numitems,4) |
			Skin.HasSetting(LogoViewPreferLandscape) + Control.IsVisible(527) + Integer.IsGreater(Container(527).Numitems,4) |
			Skin.HasSetting(LogoViewPreferBanner) + Control.IsVisible(527) + Integer.IsGreater(Container(527).Numitems,4) |
			Skin.HasSetting(LogoViewPreferClearArt) + Control.IsVisible(527) + Integer.IsGreater(Container(527).Numitems,4) |
			Skin.HasSetting(LogoViewPreferClearArt) + Control.IsVisible(527) + Integer.IsGreater(Container(527).Numitems,4) -->
			<right>-</right>
			<left>40</left>
			<top>80</top>
			<width>15</width>
			<height>950</height>
			<onup>60</onup>
			<ondown>60</ondown>
			<onleft>9000</onleft>
			<onright>526</onright>
			<orientation>vertical</orientation>
			<animation effect="fade" start="0" end="100" time="400" condition="[Control.HasFocus(60) | Skin.HasSetting(EnableTouchSupport) | Container.Scrolling | Skin.HasSetting(alwaysShowScrollbars)]">Conditional</animation>
			<animation effect="fade" start="100" end="0" time="400" condition="![Control.HasFocus(60) | Skin.HasSetting(EnableTouchSupport) | Container.Scrolling | Skin.HasSetting(alwaysShowScrollbars)]">Conditional</animation>
		</control>
	</include>

	<variable name="527_Schow">
		<value condition="Skin.HasSetting(LogoViewPreferClearArt) + !String.IsEmpty(ListItem.Art(clearart))">$INFO[ListItem.Art(clearart)]</value>
		<value condition="Skin.HasSetting(LogoViewPreferLandscape) + !String.IsEmpty(ListItem.Art(landscape))">$INFO[ListItem.Art(landscape)]</value>
		<value condition="Skin.HasSetting(LogoViewPreferBanner) + !String.IsEmpty(ListItem.Art(Banner))">$VAR[BannerImage]</value>
		<value condition="!String.IsEmpty(ListItem.Art(clearlogo))">$INFO[ListItem.Art(clearlogo)]</value>
		<value condition="!String.IsEmpty(ListItem.Art(landscape))">$INFO[ListItem.Art(landscape)]</value>
		<value condition="!String.IsEmpty(ListItem.Art(Banner))">$VAR[BannerImage]</value>
		<value condition="!String.IsEmpty(ListItem.Thumb)">$INFO[ListItem.Thumb]</value>
		<value condition="String.IsEqual(ListItem.Label,..)">DefaultFolderBack.png</value>
		<value>DefaultMovies.png</value>
	</variable>	
	<variable name="527_Schow_focus">
		<value condition="Control.HasFocus(5027) | Control.HasFocus(527)">$VAR[netflixThumb]</value>
		<value condition="Control.HasFocus(5127)">$INFO[Container(5127).ListItem.Art(thumb)]</value>
	</variable>
	<variable name="RoundImage">
		<value condition="!String.IsEmpty(ListItem.Art(discart))">$INFO[ListItem.Art(discart)]</value>
		<value condition="!String.IsEmpty(ListItem.Art(tvshow.poster) )">$INFO[ListItem.Art(tvshow.poster)]</value>
		<value condition="!String.IsEmpty(ListItem.Art(tvshow.landscape))">$INFO[ListItem.Art(tvshow.landscape)]</value>
		<value condition="!String.IsEmpty(ListItem.Art(fanart))">$INFO[ListItem.Art(fanart)]</value>
		<value condition="!String.IsEmpty(ListItem.Art(thumb))">$INFO[ListItem.Art(thumb)]</value>
	</variable>
	<variable name="TSEEp">
		<value condition="Container.Content(TVShows) + Integer.IsGreater(ListItem.Property(UnWatchedEpisodes),0) + !String.IsEmpty(ListItem.Property(TotalEpisodes))">$INFO[ListItem.Property(TotalEpisodes),[B]E P I S O D E S (,) [/B]]$INFO[ListItem.Property(UnWatchedEpisodes), | , $LOCALIZE[31092]]</value>
		<value condition="Container.Content(TVShows) + !Integer.IsGreater(ListItem.Property(UnWatchedEpisodes),0) + !String.IsEmpty(ListItem.Property(TotalEpisodes))">$INFO[ListItem.Property(TotalEpisodes),[B]E P I S O D E S (,)[/B]]</value>
	</variable>
</includes>
