<?xml version="1.0" encoding="UTF-8"?>
<window>
	<onload>SetFocus(11030)</onload>
    <coordinates>
        <system>1</system>
        <posx>0</posx>
        <posy>0</posy>
    </coordinates>
    <controls>
		<control type="group">
			<!-- default/no movieinfodialog bg -->
		   <control type="image">
				<description>BG</description>
				<posx>540</posx>
				<posy>410</posy>
				<width>720</width>
				<height>350</height>           
				<texture>netflix/rating_bg.png</texture>
				<visible>!Window.IsActive(movieinformation)</visible>
			</control>		
			<!-- circle thumb up for dialog , focus -->
			 <control type="image">			
				<visible>Control.HasFocus(11030)</visible>
				<posx>720</posx>			
				<posy>585</posy> 			
				<width>150</width>
				<height>150</height>
				<texture>netflix/button/thunmb_up_fo.png</texture>    
				<visible>!Window.IsActive(movieinformation)</visible>   
			</control>
			<!-- circle thumb down for dialog , focus -->
			 <control type="image">			
				<visible>Control.HasFocus(11023)</visible>
				<posx>890</posx>		
				<posy>585</posy> 		
				<width>150</width>
				<height>150</height>
				<texture flipy="true">netflix/button/thunmb_up_fo.png</texture>    
				<visible>!Window.IsActive(movieinformation)</visible>     
			</control>
			<!-- circle thumb up for dialog , NO focus -->
			 <control type="image">			
				<visible>Control.HasFocus(11023)</visible>
				<posx>723</posx>			
				<posy>590</posy> 			
				<width>135</width>
				<height>135</height>
				<texture>netflix/button/thunmb_up-nf.png</texture>    
				<visible>!Window.IsActive(movieinformation)</visible>   
			</control>
			<!-- circle thumb down for dialog , NO focus -->
			 <control type="image">			
				<visible>Control.HasFocus(11030)</visible>
				<posx>894</posx>		
				<posy>590</posy> 		
				<width>135</width>
				<height>135</height>
				<texture flipy="true">netflix/button/thunmb_up-nf.png</texture>    
				<visible>!Window.IsActive(movieinformation)</visible>     
			</control>
			<!-- frame up for dialog , focus -->
			 <control type="image">			
				<visible>Control.HasFocus(11030)</visible>
				<posx>60</posx>
				<posy>985</posy>
				<width>225</width>
				<height>65</height>
				<texture colordiffuse="$INFO[Skin.String(ViewDetailsBorderFocusColor)]">netflix/slimframeFO.png</texture>    
				<visible>Window.IsActive(movieinformation)</visible>
				<animation effect="fade" time="300" condition="Window.IsActive(movieinformation)">WindowOpen</animation>
				<animation effect="fade" time="300" condition="Window.IsActive(movieinformation)">WindowClose</animation>
			</control>
			<!-- frame up for dialog , NO focus -->
			 <control type="image">
				<visible>Control.HasFocus(11023)</visible>
				<posx>60</posx>
				<posy>985</posy>
				<width>225</width>
				<height>65</height>
				<texture colordiffuse="$INFO[Skin.String(ViewDetailsBorderFocusColor)]">netflix/slimframeNF.png</texture>    
				<visible>Window.IsActive(movieinformation)</visible>
				<animation effect="fade" time="300" condition="Window.IsActive(movieinformation)">WindowOpen</animation>
				<animation effect="fade" time="300" condition="Window.IsActive(movieinformation)">WindowClose</animation>
			</control>
			<!-- frame down for dialog, focus -->
			 <control type="image">
				<visible>Control.HasFocus(11023)</visible>
				<posx>335</posx>
				<posy>985</posy>
				<width>225</width>
				<height>65</height>
				<texture colordiffuse="$INFO[Skin.String(ViewDetailsBorderFocusColor)]">netflix/slimframeFO.png</texture>    
				<visible>Window.IsActive(movieinformation)</visible>
				<animation effect="fade" time="200" condition="Window.IsActive(movieinformation)">WindowOpen</animation>
				<animation effect="fade" time="200" condition="Window.IsActive(movieinformation)">WindowClose</animation>
			</control>
			<!-- frame down for dialog, NO focus -->
			 <control type="image">
				<visible>Control.HasFocus(11030)</visible>
				<posx>335</posx>
				<posy>985</posy>
				<width>225</width>
				<height>65</height>
				<texture colordiffuse="$INFO[Skin.String(ViewDetailsBorderFocusColor)]">netflix/slimframeNF.png</texture>    
				<visible>Window.IsActive(movieinformation)</visible>
				<animation effect="fade" time="200" condition="Window.IsActive(movieinformation)">WindowOpen</animation>
				<animation effect="fade" time="200" condition="Window.IsActive(movieinformation)">WindowClose</animation>
			</control>
			
			<control type="group">
				<posx>530</posx>
				<height>25</height>
				<width>700</width>
				<control type="label" id="10010">
					<description>User</description>              
					<posy>430</posy>
					<label></label>
					<align>center</align>
					<font>font14</font>
					<textcolor>blue</textcolor>	
					<visible>!Window.IsActive(movieinformation)</visible>
				 </control>
				<control type="label" id="10011">
					<description>Label</description>              
					<posy>470</posy>
					<label>[B]$ADDON[script.user.rating 32100][/B]</label>
					<align>center</align>
					<font>font14</font>
					<textcolor>FF0084ff</textcolor>
					<visible>!Window.IsActive(movieinformation)</visible>
				</control>
				<control type="label" id="10012">
					<description>Title</description>
					<posy>514</posy>             
					<label></label>
					<align>center</align>
					<font>font13</font>
					<textcolor>FFFFFFFF</textcolor>
					<visible>!Window.IsActive(movieinformation)</visible>
				</control>
			</control>
			<control type="group">			
				<control type="button" id="11030">
					<animation effect="slide" start="0,0" end="82,0" time="150" condition="Window.IsActive(movieinformation)">WindowOpen</animation>
					<animation effect="slide" start="82,0"end="0,0" time="150" condition="Window.IsActive(movieinformation)">WindowClose</animation>				
					<animation effect="slide" end="-665,394" time="0" condition="Window.IsActive(movieinformation) + Skin.HasSetting(UseNetflixInfoDialog)">Conditional</animation>				
					<description>10 Button</description>				 
					<posx>740</posx>
					<posy>610</posy>
					<width>100</width>
					<height>100</height>                        
					<texturefocus>netflix/button/thumb_up_NF.png</texturefocus>
					<texturenofocus>netflix/button/thumb_up_NF.png</texturenofocus>
					<onup>11023</onup>
					<onright>11023</onright>
					<onleft>11023</onleft>				
					<animation effect="zoom" end="28,28" time="0" condition="Window.IsActive(movieinformation) + Skin.HasSetting(UseNetflixInfoDialog)">Conditional</animation> 				
					<animation effect="fade" end="0" time="0" condition="![Window.IsActive(movieinformation) + Skin.HasSetting(UseNetflixInfoDialog)]">Conditional</animation> 				 				         
				</control>		
				<control type="button" id="11023">
					<animation effect="slide" end="-480,392" time="0" condition="Window.IsActive(movieinformation) + Skin.HasSetting(UseNetflixInfoDialog)">Conditional</animation>							
					<animation effect="fade" time="300" condition="Window.IsActive(movieinformation)">WindowOpen</animation>
					<animation effect="fade" time="300" condition="Window.IsActive(movieinformation)">WindowClose</animation>				
					<description>3 Button</description>
					<posx>911</posx>			
					<posy>610</posy>              
					<width>100</width>
					<height>100</height>
					<texturefocus flipy="true">netflix/button/thumb_up_NF.png</texturefocus>
					<texturenofocus flipy="true">netflix/button/thumb_up_NF.png</texturenofocus>      
					<onup>11030</onup>
					<onright>11030</onright>
					<onleft>11030</onleft>              
					<animation effect="zoom" end="28,28" time="0" condition="Window.IsActive(movieinformation) + Skin.HasSetting(UseNetflixInfoDialog)">Conditional</animation>
					<animation effect="fade" end="0" time="0" condition="![Window.IsActive(movieinformation) + Skin.HasSetting(UseNetflixInfoDialog)]">Conditional</animation>                  
				</control>		
			</control>
		</control>
    </controls>
</window>