<?xml version="1.0" encoding="utf-8"?>
<window>
<!-- 	
1.34 GameOSD.xml
ID 	Type 	Description
1101 	label 	Help text
1102 	gamecontroller 	Controller layout  

InfoLabels 	Definition 	Version
Game.Title 	Name of the game 	v18
Game.Platform 	Platform the game runs on (eg. Atari 2600) 	v18
Game.Genres 	Gerne of the game (eg. Action) 	v18
Game.Publisher 	Publishing company of the game (eg. Nintendo) 	v18
Game.Developer 	Developer of the game 	v18
Game.Overview 	Game description 	v18
Game.Year 	Year the game was released 	v18
Game.GameClient 	Name of the used emulator 	v18 

https://kodi.wiki/view/Game_playback_controls
-->
	<defaultcontrol always="true">98</defaultcontrol>
	<depth>DepthOSD</depth>
	<controls>
		
		<control type="button" id="98">
			<include>FullScreenDimensions</include>
			<texturefocus />
			<texturenofocus />
			<onfocus condition="!System.GetBool(gamesgeneral.showosdhelp)">SetFocus(1103)</onfocus>
			<onclick>back</onclick>
			<onclick>SetFocus(1103)</onclick>
			<onback>back</onback>
			<onback>SetFocus(1103)</onback>
			<onup>back</onup>
			<onup>SetFocus(1103)</onup>
			<ondown>back</ondown>
			<ondown>SetFocus(1103)</ondown>
		</control>
		
		<control type="image">
			<description>background</description>
			<texture colordiffuse="ff000000">colors/white80.png</texture>
		</control>
		
		<control type="image">
			<description>background</description>
			<!-- <bordersize>475,250,475,250</bordersize> -->
			<bordersize>475,0,475,0</bordersize>
			<texture colordiffuse="black">colors/white50.png</texture>
		</control>
		
		<control type="group" id="1100">
			<visible>!Window.IsActive(GameVideoFilter) + !Window.IsActive(GameStretchMode) + !Window.IsActive(GameControllers) + !Window.IsActive(GameVideoRotation) + !Window.IsActive(GameVolume)</visible>
			<animation effect="fade" time="200">VisibleChange</animation>
				
			<control type="label">
				<visible>!System.GetBool(gamesgeneral.showosdhelp)</visible>
				<top>75</top>
				<height>200</height>
				<align>center</align>
				<font>montserrat_40_extrabold</font>
				<label>| P A U S E D |</label>
			</control>
			<control type="grouplist">
				<description>help overlay</description>
				<animation effect="fade" start="100" end="0" time="350" condition="!System.GetBool(gamesgeneral.showosdhelp)">conditional</animation>
				<width>960</width>
				<height>100%</height>
				<align>center</align>
				<centerleft>50%</centerleft>
				<control type="label" id="1101">
					<description>Help text</description>
					<height>130</height>
					<align>center</align>
					<font>notosans_20_bold</font>
				</control>
				<control type="gamecontroller" id="1102">
					<description>native id for controller img</description>
					<height>400</height>
					<width>400</width>
					<centerleft>50%</centerleft>
				</control>
				<control type="textbox">
					<description>Additional help text. This will be removed in future versions</description>
					<height>130</height>
					<font>notosans_20_bold</font>
					<align>center</align>
					<label>$LOCALIZE[35236]</label>
				</control>
			</control>
			
			<control type="grouplist" id="1103">
				<animation effect="fade" start="100" end="0" time="350" condition="System.GetBool(gamesgeneral.showosdhelp)">conditional</animation>
				<animation effect="fade" start="100" end="0" time="350" condition="Window.IsTopMost(gamevolume)">conditional</animation>
				<width>50%</width>
				<height>500</height>
				<centerleft>50%</centerleft>
				<centertop>50%</centertop>
				
				<control type="radiobutton" id="11201">
					<include content="IconButton_games">
						<param name="radiobutton_texture" value="icons/play" />
					</include>
					<description>Pause / Resume button</description>
					<label>$LOCALIZE[35224]</label>
					<label2>Select + X | Hold Start</label2>
					<onclick>Dialog.Close(all,true)</onclick>
					<onclick>Play</onclick>
				</control>
				<control type="radiobutton" id="11202">
					<include content="IconButton_games">
						<param name="radiobutton_texture" value="icons/reset" />
					</include>
					<description>Reset button</description>
					<label>$LOCALIZE[13007]</label>
					<onclick>Dialog.Close(all,true)</onclick>
					<onclick>PlayerControl(Reset)</onclick>
				</control>
				<control type="radiobutton" id="11203">
					<include content="IconButton_games">
						<param name="radiobutton_texture" value="icons/stop" />
					</include>
					<label>$LOCALIZE[13009]</label>
					<label2>Select + Start</label2>
					<onclick>Dialog.Close(all,true)</onclick>
					<onclick>Stop</onclick>
				</control>
				<!-- 
				<control type="radiobutton" id="11204">
					<include content="IconButton_games">
						<param name="radiobutton_texture" value="buttons/refresh" />
					</include>
					<label>Rewind</label>
					<label2>Select + Left trigger</label2>
					<onclick>Dialog.Close(all,true)</onclick>
					<onclick>Rewind</onclick>
				</control>
				<control type="radiobutton" id="11205">
					<include content="IconButton_games">
						<param name="radiobutton_texture" value="buttons/refresh" />
					</include>
					<label>Fast-forward</label>
					<label2>Select + Right trigger</label2>
					<onclick>Dialog.Close(all,true)</onclick>
					<onclick>Fast-forward</onclick>
				</control>
				-->
				<control type="radiobutton" id="11210">
					<include content="IconButton_games">
						<param name="radiobutton_texture" value="icons/filter" />
					</include>
					<description>Video filter button - use dialogselect - acceptable layout</description>
					<label>$LOCALIZE[35225]</label>
					<onclick>ActivateWindow(GameVideoFilter)</onclick>
				</control>
				<control type="radiobutton" id="11211">
					<include content="IconButton_games">
						<param name="radiobutton_texture" value="icons/aspectratio" />
					</include>
					<description>Stretch mode button - use dialogselect - acceptable layout</description>
					<label>$LOCALIZE[35233]</label>
					<onclick>ActivateWindow(GameStretchMode)</onclick>
				</control>
				<control type="radiobutton" id="11212">
					<include content="IconButton_games">
						<param name="radiobutton_texture" value="icons/rotate" />
					</include>
					<description>Video rotation button - use dialogselect - acceptable layout</description>
					<label>$LOCALIZE[35227]</label>
					<onclick>ActivateWindow(GameVideoRotation)</onclick>
				</control>
				<control type="radiobutton" id="11213">
					<include content="IconButton_games">
						<param name="radiobutton_texture" value="icons/volume" />
					</include>
					<description>Volume button - use dialogsslider - acceptable layout</description>
					<label>$LOCALIZE[13376]</label>
					<label2>[COLOR grey]Select + Right Stick[/COLOR]</label2>
					<onclick>ActivateWindow(GameVolume)</onclick>
				</control>
				<control type="radiobutton" id="11214">
					<include content="IconButton_games">
						<param name="radiobutton_texture" value="icons/controller" />
					</include>
					<description>Controller settings button - use dialoggamecontrollers</description>
					<label>$LOCALIZE[35234]</label>
					<onclick>ActivateWindow(GameControllers)</onclick>
				</control>
				<control type="radiobutton" id="11216">
					<include content="IconButton_games">
						<param name="radiobutton_texture" value="buttons/method" />
					</include>
					<description>Advanced settings</description>
					<label>$LOCALIZE[35226]</label>
					<onclick>ActivateWindow(GameAdvancedSettings)</onclick>
				</control>
			</control>
		</control>
			
		<control type="button" id="99">
			<description>Touch - Button to close the dialog</description>
			<include>FullScreenDimensions</include>
			<texturefocus />
			<texturenofocus />
			<onclick>Dialog.Close(all,true)</onclick>
			<onback>Dialog.Close(all,true)</onback>
			<onup>1100</onup>
			<ondown>1100</ondown>
		</control>
			
	</controls>
</window>
