<?xml version="1.0" encoding="UTF-8"?>
<window>
	<include content="media_window_attributes">
		<param name="view_ids" value="50,51,52,53,54,502" />
	</include>

	<controls>
	<control type="button" id="2">
			<description>Select viewtype</description>
			<include content="HiddenObject" />
		</control>
		
		<control type="button" id="3">
			<description>Select sort method (sort by: name, date size, etc...)</description>
			<visible>Control.IsEnabled(3)</visible>
			<include content="HiddenObject" />
		</control>
		
		<control type="togglebutton" id="4">
			<description>Select sortmode (ascending or descending)</description>
			<visible>Control.IsEnabled(4)</visible>
			<include content="HiddenObject" />
		</control>
		
		<!-- 
		<control type="button" id="5">
			<description>Switch to file mode</description>
			<label>$LOCALIZE[1214]</label>
			<include content="HiddenObject" />
		</control>
		 -->
		
		<control type="button" id="16">
			<description>Start party mode (randomly play musicvideos from your collection)</description>
			<label>$LOCALIZE[134]</label>
			<include content="HiddenObject" />
		</control>
		
		<control type="button" id="20">
			<description>Update library</description>
			<include content="HiddenObject" />
		</control>
	
	<control type="group">
		<visible>!Skin.HasSetting(BlurEnabled)</visible>
		<visible>String.IsEmpty(Window(home).Property(SetShortcutInProgress))</visible>
		<include>GlobalBackground</include>
	</control>
	<control type="group">
		<visible>Skin.HasSetting(BlurEnabled)</visible>
		<visible>String.IsEmpty(Window(home).Property(SetShortcutInProgress))</visible>
		<include>GlobalBlurredBackground</include>
	</control>
	
	<control type="group" id="70">
			<descriptiopn>viewtypes</descriptiopn>
			<include content="Animation_Close_MediaContainer" condition="String.IsEmpty(Window(home).Property(SetShortcutInProgress))" />
			<centerleft>50%</centerleft>
			
			<!-- NOTE - keep idea cond slide and show current musicplaylist right -->
			
			<!-- 
			<include content="Animation_TransitionFadeOut">
				<param name="condition" value="$EXP[Infodialog_IsActive] | Window.IsActive(mediasource)" />
			</include> 
			-->
			<animation type="Conditional" condition="$EXP[Infodialog_IsActive] | Window.IsActive(mediasource)">
				<effect type="fade" start="100" end="0" time="250" tween="sine" easing="out" />
				<effect type="zoom" center="50%,50%" start="100" end="0" time="300" tween="cubic" easing="out" />
			</animation>
			
			<!-- Shortcut -->
			<include content="SwanShortcuts_Container" condition="!string.isempty(window(home).property(shortcutitem_nr))" />
				
			<!-- Regular -->
			<include condition="String.IsEmpty(Window(home).Property(SetShortcutInProgress))">view50</include>
			<include condition="String.IsEmpty(Window(home).Property(SetShortcutInProgress))">Simple_Panels</include>
			<include condition="String.IsEmpty(Window(home).Property(SetShortcutInProgress))">view56</include>
			<include condition="String.IsEmpty(Window(home).Property(SetShortcutInProgress))">view58</include>
			<include condition="String.IsEmpty(Window(home).Property(SetShortcutInProgress))">view502</include>
			
			<control type="scrollbar" id="60">
				<description>vertical</description>
				<visible>String.IsEmpty(Window(home).Property(SetShortcutInProgress))</visible>
				<visible>!Control.IsVisible(58)</visible>
				<right>2%</right>
				<top>160</top>
				<height>74%</height>
				<onup>60</onup>
				<ondown>60</ondown>
				<onleft>SetFocus(50)</onleft>
				<onright>19</onright>
			</control>
		</control>
		
		<include content="HeaderBar">
			<param name="HasSearchBar" value="true" />
			<param name="HasBGPanel" value="Skin.HasSetting(MediaWindow_UseHeaderBG)" />
			<param name="HeadingAlignment" value="center" />
		</include>
		
		<!-- Pre-MenuControl -->
		<include content="PreMenucontrol" />
		
		<control type="group">
			<animation effect="slide" start="-450,0" end="0,0" time="300" tween="cubic" easing="inout">VisibleHidden</animation>
			<visible>String.IsEqual(Window(Home).Property(MenucontrolActive),true)</visible>
			<include content="Menucontrol_Media" condition="String.IsEmpty(Window(home).Property(SetShortcutInProgress))" />
		</control>
		
		<include content="NativeString_Filter" />
		
		<include content="swan_debug_overlay">
			<param name="textleft" value="1  ListItem.Property(Album_Type)  :  $INFO[ListItem.Property(Album_Type)]
			
			
1  istitem.filenameandpath :  $INFO[listitem.filenameandpath]

2  listitem.path :         $INFO[listitem.path]

3  ListItem.FolderName :  $INFO[ListItem.FolderName]

4  Container.FolderPath :  $INFO[Container.FolderPath]

5  Container.Content  :  $INFO[Container.Content]  ; Container.ListItem.dbtype  :  $INFO[ Container.ListItem.dbtype]

6 window Prop Shortcuts $INFO[Window(home).Property(shortcutitem_nr)]
7 window Prop SetShortcutInProgress $INFO[Window(home).Property(SetShortcutInProgress)]

8

ListItem.Art(fanart) : $INFO[ListItem.Art(fanart)]
ListItem.Art(tvshow.fanart) : $INFO[ListItem.Art(tvshow.fanart)]
ListItem.Art(artist.fanart) : $INFO[ListItem.Art(artist.fanart)]
ListItem.Art(albumartist.fanart) : $INFO[ListItem.Art(albumartist.fanart)]

Container.ListItem.Art(fanart) : $INFO[Container.ListItem.Art(fanart)]
Container.ListItem.Art(tvshow.fanart) : $INFO[Container.ListItem.Art(tvshow.fanart)]
Container.ListItem.Art(artist.fanart) : $INFO[Container.ListItem.Art(artist.fanart)]
Container.ListItem.Art(albumartist.fanart) : $INFO[Container.ListItem.Art(albumartist.fanart)]

Container.Art(fanart) : $INFO[Container.Art(fanart)]
9
10

[B]listitems(s)[/B]
   $INFO[listitem.dbid,current dbid :    ,    ]
   $INFO[listitem.dbtype,current DBTYPE :    ,    ]
   $INFO[listitem.label,label:    ,    ]

[B]get byid container(2000)[/B]
   $INFO[container(2000).listitem.dbid,container 2000 dbid :    ,    ]
   $INFO[container(2000).listitem.dbtype,container 2000 dbtype :    ,    ]
   $INFO[container(2000).listitem.label,container 2000 label :    ,    ]


[B]get listitem-skinPROPERTYS from hidden actions[/B]
   $INFO[Window(Home).Property(dbid),Window(Home).Property(dbid)    ,]
   $INFO[Window(Home).Property(rating),Window(Home).Property(rating)    ,]
   $INFO[Window(Home).Property(totalseasons),Window(Home).Property(totalseasons)    ,]
   $INFO[Window(Home).Property(totalepisodes),Window(Home).Property(totalepisodes)    ,]
   $INFO[Window(Home).Property(status),Window(Home).Property(status)    ,]"/>
</include>
	</controls>
</window>
