<?xml version="1.0" encoding="UTF-8"?>
<includes>
	
	<include name="1103_Content_SwanWidgetShortcuts">
		
		<control type="label" id="10">
			<height>60</height>
			<label>1212</label>
			<font>font30_title</font>
		</control>
		<control type="button" id="11">
			<visible>Library.HasContent(video)</visible>
			<onclick>Dialog.Close(1103)</onclick>
			<onclick>SetProperty(ShortcutPlaylistContent,video,home)</onclick>
			<onclick>ActivateWindow(selectdialog)</onclick>
			<label>$LOCALIZE[20012]</label>
		</control>
		<include content="SwanShortcuts_SetTargetAndPath_CommonButton">
			<param name="visible" value="Library.HasContent(movies)"  />
			<param name="id" value="12" />
			<param name="label" value="$LOCALIZE[342]" />
			<param name="target" value="videos" />
			<param name="path" value="Videos,videodb://movies/" />
		</include>
		<include content="SwanShortcuts_SetTargetAndPath_CommonButton">
			<param name="visible" value="Library.HasContent(tvshows)"  />
			<param name="id" value="13" />
			<param name="label" value="$LOCALIZE[20343]" />
			<param name="target" value="videos" />
			<param name="path" value="Videos,videodb://tvshows/" />
		</include>
		<include content="SwanShortcuts_SetTargetAndPath_CommonButton">
			<param name="visible" value="Library.HasContent(musicvideos)"  />
			<param name="id" value="14" />
			<param name="label" value="$LOCALIZE[20389]" />
			<param name="target" value="videos" />
			<param name="path" value="Videos,videodb://musicvideos/ " />
		</include>
		<include content="SwanShortcuts_SetTargetAndPath_CommonButton">
			<param name="id" value="15" />
			<param name="label" value="$LOCALIZE[1037]" />
			<param name="target" value="videos" />
			<param name="path" value="Videos,addons://sources/video/" />
		</include>
		<include content="SwanShortcuts_SetTargetAndPath_CommonButton">
			<param name="visible" value="Library.HasContent(movies)"  />
			<param name="id" value="16" />
			<param name="label" value="$LOCALIZE[24005] ( $LOCALIZE[14215] )" />
			<param name="target" value="videos" />
			<param name="path" value="Videos,sources://video/" />
		</include>
		
		<control type="label" id="20">
			<height>60</height>
			<label>1211</label>
			<font>font30_title</font>
		</control>
		<control type="button" id="21">
			<visible>Library.HasContent(Music)</visible>
			<onclick>Dialog.Close(1103)</onclick>
			<visible>String.IsEqual(Window(home).Property(SetShortcutInProgress),mainmenu)</visible>
			<onclick>Skin.SetString(mainmenuitem$INFO[Window(home).Property(shortcutitem_nr)]_path,1110)</onclick>
			<onclick>Skin.SetString(mainmenuitem$INFO[Window(home).Property(shortcutitem_nr)]_name,Music HUB)</onclick>
			<onclick>Skin.SetString(mainmenuitem$INFO[Window(home).Property(shortcutitem_nr)]_thumb,defaultaddonaudiodecoder.png)</onclick>
			<onclick>Skin.Reset(mainmenuitem$INFO[Window(home).Property(shortcutitem_nr)]_target)</onclick>
			<onclick condition="!String.IsEmpty(Window(home).Property(shortcutitem_nr))">ClearProperty(shortcutitem_nr,home)</onclick>
			<onclick condition="!String.IsEmpty(Window(home).Property(SetShortcutInProgress))">ClearProperty(SetShortcutInProgress,home)</onclick>
			<label>Music HUB</label>
		</control>
		
		<control type="button" id="22">
			<visible>Library.HasContent(Music)</visible>
			<description>Set target Template, action window and action set string direct e.g. plailist?xsp path</description>
			<onclick>Dialog.Close(1103)</onclick>
			<onclick>SetProperty(ShortcutPlaylistContent,music,home)</onclick>
			<onclick>ActivateWindow(selectdialog)</onclick>
			<label>$LOCALIZE[20011]</label>
		</control>
		<include content="SwanShortcuts_SetTargetAndPath_CommonButton">
			<param name="visible" value="Library.HasContent(Music)" />
			<param name="id" value="23" />
			<param name="label" value="$LOCALIZE[249]" />
			<param name="target" value="music" />
			<param name="path" value="Music,library://music/" />
		</include>
		<include content="SwanShortcuts_SetTargetAndPath_CommonButton">
			
			<param name="id" value="24" />
			<param name="label" value="$LOCALIZE[1038]" />
			<param name="target" value="music" />
			<param name="path" value="Music,addons://sources/audio/" />
		</include>
		<include content="SwanShortcuts_SetTargetAndPath_CommonButton">
			<param name="visible" value="Library.HasContent(Music)" />
			<param name="id" value="25" />
			<param name="label" value="$LOCALIZE[24005] ( $LOCALIZE[10502] )" />
			<param name="target" value="music" />
			<param name="path" value="Music,sources://music/" />
		</include>
		
		<control type="label" id="30">
			<height>60</height>
			<label>$LOCALIZE[14204]</label>
			<font>font30_title</font>
		</control>
		<!-- go to:  mypvrrecordings.xml tv-->
		<!-- <include content="SwanShortcuts_SetTargetAndPath_CommonButton">
			<param name="id" value="31" />
			<param name="label" value="PVR TV Recordings" />
			<param name="target" value="" />
			<param name="path" value="TVRecordings,pvr://recordings/tv/active/$INFO[SkinString(NEEDSKINSTRINGSTOREDDIRECTORYBEFORE)]/" />
		</include> -->
		<!-- go to:  mypvrchannels.xml tv-->
		<include content="SwanShortcuts_SetTargetAndPath_CommonButton">
			<param name="id" value="32" />
			<param name="label" value="$LOCALIZE[19180]" />
			<param name="target" value="" />
			<param name="path" value="TVChannels,pvr://channels/tv/" />
		</include>
		<!-- go to:  mypvrrecordings.xml radio-->
		<!-- <include content="SwanShortcuts_SetTargetAndPath_CommonButton">
			<param name="id" value="33" />
			<param name="label" value="PVR Radio Recordings" />
			<param name="target" value="" />
			<param name="path" value="TVRecordings,pvr://recordings/radio/active/$INFO[SkinString(NEEDSKINSTRINGSTOREDDIRECTORYBEFORE)]" />
		</include> -->
		<!-- go to:  mypvrchannels.xml radio-->
		<include content="SwanShortcuts_SetTargetAndPath_CommonButton">
			<param name="id" value="34" />
			<param name="label" value="$LOCALIZE[19183]" />
			<param name="target" value="" />
			<param name="path" value="RadioChannels,pvr://channels/radio/" />
		</include>
		
		<control type="label" id="40">
			<height>60</height>
			<label>21459</label>
			<font>font30_title</font>
		</control>
		<control type="button" id="41">
			<onclick>Dialog.Close(1103)</onclick>
			<visible>String.IsEqual(Window(home).Property(SetShortcutInProgress),mainmenu)</visible>
			<onclick>Skin.SetString(mainmenuitem$INFO[Window(home).Property(shortcutitem_nr)]_path,settings)</onclick>
			<onclick>Skin.SetString(mainmenuitem$INFO[Window(home).Property(shortcutitem_nr)]_name,$LOCALIZE[10004])</onclick>
			<onclick>Skin.SetString(mainmenuitem$INFO[Window(home).Property(shortcutitem_nr)]_thumb,icons/swanwidgets.png)</onclick>
			<onclick>Skin.Reset(mainmenuitem$INFO[Window(home).Property(shortcutitem_nr)]_target)</onclick>
			<onclick condition="!String.IsEmpty(Window(home).Property(shortcutitem_nr))">ClearProperty(shortcutitem_nr,home)</onclick>
			<onclick condition="!String.IsEmpty(Window(home).Property(SetShortcutInProgress))">ClearProperty(SetShortcutInProgress,home)</onclick>
			<label>$LOCALIZE[10004]</label>
		</control>
		<control type="button" id="42">
			<onclick>Dialog.Close(1103)</onclick>
			<visible>String.IsEqual(Window(home).Property(SetShortcutInProgress),mainmenu)</visible>
			<onclick>Skin.SetString(mainmenuitem$INFO[Window(home).Property(shortcutitem_nr)]_path,skinsettings)</onclick>
			<onclick>Skin.SetString(mainmenuitem$INFO[Window(home).Property(shortcutitem_nr)]_name,$LOCALIZE[10035])</onclick>
			<onclick>Skin.SetString(mainmenuitem$INFO[Window(home).Property(shortcutitem_nr)]_thumb,icons/skinsettings)</onclick>
			<onclick>Skin.Reset(mainmenuitem$INFO[Window(home).Property(shortcutitem_nr)]_target)</onclick>
			<onclick condition="!String.IsEmpty(Window(home).Property(shortcutitem_nr))">ClearProperty(shortcutitem_nr,home)</onclick>
			<onclick condition="!String.IsEmpty(Window(home).Property(SetShortcutInProgress))">ClearProperty(SetShortcutInProgress,home)</onclick>
			<label>$LOCALIZE[10035]</label>
		</control>
		
		<control type="button" id="45">
			<onclick>Dialog.Close(1103)</onclick>
				<onclick condition="String.IsEqual(Window(home).Property(SetShortcutInProgress),mainmenu)">Skin.SetString(mainmenuitem$INFO[Window(home).Property(shortcutitem_nr)]_path,favourites)</onclick>
				<onclick condition="String.IsEqual(Window(home).Property(SetShortcutInProgress),mainmenu)">Skin.SetString(mainmenuitem$INFO[Window(home).Property(shortcutitem_nr)]_name,$LOCALIZE[1036])</onclick>
				<onclick condition="String.IsEqual(Window(home).Property(SetShortcutInProgress),mainmenu)">Skin.SetString(mainmenuitem$INFO[Window(home).Property(shortcutitem_nr)]_thumb,special://skin/extras/tempfoldersqaurethumbs/favourites_1.png)</onclick>
				<onclick condition="String.IsEqual(Window(home).Property(SetShortcutInProgress),mainmenu)">Skin.Reset(mainmenuitem$INFO[Window(home).Property(shortcutitem_nr)]_target)</onclick>
				<onclick condition="String.IsEqual(Window(home).Property(SetShortcutInProgress),mainmenu)">Skin.Reset(mainmenuitem$INFO[Window(home).Property(shortcutitem_nr)]_fanart)</onclick>
				
				<onclick condition="String.IsEqual(Window(home).Property(SetShortcutInProgress),widget)">Skin.SetString(userwidget$INFO[Window(home).Property(shortcutitem_nr)]_path,favourites://)</onclick>
				<onclick condition="String.IsEqual(Window(home).Property(SetShortcutInProgress),widget)">Skin.SetString(userwidget$INFO[Window(home).Property(shortcutitem_nr)]_name,$LOCALIZE[1036])</onclick>
				<onclick condition="String.IsEqual(Window(home).Property(SetShortcutInProgress),widget)">Skin.SetString(userwidget$INFO[Window(home).Property(shortcutitem_nr)]_layout,landscape)</onclick>
				<onclick condition="String.IsEqual(Window(home).Property(SetShortcutInProgress),widget)">Skin.SetString(userwidget$INFO[Window(home).Property(shortcutitem_nr)]_layout.label,landscape)</onclick>
				<onclick condition="String.IsEqual(Window(home).Property(SetShortcutInProgress),widget)">Skin.Reset(userwidget$INFO[Window(home).Property(shortcutitem_nr)]_target)</onclick>
				<onclick condition="String.IsEqual(Window(home).Property(SetShortcutInProgress),widget)">Skin.Reset(userwidget$INFO[Window(home).Property(shortcutitem_nr)]_limit)</onclick>
				<onclick condition="String.IsEqual(Window(home).Property(SetShortcutInProgress),widget)">Skin.Reset(userwidget$INFO[Window(home).Property(shortcutitem_nr)]_sortorder)</onclick>
				<onclick condition="String.IsEqual(Window(home).Property(SetShortcutInProgress),widget)">Skin.Reset(userwidget$INFO[Window(home).Property(shortcutitem_nr)]_sortorder.label)</onclick>
				<onclick condition="String.IsEqual(Window(home).Property(SetShortcutInProgress),widget)">Skin.Reset(userwidget$INFO[Window(home).Property(shortcutitem_nr)]_sortby)</onclick>
				<onclick condition="String.IsEqual(Window(home).Property(SetShortcutInProgress),widget)">Skin.Reset(userwidget$INFO[Window(home).Property(shortcutitem_nr)]_sortby.label)</onclick>
				<onclick condition="!String.IsEmpty(Window(home).Property(shortcutitem_nr))">ClearProperty(shortcutitem_nr,home)</onclick>
				<onclick condition="!String.IsEmpty(Window(home).Property(SetShortcutInProgress))">ClearProperty(SetShortcutInProgress,home)</onclick>
			<label>$LOCALIZE[1036]</label>
		</control>
		
		<!-- weather 
		<control type="button" id="43">
			<onclick>Dialog.Close(1103)</onclick>
			<visible>String.IsEqual(Window(home).Property(SetShortcutInProgress),mainmenu)</visible>
			<onclick>Skin.SetString(mainmenuitem$INFO[Window(home).Property(shortcutitem_nr)]_path,weather)</onclick>
			<onclick>Skin.SetString(mainmenuitem$INFO[Window(home).Property(shortcutitem_nr)]_name,$LOCALIZE[12600])</onclick>
			<onclick>Skin.SetString(mainmenuitem$INFO[Window(home).Property(shortcutitem_nr)]_thumb,special://skin/extras/tempfoldersqaurethumbs/weather.png)</onclick>
			<onclick>Skin.Reset(mainmenuitem$INFO[Window(home).Property(shortcutitem_nr)]_target)</onclick>
			<onclick condition="!String.IsEmpty(Window(home).Property(shortcutitem_nr))">ClearProperty(shortcutitem_nr,home)</onclick>
			<onclick condition="!String.IsEmpty(Window(home).Property(SetShortcutInProgress))">ClearProperty(SetShortcutInProgress,home)</onclick>
			<label>$LOCALIZE[12600]</label>
		</control>
		-->
		<!--
		<control type="button" id="46">
			<onclick>Dialog.Close(1103)</onclick>
			<visible>String.IsEqual(Window(home).Property(SetShortcutInProgress),mainmenu)</visible>
			<onclick>Skin.SetString(mainmenuitem$INFO[Window(home).Property(shortcutitem_nr)]_path,1125)</onclick>
			<onclick>Skin.SetString(mainmenuitem$INFO[Window(home).Property(shortcutitem_nr)]_name, X S P)</onclick>
			<onclick>Skin.SetString(mainmenuitem$INFO[Window(home).Property(shortcutitem_nr)]_thumb,icons/swanwidgets.png)</onclick>
			<onclick>Skin.Reset(mainmenuitem$INFO[Window(home).Property(shortcutitem_nr)]_target)</onclick>
			<onclick condition="!String.IsEmpty(Window(home).Property(shortcutitem_nr))">ClearProperty(shortcutitem_nr,home)</onclick>
			<onclick condition="!String.IsEmpty(Window(home).Property(SetShortcutInProgress))">ClearProperty(SetShortcutInProgress,home)</onclick>
			<label>$LOCALIZE[10004]</label>
		</control>
		-->
		<!-- search -->
		<control type="button" id="47">
			<onclick>Dialog.Close(1103)</onclick>
			<visible>String.IsEqual(Window(home).Property(SetShortcutInProgress),mainmenu)</visible>
			<onclick>Skin.SetString(mainmenuitem$INFO[Window(home).Property(shortcutitem_nr)]_path,1120)</onclick>
			<onclick>Skin.SetString(mainmenuitem$INFO[Window(home).Property(shortcutitem_nr)]_name,$LOCALIZE[137])</onclick>
			<onclick>Skin.SetString(mainmenuitem$INFO[Window(home).Property(shortcutitem_nr)]_thumb,special://skin/extras/tempfoldersqaurethumbs/search.png)</onclick>
			<onclick>Skin.Reset(mainmenuitem$INFO[Window(home).Property(shortcutitem_nr)]_target)</onclick>
			<onclick condition="!String.IsEmpty(Window(home).Property(shortcutitem_nr))">ClearProperty(shortcutitem_nr,home)</onclick>
			<onclick condition="!String.IsEmpty(Window(home).Property(SetShortcutInProgress))">ClearProperty(SetShortcutInProgress,home)</onclick>
			<label>$LOCALIZE[137]</label>
		</control>
		<control type="label" id="50">
			<height>60</height>
			<label>24001</label>
			<font>font30_title</font>
		</control>
		<include content="SwanShortcuts_SetTargetAndPath_CommonButton">
			<param name="id" value="52" />
			<param name="label" value="$LOCALIZE[24998]" />
			<param name="target" value="" />
			<param name="path" value="AddonBrowser,addons://user/" />
		</include>
		<!-- android apps -->
	</include>
	
	<include name="SwanShortcuts_SetTargetAndPath_CommonButton">
		<control type="button" id="$PARAM[id]">
				<description>Set target Template, action window and action set string direct e.g. plailist?xsp path</description>
				<onclick condition="String.IsEqual(Window(home).Property(SetShortcutInProgress),mainmenu)">Skin.SetString(mainmenuitem$INFO[Window(home).Property(shortcutitem_nr)]_target,$PARAM[target])</onclick>
				<onclick condition="String.IsEqual(Window(home).Property(SetShortcutInProgress),userwidget)">Skin.SetString(userwidget$INFO[Window(home).Property(shortcutitem_nr)]_target,$PARAM[target])</onclick>
				<onclick>Dialog.Close(1103)</onclick>
				<onclick>ActivateWindow($PARAM[path],return)</onclick>
				<label>$PARAM[label]</label>
				<visible>$PARAM[visible]</visible>
			</control>
	</include>
	
	<!-- NOTE CHECK THE VIEWTYPE LABELS -->
	<include name="SwanShortcuts_Container">
		<animation effect="slide" start="0,0" end="-700,0" time="250" tween="sine" condition="Window.IsActive(selectdialog)">Conditional</animation>
			
		
			
		<control type="group">
			<description>BG</description>
			<include content="DialogBackground_TriplePanel" />
		</control>

		<include content="Dialog_CommonInfo">
			<param name="Header_posy" value="50" />
			<param name="Header_label" value="Browse and Set your[CR][B]W I D G E T[/B]" />
			<param name="Item_Description" value="[CR]" />
		</include>
		
		<control type="image">
			<right>8%</right>
			<centertop>51%</centertop>
			<width>350</width>
			<height>350</height>
			<aspectratio>keep</aspectratio>
			<fadetime>150</fadetime>
			<texture>icons/swanwidgets.png</texture>
			<align>center</align>
			<animation effect="fade" start="100" end="5" time="250" tween="sine" condition="ControlGroup(200).HasFocus()">Conditional</animation>
		</control>
		
		<control type="group">
			<visible>Control.IsVisible(50)</visible>
			<control type="list" id="50">
				<viewtype label="535">list</viewtype>
				<include content="SwanShortcuts_PanelList" />
			</control>
		</control>
		
		<control type="group">
			<visible>Control.IsVisible(51)</visible>
			<control type="panel" id="51">
				<viewtype label="poster">poster panel</viewtype>
				<include content="SwanShortcuts_PanelList" />
			</control>
		</control>
		
		<control type="group">
			<visible>Control.IsVisible(52)</visible>
			<control type="panel" id="52">
				<viewtype label="circle">circle panel</viewtype>
				<include content="SwanShortcuts_PanelList" />
			</control>
		</control>
		
		<control type="group">
			<visible>Control.IsVisible(53)</visible>
			<control type="panel" id="53">
				<viewtype label="landscape">landscape panel</viewtype>
				<include content="SwanShortcuts_PanelList" />
			</control>
		</control>
		
		<control type="group">
			<visible>Control.IsVisible(54)</visible>
			<control type="panel" id="54">
				<viewtype label="sqaure">sqaure panel</viewtype>
				<include content="SwanShortcuts_PanelList" />
			</control>
		</control>
		
		<control type="group">
			<visible>Control.IsVisible(56)</visible>
			<control type="panel" id="56">
				<viewtype label="episodes">episodes panel</viewtype>
				<include content="SwanShortcuts_PanelList" />
			</control>
		</control>
		
		<control type="group">
			<visible>Control.IsVisible(58)</visible>
			<control type="panel" id="58">
				<viewtype label="NetflixSeason1">Netflix Info</viewtype>
				<include content="SwanShortcuts_PanelList" />
			</control>
		</control>
		<control type="group">
			<visible>Control.IsVisible(59)</visible>
			<control type="panel" id="59">
				<viewtype label="art">Art</viewtype>
				<include content="SwanShortcuts_PanelList" />
			</control>
		</control>
		<control type="group">
			<visible>Control.IsVisible(501)</visible>
			<control type="panel" id="501">
				<viewtype label="test">test</viewtype>
				<include content="SwanShortcuts_PanelList" />
			</control>
		</control>
		<control type="group">
			<visible>Control.IsVisible(502)</visible>
			<control type="panel" id="502">
				<viewtype label="infocards">infocards</viewtype>
				<include content="SwanShortcuts_PanelList" />
			</control>
		</control>
		
		<!-- include shortcut save button
				String.IsEqual(Window(home).Property(SetShortcutInProgress),mainmenu) 
						mainmenuitem
								
				String.IsEqual(Window(home).Property(SetShortcutInProgress),widget) 
						userwidget
						
				Skin.SetString($INFO[Window(home).Property(SetShortcutInProgress)]$INFO[Window(home).Property(shortcutitem_nr)]_name,$INFO[System.CurrentWindow,, • ]$INFO[Container.FolderName])
		-->
		
		<control type="grouplist" id="200">
			<description>Widget Settings/Attributes</description>
			<right>-440</right>
			<top>25%</top>
			<width>550</width>
			<height>80%</height>
			
			<onup>200</onup>
			<ondown>200</ondown>
			<onright>50</onright>
			<onleft>50</onleft>		
			
			<control type="radiobutton" id="8998">
				<include content="SwanWidgetShortcutAttributes_Button">
					<param name="label" value="SAVE ME" />
				</include>
				<textureradioonfocus colordiffuse="white">buttons/enter.png</textureradioonfocus>
				<textureradioonnofocus colordiffuse="5cC6C6C8">buttons/enter.png</textureradioonnofocus>
				<textureradioofffocus colordiffuse="white">buttons/enter.png</textureradioofffocus>
				<textureradiooffnofocus colordiffuse="5cC6C6C8">buttons/enter.png</textureradiooffnofocus>
				
				
				
				<onclick condition="String.IsEqual(Window(home).Property(SetShortcutInProgress),mainmenu)">Skin.SetString(mainmenuitem$INFO[Window(home).Property(shortcutitem_nr)]_path,$INFO[Container.Folderpath])</onclick>
				<onclick condition="String.IsEqual(Window(home).Property(SetShortcutInProgress),mainmenu) + String.IsEmpty(Window(home).Property(shortcutitem_name))">Skin.SetString(mainmenuitem$INFO[Window(home).Property(shortcutitem_nr)]_name,$INFO[System.CurrentWindow,, • ]$INFO[Container.FolderName])</onclick>
				
				
				<onclick condition="String.IsEqual(Window(home).Property(SetShortcutInProgress),widget)">Skin.SetString(userwidget$INFO[Window(home).Property(shortcutitem_nr)]_path,$INFO[Container.Folderpath])</onclick>
				<onclick condition="String.IsEqual(Window(home).Property(SetShortcutInProgress),widget) + String.IsEmpty(Window(home).Property(shortcutitem_name))">Skin.SetString(userwidget$INFO[Window(home).Property(shortcutitem_nr)]_name,$INFO[System.CurrentWindow,, • ]$INFO[Container.FolderName])</onclick>
				<onclick condition="String.IsEqual(Window(home).Property(SetShortcutInProgress),widget) + String.IsEmpty(Window(home).Property(userwidgetLayout))">Skin.SetString(userwidget$INFO[Window(home).Property(shortcutitem_nr)]_layout,$VAR[ContainerViewmode])</onclick>
				<onclick condition="String.IsEqual(Window(home).Property(SetShortcutInProgress),widget) + String.IsEmpty(Window(home).Property(userwidgetLayout))">Skin.SetString(userwidget$INFO[Window(home).Property(shortcutitem_nr)]_layout.label,$VAR[ContainerViewmode])</onclick>
				<onclick condition="String.IsEqual(Window(home).Property(SetShortcutInProgress),widget)">Skin.SetString(userwidget$INFO[Window(home).Property(shortcutitem_nr)]_sortby,$VAR[ContainerSortMethods])</onclick>
				<onclick condition="String.IsEqual(Window(home).Property(SetShortcutInProgress),widget)">Skin.SetString(userwidget$INFO[Window(home).Property(shortcutitem_nr)]_sortby.label,$INFO[Container.SortMethod])</onclick>
				<onclick condition="String.IsEqual(Window(home).Property(SetShortcutInProgress),widget)">Skin.SetString(userwidget$INFO[Window(home).Property(shortcutitem_nr)]_sortorder,$VAR[ContainerSortOrder])</onclick>
				<onclick condition="String.IsEqual(Window(home).Property(SetShortcutInProgress),widget)">Skin.SetString(userwidget$INFO[Window(home).Property(shortcutitem_nr)]_sortorder.label,$INFO[Container.SortOrder])</onclick>
				
				<onclick condition="String.IsEqual(Window(home).Property(SetShortcutInProgress),widget)">ClearProperty(userwidgetLayout,home)</onclick>
				
				<onclick condition="!String.IsEmpty(Window(home).Property(shortcutitem_name))">ClearProperty(shortcutitem_name,home)</onclick>
				<onclick>ClearProperty(SetShortcutInProgress,home)</onclick>
				<onclick>ClearProperty(shortcutitem_nr,home)</onclick>
				<onclick>ReplaceWindow(skinsettings)</onclick>
			</control>
			
			<include content="spacer_h">
				<param name="id" value="11030" />
				<param name="gap" value="20" />
			</include>
		
			<control type="radiobutton" id="11031">
				<include content="SwanWidgetShortcutAttributes_Button">
					<param name="label" value="Set Name" />
				</include>
				<textureradioonfocus colordiffuse="white">buttons/setname.png</textureradioonfocus>
				<textureradioonnofocus colordiffuse="5cC6C6C8">buttons/setname.png</textureradioonnofocus>
				<textureradioofffocus colordiffuse="white">buttons/setname.png</textureradioofffocus>
				<textureradiooffnofocus colordiffuse="5cC6C6C8">buttons/setname.png</textureradiooffnofocus>
				
				<onclick>SetProperty(DialogHeader,Set Name for Widget $INFO[Window(home).Property(shortcutitem_nr)],home)</onclick>
				<onclick>SetProperty(shortcutitem_name,true,home)</onclick>
				<onclick condition="String.IsEqual(Window(home).Property(SetShortcutInProgress),widget)">Skin.SetString(userwidget$INFO[Window(home).Property(shortcutitem_nr)]_name)</onclick>
				<onclick condition="String.IsEqual(Window(home).Property(SetShortcutInProgress),mainmenu)">Skin.SetString(mainmenuitem$INFO[Window(home).Property(shortcutitem_nr)]_name)</onclick>
			</control>
			<control type="radiobutton" id="11033">
				<visible>String.IsEqual(Window(home).Property(SetShortcutInProgress),widget)</visible>
				<include content="SwanWidgetShortcutAttributes_Button">
					<param name="label" value="Layout" />
				</include>
				<textureradioonfocus colordiffuse="white">defaultpicture.png</textureradioonfocus>
				<textureradioonnofocus colordiffuse="5cC6C6C8">defaultpicture.png</textureradioonnofocus>
				<textureradioofffocus colordiffuse="white">defaultpicture.png</textureradioofffocus>
				<textureradiooffnofocus colordiffuse="5cC6C6C8">defaultpicture.png</textureradiooffnofocus>
				
				<onclick>SetProperty(Dialog.1.Label,P O S T E R)</onclick>
				<onclick>SetProperty(Dialog.1.BuiltIn,Skin.SetString(userwidget$INFO[Window(home).Property(shortcutitem_nr)]_layout,poster)||Skin.SetString(userwidget$INFO[Window(home).Property(shortcutitem_nr)]_layout.label,poster))</onclick>
				
				<onclick>SetProperty(Dialog.2.Label,L A N D S C A P E)</onclick>
				<onclick>SetProperty(Dialog.2.BuiltIn,Skin.SetString(userwidget$INFO[Window(home).Property(shortcutitem_nr)]_layout,landscape)||Skin.SetString(userwidget$INFO[Window(home).Property(shortcutitem_nr)]_layout.label,landscape))</onclick>
				
				<onclick>SetProperty(Dialog.3.Label,S Q U A R E)</onclick>
				<onclick>SetProperty(Dialog.3.BuiltIn,Skin.SetString(userwidget$INFO[Window(home).Property(shortcutitem_nr)]_layout,square)||Skin.SetString(userwidget$INFO[Window(home).Property(shortcutitem_nr)]_layout.label,Square))</onclick>
				
				<onclick>SetProperty(Dialog.4.Label,C I R C L E )</onclick>
				<onclick>SetProperty(Dialog.4.BuiltIn,Skin.SetString(userwidget$INFO[Window(home).Property(shortcutitem_nr)]_layout,circle)||Skin.SetString(userwidget$INFO[Window(home).Property(shortcutitem_nr)]_layout.label,circle))</onclick>
				
				<onclick>SetProperty(Dialog.5.Label,B A N N E R)</onclick>
				<onclick>SetProperty(Dialog.5.BuiltIn,Skin.SetString(userwidget$INFO[Window(home).Property(shortcutitem_nr)]_layout,banner)||Skin.SetString(userwidget$INFO[Window(home).Property(shortcutitem_nr)]_layout.label,banner))</onclick>
				
				
				<onclick>SetProperty(Dialog.6.Label,T E X T  P A N E L)</onclick>
				<onclick>SetProperty(Dialog.6.BuiltIn,Skin.SetString(userwidget$INFO[Window(home).Property(shortcutitem_nr)]_layout,textpanel)||Skin.SetString(userwidget$INFO[Window(home).Property(shortcutitem_nr)]_layout.label,textpanel))</onclick>
				
				
				<onclick>RunScript(script.embuary.helper,action=createselect,header=$LOCALIZE[21858])</onclick>
				<onclick>SetProperty(userwidgetLayout,true,home)</onclick>
			</control>
			
			<control type="radiobutton" id="113">
				<visible>String.IsEqual(Window(home).Property(SetShortcutInProgress),widget)</visible>
				<visible>Control.IsEnabled(3)</visible>
				<description>Select sort method (sort by: name, date size, etc...)</description>
				<include content="SwanWidgetShortcutAttributes_Button">
					<param name="label" value="$LOCALIZE[21429] ..." />
				</include>
				
				<textureradioonfocus colordiffuse="white">defaultaddonservice.png</textureradioonfocus>
				<textureradioonnofocus colordiffuse="5cC6C6C8">defaultaddonservice.png</textureradioonnofocus>
				<textureradioofffocus colordiffuse="white">defaultaddonservice.png</textureradioofffocus>
				<textureradiooffnofocus colordiffuse="5cC6C6C8">defaultaddonservice.png</textureradiooffnofocus>
				
				<onclick>SendClick(3)</onclick>
			</control>
			
			
			<control type="radiobutton" id="114">
				<visible>String.IsEqual(Window(home).Property(SetShortcutInProgress),widget)</visible>
				<visible>Control.IsEnabled(4)</visible>
				<description>Select sortmode (ascending or descending)</description>
				<include content="SwanWidgetShortcutAttributes_Button">
					<param name="label" value="Sort Method" />
				</include>
				
				<textureradioonfocus colordiffuse="white">buttons/ascending.png</textureradioonfocus>
				<textureradioonnofocus colordiffuse="5cC6C6C8">buttons/ascending.png</textureradioonnofocus>
				<textureradioofffocus colordiffuse="white">buttons/descending.png</textureradioofffocus>
				<textureradiooffnofocus colordiffuse="5cC6C6C8">buttons/descending.png</textureradiooffnofocus>
				
				<onclick>SendClick(4)</onclick>
			</control>
			
			<include content="spacer_h">
				<param name="id" value="11035" />
				<param name="gap" value="20" />
			</include>
			
			<control type="radiobutton" id="11036">
				<include content="SwanWidgetShortcutAttributes_Button">
					<param name="label" value="Cancel" />
				</include>
			
				<textureradioonfocus colordiffuse="white">buttons/cancel.png</textureradioonfocus>
				<textureradioonnofocus colordiffuse="5cC6C6C8">buttons/cancel.png</textureradioonnofocus>
				<textureradioofffocus colordiffuse="white">buttons/cancel.png</textureradioofffocus>
				<textureradiooffnofocus colordiffuse="5cC6C6C8">buttons/cancel.png</textureradiooffnofocus>
				
				<onclick>ClearProperty(SetShortcutInProgress,home)</onclick>
				<onclick>ClearProperty(shortcutitem_nr,home)</onclick>
				<onclick>ReplaceWindow(skinsettings)</onclick>
			</control>
		</control>
	
		
	</include>
	
	<variable name="ContainerViewmode">
		<value condition="!String.IsEmpty(Container.Viewmode) + String.IsEqual(Container.Viewmode,$LOCALIZE[535])">poster</value>
		<value condition="!String.IsEmpty(Container.Viewmode) + String.IsEqual(Container.Viewmode,poster)">poster</value>
		<value condition="!String.IsEmpty(Container.Viewmode) + String.IsEqual(Container.Viewmode,landscape)">landscape</value>
		<value condition="!String.IsEmpty(Container.Viewmode) + String.IsEqual(Container.Viewmode,square)">square</value>
		<value condition="!String.IsEmpty(Container.Viewmode) + String.IsEqual(Container.Viewmode,banner)">banner</value>
		<value condition="!String.IsEmpty(Container.Viewmode) + String.IsEqual(Container.Viewmode,circle)">circle</value>
		<value>poster</value>
	</variable>
	<variable name="NextSortOrder">
		<value condition="String.IsEqual(Container.SortOrder,$LOCALIZE[584])">$LOCALIZE[585]</value>
		<value condition="String.IsEqual(Container.SortOrder,$LOCALIZE[585])">$LOCALIZE[584]</value>
	</variable>
	<variable name="ContainerSortOrder">
		<value condition="String.IsEqual(Container.SortOrder,$LOCALIZE[584])">ascending</value>
		<value condition="String.IsEqual(Container.SortOrder,$LOCALIZE[585])">descending</value>
	</variable>
	
	<include name="Animation_ButtonFocusSlide">
		<animation type="focus" reversible="false">
			<effect type="slide" start="0" end="-440" easing="in" tween="quadratic" time="300" />
		</animation>
		<animation type="unfocus" reversible="false">
			<effect type="slide" start="-440" end="0" easing="in" tween="quadratic" time="300" />
		</animation>
	</include>
	<include name="SwanWidgetShortcutAttributes_Button">
		<param name="radiowidth" default="90" />
		<param name="radioheight" default="90" />
		<definition>
				<include content="Animation_ButtonFocusSlide" />
				<textoffsetx>140</textoffsetx>
				<radiowidth>$PARAM[radiowidth]</radiowidth>
				<radioheight>$PARAM[radiowidth]</radioheight>
				<radioposx>10</radioposx>
				<textureradioondisabled />
				<textureradiooffdisabled />
				<texturefocus flipx="true" colordiffuse="$VAR[color_global_background_layer2]">diffuse/gradientborderleft.png</texturefocus>
				<texturenofocus flipx="true" colordiffuse="5cC6C6C8">diffuse/gradientborderleft.png</texturenofocus>
				<height>100</height>
				<focusedcolor>white</focusedcolor>
				<textcolor>5cC6C6C8</textcolor>
				<label>$PARAM[label]</label>
		</definition>
	</include>
	
	<!--
	sortby
	
	content : random ? , label ? , status ? , country ? , studio ? , inprogress ? , path ? , lastplayed(missed in movies) , rating(missed in tvshows)
	
	(video)files : name, size , date , file
	(video)addons : name , lastused
	movies: title , year , rating , userrating , mpaa , duration , dateadded , playcount
		
	actors/ directors: name , appearences
	sets : name
		
	tvshow : title , episode , lastplayed , dateadded , year , userrating
	episode: episode , rating , userrating , mpaa , production code=status?, date , playcount , name
	
	artist: artist , dateadded
	album : album , artist , artistthenyear / , year , dateadded , playcount , lastplayed , rating , userrating
	song : track , title , album , artist , artistthenyear , name , duration , rating , userrating , year , dateadded , playcount , lastplayed
	
	
	Notification(header,message[,time,image])	Will display a notification dialog with the specified header and message, in addition you can set the length of time it displays in milliseconds and a icon image.
	
	https://kodi.wiki/view/List_of_built-in_functions#List_of_sort_methods
	https://github.com/xbmc/xbmc/blob/75b31098a8800da653b373cd99a025b483029cfc/xbmc/utils/SortUtils.h#L49-L164
	
	https://github.com/xbmc/xbmc/blob/master/xbmc/utils/SortUtils.cpp#L529-L577
	

container.setsortmethod()
1	Name
2	Date
3	Size
4	File
5	Path
6	DriveType
7	Title
8	TrackNumber
9	Time
10	Artist
11	ArtistThenYear
12	Album
13	AlbumType
14	Genre
15	Country
16	Year
17	Rating
18	UserRating
19	Votes
20	Top250
21	ProgramCount
22	PlaylistOrder
23	EpisodeNumber
24	Season
25	NumberOfEpisodes
26	NumberOfWatchedEpisodes
27	TvShowStatus
28	TvShowTitle
29	SortTitle
30	ProductionCode
31	MPAA
32	VideoResolution
33	VideoCodec
34	VideoAspectRatio
35	AudioChannels
36	AudioCodec
37	AudioLanguage
38	SubtitleLanguage
39	Studio
40	DateAdded
41	LastPlayed
42	Playcount
43	Listeners
44	Bitrate
45	Random
46	Channel
47	ChannelNumber
48	DateTaken
49	Relevance
50	InstallDate
51	LastUpdated
52	LastUsed
	-->


	<variable name="ContainerSortMethods">
		
		<value condition="String.IsEqual(Container.SortMethod,$LOCALIZE[551])">name</value>
		<value condition="String.IsEqual(Container.SortMethod,$LOCALIZE[552])">date</value>
		<value condition="String.IsEqual(Container.SortMethod,$LOCALIZE[553])">size</value>
		<value condition="String.IsEqual(Container.SortMethod,$LOCALIZE[561])">file</value>
		<value condition="String.IsEqual(Container.SortMethod,$LOCALIZE[573])">path</value>
		<value condition="String.IsEqual(Container.SortMethod,$LOCALIZE[556])">title</value>
		<value condition="String.IsEqual(Container.SortMethod,$LOCALIZE[554])">tracknumber</value>
		<value condition="String.IsEqual(Container.SortMethod,$LOCALIZE[555])">time</value>
		<value condition="String.IsEqual(Container.SortMethod,$LOCALIZE[557])">artist</value>
		<value condition="String.IsEqual(Container.SortMethod,$LOCALIZE[578])">artistthenyear</value>
		<value condition="String.IsEqual(Container.SortMethod,$LOCALIZE[558])">album</value>
		<value condition="String.IsEqual(Container.SortMethod,$LOCALIZE[564])">albumtype</value>
		<value condition="String.IsEqual(Container.SortMethod,$LOCALIZE[515])">genre</value>
		<value condition="String.IsEqual(Container.SortMethod,$LOCALIZE[574])">country</value>
		<value condition="String.IsEqual(Container.SortMethod,$LOCALIZE[562])">year</value>
		<value condition="String.IsEqual(Container.SortMethod,$LOCALIZE[563])">rating</value>
		<value condition="String.IsEqual(Container.SortMethod,$LOCALIZE[38018])">userrating</value>
		<value condition="String.IsEqual(Container.SortMethod,$LOCALIZE[205])">votes</value>
		<value condition="String.IsEqual(Container.SortMethod,$LOCALIZE[13409])">top250</value>
		<value condition="String.IsEqual(Container.SortMethod,$LOCALIZE[568])">lastplayed</value>
		<value condition="String.IsEqual(Container.SortMethod,$LOCALIZE[567])">playcount</value>
		<value condition="String.IsEqual(Container.SortMethod,$LOCALIZE[572])">studio</value>
		<value condition="String.IsEqual(Container.SortMethod,$LOCALIZE[570])">dateadded</value>
		<value condition="String.IsEqual(Container.SortMethod,$LOCALIZE[12012])">lastused</value>
 	   <value condition="String.IsEqual(Container.SortMethod,$LOCALIZE[590])">random</value>
		<value></value>
	</variable>
	<!-- value condition="String.IsEqual(Container.SortMethod,$LOCALIZE[566])" albumartist -->
	<!-- value condition="String.IsEqual(Container.SortMethod,$LOCALIZE[575])" inprogress -->
		
	<include name="SwanShortcuts_PanelList">
			<top>250</top>
			<left>33.3%</left>
			<width>33.3%</width>
			<height>70%</height>
			
			<ondown>200</ondown>
			<onup>200</onup>
			<onright>200</onright>
			<onleft>200</onleft>
			
			
			<scrolltime tween="cubic" easing="out">300</scrolltime>
			
			
			<itemlayout height="110">
				<control type="image">
					<texture>frames/separator.png</texture>
				</control>
				<control type="image">
					<width>110</width>
					<height>110</height>
					<bordersize>7</bordersize>
					<aspectratio scalediffuse="false" aligny="center" align="center">scale</aspectratio>
					<texture diffuse="diffuse/circle.png" fallback="defaultaddon.png">$INFO[ListItem.Icon]</texture>
				</control>
				<control type="label">
					<left>150</left>
					<label>$INFO[ListItem.Label]</label>
					<textcolor>$VAR[color_global_button_text_nf]</textcolor>
					<scroll>true</scroll>
				</control>
			</itemlayout>
			<focusedlayout height="110">
				<control type="image">
					<texture>colors/white.png</texture>
					<colordiffuse>$VAR[color_global_button_panel_fo]</colordiffuse>
				</control>
				<control type="image">
					<width>110</width>
					<height>110</height>
					<bordersize>7</bordersize>
					<aspectratio scalediffuse="false" aligny="center" align="center">scale</aspectratio>
					<texture diffuse="diffuse/circle.png" fallback="defaultaddon.png">$INFO[ListItem.Icon]</texture>
				</control>
				<control type="label">
					<left>150</left>
					<label>$INFO[ListItem.Label,[B],[/B]]</label>
					<textcolor>$VAR[color_global_button_text_fo]</textcolor>
					<scroll>true</scroll>
				</control>
			</focusedlayout>
			
	</include>
</includes>