<?xml version="1.0" encoding="UTF-8"?>
<window type="dialog" id="1140">
	<animation effect="fade" start="0" end="100" time="250">WindowOpen</animation>
	<animation effect="fade" start="100" end="0" time="250">WindowClose</animation>
	<!-- <onload condition="!String.IsEmpty(Window(Home).Property(culrc.running))">Dialog.Close(script-cu-lrclyrics-main.xml)</onload> -->
	<defaultcontrol>499</defaultcontrol>
	<controls>
	
	<!-- get a hidden list , gaining  hidden focus to get proper info via oninfo action ? -->
	
	<!-- <visible>String.IsEqual(window(home)property.(showmusiccontentcontainer),true)</visible> -->
	<!-- - current list ? 
	- similiar genre (artist) / similiar genre (songs)
	- musicvideos of album - smooth playback will fail, due to stop audio start video
	- musicvideos by artist - smooth playback will fail, due to stop audio start video
	- more from artist ...if
	-->
	 
	 <!-- test option 1 - put list center
can be wider if info is toggled off	 -->
	
	<include condition="!Skin.HasSetting(MusicOSD_SmallPlaylist) + [!Window.IsActive(home) + String.IsEqual(Skin.String(HomeLayout),MenuTiles)]">MusicOSD_CommonPlaylist</include>
	<include condition="Skin.HasSetting(MusicOSD_SmallPlaylist) | [Window.IsActive(home) + String.IsEqual(Skin.String(HomeLayout),MenuTiles)]">MusicOSD_SmallPlaylist</include>
	
	</controls>
</window>