<?xml version="1.0" encoding="UTF-8"?>
<window>
	<!-- 
	<allowoverlay>true</allowoverlay> depreceated
	https://forum.kodi.tv/showthread.php?pid=2084427#pid2084427
	-->
	<include>Animation_OpenClose_MediaWindow</include>
	<depth>0.50</depth>
	<onload condition="!String.IsEqual(Window(home).Property(PlayerShowInfo),true) + !Integer.IsGreater(Player.Time(ss),01)">SetProperty(PlayerShowInfo,true,home)</onload>
	<onload condition="Window.IsActive(1140)">Dialog.Close(1140,true)</onload>
	<zorder>999</zorder>
	<controls>
		
		<!-- ** Required ** Do not change <id> or <type> (name of the used scraper and optionally the number of found lyrics) -->
		<control type="label" id="200">
			<description>Scraper label</description>
			<visible>false</visible>
		</control>
		
		<control type="image">
			<texture colordiffuse="$VAR[color_osdmusic_bgpanelseperator]">colors/white40.png</texture>
		</control>
		<control type="group">
			<animation effect="slide" start="0,0" end="-100,0" time="250" tween="cubic" easing="out" condition="!Player.ShowInfo + !Window.IsVisible(musicosd)">conditional</animation>
			<left>35%</left>
			<right>20%</right>
			<top>500</top>
			<bottom>50</bottom>
			
			<control type="label">
				<description>header label</description>
				<wrapmultiline>true</wrapmultiline>
				<top>30</top>
				<height>60</height>
				<font>font36_title</font>
				<label>$VAR[CULRCLyricsTitle]</label>
				<align>center</align>
				<aligny>center</aligny>
				<textcolor>$VAR[color_osdmusic_main]</textcolor>
				<shadowcolor>black</shadowcolor>
			</control>
		
			<!-- ** Required ** Do not change <id> or <type> (Lyrics, will autoscroll if lrc based lyrics are shown) -->
			<control type="list" id="110">
				
				<top>110</top>
				<width>100%</width>
				<height>80%</height>
				<onleft>111</onleft>
				<onright>111</onright>
				<onup>110</onup>
				<ondown>110</ondown>
				<pagecontrol>111</pagecontrol>
				<scrolltime>200</scrolltime>
				<itemlayout height="60">
					<control type="label">
						<font>font13</font>
						<aligny>center</aligny>
						<align>center</align>
						<textcolor>$VAR[color_osdmusic_main]</textcolor>
						<label fallback="•••">$INFO[ListItem.Label]</label>
					</control>
				</itemlayout>
				<focusedlayout height="60">
					<control type="label">
						<font>font14</font>
						<aligny>center</aligny>
						<align>center</align>
						<shadowcolor>black</shadowcolor>
						<textcolor>$VAR[color_osdmusic_accent]</textcolor>
						<label fallback="••">$INFO[ListItem.Label,[B],[/B]]</label>
					</control>
				</focusedlayout>
			</control>
		
			<control type="button">
				<description>texture missing</description>
				<left>636</left>
				<top>795</top>
				<width>48</width>
				<height>24</height>
				<texturefocus colordiffuse="FF12B2E7">culrc-arrowdown.png</texturefocus>
				<texturenofocus colordiffuse="FF12B2E7">culrc-arrowdown.png</texturenofocus>
				<animation effect="zoom" start="100,0" end="100,100" center="auto" time="200" delay="10">VisibleChange</animation>
				<animation effect="zoom" start="100,0" end="100,100" delay="500" center="auto" time="200">WindowOpen</animation>
				<animation effect="zoom" start="100,100" end="100,0" center="auto" time="200">WindowClose</animation>
				<onclick>SetFocus(110)</onclick>
				<onclick>PageDown</onclick>
				<visible>Container(110).HasNext + Control.IsVisible(110)</visible>
			</control>
			<control type="button">
				<left>636</left>
				<top>-40</top>
				<width>48</width>
				<height>24</height>
				<texturefocus colordiffuse="FF12B2E7" flipy="true">culrc-arrowdown.png</texturefocus>
				<texturenofocus colordiffuse="FF12B2E7" flipy="true">culrc-arrowdown.png</texturenofocus>
				<animation effect="zoom" start="100,0" end="100,100" center="auto" time="200" delay="10">VisibleChange</animation>
				<animation effect="zoom" start="100,0" end="100,100" delay="500" center="auto" time="200">WindowOpen</animation>
				<animation effect="zoom" start="100,100" end="100,0" center="auto" time="200">WindowClose</animation>
				<onclick>SetFocus(110)</onclick>
				<onclick>PageUp</onclick>
				<visible>Container(110).HasPrevious + Control.IsVisible(110)</visible>
			</control>
			<control type="image">
				<description>lyricslist</description>
				<left>15</left>
				<top>710</top>
				<width>64</width>
				<height>64</height>
				<texture>culrc-contextmenu.png</texture>
				<visible>!String.IsEmpty(Window(Home).Property(culrc.haslist))</visible>
			</control>
			<control type="label">
				<description>Scraper label</description>
				<left>0</left>
				<top>740</top>
				<width>1300</width>
				<height>30</height>
				<label>$LOCALIZE[21870]: $INFO[Control.GetLabel(200)]</label>
				<font>font12</font>
				<align>right</align>
				<aligny>center</aligny>
				<textcolor>FF999999</textcolor>
				<shadowcolor>black</shadowcolor>
			</control>
		</control>
	</controls>
</window>
