<?xml version="1.0" encoding="utf-8"?>
<window>
	<defaultcontrol />
	<onload condition="!String.IsEmpty(Window(home).Property(videofullcreen_pvrgrid))">ClearProperty(videofullcreen_pvrgrid,home)</onload>
	<onload condition="!Player.HasGame + [Skin.HasSetting(DisableSubtitles) + [VideoPlayer.SubtitlesEnabled + VideoPlayer.HasSubtitles]]">ShowSubtitles</onload>
	<onload condition="Skin.HasSetting(ShowOSD_OnStart) + String.IsEmpty(Window(home).Property(forceopen))">activatewindow(videoosd)</onload>
	<onload condition="Skin.HasSetting(ShowPlot_OnStart) + !Player.HasGame + String.IsEmpty(Window(home).Property(forceopen))">SetProperty(ShowOSD_Plot,true,home)</onload>
	<onload condition="Skin.HasSetting(ShowPlot_OnStart) + !Player.HasGame + String.IsEmpty(Window(home).Property(forceopen))">AlarmClock(ShowOSD_Plot,ClearProperty(ShowOSD_Plot,home),00:04,silent)</onload>
	<onload condition="!String.IsEmpty(Window(home).Property(forceopen))">ClearProperty(forceopen,home)</onload>
	<controls>
		<control type="grouplist" id="0">
			<left>60</left>
			<top>60</top>
			<orientation>vertical</orientation>
			<control type="label" id="10">
				<description>row 1 label</description>
				<width>auto</width>
				<height>40</height>
				<align>left</align>
				<aligny>top</aligny>
				<textcolor>white</textcolor>
			</control>
			<control type="label" id="11">
				<description>row 2 label</description>
				<height>40</height>
				<width>auto</width>
				<align>left</align>
				<aligny>top</aligny>
				<textcolor>white</textcolor>
			</control>
			<control type="label" id="12">
				<description>row 3 label</description>
				<width>auto</width>
				<height>40</height>
				<align>left</align>
				<aligny>top</aligny>
				<textcolor>white</textcolor>
			</control>
		</control>
		<control type="group" id="1">
			<description> busy spinner Hide Optional</description>
			<visible>!Skin.HasSetting(HideBusyOSD) + [Player.Caching + Integer.IsGreater(Player.CacheLevel,0)] + !Window.IsVisible(busydialog)</visible>
			<animation effect="fade" delay="300" time="200">Visible</animation>
			<animation effect="fade" delay="200" time="150">Hidden</animation>
			<control type="image" id="1">
				<animation effect="fade" end="100" time="200">Visible</animation>
				<animation effect="fade" start="100" end="0" time="200">Hidden</animation>
				<texture colordiffuse="$VAR[color_osdvideo_dimmedbg]">colors/white70.png</texture>
			</control>
			<control type="image" id="1">
				<centerleft>50%</centerleft>
				<centertop>50%</centertop>
				<width>120</width>
				<height>120</height>
				<texture colordiffuse="$VAR[color_osdvideo_busyspinner]">special://skin/extras/busy/netflixorigin.apng</texture>
				<aspectratio align="center" aligny="center">keep</aspectratio>
			</control>
			<control type="label" id="1">
				<description>maybe buggy</description>
				<top>0</top>
				<bottom>0</bottom>
				<left>0</left>
				<right>0</right>
				<font>notosans_23_bold</font>
				<label>$INFO[Player.CacheLevel,, %]</label>
				<align>center</align>
				<aligny>center</aligny>
			</control>
		</control>			
	</controls>
</window>
