<?xml version="1.0" encoding="utf-8"?>
<window type="dialog" id="1105">
	<defaultcontrol always="true">1000</defaultcontrol>
	
	<onunload condition="!$EXP[content_not_locked] + !skin.hassetting(skin_locked_views)">Skin.ToggleSetting(skin_locked_views)</onunload>
	<onunload condition="$EXP[content_not_locked] + skin.hassetting(skin_locked_views)">Skin.ToggleSetting(skin_locked_views)</onunload>
	<onunload>ClearProperty(view_disable_mediawindow,home)</onunload>
	<controls>
		
		<control type="group">
			<description>left - placeholder ? may tend to not use dialog, than better focus menu,settings listing instead and keep them visible</description>
			<include content="Animation_OpenClose_Slide">
				<param name="slide_start" value="-530,0" />
			</include>
			<width>530</width>
			<height>100%</height>
			<left>0</left>
			
			<control type="image">
				<width>530</width>
				<right>0</right>
				<texture colordiffuse="$VAR[color_lib_menu_backgroundpanel]">colors/white.png</texture>
			</control>
			
			<control type="grouplist">
				<height>400</height>
				<width>100%</width>
				<aligny>center</aligny>
				<centertop>45%</centertop>
				
				<control type="label">
					<left>50</left>
					<right>50</right>
					<height>70</height>
					<align>center</align>
					<font>notosans_30_semibold</font>
					<textcolor>$VAR[color_lib_menu_item_fo]</textcolor>
					<wrapmultiline>true</wrapmultiline>
					<label>$LOCALIZE[31040]</label>
				</control>
				<control type="image">
					<width>100%</width>
					<height>200</height>
					<aspectratio align="center">keep</aspectratio>
					<texture colordiffuse="$VAR[color_lib_menu_item_fo]">$VAR[viewselect_window_image]</texture>
				</control>
				<control type="label">
					<width>100%</width>
					<top>-10</top>
					<height>30</height>
					<align>center</align>
					<font>notosans_30_semibold</font>
					<textcolor>$VAR[color_lib_menu_item_fo]</textcolor>
					<label>$VAR[viewselect_window_label,[B][UPPERCASE],[/UPPERCASE][/B]]</label>
				</control>
				<control type="label">
					<description>need variable for container.content(**)</description>
					<width>100%</width>
					<top>10</top>
					<height>45</height>
					<align>center</align>
					<font>notosans_16_bold</font>
					<textcolor>$VAR[color_lib_menu_item_nf]</textcolor>
					<label fallback="the current content is[CR][B]'undefined'[/B]">$INFO[Container.Content, the current content is named [CR][B],[/B]]</label>
				</control>
			</control>
			
		</control>
		
		<control type="group">
			<description>right</description>
			<include content="Animation_OpenClose_Slide">
				<param name="slide_start" value="1390,0" />
			</include>
			<width>1390</width>
			<height>100%</height>
			<right>0</right>
			
			<control type="group">
				<description>Background</description>
				<control type="image">
					<width>3</width>
					<left>0</left>
					<texture colordiffuse="$VAR[color_lib_menu_accent]">colors/white.png</texture>
				</control>
				<control type="image">
					<width>1390</width>
					<right>0</right>
					<bordersize>3,0,0,0</bordersize>
					<texture colordiffuse="$VAR[color_lib_menu_backgroundpanel]">colors/white.png</texture>
				</control>
				<control type="label">
					<visible></visible>
					<height>50</height>
					<width>100%</width>
					<top>10</top>
					<align>center</align>
					<font>notosans_30_semibold</font>
					<textcolor>$VAR[color_lib_menu_item_fo]</textcolor>
					<label>$VAR[viewselect_window_label,$LOCALIZE[31040]  :  [B][UPPERCASE],[/UPPERCASE][/B] ]</label>
				</control>
			</control>
			
			<control type="grouplist" id="1000">
				<description>view select content</description>
				<top>80</top>
				<bottom>10</bottom>
				<left>30</left>
				<itemgap>10</itemgap>
				<pagecontrol>100060</pagecontrol>
				<onleft>100060</onleft>
				
				<include content="viewselect_template">
					<param name="group_id" value="1001" />
					<param name="view_disableable" value="false" />
					<param name="view_id" value="50" />
					<param name="view_label" value="$LOCALIZE[535]" />
				</include>
				<include content="viewselect_template">
					<param name="group_id" value="1002" />
					<param name="view_disableable" value="!String.IsEqual(Container.ViewMode,$LOCALIZE[31240]) | Window.IsActive(skinsettings)" />
					<param name="view_id" value="51" />
					<param name="view_disableable" value="true" />
					<param name="view_label" value="$LOCALIZE[31240]" />
				</include>
				<include content="viewselect_template">
					<param name="group_id" value="1003" />
					<param name="view_disableable" value="!String.IsEqual(Container.ViewMode,$LOCALIZE[31241]) | Window.IsActive(skinsettings)" />
					<param name="view_id" value="52" />
					<param name="view_label" value="$LOCALIZE[31241]" />
				</include>
				<include content="viewselect_template">
					<param name="group_id" value="1004" />
					<param name="view_disableable" value="!String.IsEqual(Container.ViewMode,$LOCALIZE[31242]) | Window.IsActive(skinsettings)" />
					<param name="view_id" value="53" />
					<param name="view_label" value="$LOCALIZE[31242]" />
				</include>
				<include content="viewselect_template">
					<param name="group_id" value="1005" />
					<param name="view_disableable" value="!String.IsEqual(Container.ViewMode,$LOCALIZE[31243]) | Window.IsActive(skinsettings)" />
					<param name="view_id" value="54" />
					<param name="view_label" value="$LOCALIZE[31243]" />
				</include>
				<include content="viewselect_template">
					<param name="group_id" value="1006" />
					<param name="view_disableable" value="!String.IsEqual(Container.ViewMode,$LOCALIZE[31250]) | Window.IsActive(skinsettings)" />
					<param name="view_id" value="56" />
					<param name="view_label" value="$LOCALIZE[31250]" />
				</include>
				<include content="viewselect_template" condition="String.IsEqual(Window(home).Property(view_disable_mediawindow),videos)">
					<param name="group_id" value="1007" />
					<param name="view_disableable" value="!String.IsEqual(Container.ViewMode,$LOCALIZE[31260]) | Window.IsActive(skinsettings)" />
					<param name="view_id" value="58" />
					<param name="view_label" value="$LOCALIZE[31260]" />
				</include>
				<include content="viewselect_template">
					<param name="group_id" value="1008" />
					<param name="view_disableable" value="!String.IsEqual(Container.ViewMode,$LOCALIZE[31259]) | Window.IsActive(skinsettings)" />
					<param name="view_id" value="502" />
					<param name="view_label" value="$LOCALIZE[31259]" />
				</include>
				<include content="viewselect_template">
					<param name="group_id" value="1009" />
					<param name="view_disableable" value="!String.IsEqual(Container.ViewMode,$LOCALIZE[31261]) | Window.IsActive(skinsettings)" />
					<param name="view_id" value="503" />
					<param name="view_label" value="$LOCALIZE[31261]" />
				</include>
				<include content="viewselect_template">
					<param name="group_id" value="1010" />
					<param name="view_disableable" value="!String.IsEqual(Container.ViewMode,$LOCALIZE[31262]) | Window.IsActive(skinsettings)" />
					<param name="view_id" value="504" />
					<param name="view_label" value="$LOCALIZE[31262]" />
				</include>
				<include content="viewselect_template">
					<param name="group_id" value="1011" />
					<param name="view_disableable" value="!String.IsEqual(Container.ViewMode,$LOCALIZE[31244]) | Window.IsActive(skinsettings)" />
					<param name="view_id" value="510" />
					<param name="view_label" value="$LOCALIZE[31244]" />
				</include>
				<include content="viewselect_template">
					<param name="group_id" value="1012" />
					<param name="view_disableable" value="!String.IsEqual(Container.ViewMode,$LOCALIZE[31245]) | Window.IsActive(skinsettings)" />
					<param name="view_id" value="511" />
					<param name="view_label" value="$LOCALIZE[31245]" />
				</include>
				<include content="viewselect_template">
					<param name="group_id" value="1013" />
					<param name="view_disableable" value="!String.IsEqual(Container.ViewMode,$LOCALIZE[31246]) | Window.IsActive(skinsettings)" />
					<param name="view_id" value="512" />
					<param name="view_label" value="$LOCALIZE[31246]" />
				</include>
				<include content="viewselect_template" condition="!String.IsEqual(Window(home).Property(view_disable_mediawindow),videos)">
					<param name="group_id" value="1014" />
					<param name="view_disableable" value="!String.IsEqual(Container.ViewMode,$LOCALIZE[31247]) | Window.IsActive(skinsettings)" />
					<param name="view_id" value="513" />
					<param name="view_label" value="$LOCALIZE[31247]" />
				</include>
				<include content="viewselect_template">
					<param name="group_id" value="1015" />
					<param name="view_disableable" value="!String.IsEqual(Container.ViewMode,$LOCALIZE[31263]) | Window.IsActive(skinsettings)" />
					<param name="view_id" value="520" />
					<param name="view_label" value="$LOCALIZE[31263]" />
				</include>
			</control>
			
			<control type="image">
				<description>bottom offset overlay</description>
				<bottom>0</bottom>
				<height>35</height>
				<width>1400</width>
				<right>-10</right>
				<bordersize>3,0,0,0</bordersize>
				<texture colordiffuse="$VAR[color_lib_menu_backgroundpanel]">diffuse/episodeinfogradient.png</texture>
			</control>
			
			<control type="scrollbar" id="100060">
				<width>2</width>
				<animation effect="zoom" start="100,100" end="400,100" time="200">Focus</animation>
				<animation effect="zoom" start="400,100" end="100,100" time="200">Unfocus</animation>
				
				<onright>1000</onright>
				<onleft>1000</onleft>
				
				<left>0</left>
				<texturesliderbackground />
				<texturesliderbar colordiffuse="$VAR[color_global_scrollbar_slider_fo]">colors/white.png</texturesliderbar>
				<textureslidernib />
				<orientation>vertical</orientation>
			</control>
			
		</control>
		<include content="swan_debug_overlay">
			<param name="textleft" value="$VAR[has_locked_content]
[B]locked views for content container[/B]
- [COLOR green2]view_locked_listing = *custom if container.content empty[/COLOR] $INFO[skin.string(view_locked_listing),[COLOR orange],[/COLOR]]
view_locked_movies $INFO[skin.string(view_locked_movies),[COLOR orange],[/COLOR]]
view_locked_sets $INFO[skin.string(view_locked_sets),[COLOR orange],[/COLOR]]
view_locked_tvshows $INFO[skin.string(view_locked_tvshows),[COLOR orange],[/COLOR]]
view_locked_seasons $INFO[skin.string(view_locked_seasons),[COLOR orange],[/COLOR]]
view_locked_episodes $INFO[skin.string(view_locked_episodes),[COLOR orange],[/COLOR]]
view_locked_musicvideos $INFO[skin.string(view_locked_musicvideos),[COLOR orange],[/COLOR]]
view_locked_artists $INFO[skin.string(view_locked_artists),[COLOR orange],[/COLOR]]
view_locked_albums $INFO[skin.string(view_locked_albums),[COLOR orange],[/COLOR]]
view_locked_songs $INFO[skin.string(view_locked_songs),[COLOR orange],[/COLOR]]
view_locked_files $INFO[skin.string(view_locked_files),[COLOR orange],[/COLOR]]
view_locked_sources $INFO[skin.string(view_locked_sources),[COLOR orange],[/COLOR]]
view_locked_actors $INFO[skin.string(view_locked_actors),[COLOR orange],[/COLOR]]
view_locked_roles $INFO[skin.string(view_locked_roles),[COLOR orange],[/COLOR]]
view_locked_directors $INFO[skin.string(view_locked_directors),[COLOR orange],[/COLOR]]
view_locked_tags $INFO[skin.string(view_locked_tags),[COLOR orange],[/COLOR]]
view_locked_genres $INFO[skin.string(view_locked_genres),[COLOR orange],[/COLOR]]
view_locked_years $INFO[skin.string(view_locked_years),[COLOR orange],[/COLOR]]
view_locked_studios $INFO[skin.string(view_locked_studios),[COLOR orange],[/COLOR]]
view_locked_countries $INFO[skin.string(view_locked_countries),[COLOR orange],[/COLOR]]
view_locked_playlists $INFO[skin.string(view_locked_playlists),[COLOR orange],[/COLOR]]
view_locked_images $INFO[skin.string(view_locked_images),[COLOR orange],[/COLOR]]
view_locked_games  $INFO[skin.string(view_locked_games),[COLOR orange],[/COLOR]]
view_locked_addons $INFO[skin.string(view_locked_addons),[COLOR orange],[/COLOR]]
view_locked_livetv $INFO[skin.string(view_locked_livetv),[COLOR orange],[/COLOR]]
view_locked_mixed $INFO[skin.string(view_locked_mixed),[COLOR orange],[/COLOR]]
view_locked_unknown $INFO[skin.string(view_locked_unknown),[COLOR orange],[/COLOR]]
view_locked_plugins $INFO[skin.string(view_locked_plugins),[COLOR orange],[/COLOR]]

[B]disabled views[/B]
    $INFO[Skin.String(videos_disabled_view_50),videos_disabled_view_50  [COLOR red],[/COLOR]]
    $INFO[Skin.String(videos_disabled_view_51),videos_disabled_view_51  [COLOR red],[/COLOR]]
    $INFO[Skin.String(videos_disabled_view_52),videos_disabled_view_52  [COLOR red],[/COLOR]]
    $INFO[Skin.String(videos_disabled_view_53),videos_disabled_view_53  [COLOR red],[/COLOR]]
    $INFO[Skin.String(videos_disabled_view_54),videos_disabled_view_54  [COLOR red],[/COLOR]]
    $INFO[Skin.String(videos_disabled_view_56),videos_disabled_view_56  [COLOR red],[/COLOR]]
    $INFO[Skin.String(videos_disabled_view_58),videos_disabled_view_58  [COLOR red],[/COLOR]]
    $INFO[Skin.String(videos_disabled_view_502),videos_disabled_view_502  [COLOR red],[/COLOR]]
    $INFO[Skin.String(videos_disabled_view_503),videos_disabled_view_503  [COLOR red],[/COLOR]]
    $INFO[Skin.String(videos_disabled_view_504),videos_disabled_view_504  [COLOR red],[/COLOR]]
	$INFO[Skin.String(videos_disabled_view_510),videos_disabled_view_510  [COLOR red],[/COLOR]]
	$INFO[Skin.String(videos_disabled_view_511),videos_disabled_view_511  [COLOR red],[/COLOR]]
	$INFO[Skin.String(videos_disabled_view_512),videos_disabled_view_512  [COLOR red],[/COLOR]]
	$INFO[Skin.String(videos_disabled_view_513),videos_disabled_view_513  [COLOR red],[/COLOR]]
    $INFO[Skin.String(music_disabled_view_50),music_disabled_view_50  [COLOR red],[/COLOR]]
    $INFO[Skin.String(music_disabled_view_51),music_disabled_view_51  [COLOR red],[/COLOR]]
    $INFO[Skin.String(music_disabled_view_52),music_disabled_view_52  [COLOR red],[/COLOR]]
    $INFO[Skin.String(music_disabled_view_53),music_disabled_view_53  [COLOR red],[/COLOR]]
    $INFO[Skin.String(music_disabled_view_54),music_disabled_view_54  [COLOR red],[/COLOR]]
    $INFO[Skin.String(music_disabled_view_56),music_disabled_view_56  [COLOR red],[/COLOR]]
    $INFO[Skin.String(music_disabled_view_502),music_disabled_view_502  [COLOR red],[/COLOR]]
    $INFO[Skin.String(music_disabled_view_503),music_disabled_view_503  [COLOR red],[/COLOR]]
    $INFO[Skin.String(music_disabled_view_504),music_disabled_view_504  [COLOR red],[/COLOR]]
	$INFO[Skin.String(music_disabled_view_510),music_disabled_view_510  [COLOR red],[/COLOR]]
	$INFO[Skin.String(music_disabled_view_511),music_disabled_view_511  [COLOR red],[/COLOR]]
	$INFO[Skin.String(music_disabled_view_512),music_disabled_view_512  [COLOR red],[/COLOR]]
	$INFO[Skin.String(music_disabled_view_513),music_disabled_view_513  [COLOR red],[/COLOR]]
	$INFO[Skin.String(music_disabled_view_520),music_disabled_view_520  [COLOR red],[/COLOR]]
"/>
</include>
	</controls>
</window>