<?xml version="1.0" encoding="UTF-8"?>
<window>
	<include content="media_window_attributes">
		<param name="view_ids" value="50,51,52,53,54,56,502,503,504" />
	</include>
	<controls>
		
		<include content="mediawindow_layout">
			<param name="window" value="pictures" />
		</include>
		
		<include content="swan_debug_overlay">
			<param name="textleft" value="1  istitem.filenameandpath :  $INFO[listitem.filenameandpath]
2  listitem.path :         $INFO[listitem.path]
3  ListItem.FolderName :  $INFO[ListItem.FolderName]
4  Container.FolderPath :  $INFO[Container.FolderPath]
5  Container.Content  :  $INFO[Container.Content]  ; Container.ListItem.dbtype  :  $INFO[ Container.ListItem.dbtype]
"/>
		</include>

	</controls>
</window>
