<?xml version="1.0" encoding="utf-8"?>
<includes>
	
<include name="fontset">


		<font>
			<name>toggledebug</name>
			<filename>arial.ttf</filename>
			<size>20</size>
			<style>bold</style>
		</font>
		<font>
			<name>montserrat_11_extrabold</name>
			<filename>$PARAM[extra_bold].ttf</filename>
			<size>11</size>
		</font>
		<font>
			<name>montserrat_11_extrabold</name>
			<filename>$PARAM[extra_bold].ttf</filename>
			<size>11</size>
		</font>
		<font>
			<name>montserrat_14_extrabold</name>
			<filename>$PARAM[extra_bold].ttf</filename>
			<size>14</size>
		</font>
		<font>
			<name>montserrat_16_extrabold</name>
			<filename>$PARAM[extra_bold].ttf</filename>
			<size>16</size>
		</font>
		<font>
			<name>montserrat_18_extrabold</name>
			<filename>$PARAM[extra_bold].ttf</filename>
			<size>18</size>
		</font>
		<font>
			<name>montserrat_24_extrabold</name>
			<filename>$PARAM[extra_bold].ttf</filename>
			<size>24</size>
		</font>
		<font>
			<name>montserrat_30_extrabold</name>
			<filename>$PARAM[extra_bold].ttf</filename>
			<size>30</size>
		</font>
		<font>
			<name>montserrat_38_extrabold</name>
			<filename>$PARAM[extra_bold].ttf</filename>
			<size>38</size>
		</font>
		<font>
			<name>montserrat_40_extrabold</name>
			<linespacing>0.75</linespacing>
			<filename>$PARAM[extra_bold].ttf</filename>
			<size>40</size>
		</font>
		<font>
			<name>montserrat_50_extrabold</name>
			<filename>$PARAM[extra_bold].ttf</filename>
			<size>50</size>
		</font>
		<font>
			<name>montserrat_68_extrabold</name>
			<filename>$PARAM[extra_bold].ttf</filename>
			<size>68</size>
		</font>
		<font>
			<name>montserrat_90_bold</name>
			<filename>$PARAM[extra_bold].ttf</filename>
			<size>90</size>
		</font>
		<font>
			<name>montserrat_190_bold</name>
			<filename>$PARAM[extra_bold].ttf</filename>
			<size>190</size>
		</font>
		<font>
			<name>montserrat_16_semibold</name>
			<filename>$PARAM[extra_semibold].ttf</filename>
			<size>16</size>
		</font>
		<font>
			<name>montserrat_18_semibold</name>
			<filename>$PARAM[extra_semibold].ttf</filename>
			<size>18</size>
		</font>
		<font>
			<name>montserrat_20_semibold_lowlined</name>
			<filename>$PARAM[extra_semibold].ttf</filename>
			<linespacing>0.8</linespacing>
			<size>20</size>
		</font>
		<font>
			<name>montserrat_22_semibold</name>
			<filename>$PARAM[extra_semibold].ttf</filename>
			<size>22</size>
		</font>
		<font>
			<name>montserrat_22_semibold_lowline</name>
			<filename>$PARAM[extra_semibold].ttf</filename>
			<linespacing>0.8</linespacing>
			<size>22</size>
		</font>
		<font>
			<name>montserrat_24_semibold</name>
			<filename>$PARAM[extra_semibold].ttf</filename>
			<size>24</size>
		</font>
		<font>
			<name>montserrat_32_semibold</name>
			<filename>$PARAM[extra_semibold].ttf</filename>
			<linespacing>0.8</linespacing>
			<size>32</size>
		</font>
		
		<!-- liberationsans_*_bold -->
		<font>
			<name>liberationsans_22_bold_light</name>
			<filename>LiberationSans-Bold.ttf</filename>
			<size>22</size>
			<aspect>0.80</aspect>
			<style>lighten</style>
		</font>
		<font>
			<name>liberationsans_23_bold</name>
			<filename>LiberationSans-Bold.ttf</filename>
			<size>23</size>
			<aspect>1.06</aspect>
		</font>
		
		<!-- liberationsans_*_regular -->
		<font>
			<name>liberationsans_26_regular_b</name>
			<filename>LiberationSans-Regular.ttf</filename>
			<linespacing>1.2</linespacing>
			<size>26</size>
			<aspect>1.06</aspect>
			<style>bold</style>
		</font>
		<font>
			<name>liberationsans_34_regular_b</name>
			<filename>LiberationSans-Regular.ttf</filename>
			<linespacing>1.2</linespacing>
			<size>34</size>
			<!-- <aspect>1.08</aspect> -->
			<style>bold</style>
		</font>
		<font>
			<name>liberationsans_27_regular</name>
			<filename>LiberationSans-Regular.ttf</filename>
			<linespacing>1.3</linespacing>
			<size>27</size>
			<aspect>1.08</aspect>
		</font>
		<font>
			<name>liberationsans_64_regular_b</name>
			<filename>LiberationSans-Regular.ttf</filename>
			<size>64</size>
			<aspect>1.03</aspect>
			<style>bold</style>
		</font>
		
		<!-- notosans_*_bold -->
		<font>
			<name>notosans_15_bold</name>
			<filename>NotoSans-Bold.ttf</filename>
			<size>15</size>
		</font>
		<font>
			<name>notosans_16_bold_lowlined</name>
			<linespacing>0.5</linespacing>
			<filename>NotoSans-Bold.ttf</filename>
			<size>16</size>
		</font>
		<font>
			<name>notosans_16_bold</name>
			<filename>NotoSans-Bold.ttf</filename>
			<size>16</size>
		</font>
		<font>
			<name>notosans_18_bold</name>
			<filename>NotoSans-Bold.ttf</filename>
			<size>18</size>
		</font>
		<font>
			<name>notosans_20_bold</name>
			<filename>NotoSans-Bold.ttf</filename>
			<size>20</size>
		</font>
		<font>
			<name>notosans_20_bold_lowline</name>
			<linespacing>0.7</linespacing>
			<filename>NotoSans-Bold.ttf</filename>
			<size>22</size>
		</font>
		<font>
			<name>notosans_22_bold_highlined</name>
			<filename>NotoSans-bold.ttf</filename>
			<linespacing>1.2</linespacing>
			<size>22</size>
		</font>
		<font>
			<name>notosans_22_bold</name>
			<filename>NotoSans-Bold.ttf</filename>
			<size>22</size>
		</font>
		<font>
			<name>notosans_23_bold</name>
			<filename>NotoSans-Bold.ttf</filename>
			<size>23</size>
		</font>
		<font>
			<name>notosans_24_bold_highlined</name>
			<filename>NotoSans-bold.ttf</filename>
			<linespacing>1.2</linespacing>
			<size>24</size>
		</font>
		<font>
			<name>notosans_24_bold</name>
			<filename>NotoSans-bold.ttf</filename>
			<size>24</size>
		</font>
		<font>
			<name>notosans_25_bold</name>
			<filename>NotoSans-Bold.ttf</filename>
			<size>25</size>
		</font>
		<font>
			<name>notosans_30_bold</name>
			<filename>NotoSans-Bold.ttf</filename>
			<size>30</size>
		</font>
		<font>
			<name>notosans_32_bold</name>
			<filename>NotoSans-Bold.ttf</filename>
			<size>32</size>
		</font>
		<font>
			<name>notosans_34_bold_highlined</name>
			<filename>NotoSans-bold.ttf</filename>
			 <linespacing>1.3</linespacing>
			<size>34</size>
		</font>
		<font>
			<name>notosans_36_bold</name>
			<filename>NotoSans-Bold.ttf</filename>
			<size>36</size>
		</font>
		<font>
			<name>notosans_38_bold_lowlined</name>
			<filename>NotoSans-Bold.ttf</filename>
			<size>38</size>
			<linespacing>0.8</linespacing>
		</font>
		<font>
			<name>notosans_45_bold</name>
			<filename>NotoSans-Bold.ttf</filename>
			<size>45</size>
		</font>
		<font>
			<name>notosans_52_bold</name>
			<filename>NotoSans-Bold.ttf</filename>
			<size>52</size>
		</font>
		<font>
			<name>notosans_60_bold</name>
			<filename>NotoSans-Bold.ttf</filename>
			<size>60</size>
		</font>
		
		<!-- notosans_*_semibold -->
		<font>
			<name>notosans_18_semibold</name>
			<filename>NotoSans-SemiBold.ttf</filename>
			<size>18</size>
			<linespacing>0.9</linespacing>
		</font>
		<font>
			<name>notosans_21_semibold</name>
			<filename>NotoSans-SemiBold.ttf</filename>
			<size>21</size>
		</font>
		<font>
			<name>notosans_26_semibold</name>
			<filename>NotoSans-SemiBold.ttf</filename>
			<size>26</size>
		</font>
		<font>
			<name>notosans_27_semibold</name>
			<filename>NotoSans-SemiBold.ttf</filename>
			 <linespacing>1.2</linespacing>
			<size>27</size>
		</font>
		<font>
			<name>notosans_30_semibold</name>
			<filename>NotoSans-SemiBold.ttf</filename>
			<size>30</size>
		</font>

		
		<!-- notosans_*_regular -->
		<font>
			<name>notosans_16_regular</name>
			<filename>NotoSans-Regular.ttf</filename>
			<size>16</size>
		</font>
		<font>
			<name>notosans_18_regular</name>
			<filename>NotoSans-Regular.ttf</filename>
			<size>18</size>
		</font>
		<font>
			<name>notosans_20_regular</name>
			<filename>NotoSans-Regular.ttf</filename>
			<size>20</size>
		</font>
		<font>
			<name>notosans_22_regular</name>
			<filename>NotoSans-Regular.ttf</filename>
			<size>22</size>
		</font>
		<font>
			<name>notosans_22_regular_lowlined</name>
			<filename>NotoSans-Regular.ttf</filename>
			<size>22</size>
			<linespacing>0.9</linespacing>
		</font>
		<font>
			<name>notosans_23_regular_l</name>
			<filename>NotoSans-Regular.ttf</filename>
			<size>23</size>
			<style>lighten</style>
		</font>
		<font>
			<name>notosans_24_regular</name>
			<filename>NotoSans-Regular.ttf</filename>
			<size>24</size>
		</font>
		<font>
			<name>notosans_25_regular_l</name>
			<filename>NotoSans-Regular.ttf</filename>
			<size>25</size>
			<style>lighten</style>
		</font>
		<font>
			<name>notosans_25_regular_l_lowline</name>
			<filename>NotoSans-Regular.ttf</filename>
			<linespacing>0.9</linespacing>
			<size>25</size>
			<style>lighten</style>
		</font>
		<font>
			<name>notosans_25_regular_b</name>
			<filename>NotoSans-Regular.ttf</filename>
			<size>25</size>
			<style>bold</style>
		</font>
		<font>
			<name>notosans_25_regular_l_lowline</name>
			<filename>NotoSans-Regular.ttf</filename>
			<size>25</size>
			<style>lighten</style>
			<linespacing>0.8</linespacing>
		</font>
		<font>
			<name>notosans_27_regular_l</name>
			<filename>NotoSans-Regular.ttf</filename>
			<size>27</size>
			<style>lighten</style>
		</font>
		<font>
			<name>notosans_30_regular_l</name>
			<filename>NotoSans-Regular.ttf</filename>
			<size>30</size>
			<style>lighten</style>
		</font>
		<font>
			<name>notosans_33_regular_l</name>
			<filename>NotoSans-Regular.ttf</filename>
			<size>33</size>
			<style>lighten</style>
		</font>
		<font>
			<name>notosans_37_regular_l</name>
			<filename>NotoSans-Regular.ttf</filename>
			<size>37</size>
			<style>lighten</style>
		</font>
		<font>
			<name>notosans_40_regular</name>
			<filename>NotoSans-Regular.ttf</filename>
			<size>40</size>
		</font>
		<font>
			<name>notosans_45_regular_l</name>
			<filename>NotoSans-Regular.ttf</filename>
			<size>45</size>
			<style>lighten</style>
		</font>
		<font>
			<name>notosans_46_regular</name>
			<filename>NotoSans-Regular.ttf</filename>
			<size>46</size>
		</font>
		<font>
			<name>notosans_50_regular</name>
			<filename>NotoSans-Regular.ttf</filename>
			<size>50</size>
		</font>
		<font>
			<name>notosans_60_regular_l</name>
			<filename>NotoSans-Regular.ttf</filename>
			<size>60</size>
			<style>lighten</style>
		</font>
		
		<!-- roboto_*_condensedbold -->
		<font>
			<name>roboto_25_condensedbold</name>
			<filename>Roboto-Condensed-Bold.ttf</filename>
			<style>bold</style>
			<aspect>1.1</aspect>
			<linespacing>1.1</linespacing>
			<size>25</size>
		</font>
		<font>
			<name>roboto_32_condensedbold</name>
			<filename>Roboto-Condensed-Bold.ttf</filename>
			<style>bold</style>
			<aspect>1.2</aspect>
			<linespacing>1.1</linespacing>
			<size>32</size>
		</font>
		<font>
			<name>roboto_36_condensedbold</name>
			<filename>Roboto-Condensed-Bold.ttf</filename>
			<style>bold</style>
			<aspect>1.2</aspect>
			<size>36</size>
		</font>
		
		<!-- roboto_*_condensedregular -->
		<font>
			<name>roboto_20_condensedregular</name>
			<filename>Roboto-Condensed-Regular.ttf</filename>
			<size>20</size>
		</font>
		<font>
			<name>roboto_22_condensedregular</name>
			<filename>Roboto-Condensed-Regular.ttf</filename>
			<size>22</size>
		</font>
		<font>
			<name>roboto_26_condensedregular</name>
			<filename>Roboto-Condensed-Regular.ttf</filename>
			<size>26</size>
		</font>
		<font>
			<name>roboto_28_condensedregular_highlined</name>
			<filename>Roboto-Condensed-Regular.ttf</filename>
			<linespacing>1.2</linespacing>
			<size>28</size>
		</font>
		<font>
			<name>roboto_32_condensedregular</name>
			<filename>Roboto-Condensed-Regular.ttf</filename>
			<size>32</size>
		</font>
		<font>
			<name>roboto_36_condensedregular</name>
			<filename>Roboto-Condensed-Regular.ttf</filename>
			<size>36</size>
		</font>
		<font>
			<name>roboto_40_condensedregular</name>
			<filename>Roboto-Condensed-Regular.ttf</filename>
			<size>40</size>
		</font>
			
		<!-- roboto_*_thin -->
		<font>
			<name>roboto_35_thin</name>
			<filename>Roboto-Thin.ttf</filename>
			<size>35</size>
		</font>
		<font>
			<name>roboto_40_thin</name>
			<filename>Roboto-Thin.ttf</filename>
			<size>40</size>
		</font>
		<font>
			<name>roboto_70_thin</name>
			<filename>Roboto-Thin.ttf</filename>
			<size>70</size>
		</font>
		<font>
			<name>roboto_90_thin</name>
			<filename>Roboto-Thin.ttf</filename>
			<size>90</size>
		</font>

</include>
</includes>