<?xml version="1.0" encoding="UTF-8"?>
<window type="window" id="1110">
	<backgroundcolor>$VAR[BackgroundColor_HUB]</backgroundcolor>
	<menucontrol>111098</menucontrol>
	<defaultcontrol always="true">111098</defaultcontrol>
	<animation effect="fade" start="0" end="100" time="325">WindowOpen</animation>
	<onload condition="!Skin.HasSetting(MusicHUB_StartUprecommendation)">SetProperty(HUB_Music,common,home)</onload>
	<onload condition="Skin.HasSetting(MusicHUB_StartUprecommendation)">SetProperty(HUB_Music,recommendation,home)</onload>
	
	<onunload>ClearProperty(HUB_artwork,home)</onunload>
	<onunload>ClearProperty(HUB_EncodedArtist,home)</onunload>
	<onunload>ClearProperty(HUB_Music_artist,home)</onunload>
	<onunload>ClearProperty(HUB_Music,home)</onunload>
	
	<controls>
	
	
	<!-- 
	ids [windowid]+[2digitnum]
	
	top bar 111099
	left bar/menucontrol  111098 
	widgets 111097
	global scrollbar 111060 - change me to button group
	-->
	
	<control type="group">
		<height>100</height>
        <width>100%</width>
			
		<description>H U B    H E A D E R    B A R</description>	
			<control type="image">
				<texture colordiffuse="$VAR[PanelGradient1_HUB]">colors/white.png</texture>
				<aspectratio>stretch</aspectratio>
			</control>
			<!-- Item Bar -->
			<control type="grouplist" id="111099">
				<top>10</top>
				<left>300</left>
				<width>1700</width>
				<height>80</height>
				<orientation>horizontal</orientation>
				<usecontrolcoords>falase</usecontrolcoords>
				<itemgap>10</itemgap>
				<onleft>111098</onleft>
				<onright>111099</onright>
				<onup>111097</onup>
				<ondown>111097</ondown>
			
				<control type="edit" id="100002">
					<top>7</top>
					<height>60</height>
					<width>400</width>
					<hinttext>$LOCALIZE[19140]</hinttext>
					<texturefocus diffuse="buttons/button_6to1_Trans.png" colordiffuse="$VAR[BackgroundColor_HUB]">colors/white10.png</texturefocus>	
					<texturenofocus diffuse="buttons/button_6to1_Trans.png" colordiffuse="$VAR[BackgroundColor_HUB]">colors/white50.png</texturenofocus>
					<font>SearchControl</font>
					<textoffsetx>20</textoffsetx>
					<textoffsety>15</textoffsety>
					<textcolor>grey</textcolor>
					<focusedcolor>white</focusedcolor>
					<disabledcolor />
					<invalidcolor />
					<aligny>center</aligny>
					<pulseonselect>no</pulseonselect>
					<label />
				</control>
				
				
				
<!-- 

Player.HasMedia 	Returns true if the player has an audio or video file. 	
Player.HasAudio 	Returns true if the player has an audio file. 	
Player.HasDuration 	Returns true if Media isn't a true stream 	
Player.HasVideo 	Returns true if the player has a video file. 	
Player.Passthrough 	Returns true if the player is using audio passthrough. 	
Player.Playing 	Returns true if the player is currently playing (ie not ffwding, rewinding or paused.) 	
Player.Paused 	Returns true if the player is paused. 	
Player.Forwarding 	Returns true if the player is fast forwarding. 	
Player.Forwarding2x 	Returns true if the player is fast forwarding at 2x. 	
Player.Forwarding4x 	Returns true if the player is fast forwarding at 4x. 	
Player.Forwarding8x 	Returns true if the player is fast forwarding at 8x. 	
Player.Forwarding16x 	Returns true if the player is fast forwarding at 16x. 	
Player.Forwarding32x 	Returns true if the player is fast forwarding at 32x. 	
Player.Rewinding 	Returns true if the player is rewinding. 	
Player.Rewinding2x 	Returns true if the player is rewinding at 2x. 	
Player.Rewinding4x 	Returns true if the player is rewinding at 4x. 	
Player.Rewinding8x 	Returns true if the player is rewinding at 8x. 	
Player.Rewinding16x 	Returns true if the player is rewinding at 16x. 	
Player.Rewinding32x 	Returns true if the player is rewinding at 32x. 	
Player.PauseEnabled 	Returns true if the currently playing stream can be paused. 	
Player.Caching 	Returns true if the player is current re-caching data (internet based video playback). 	
Player.DisplayAfterSeek 	Returns true for the first 2.5 seconds after a seek. 	
Player.Seeking 	Returns true if a seek is in progress 	
Player.SeekEnabled 	Returns true if player can seek 	
Player.ShowTime 	Returns true if the user has requested the time to show (occurs in video fullscreen) 	
Player.ShowInfo 	Returns true if the user has requested the song info to show (occurs in visualisation fullscreen and slideshow) 	
Player.IsInternetStream 	Returns true if the player is playing an internet stream. 	
Player.Muted 	Returns true if the volume is muted. 	
Player.Process(videohwdecoder) 	Returns true if the currently playing video is decoded in hardware 	v17 addition
Player.TempoEnabled 	Returns true if the current player supports changing the playback speed 	v17 addition
Player.IsTempo 	Returns true if the current playbackspeed is not equal to 1 	v17 addition
Player.HasGame 	Returns true if the player is playing a game 	v18
Player.HasResolutions 	Returns true when multiple resolutions are available 	v18
Player.FrameAdvance 	Returns true if player is in frame advance mode 	v18 

MusicPlayer.HasNext 	Returns true if the music player has a next song queued in the Playlist. 	
MusicPlayer.HasPrevious 	Returns true if the music player has a a Previous Song in the Playlist . 	
MusicPlayer.Offset(number).Exists 	Returns true if the music players playlist has a song queued in position (number). 	
MusicPlayer.Content(parameter) 	Returns true if the current audio you are playing matches the specified content. The following values are accepted: files, livetv 	
MusicPartyMode.Enabled

Playlist.IsRandom 	Returns true if the player is in random mode. 	
Playlist.IsRepeat 	Returns true if the player is in repeat all mode. 	
Playlist.IsRepeatOne 	Returns true if the player is in repeat one mode.

-->
				
				<!-- testing -->
				<control type="image" id="488">
					<visible>Player.HasAudio</visible>
					<height>80</height>
					<width>85</width>
					<bordersize>1</bordersize>
					<bordertexture>colors/white.png</bordertexture>
					<texture>$INFO[Player.Art(thumb)]</texture>
					<aspectratio align="center" aligny="top">keep</aspectratio>
				</control>
				
				<control type="button" id="498">
					<visible>Player.HasAudio</visible>
					<height>25</height>
					<width>auto</width>
					<onclick>playlist</onclick>
					<label>playlist</label>
				</control>
				
				<control type="button" id="497">
					<visible>MusicPlayer.HasNext</visible>
					<height>70</height>
					<width>70</width>
					<onclick>PlayerControl(Previous)</onclick>
					<label />
					<texturefocus flipx="true">buttons/osd/next.png</texturefocus>
					<texturenofocus flipx="true">buttons/osd/next.png</texturenofocus>
				</control>
				<control type="button" id="492">
					<visible>Player.HasAudio</visible>
					<height>70</height>
					<width>70</width>
					<onclick>PlayerControl(play)</onclick>
					<label />
					<texturefocus>buttons/osd/pause.png</texturefocus>
					<texturenofocus>buttons/osd/pause.png</texturenofocus>
				</control>
				<control type="button" id="491">
					<visible>MusicPlayer.Playing</visible>
					<height>70</height>
					<width>70</width>
					<onclick>PlayerControl(stop)</onclick>
					<label>stop</label>
				</control>
				
				<control type="button" id="496">
					<visible>MusicPlayer.HasNext</visible>
					<height>70</height>
					<width>70</width>
					<onclick>PlayerControl(Next)</onclick>
					<label />
					<texturefocus>buttons/osd/next.png</texturefocus>
					<texturenofocus>buttons/osd/next.png</texturenofocus>
				</control>
				<control type="button" id="495">
					<visible>MusicPlayer.HasNext</visible>
					<height>25</height>
					<width>auto</width>
					<onclick>PlayerControl(Partymode(music))</onclick>
					<label>party</label>
				</control>
				
				
				
				 <!-- 	Allows control of music and videos. The command may be one of Play, Stop, Forward, Rewind, Next, Previous, BigSkipForward, BigSkipBackward, SmallSkipForward, SmallSkipBackward, FrameAdvance(#), TempoUp, TempoDown, Random, RandomOn, RandomOff, Repeat, RepeatOne, RepeatAll, RepeatOff, Partymode(music) or Partymode(video) or Partymode(path to .xsp file) or Reset.

Play will either pause, resume, or stop ffwding or rewinding. Random toggles random playback and Repeat cycles through the repeat modes (these both take an optional second parameter, Notify, that notifies the user of the new state). Partymode(music/video) toggles the appropriate partymode, defaults to music if no parameter is given, besides the default music or video partymode you can also pass a path to a custom smartplaylist (.xsp) as parameter. Reset only applies to games and will reset the currently playing game.  -->
		
			
				
				
			</control>	
			
	
	</control>
		
	<control type="group">
		<description>B G    F A N A R T    M U S I C V I D E O</description>
		<right>0</right>
		<top>100</top>
		<width>84%</width>
		<control type="image">
			<visible>String.StartsWith(Window(home).Property(HUB_Music),Is)</visible>
			<fadetime>350</fadetime>
			<bordertexture diffuse="diffuse/landscape_gradient_100.png" colordiffuse="$VAR[BackgroundColor_HUB]">colors/white.png</bordertexture>
			<texture background="true" diffuse="diffuse/landscape_gradient_soft.png">$INFO[Window(home).Property(HUB_artwork)]</texture>
			<aspectratio scalediffuse="true" align="right" aligny="top">keep</aspectratio>
		</control>
		<control type="group">
			<description>BG VideoControl</description>
			<visible>Player.HasVideo</visible>
			<control type="videowindow" />
			<control type="image">
				<fadetime>350</fadetime>
				<bordersize>0</bordersize>
				<texture colordiffuse="$VAR[BackgroundColor_HUB]">colors/white50.png</texture>
				<aspectratio scalediffuse="true" align="right" aligny="top">scale</aspectratio>
			</control>
		</control>
		<control type="image">
			<description>10percentgrey</description>
			<visible>String.StartsWith(Window(home).Property(HUB_Music),Is)</visible>
			<visible>!Player.HasVideo</visible>
			<fadetime>350</fadetime>
			<bordertexture diffuse="diffuse/landscape_gradient_100.png" colordiffuse="1A686868">colors/white.png</bordertexture>
			<texture diffuse="diffuse/landscape_gradient_100.png" colordiffuse="$VAR[BackgroundColor_HUB]">colors/white70.png</texture>
			<aspectratio scalediffuse="true" align="right" aligny="top">stretch</aspectratio>
		</control>
	</control>
	
	<control type="group">
	
		<animation reversible="false" effect="slide" start="0,0" end="-450,0" time="300" tween="cubic" easing="inout" condition="String.IsEqual(Window.Property(CurrentPlaylistVisible),true)">conditional</animation>
		
		<description>S I D E    B A R    L E F T</description>
		<height>100%</height>
        <width>16%</width>
		<posy>100</posy>
		<include content="bg_gradientmulticolor">
			<param name="layer2_visible" value="true" />
		</include>
		
		<control type="grouplist" id="111098">
			<posx>10</posx>
			<onup>100002</onup>
			<ondown>111098</ondown>
			<onleft>111097</onleft>
			<onright>111097</onright>
			<orientation>vertical</orientation>
			<itemgap>10</itemgap>
			
			<include content="hub_sectionheader">
				<param name="id" value="01" />
				<param name="label" value="$LOCALIZE[10516]" />
			</include>
			
			<include content="hub_button">
				<param name="visible" value="PVR.HasRadioChannels" />
				<param name="id" value="02" />
				<param name="property" value="pvr" />
				<param name="action" value="ActivateWindow(PVR,pvr://channels/radio/,return)" />
				<param name="label" value="$LOCALIZE[19024]" />
				<param name="radio_icon" value="defaultaddonartistinfo.png" />
			</include>
			
			<include content="hub_button">
				<param name="id" value="03" />
				<param name="property" value="common" />
				<param name="action" value="ActivateWindow(Music,sources://music/,return)" />
				<param name="label" value="$LOCALIZE[2]" />
				<param name="radio_icon" value="defaultaddonmusic.png" />
			</include>
			
			<include content="hub_button">
				<param name="id" value="04" />
				<param name="property" value="musicvideos" />
				<param name="action" value="ActivateWindow(Videos,videodb://musicvideos/titles/,return)" />
				<param name="label" value="$LOCALIZE[20389]" />
				<param name="radio_icon" value="defaultmusicvideos.png" />
			</include>
			
			<include content="hub_button">
				<param name="id" value="05" />
				<param name="property" value="musicaddons" />
				<param name="action" value="ActivateWindow(Music,addons://sources/audio/,return)" />
				<param name="label" value="$LOCALIZE[1038]" />
				<param name="radio_icon" value="defaultaddonlibrary.png" />
			</include>
			
			<include content="hub_button">
				<param name="visible" value="System.HasAddon(plugin.video.youtube)" />
				<param name="id" value="06" />
				<param name="property" value="youtube" />
				<param name="action" value="RunPlugin(plugin.video.youtube)" />
				<param name="label" value="You Tube" />
				<param name="radio_icon" value="icons/youtube_1.png" />
			</include>
			<!-- <include content="hub_button">
				<param name="visible" value="System.HasAddon(plugin.audio.spotify)" />
				<param name="id" value="07" />
				<param name="property" value="musicaddons" />
				<param name="action" value="RunPlugin(plugin.audio.spotify)" />
				<param name="label" value="Spotify" />
				<param name="radio_icon" value="icons/spotify.png" />
			</include>
			<include content="hub_button">
				<param name="visible" value="System.HasAddon(plugin.audio.soundcloud)" />
				<param name="id" value="08" />
				<param name="property" value="soundcloud" />
				<param name="action" value="RunPlugin(plugin.audio.soundcloud)" />
				<param name="label" value="Soundcloud" />
				<param name="radio_icon" value="icons/sound2.png" />
			</include> -->
			
			<include content="spacer_h">
				<param name="id" value="10" />
			</include>
			
			<include content="hub_sectionheader">
				<param name="id" value="11" />
				<param name="label" value="$LOCALIZE[31148]" />
			</include>
			
			<include content="hub_button">
				<param name="id" value="12" />
				<param name="property" value="artists" />
				<param name="action" value="ActivateWindow(Music,musicdb://artists/,return)" />
				<param name="label" value="$LOCALIZE[133]" />
				<param name="radio_icon" value="defaultmusicartists.png" />
			</include>
			
			<include content="hub_button">
				<param name="id" value="13" />
				<param name="property" value="albums" />
				<param name="action" value="ActivateWindow(Music,musicdb://albums/,return)" />
				<param name="label" value="$LOCALIZE[132]" />
				<param name="radio_icon" value="defaultmusicalbums.png" />
			</include>
			<include content="hub_button">
				<param name="id" value="14" />
				<param name="property" value="albums" />
				<param name="action" value="ActivateWindow(Music,musicdb://compilations/,return)" />
				<param name="label" value="$LOCALIZE[521]" />
				<param name="radio_icon" value="defaultmusiccompilations.png" />
			</include>
			
			<include content="hub_button">
				<param name="id" value="15" />
				<param name="property" value="songs" />
				<param name="action" value="ActivateWindow(Music,musicdb://songs/,return)" />
				<param name="label" value="$LOCALIZE[134]" />
				<param name="radio_icon" value="defaultaddonaudiodecoder.png" />
			</include>
			
			<include content="hub_button">
				<param name="id" value="16" />
				<param name="property" value="artists" />
				<param name="action" value="ActivateWindow(Music,musicdb://genres/,return)" />
				<param name="label" value="$LOCALIZE[135]" />
				<param name="radio_icon" value="defaultmusicgenres.png" />
			</include>
			
			<include content="hub_button">
				<param name="id" value="17" />
				<param name="property" value="albums" />
				<param name="action" value="ActivateWindow(Music,musicdb://years/,return)" />
				<param name="label" value="$LOCALIZE[345]" />
				<param name="radio_icon" value="defaultyear.png" />
			</include>
			
			<include content="spacer_h">
				<param name="id" value="20" />
			</include>
			<include content="hub_sectionheader">
				<param name="id" value="21" />
				<param name="label" value="$LOCALIZE[20382]" />
			</include>
			
			<include content="hub_button">
				<param name="id" value="22" />
				<param name="property" value="albums" />
				<param name="action" value="ActivateWindow(Music,musicdb://recentlyaddedalbums/,return)" />
				<param name="label" value="$LOCALIZE[359]" />
				<param name="radio_icon" value="defaultaddonaudiodecoder.png" />
			</include>
			<include content="hub_button">
				<param name="id" value="23" />
				<param name="property" value="albums" />
				<param name="action" value="ActivateWindow(Music,musicdb://recentlyplayedalbums/,return)" />
				<param name="label" value="$LOCALIZE[517]" />
				<param name="radio_icon" value="defaultaddonaudiodecoder.png" />
			</include>
			<include content="hub_button">
				<param name="id" value="24" />
				<param name="property" value="musicvideos" />
				<param name="action" value="ActivateWindow(Videos,videodb://recentlyaddedmusicvideos/,return)" />
				<param name="label" value="$LOCALIZE[20390]" />
				<param name="radio_icon" value="defaultaddonaudiodecoder.png" />
			</include>
			
			<include content="spacer_h">
				<param name="id" value="40" />
				<param name="gap" value="100" />
			</include>
			
			<include content="hub_sectionheader">
				<param name="id" value="41" />
				<param name="label" value="Meine Playlists" />
			</include>
			
			<control type="panel" id="42">
				<description>doesnt it it here</description>
				<preloaditems>2</preloaditems>
				<orientation>vertical</orientation>
				<width>300</width>
				<height>159</height>
				
				<onleft>01</onleft>
				<onright>41</onright>
				<onup>41</onup>
				<ondown>42</ondown>
				
				<!-- <onclick>ActivateWindow(Music,special://musicplaylists/,return)</onclick> -->
				<onclick>SetProperty(HUB_Music,playlists,home)</onclick>
				
				<scrolltime tween="quadratic">400</scrolltime>
				<autoscroll>true</autoscroll>
				
				<itemlayout height="40" width="240">
					<control type="image">
						<top>-5</top>
						<width>40</width>
						<height>40</height>
						<left>10</left>
						<texture colordiffuse="$VAR[Panel_Text_nf_HUB]">defaultplaylist.png</texture>
					</control>
					<control type="textbox">
						<left>60</left>
						<width>110%</width>
						<height>25</height>
						<textcolor>$VAR[Panel_Text_nf_HUB]</textcolor>
						<font>MenucontrolItem</font>
						<autoscroll>false</autoscroll>
						<label>$INFO[ListItem.Label]</label>
					</control>
				</itemlayout>
				<focusedlayout height="40" width="240">
					<control type="image">
						<top>-5</top>
						<width>40</width>
						<height>40</height>
						<left>10</left>
						<texture colordiffuse="$VAR[Panel_Text_fo_HUB]">defaultplaylist.png</texture>
					</control>
					<control type="textbox">
						<left>60</left>
						<width>110%</width>
						<height>25</height>
						<font>MenucontrolItem</font>
						<textcolor>$VAR[Panel_Text_fo_HUB]</textcolor>
						<autoscroll>true</autoscroll>
						<label>$INFO[ListItem.Label]</label>
					</control>
				</focusedlayout>
				<!-- 
				<content>
					<item id="111">
						<label>Partymode Play</label>
						<label2 />
						<icon>defaultplaylist.png</icon>
						<thumb>defaultplaylist.png</thumb>
						<onclick>PlayerControl(Partymode(music))</onclick>
					</item>
				</content>
				-->
				<content>special://musicplaylists/</content>
				<content>special://skin/playlists/music/</content>
			</control>
		</control>
	</control>
	
	<control type="group">
		<description>Current playlist pos offset right</description>
		<height>100%</height>
        <width>480</width>
		<visible>false</visible>
		<posy>100</posy>
		<right>-480</right>
		<animation effect="slide" start="0,0" end="-480,0" time="300" tween="cubic" easing="inout" condition="String.IsEqual(Window.Property(CurrentPlaylistVisible),true)">conditional</animation>
		
		<include content="bg_gradientmulticolor">
			<param name="layer2_visible" value="true" />
		</include>
		
		<control type="panel" id="98">
			<left>25</left>
			<top>50</top>
			<height>850</height>
			<width>440</width>
			<preloaditems>2</preloaditems>
			<orientation>vertical</orientation>
			<visible>false</visible>
			<onleft>5001</onleft>
			<onleft>ClearProperty(CurrentPlaylistVisible)</onleft>
			<onright>ClearProperty(CurrentPlaylistVisible)</onright>
			
			<onclick>RunScript(script.embuary.helper,action=playall,id=98,type=music,method=fromhere)</onclick>
			
			<pagecontrol>260</pagecontrol>
			
			<onup>98</onup>
			<ondown>98</ondown>
			
			<scrolltime tween="quadratic">400</scrolltime>
			
			<itemlayout height="100" width="440">
				<control type="group">
					<height>90</height>
					<width>440</width>
					
					<height>90</height>
					<width>440</width>
					
					<control type="image">
						<centertop>50%</centertop>
						<left>5</left>
						<width>70</width>
						<height>70</height>
						<texture background="true">$INFO[ListItem.Icon]</texture>
					</control>
					<control type="image">
						<centertop>50%</centertop>
						<left>15</left>
						<width>50</width>
						<height>50</height>
						<texture background="true">special://skin/extras/song_gifs/playingsong.gif</texture>
						<colordiffuse>white</colordiffuse>
						<bordersize>4</bordersize>
						<visible>ListItem.IsPlaying</visible>
						<bordertexture colordiffuse="cc000000">artworkdiffuse/circle.png</bordertexture>
					</control>
					<control type="label">
						<aligny>center</aligny>
						<left>100</left>
						<font>debugtiny</font>
						<textcolor>grey</textcolor>
						<label>$INFO[ListItem.TrackNumber,[B],[/B]  •  ]$INFO[listitem.label]$INFO[listitem.duration,   (,)][CR]$INFO[listitem.artist][CR]$INFO[listitem.album]$INFO[listitem.year,  (,)]</label>
					</control>
					
				</control>
			</itemlayout>
			<focusedlayout height="100" width="440">
					
				<control type="group">
					
					<height>90</height>
					<width>440</width>
					<control type="image">
						<top>10</top>
						<left>10</left>
						<height>1</height>
						<width>400</width>
						<texture background="true">colors/white.png</texture>
						<colordiffuse>cyan</colordiffuse>
					</control>
					<control type="image">
						<bottom>10</bottom>
						<left>10</left>
						<height>1</height>
						<width>400</width>
						<texture background="true">colors/white.png</texture>
						<colordiffuse>cyan</colordiffuse>
					</control>
					<control type="image">
						<centertop>50%</centertop>
						<left>5</left>
						<width>70</width>
						<height>70</height>
						<texture background="true">$INFO[ListItem.Icon]</texture>
					</control>
					<control type="image">
						<centertop>50%</centertop>
						<left>15</left>
						<width>50</width>
						<height>50</height>
						<texture background="true">special://skin/extras/song_gifs/playingsong.gif</texture>
						<colordiffuse>white</colordiffuse>
						<bordersize>4</bordersize>
						<visible>ListItem.IsPlaying</visible>
						<bordertexture colordiffuse="cc000000">artworkdiffuse/circle.png</bordertexture>
					</control>
					<control type="label">
						<aligny>center</aligny>
						<left>100</left>
						<font>debugtiny</font>
						<textcolor>cyan</textcolor>
						<label>$INFO[ListItem.TrackNumber,[B],[/B]  •  ]$INFO[listitem.label]$INFO[listitem.duration,   (,)][CR][COLOR=white]$INFO[listitem.artist][CR]$INFO[listitem.album]$INFO[listitem.year,  (,)][/COLOR]</label>
					</control>
				</control>
			</focusedlayout>
			<content target="music">playlistmusic://</content>
		</control>

	</control>
	
	<control type="grouplist" id="111097">
	
		
		<animation reversible="false" effect="slide" start="0,0" end="-300,0" time="300" tween="cubic" easing="inout" condition="String.IsEqual(Window.Property(CurrentPlaylistVisible),true)">conditional</animation>
		
		<top>150</top>
		<bottom>5</bottom>
		<left>19%</left>
		<width>81%</width>
		<itemgap>-45</itemgap>
		<orientation>vertical</orientation>
		<usecontrolcoords>true</usecontrolcoords>
		<scrolltime tween="cubic" easing="in">300</scrolltime>
		
		<ondown>111097</ondown>
		<onup>100002</onup>
		
		<pagecontrol>111060</pagecontrol>
		<onleft>111060</onleft>
		
		<include content="spacer_h">
			<param name="id" value="5000" />
			<param name="gap" value="0" />
		</include>
		
		<include content="HUB_ContainerHeader">
			<param name="id" value="01" />
			<param name="label" value="A R T I S T S" />
		</include>
		<control type="panel" id="5001">
			<description>Common Artists</description>
			<visible>String.IsEqual(Window(home).Property(HUB_Music),common)</visible>
			
			<include condition="Skin.HasSetting(Force_StayInMusicHub)" content="hub_music_OverrideOnClick" />
			
			<left>5</left>
			<top>50</top>
			<width>1600</width>
			<height>850</height>
			
			<onleft>111060</onleft>
			<onup>100002</onup>
			
			
			<onright>500160</onright>
			
			<pagecontrol>500160</pagecontrol>
			
			<preloaditems>2</preloaditems>
			<orientation>vertical</orientation>
			<scrolltime tween="quadratic">400</scrolltime>
			
			<itemlayout height="300" width="420">
				<control type="group">
					<height>243</height>
					<width>405</width>
					<include content="HUB_Landscape">
						<param name="colordiffuse" value="$VAR[HUB_widget_Frame_NF]" />
						<param name="autoscroll" value="false" />
						<param name="bordersize_bg" value="6" />
					</include>
				</control>
			</itemlayout>
			<focusedlayout height="300" width="420">
				<control type="group">
					<height>243</height>
					<width>405</width>
					<include>Animation_Item_Focus</include>
					<control type="group">
						<include content="HUB_Landscape">
							<param name="colordiffuse" value="$VAR[HUB_widget_Frame_FO]" />
							<param name="autoscroll" value="true" />
							<param name="bordersize_bg" value="4" />
						</include>
						<include>FocusOverlay</include>
					</control>
				</control>
			</focusedlayout>
			<include content="emptywidget">
				<param name="id" value="01" />
			</include>
			<content target="music">$VAR[HUB_content_artists]</content>
		</control>
		
		<include content="HUB_ContainerHeader">
			<param name="id" value="02" />
			<param name="label" value="A L B U M S" />
		</include>
		<control type="panel" id="5002">
			<description>Common albums</description>
			
			<visible>String.IsEqual(Window(home).Property(HUB_Music),common)</visible>
			
			<include condition="Skin.HasSetting(Force_StayInMusicHub)" content="hub_music_OverrideOnClick" />
			
			<left>5</left>
			<width>1600</width>
			<height>610</height>
			
			<top>50</top>
			<onleft>111060</onleft>
			
			<onright>500260</onright>
			<pagecontrol>500260</pagecontrol>
			
			<preloaditems>2</preloaditems>
			<orientation>vertical</orientation>
			<scrolltime tween="quadratic">400</scrolltime>
			<autoscroll>true</autoscroll>
			
			<itemlayout height="300" width="300">
				<control type="group">
					<height>280</height>
					<width>280</width>
					<include content="HUB_square">
						<param name="colordiffuse" value="$VAR[HUB_widget_Frame_NF]" />
						<param name="autoscroll" value="false" />
						<param name="bordersize_bg" value="6" />
					</include>
				</control>
			</itemlayout>
			<focusedlayout height="300" width="300">
				<control type="group">
					<height>280</height>
					<width>280</width>
					<include>Animation_Item_Focus</include>
					<control type="group">
						<include content="HUB_square">
							<param name="colordiffuse" value="$VAR[HUB_widget_Frame_FO]" />
							<param name="autoscroll" value="true" />
							<param name="bordersize_bg" value="4" />
						</include>
					</control>
				</control>
			</focusedlayout>
			<include content="emptywidget">
				<param name="id" value="02" />
			</include>
			<content sortby="year" sortorder="ascending" limit="0">$VAR[HUB_content_albums_artist_or_title]</content>
		</control>
		
		<include content="HUB_ContainerHeader">
			<param name="id" value="04" />
			<param name="label" value="S O N G S" />
		</include>
		<control type="panel" id="5004">
			<description>common songs</description>
			<visible>String.IsEqual(Window(home).Property(HUB_Music),common)</visible>
			
			<left>5</left>
			<width>1600</width>
			<height>200</height>
			<top>50</top>
			<preloaditems>2</preloaditems>
			<orientation>vertical</orientation>
			
			<onleft>111060</onleft>
			<onright>260</onright>
			<pagecontrol>260</pagecontrol>
			
			<onup>5004</onup>
			<ondown>5004</ondown>
			
			<scrolltime tween="quadratic">400</scrolltime>
			<autoscroll>true</autoscroll>
			
			<itemlayout height="100" width="500">
				<control type="group">
					<height>90</height>
					<width>480</width>
					<include content="HUB_box">
						<param name="colordiffuse" value="$VAR[HUB_widget_Frame_NF]" />
						<param name="autoscroll" value="false" />
						<param name="bordersize_bg" value="6" />
					</include>
				</control>
			</itemlayout>
			<focusedlayout height="100" width="500">
				<control type="group">
					<height>90</height>
					<width>480</width>
					<include>Animation_Item_Focus</include>
					<control type="group">
						<include content="HUB_box">
							<param name="colordiffuse" value="$VAR[HUB_widget_Frame_FO]" />
							<param name="autoscroll" value="true" />
							<param name="bordersize_bg" value="4" />
						</include>
					</control>
					<control type="image">
						<centertop>50%</centertop>
						<visible>!ListItem.IsPlaying</visible>
						<left>14</left>
						<visible>true</visible>
						<width>60</width>
						<height>60</height>
						<texture diffuse="artworkdiffuse/circle.png" background="true">overlay/overlay_button_play.png</texture>
						<colordiffuse>white</colordiffuse>
						<bordersize>2</bordersize>
						<bordertexture colordiffuse="55000000">artworkdiffuse/circle.png</bordertexture>
					</control>
				</control>
			</focusedlayout>
			<include content="emptywidget">
				<param name="id" value="04" />
			</include>
			<content sortby="title" sortorder="ascending">$VAR[HUB_content_songs_title_or_artist]</content>
			<!-- limit needed ? <content>$VAR[HUB_content_songs_title]</content> -->
			<!-- no limit needed <content>$VAR[HUB_content_songs_artist]</content> -->
		</control>
		
		<include content="HUB_ContainerHeader">
			<param name="id" value="07" />
			<param name="label" value="Music Videos" />
		</include>
		<control type="panel" id="5007">
			<description>common Music Videos</description>
			<visible>
			String.IsEqual(Window(home).Property(HUB_Music),common) | 
			String.IsEqual(Window(home).Property(HUB_Music),musicvideos)
			</visible>
			<left>5</left>
			<width>1600</width>
			<height>850</height>
			
			<top>50</top>
			<preloaditems>2</preloaditems>
			<orientation>vertical</orientation>
			
			<onleft>111060</onleft>
			<onright>660</onright>
			<pagecontrol>660</pagecontrol>
			
			<onup>5004</onup>
			<ondown>5007</ondown>
			
			<scrolltime tween="quadratic">400</scrolltime>
			<autoscroll>true</autoscroll>
			
			<itemlayout height="300" width="420">
				<control type="group">
					<height>243</height>
					<width>405</width>
					<include content="HUB_Landscape">
						<param name="colordiffuse" value="$VAR[HUB_widget_Frame_NF]" />
						<param name="autoscroll" value="false" />
						<param name="bordersize_bg" value="6" />
					</include>
				</control>
			</itemlayout>
			<focusedlayout height="300" width="420">
				<control type="group">
					<height>243</height>
					<width>405</width>
					<include>Animation_Item_Focus</include>
					<control type="group">
						<include content="HUB_Landscape">
							<param name="colordiffuse" value="$VAR[HUB_widget_Frame_FO]" />
							<param name="autoscroll" value="true" />
							<param name="bordersize_bg" value="4" />
						</include>
						<include>FocusOverlay</include>
					</control>
				</control>
			</focusedlayout>
			<include content="emptywidget">
				<param name="id" value="07" />
			</include>
			<content sortby="artist" sortorder="ascending" limit="0" target="videos">$VAR[HUB_content_musicvideo_titles_or_artist]</content>
		</control>
		
		<include content="HUB_ContainerHeader">
			<param name="id" value="10" />
			<param name="label" value="ARTISTS - ALBUMS + MUSICVIDEOS" />
		</include>
		<control type="panel" id="5010">
			<description>prop artist top 1 row search empty</description>
			<visible>String.IsEqual(Window(home).Property(HUB_Music),artists)</visible>
			<left>5</left>
			<width>1600</width>
			<height>450</height>
			<top>50</top>
			<preloaditems>2</preloaditems>
			<orientation>horizontal</orientation>
			
			<onleft>111060</onleft>
			<onright>660</onright>
			<pagecontrol>660</pagecontrol>
			
			<include condition="Skin.HasSetting(Force_StayInMusicHub)" content="hub_music_OverrideOnClick" />
			
			<onup>5002</onup>
			<ondown>5002</ondown>
			
			<scrolltime tween="quadratic">400</scrolltime>
			<autoscroll>true</autoscroll>
			
			<itemlayout height="400" width="450">
				<control type="group">
					<top>30</top>
					<height>300</height>
					<width>300</width>
					<include content="HUB_Circle">
						<param name="colordiffuse" value="$VAR[HUB_widget_Frame_NF]" />
						<param name="autoscroll" value="false" />
						<param name="bordersize_bg" value="4" />
					</include>
				</control>
			</itemlayout>
			<focusedlayout height="400" width="450">
				<control type="group">
					<top>30</top>
					<height>300</height>
					<width>300</width>
					<include>Animation_Item_Focus</include>
					<control type="group">
						<include content="HUB_Circle">
							<param name="colordiffuse" value="$VAR[HUB_widget_Frame_FO]" />
							<param name="autoscroll" value="true" />
							<param name="bordersize_bg" value="6" />
						</include>
						<include content="FocusOverlay">
							<param name="diffusedimtext" value="artworkdiffuse/circle.png" />
							<param name="bordersize" value="6" />
						</include>
					</control>
				</control>
			</focusedlayout>
			<include content="emptywidget">
				<param name="id" value="10" />
			</include>
			<content sortby="artist" target="music">$VAR[HUB_content_artists]</content>
		</control>
		
		<control type="panel" id="5011">
			<description>albums by artist container onfocus, empty search</description>
			
			<visible>String.IsEqual(Window(home).Property(HUB_Music),artists)</visible>
			
			<include condition="Skin.HasSetting(Force_StayInMusicHub)" content="hub_music_OverrideOnClick" />
			
			<left>5</left>
			<width>1600</width>
			<height>400</height>
			
			<top>50</top>
			
			<onleft>111060</onleft>
			
			<onup>5004</onup>
			<ondown>5004</ondown>
			<onright>500460</onright>
			<pagecontrol>500460</pagecontrol>
			
			<preloaditems>2</preloaditems>
			<orientation>horizontal</orientation>
			<scrolltime tween="quadratic">400</scrolltime>
			<autoscroll>true</autoscroll>
			
			<itemlayout height="300" width="300">
				<control type="group">
					<height>280</height>
					<width>280</width>
					<include content="HUB_square">
						<param name="colordiffuse" value="$VAR[HUB_widget_Frame_NF]" />
						<param name="autoscroll" value="false" />
						<param name="bordersize_bg" value="6" />
					</include>
				</control>
			</itemlayout>
			<focusedlayout height="300" width="300">
				<control type="group">
					<height>280</height>
					<width>280</width>
					<include>Animation_Item_Focus</include>
					<control type="group">
						<include content="HUB_square">
							<param name="colordiffuse" value="$VAR[HUB_widget_Frame_FO]" />
							<param name="autoscroll" value="true" />
							<param name="bordersize_bg" value="4" />
						</include>
					</control>
				</control>
			</focusedlayout>
			<content target="music" sortby="year" sortorder="ascending">$INFO[Container(5010).ListItem.FolderPath]</content>
		</control>
		
		<include content="HUB_ContainerHeader">
			<param name="id" value="12" />
			<param name="label" value="A L B U M S" />
		</include>
		<control type="panel" id="5012">
			<description>Common albums</description>
			
			<visible>String.IsEqual(Window(home).Property(HUB_Music),albums)</visible>
			
			<include condition="Skin.HasSetting(Force_StayInMusicHub)" content="hub_music_OverrideOnClick" />
			
			<left>5</left>
			<width>1600</width>
			<height>820</height>
			
			<top>50</top>
			<onleft>111060</onleft>
			
			
			
			<preloaditems>2</preloaditems>
			<orientation>vertical</orientation>
			<scrolltime tween="quadratic">400</scrolltime>
			<autoscroll>true</autoscroll>
			
			<itemlayout height="400" width="390">
				<control type="group">
					<height>380</height>
					<width>380</width>
					<include content="HUB_square">
						<param name="colordiffuse" value="$VAR[HUB_widget_Frame_NF]" />
						<param name="autoscroll" value="false" />
						<param name="bordersize_bg" value="6" />
					</include>
				</control>
			</itemlayout>
			<focusedlayout height="400" width="390">
				<control type="group">
					<height>380</height>
					<width>380</width>
					<include>Animation_Item_Focus</include>
					<control type="group">
						<include content="HUB_square">
							<param name="colordiffuse" value="$VAR[HUB_widget_Frame_FO]" />
							<param name="autoscroll" value="true" />
							<param name="bordersize_bg" value="4" />
						</include>
					</control>
				</control>
			</focusedlayout>
			<include content="emptywidget">
				<param name="id" value="12" />
			</include>
			<content sortby="year" sortorder="ascending" limit="0">$VAR[HUB_content_albums_title]</content>
		</control>
		
		<include content="HUB_ContainerHeader">
			<param name="id" value="13" />
			<param name="label" value="S O N G S" />
		</include>
		<control type="panel" id="5013">
			<description>Songs</description>
			<visible>String.IsEqual(Window(home).Property(HUB_Music),songs)</visible>
			
			<left>5</left>
			<width>1600</width>
			<height>799</height>
			<top>50</top>
			<preloaditems>2</preloaditems>
			<orientation>vertical</orientation>
			
			<onleft>111060</onleft>
			<onright>260</onright>
			<pagecontrol>260</pagecontrol>
			
			<onup>5010</onup>
			<ondown>5010</ondown>
			
			<scrolltime tween="quadratic">400</scrolltime>
			<autoscroll>true</autoscroll>
			
			<itemlayout height="100" width="500">
				<control type="group">
					<height>90</height>
					<width>480</width>
					<include content="HUB_box">
						<param name="colordiffuse" value="$VAR[HUB_widget_Frame_NF]" />
						<param name="autoscroll" value="false" />
						<param name="bordersize_bg" value="6" />
					</include>
				</control>
			</itemlayout>
			<focusedlayout height="100" width="500">
				<control type="group">
					<height>90</height>
					<width>480</width>
					<include>Animation_Item_Focus</include>
					<control type="group">
						<include content="HUB_box">
							<param name="colordiffuse" value="$VAR[HUB_widget_Frame_FO]" />
							<param name="autoscroll" value="true" />
							<param name="bordersize_bg" value="4" />
						</include>
					</control>
					<control type="image">
						<centertop>50%</centertop>
						<visible>!ListItem.IsPlaying</visible>
						<left>14</left>
						<visible>true</visible>
						<width>60</width>
						<height>60</height>
						<texture diffuse="artworkdiffuse/circle.png" background="true">overlay/overlay_button_play.png</texture>
						<colordiffuse>white</colordiffuse>
						<bordersize>2</bordersize>
						<bordertexture colordiffuse="55000000">artworkdiffuse/circle.png</bordertexture>
					</control>
				</control>
			</focusedlayout>
			<content>
				<include content="emptywidget">
				<param name="id" value="13" />
			</include>
			  </content>
			<content sortby="title" sortorder="ascending">$VAR[HUB_content_songs_title_or_artist]</content>
		</control>
		
		<!-- <include content="HUB_ContainerHeader">
			<param name="id" value="40" />
			<param name="label" value="Soundcloud Album Search" />
		</include>
		<control type="panel" id="5040">
			<description>Soundcloud Search</description>
			<visible>String.IsEqual(Window(home).Property(HUB_Music),soundcloud)</visible>
			<visible>!String.Empty(Control.GetLabel(100002).index(1))</visible>
			
			<left>5</left>
			<top>50</top>
			<width>1600</width>
			<height>850</height>
			
			<preloaditems>2</preloaditems>
			<orientation>vertical</orientation>
			
			<onleft>111060</onleft>
			<onright>260</onright>
			<pagecontrol>260</pagecontrol>
			
			<onup>5009</onup>
			<ondown>5009</ondown>
			
			<scrolltime tween="quadratic">400</scrolltime>
			<autoscroll>true</autoscroll>
			
			<itemlayout height="300" width="420">
				<control type="group">
					<height>243</height>
					<width>405</width>
					<include content="HUB_Landscape">
						<param name="colordiffuse" value="$VAR[HUB_widget_Frame_NF]" />
						<param name="autoscroll" value="false" />
						<param name="bordersize_bg" value="6" />
					</include>
				</control>
			</itemlayout>
			<focusedlayout height="300" width="420">
				<control type="group">
					<height>243</height>
					<width>405</width>
					<include>Animation_Item_Focus</include>
					<control type="group">
						<include content="HUB_Landscape">
							<param name="colordiffuse" value="$VAR[HUB_widget_Frame_FO]" />
							<param name="autoscroll" value="true" />
							<param name="bordersize_bg" value="4" />
						</include>
						<include>FocusOverlay</include>
					</control>
				</control>
			</focusedlayout>
			<include content="emptywidget">
				<param name="id" value="40" />
			</include>
			<content>plugin://plugin.audio.soundcloud/search/?action=albums&amp;?query=$INFO[Control.GetLabel(100002).index(1)]</content>
		</control>
		<include content="HUB_ContainerHeader">
			<param name="id" value="41" />
			<param name="label" value="Soundcloud Album Search" />
		</include>
		<control type="panel" id="5041">
			<description>Soundcloud Search</description>
			<visible>String.IsEqual(Window(home).Property(HUB_Music),soundcloud)</visible>
			
			<left>5</left>
			<top>50</top>
			<width>1600</width>
			<height>850</height>
			
			<preloaditems>2</preloaditems>
			<orientation>vertical</orientation>
			
			<onleft>111060</onleft>
			<onright>260</onright>
			<pagecontrol>260</pagecontrol>
			
			<onup>5009</onup>
			<ondown>5009</ondown>
			
			<scrolltime tween="quadratic">400</scrolltime>
			<autoscroll>true</autoscroll>
			
			<itemlayout height="300" width="420">
				<control type="group">
					<height>243</height>
					<width>405</width>
					<include content="HUB_Landscape">
						<param name="colordiffuse" value="$VAR[HUB_widget_Frame_NF]" />
						<param name="autoscroll" value="false" />
						<param name="bordersize_bg" value="6" />
					</include>
				</control>
			</itemlayout>
			<focusedlayout height="300" width="420">
				<control type="group">
					<height>243</height>
					<width>405</width>
					<include>Animation_Item_Focus</include>
					<control type="group">
						<include content="HUB_Landscape">
							<param name="colordiffuse" value="$VAR[HUB_widget_Frame_FO]" />
							<param name="autoscroll" value="true" />
							<param name="bordersize_bg" value="4" />
						</include>
						<include>FocusOverlay</include>
					</control>
				</control>
			</focusedlayout>
			<include content="emptywidget">
				<param name="id" value="41" />
			</include>
			
			<content>plugin://plugin.audio.soundcloud/charts/?action=top</content>
			<content>plugin://plugin.audio.soundcloud/discover/?selection=soundcloud%3Aselections%3Aplaylist-dicovery%3Achill</content>
		</control> -->
		
		
		
		<include content="HUB_ContainerHeader">
			<param name="id" value="30" />
			<param name="label" value="You Tube" />
		</include>
		<control type="panel" id="5030">
			<description>YouTube no filter</description>
			<visible>String.IsEqual(Window(home).Property(HUB_Music),youtube)</visible>
			
			<left>5</left>
			<top>50</top>
			<width>1600</width>
			<height>850</height>
			
			<preloaditems>2</preloaditems>
			<orientation>vertical</orientation>
			
			<onleft>111060</onleft>
			<onright>260</onright>
			<pagecontrol>260</pagecontrol>
			
			<onup>5009</onup>
			<ondown>5009</ondown>
			
			<scrolltime tween="quadratic">400</scrolltime>
			<autoscroll>true</autoscroll>
			
			<itemlayout height="300" width="420">
				<control type="group">
					<height>243</height>
					<width>405</width>
					<include content="HUB_Landscape">
						<param name="colordiffuse" value="$VAR[HUB_widget_Frame_NF]" />
						<param name="autoscroll" value="false" />
						<param name="bordersize_bg" value="6" />
					</include>
				</control>
			</itemlayout>
			<focusedlayout height="300" width="420">
				<control type="group">
					<height>243</height>
					<width>405</width>
					<include>Animation_Item_Focus</include>
					<control type="group">
						<include content="HUB_Landscape">
							<param name="colordiffuse" value="$VAR[HUB_widget_Frame_FO]" />
							<param name="autoscroll" value="true" />
							<param name="bordersize_bg" value="4" />
						</include>
						<include>FocusOverlay</include>
					</control>
				</control>
			</focusedlayout>
			<include content="emptywidget">
				<param name="id" value="30" />
			</include>
			<content target="videos" sortby="file" limit="25">plugin://plugin.video.youtube/search/?q=$INFO[Control.GetLabel(100002).index(1)]</content>
		</control>
		<include content="HUB_ContainerHeader">
			<param name="id" value="40" />
			<param name="label" value="$INFO[Container(42).ListItem.Label]" />
		</include>
		<control type="panel" id="5040">
			<description>Test_its Slow Get Playlists by id 42</description>
			<visible>String.IsEqual(Window(home).Property(HUB_Music),playlists)</visible>
			
			<left>5</left>
			<top>50</top>
			<width>1600</width>
			<height>850</height>
			
			<preloaditems>2</preloaditems>
			<orientation>vertical</orientation>
			
			<onleft>111060</onleft>
			<onright>260</onright>
			<pagecontrol>260</pagecontrol>
			
			<onup>5009</onup>
			<ondown>5009</ondown>
			
			<scrolltime tween="quadratic">400</scrolltime>
			<autoscroll>true</autoscroll>
			
			<itemlayout height="300" width="420">
				<control type="group">
					<height>243</height>
					<width>405</width>
					<include content="HUB_Landscape">
						<param name="colordiffuse" value="$VAR[HUB_widget_Frame_NF]" />
						<param name="autoscroll" value="false" />
						<param name="bordersize_bg" value="6" />
					</include>
				</control>
			</itemlayout>
			<focusedlayout height="300" width="420">
				<control type="group">
					<height>243</height>
					<width>405</width>
					<include>Animation_Item_Focus</include>
					<control type="group">
						<include content="HUB_Landscape">
							<param name="colordiffuse" value="$VAR[HUB_widget_Frame_FO]" />
							<param name="autoscroll" value="true" />
							<param name="bordersize_bg" value="4" />
						</include>
						<include>FocusOverlay</include>
					</control>
				</control>
			</focusedlayout>
			<include content="emptywidget">
				<param name="id" value="40" />
			</include>
			<content target="music" sortby="">$INFO[Container(42).ListItem.Folderpath]</content>
		</control>
		
		
		
		
		
		
		
		<!-- ################### -->
		<!-- SPECIAL ARTIST VIEW -->
		<!-- String.IsEqual(Window(home).Property(HUB_Music),IsHUBartistContent) -->
		<!-- ################### 
		notes - keep in group 111097, will be bounded on definion
		may better add new group c
		
		
		-->
		<control type="group" id="6020">
			<height>350</height>
			<width>100%</width>
			<visible>String.IsEqual(Window(home).Property(HUB_Music),IsHUBartistContent)</visible>
				
			<control type="textbox" id="6021">
				<top>160</top>
				<aligny>top</aligny>
				<height>50</height>
				<width>100%</width>
				<font>HUB_WidgetHeader</font>
				<label>$INFO[Window(home).Property(HUB_Music_artist)]</label>
				<textcolor>$VAR[HUB_maintextcolor]</textcolor>
			</control>
			<control type="textbox" id="6022">
				<top>200</top>
				<height>200</height>
				<aligny>top</aligny>
				<width>100%</width>
				<font>CommonTag</font>
				<label>$INFO[Container(5120).NumAllItems,Albums (,)][CR][CR]$INFO[ListItem.Property(Artist_YearsActive)]</label>
				<textcolor>$VAR[HUB_maintextcolor]</textcolor>
			</control>
		</control>
		<control type="grouplist" id="5020">
			<description>albums and song - by artist</description>
			<visible>String.IsEqual(Window(home).Property(HUB_Music),IsHUBartistContent)</visible>
			<left>0</left>
			<height>675</height>
			<width>100%</width>
			
			<itemgap>30</itemgap>
			<orientation>horizontal</orientation>
			
			<usecontrolcoords>true</usecontrolcoords>
			
			<scrolltime tween="cubic" easing="in">300</scrolltime>
			
			<onleft>111098</onleft>
			<onright>7060</onright>
			
			<control type="panel" id="5120">
				
				
				<width>450</width>
				<height>680</height>
				<preloaditems>2</preloaditems>
				<orientation>vertical</orientation>
				
				<scrolltime tween="quadratic">400</scrolltime>
				<autoscroll>true</autoscroll>
				
				
				<pagecontrol />
				
				
				<onup>5002</onup>
				<ondown>5002</ondown>
				
				<include content="hub_music_ClearPropsOnBack" />
				<!-- <onclick>RunScript(script.embuary.helper,action=playallid=5120)</onclick> -->
				<onclick>RunScript(script.playalbum,albumid=$INFO[ListItem.DBID])</onclick>
				
				
				<onback>111098</onback>
			
				<itemlayout height="680" width="500">
					<control type="group">
						<height>450</height>
						<width>450</width>
						<include>Animation_Item_Focus</include>
						<control type="group">
							<control type="image">
								<texture background="true" diffuse="artworkdiffuse/newthumb.png" fallback="DefaultAudio.png">$INFO[ListItem.Art(thumb)]</texture>
								<bordersize>2</bordersize>
								<bordertexture colordiffuse="$VAR[HUB_maintextcolor]">artworkdiffuse/newthumb.png</bordertexture>
								<aspectratio scalediffuse="true" align="left" aligny="top">keep</aspectratio>
							</control>
							<control type="textbox">
								<top>460</top>
								<height>350</height>
								<font>HubAT</font>
								<textcolor>$VAR[HUB_maintextcolor]</textcolor>
								<label>$INFO[Container(5120).ListItem.Albumartist,[B],[/B]][CR]$INFO[ListItem.Album]$INFO[ListItem.Year,  (,)]</label>
								<aligny>top</aligny>
								<wrapmultiline>true</wrapmultiline>
							</control>
						</control>
					</control>
					
				</itemlayout>
				<focusedlayout height="680" width="500">
					<control type="group">
						<height>450</height>
						<width>450</width>
						<control type="group">
							<control type="image">
								<texture background="true" diffuse="artworkdiffuse/newthumb.png" fallback="DefaultAudio.png">$INFO[ListItem.Art(thumb)]</texture>
								<bordersize>4</bordersize>
								<bordertexture colordiffuse="cyan">artworkdiffuse/newthumb.png</bordertexture>
								<aspectratio scalediffuse="true" align="left" aligny="top">keep</aspectratio>
							</control>
							<control type="textbox">
								<top>460</top>
								<height>350</height>
								<font>HubAT</font>
								<textcolor>$VAR[HUB_maintextcolor]</textcolor>
								<label>$INFO[Container(5120).ListItem.Albumartist,[B],[/B]][CR]$INFO[ListItem.Album]$INFO[ListItem.Year,  (,)]</label>
								<aligny>top</aligny>
								<wrapmultiline>true</wrapmultiline>
							</control>
						</control>
					</control>
					
				</focusedlayout>
				<content sortby="year" sortorder="ascending">$VAR[HUB_Albums_by_Artist]</content>
			</control>
			
			<control type="panel" id="5121">
				<width>1020</width>
				<height>679</height>
				
				<preloaditems>2</preloaditems>
				<orientation>vertical</orientation>
				
				<scrolltime tween="quadratic">400</scrolltime>
				<autoscroll>true</autoscroll>
				
				<onclick>RunScript(script.embuary.helper,action=playall,id=5121,type=music,method=fromhere)</onclick>
				<pagecontrol>7060</pagecontrol>
				
				<onright>7060</onright>
				
				<onup>5121</onup>
				<ondown>5121</ondown>
				
				<include content="hub_music_ClearPropsOnBack" />
				
				<onback>111097</onback>
			
				<itemlayout height="50" width="1000">
				<control type="group">
					<height>40</height>
					<width>1000</width>
					<include content="HUB_box_test">
						<param name="colordiffuse" value="$VAR[HUB_widget_Frame_NF]" />
						<param name="autoscroll" value="false" />
						<param name="bordersize_bg" value="6" />
					</include>
				</control>
			</itemlayout>
			<focusedlayout height="50" width="1000">
				<control type="group">
					<height>40</height>
					<width>1000</width>
					<control type="image">
						<width>1000</width>
						<bordertexture colordiffuse="$VAR[HUB_maintextcolor]">colors/white10.png</bordertexture>
						<texture colordiffuse="$VAR[HUB_maintextcolor]" background="true">colors/white10.png</texture>
						<bordersize>4</bordersize>
					</control>
					<control type="group">
						<include content="HUB_box_test">
							<param name="colordiffuse" value="$VAR[HUB_widget_Frame_FO]" />
							<param name="autoscroll" value="true" />
							<param name="bordersize_bg" value="4" />
						</include>
					</control>
					<control type="image">
						<centertop>50%</centertop>
						<visible>!ListItem.IsPlaying</visible>
						<left>14</left>
						<visible>true</visible>
						<width>40</width>
						<height>40</height>
						<texture diffuse="artworkdiffuse/circle.png" background="true">overlay/overlay_button_play.png</texture>
						<colordiffuse>white</colordiffuse>
						<bordersize>2</bordersize>
						<bordertexture colordiffuse="55000000">artworkdiffuse/circle.png</bordertexture>
					</control>
				</control>
				</focusedlayout>
				<content target="music" sortby="tracknumber" sortorder="ascending">$INFO[Container(5120).ListItem.FolderPath]</content>
				<!-- xsp method pretty slow here, up to 30sec
				<content sortby="tracknumber" sortorder="ascending">$VAR[HUB_Songs_by_AlbumArtist]</content>
				 -->
			</control>
		</control>
	</control>
		
		
		<control type="scrollbar" id="111060">
			<description>all containers, slide left, NonSkin BUG:sometimes need scroll input to set page exist true</description>
			<showonepage>true</showonepage>
			<visible>true</visible>
			
			<left>301</left>
			<top>100</top>
			<height>980</height>
			<onup>111099</onup>
			<ondown>111060</ondown>
			<onleft>111098</onleft>
			<onright>111097</onright>
			
		</control>
		
		<control type="scrollbar" id="500160">
			<description>current container</description>
			<visible>String.IsEqual(Window(home).Property(HUB_Music),common)</visible>
			<right>10</right>
			<top>180</top>
			
			<onup>500160</onup>
			<ondown>500160</ondown>
			
			<!-- <onright condition="[Integer.IsGreater(Container(98).NumItems,0) | Container(98).IsUpdating]">SetProperty(CurrentPlaylistVisible,true)</onright>
			<onright condition="[Integer.IsGreater(Container(98).NumItems,0) | Container(98).IsUpdating]">SetFocus(98)</onright> -->
			<onright condition="![Integer.IsGreater(Container(98).NumItems,0) | Container(98).IsUpdating]">5001</onright>
			
			<onleft>5001</onleft>
			<height>800</height>
		</control>
		
		<control type="scrollbar" id="500460">
			<description>current container albums</description>
			<visible>Control.HasFocus(5004)</visible>
			<right>10</right>
			<top>180</top>
			
			<onup>500460</onup>
			<ondown>500460</ondown>
			
			<onleft>5004</onleft>
			<height>800</height>
		</control>
		
		<control type="scrollbar" id="7060">
			<description>current artist view,scroll albumtitles</description>
			<visible>String.IsEqual(Window(home).Property(HUB_Music),IsHUBartistcontent)</visible>
			<right>50</right>
			<top>400</top>
			
			<onup>7060</onup>
			<ondown>7060</ondown>
			
			<onright></onright>
			
			<onleft>5121</onleft>
			
			<height>675</height>
		</control>
		
	
	<include content="swan_debug_overlay" />
	</controls>
</window>