<?xml version="1.0" encoding="UTF-8"?>
<window id="1123">
	<defaultcontrol always="true">2323</defaultcontrol>
	<menucontrol>9000</menucontrol>
	<backgroundcolor>$VAR[BackgroundColor]</backgroundcolor>
	<onload>RunScript(script.embuary.helper,action=blurimg,file='"$VAR[LoginBackgroundImage]"',prop=profileloginbg,radius=2)</onload>
	<onunload>ClearProperty(profileloginbg_blurred,home)</onunload>
	<onunload>ClearProperty(profileloginbg_color,home)</onunload>

	<controls>
		<control type="group">
			<control type="image">
				<animation effect="fade" start="0" end="100" time="250" condition="String.IsEmpty(Window.Property(HideProfiles))">conditional</animation>
				<texture diffuse="icons/kodi_diffusor_ls_inverted.png">$INFO[Window(home).Property(profileloginbg_blurred)]</texture>
			</control>
			
			<control type="image">
				<texture diffuse="icons/kodi_diffusor_ls.png">$VAR[LoginBackgroundImage]</texture>
			</control>
		</control>
	
		
		
		<!-- test
keep away from def 'GlobalBackground'
or use variable for multiimage diffuse="" depending how i want ot to use

options/ use var diffuse? 
1. just use blurred image bg via skinsetting toggle

2. blurred diffuse = gradient from left , non blurred gradient from right to left" - viewtype usage
3. using blur with doffuse trans alpha overlay can give a 'fake' bloom effect- viewtype usage

4. just transitional fade when focus/unfocus controls -  dialog o/c usage
-->
		<!-- 
		<control type="group">
			<include content="GlobalBlurredBackground" />
		</control>
		 -->
		<!-- 
		testing global bg blur with media content 
		
		<control type="group">
		
		
			<control type="list" id="2323">
			
				<orientation>vertical</orientation>
				<preloaditems>2</preloaditems>
				<scrolltime tween="quadratic">400</scrolltime>
				
				<height>500</height>
				<top>700</top>
				
				
				
				
				<itemlayout height="450" width="230">
					<control type="group">
						<width>225</width>
						<height>350</height>
						<include content="UniversalLayout">
							<param name="colordiffuse" value="$VAR[Container_item_nf]" />
							<param name="artwork" value="poster" />
							<param name="get_circle" value="false" />
							<param name="get_tags" value="true" />
							<param name="get_landscapelogo" value="false" />
							<param name="get_bannerlogo" value="false" />
							<param name="autoscroll" value="false" />
							<param name="bordersize_bg" value="6" />
						</include>
					</control>
				</itemlayout>
				<focusedlayout height="450" width="230">
					<control type="group">
						<width>225</width>
						<height>350</height>
						<include>Animation_Item_Focus</include>
						<control type="group">
							<include content="UniversalLayout">
								<param name="colordiffuse" value="$VAR[Container_item_fo]" />
								<param name="artwork" value="poster" />
								<param name="get_circle" value="false" />
								<param name="get_tags" value="true" />
								<param name="get_landscapelogo" value="false" />
								<param name="get_bannerlogo" value="false" />
								<param name="autoscroll" value="false" />
								<param name="bordersize_bg" value="6" />
							</include>
							<control type="group">
								<include>FocusOverlay</include>
							</control>
						</control>
					</control>			
				</focusedlayout>
				<content>videodb://movies/titles/</content>
		</control>
	</control> -->
	
	<!--
Default image control

By default the script is looking for a image control with the ID "100000". This value can be changed by skinners.

Example

Skin.String(BlurContainer,1234)
-->
		
		</controls>
</window>
