<?xml version="1.0" encoding="UTF-8"?>
<window>
<!--
ID 	Type 			Description
2 	label 			Heading label
3 	grouplist 		Grouplist template
5 	grouplist 		Grouplist template
7 	button 			Button template
8 	radiobutton 	Radiobutton template
9 	spincontrolex 	Spincontrolex template
10 	button 			Button template
11 	image 			Default separator image
12 	edit 			Edit template
13 	sliderex 		Slider template
14 	label 			Label template
28 	button 			OK button
29 	button 			Cancel button
30 	button 			<unused button>  

-->
    <defaultcontrol always="true">3</defaultcontrol>
    <include>Animation_OpenClose_Zoom</include>
    <controls>
		<include>Dialog_Fullscreen_BGPanel</include>
		<control type="group">
			<visible>!Window.IsVisible(virtualkeyboard) + !Window.IsVisible(filebrowser) + !Window.IsVisible(selectdialog) + !Window.IsVisible(selectdialog) + !Window.IsVisible(progressdialog) + !Window.IsVisible(textviewer)</visible>
			
			
			<control type="grouplist">
				<description>Header</description>
				<posy>50</posy>
				<posx>17.5%</posx>
				<width>82.5%</width>
				<orientation>horizontal</orientation>
				<itemgap>25</itemgap>
				<height>200</height>
				<align>center</align>
					
				<control type="group">
					<description>Addon Logo</description>
					<width>150</width>
					<height>200</height>
					<control type="image">
						<description>ReVisit Frame or BG imitate</description>
						<height>135</height>
						<width>135</width>
						<texture>diffuse/roundmask.png</texture>
						<colordiffuse>$VAR[Button_Selected]</colordiffuse>
					</control>
					<include content="Image_CondVis">
						<param name="id" value="40" />
						<param name="visible" value="!String.IsEmpty(Control.GetLabel(40))" />
						<param name="texturepath" value="special://home/addons/$INFO[Window.Property(addon.id)]/icon.png" />
					</include>
					<include content="Image_CondVis">
						<param name="id" value="41" />
						<param name="visible" value="String.IsEmpty(Control.GetLabel(40))" />
						<param name="texturepath" value="special://home/addons/$INFO[Window.Property(addon.id)]/resources/icon.png" />
					</include>
				</control>
				
				<control type="group">
					<description>Addon Label</description>
					<height>100%</height>
					<width>1000</width>
					<control type="label" id="2">
						<description>Heading</description>
						<height>100</height>
						<align>left</align>
						<label />
						<font>font60</font>
						<textcolor>$VAR[Button_Selected]</textcolor>
					</control>
					<control type="label">
						<description></description>
						<top>80</top>
						<height>50</height>
						<label>$INFO[Window.Property(addon.id),- , -]</label>
						<align>left</align>
						<font>font27</font>
						<textcolor>$VAR[Button_Text_NF]</textcolor>
					</control>
				</control>
			</control>
		
			<control type="group">
				<description>Settings Section left</description>
				<control type="group">
					<posx>100</posx>
					<posy>230</posy>
					<control type="grouplist" id="3">
						<description>button area</description>
						<height>65%</height>
						<width>31%</width>
						<itemgap>5</itemgap>
						<onleft>8002</onleft>
						<onright>5</onright>
						<onup>3</onup>
						<ondown>3</ondown>
						<scrolltime tween="quadratic">400</scrolltime>
					</control>
					<control type="button" id="10">
						<texturefocus />
						<texturenofocus/>
						<include>Animation_Item_Focus_rightalign</include>
						<width>31%</width>
						<height>60</height>
						<align>right</align>
						<font>font27</font>
						<textoffsetx>20</textoffsetx>
						<onleft>8002</onleft>
					</control>
				</control>
				
				<control type="grouplist" id="5">
					<description>control area</description>
					<width>50%</width>
					<posx>37%</posx>
					<posy>230</posy>
					<height>65%</height>
					<itemgap>2</itemgap>
					<pagecontrol>60</pagecontrol>
					<scrolltime tween="cubic" easing="out">300</scrolltime>
					<onleft>3</onleft>
					<onright>60</onright>
					<onup>5</onup>
					<ondown>5</ondown>
				</control>			
			</control>
				
				<control type="button" id="7">
					<description>default</description>
					<align>left</align>
					<width>610</width>
					<height>60</height>
					<align>right</align>
					<font>font27</font>
				</control>
				<control type="edit" id="12">
					<description>default</description>
					<align>left</align>
					<font>font27</font>
				</control>
				<control type="radiobutton" id="8">
					<description>radioButton</description>
					<align>left</align>
					<font>font27</font>
					<textwidth>700</textwidth>
				</control>
				<control type="spincontrolex" id="9">
					<description>Directory Content</description>
					<align>left</align>
					<spinposx>5</spinposx>
					<font>font27</font>
				</control>
				<control type="label" id="14">
					<description>Default Label</description>
					<height>90</height>
					<align>left</align>
					<font>font27</font>
					<aligny>center</aligny>
					<textoffsetx>15</textoffsetx>
					<textoffsety>15</textoffsety>
				</control>
				<control type="sliderex" id="13">
					<description>Default Slider</description>
					<posx>0</posx>
					<posy>0</posy>
					<align>left</align>
					<font>font27</font>
					<pulseonselect>false</pulseonselect>
					<textwidth>540</textwidth>
				</control>
				
				<control type="scrollbar" id="60">
					<right>30</right>
					<posy>230</posy>
					<height>65%</height>
					<width>5</width>
					<onright>8004</onright>
					<onleft>5</onleft>
				</control>
			
			<control type="grouplist" id="8002">
				<bottom>50</bottom>
				<left>390</left>
				<align>center</align>
				<itemgap>10</itemgap>
				<onup>3</onup>
				<onleft>8002</onleft>
				<onright>8002</onright>
				<height>50</height>
				<orientation>horizontal</orientation>
				<usecontrolcoords>true</usecontrolcoords>
				
				<control type="button" id="28">
					<description>OK</description>
					<label>186</label>
					<align>center</align>
					<width>300</width>
					<animation effect="fade" start="100" end="75" time="0" condition="!Control.IsEnabled(10)">Conditional</animation>
				</control>
				<control type="button" id="29">
					<description>Cancel</description>
					<label>222</label>
					<align>center</align>
					<width>300</width>
					<animation effect="fade" start="100" end="75" time="0" condition="!Control.IsEnabled(11)">Conditional</animation>
				</control>
				<control type="button" id="30">
					<description>Reset</description>
					<label>409</label>
					<left>150</left>
					<width>390</width>
					<align>center</align>
					<pulseonselect>no</pulseonselect>
					<animation effect="fade" start="100" end="75" time="0" condition="!Control.IsEnabled(12)">Conditional</animation>
				</control>
			</control>
        </control>
	</controls>
</window>