<?xml version="1.0" encoding="UTF-8"?>
<window>
	<onload condition="Skin.HasSetting(Shutdown_BlurBG)">RunScript(script.embuary.helper,action=blurimg,file='"$VAR[FanartBackground]"',prop=dialogbuttonbg,radius=3)</onload>
	<!-- 
	<onunload>ClearProperty(dialogbuttonbg_blurred,home)</onunload>
	<onunload>ClearProperty(dialogbuttonbg_color,home)</onunload>
	-->
	
	<defaultcontrol always="true">6000</defaultcontrol>
	<controls>
		<control type="group">
			<include content="Animation_OpenClose_Slide">
				<param name="slide_start" value="0,0" />
				<param name="slide_end" value="0,0" />
			</include>
			
			<control type="group">
				<visible>!Window.IsMedia | !Skin.HasSetting(Shutdown_BlurBG)</visible>
				<control type="image">
					<texture colordiffuse="$VAR[Shutdown_DimmedBG]">colors/white70.png</texture>
					<aspectratio>stretch</aspectratio>
				</control>
				<control type="image">
					<centertop>50%</centertop>
					<height>320</height>
					<texture colordiffuse="$VAR[Shutdown_DimmedBG]">colors/white90.png</texture>
				</control>
			</control>
			
			<control type="group">
				<visible>Window.IsMedia + Skin.HasSetting(Shutdown_BlurBG)</visible>
				<control type="image">
					<texture>$VAR[FanartBackground]</texture>
				</control>
				<control type="image">
					<texture diffuse="diffuse/320center.png">$INFO[Window(home).Property(dialogbuttonbg_blurred)]</texture>
				</control>
				<control type="image">
					<texture colordiffuse="$VAR[Shutdown_DimmedBG]">colors/white70.png</texture>
				</control>
			</control>
			<control type="image">
				<description>may get issue on aspect ratio switch</description>
				<centertop>50%</centertop>
				<height>320</height>
				<bordertexture colordiffuse="$VAR[Button_selected]" border="0,0,0,6">frames/borderbottom.png</bordertexture>
				<texture flipy="true" colordiffuse="$VAR[Button_selected]" border="0,6,0,0">frames/borderbottom.png</texture>
			</control>
			
			<control type="group">
				<description>time and date weather</description>
				<centerleft>50%</centerleft>
				<top>250</top>
				<width>60%</width>
				<height>100%</height>
				
				<control type="label">
					<width>100%</width>
					<height>50</height>
					<align>center</align>
					<info>System.Time</info>
					<font>font_clockbig</font>
					<textcolor>$VAR[Shutdown_NF]</textcolor>
				</control>
				<control type="label">
					<top>80</top>
					<width>100%</width>
					<height>20</height>
					<align>center</align>
					<info>System.Date</info>
					<font>Header_Dialog</font>
					<textcolor>$VAR[Shutdown_FO]</textcolor>
				</control>
				
				<control type="group">
					<visible>[!String.Contains(Weather.Temperature,$LOCALIZE[503]) + [!String.IsEqual(Weather.fanartcode,na) + Weather.IsFetched]]</visible>
					<control type="image">
						<top>-200</top>
						<height>150</height>
						<width>100%</width>
						<texture colordiffuse="$VAR[Shutdown_FO]">$INFO[Weather.FanartCode,resource://resource.images.weathericons.outline-hd/,.png]</texture>
						<aspectratio align="center">keep</aspectratio>
					</control>
					<control type="label">
						<top>-75</top>
						<width>100%</width>
						<height>20</height>
						<align>center</align>
						<label>$INFO[Weather.Temperature]</label>
						<font>font25_title</font>
						<textcolor>$VAR[Shutdown_FO]</textcolor>
					</control>
				</control>
			
			</control>
			
			<control type="group">
				<centerleft>51%</centerleft>
				<centertop>50%</centertop>
				<width>98%</width>
				<height>300</height>
				<include content="Container_Nested_IconLabel">
					<param name="containertype" value="list" />
					<param name="movement" />
					<param name="focusposition" />
					<param name="id" value="6000" />
					<param name="visible" value="Integer.IsGreater(Container(6000).NumItems,0) | Container(6000).IsUpdating]" />
					<content>
					<item>
						<label>$LOCALIZE[10000]</label>
						<icon>icons/home.png</icon>
						<onclick>Dialog.Close(all,true)</onclick>
						<onclick>ActivateWindow(home)</onclick>
						<visible>!Window.IsVisible(loginscreen) + !Window.IsVisible(home)</visible>
					</item>
					<item>
						<label>$LOCALIZE[5]</label>
						<icon>icons/FINISHED_800on1000_settings1.png</icon>
						<onclick>Dialog.Close(all,true)</onclick>
						<onclick>ActivateWindow(settings)</onclick>
						<visible>!Window.IsVisible(loginscreen) + !Window.IsVisible(settings) + !Skin.HasSetting(DialogButton_HidePowerSettings)</visible>
					</item>
					<item>
						<label>$LOCALIZE[13012]</label>
						<icon>icons/left.png</icon>
						<onclick>Quit()</onclick>
						<visible>System.Platform.Android | [System.ShowExitButton + [!Skin.HasSetting(DialogButton_HidePowerExit) | Window.IsVisible(loginscreen)]]</visible>
					</item>
					<item>
						<label>$LOCALIZE[13016]</label>
						<icon>icons/shutdown_out.png</icon>
						<onclick>Powerdown()</onclick>
						<visible>System.CanPowerDown + [!Skin.HasSetting(DialogButton_HidePowerOff) | Window.IsVisible(loginscreen)]</visible>
					</item>
					<item>
						<label>$LOCALIZE[13013]</label>
						<icon>icons/shittyrebbot.png</icon>
						<onclick>Reboot()</onclick>
						<visible>System.CanReboot + [!Skin.HasSetting(DialogButton_HideReboot) | Window.IsVisible(loginscreen)]</visible>
					</item>
					
					<item>
						<label>$LOCALIZE[20150]</label>
						<icon>icons/material/set_alarm.png</icon>
						<onclick>AlarmClock(shutdowntimer,Shutdown())</onclick>
						<visible>!System.HasAlarm(shutdowntimer) + !Skin.HasSetting(DialogButton_HidePowerTimer) + [System.CanPowerDown | System.CanSuspend | System.CanHibernate]</visible>
					</item>
					<item>
						<label>$LOCALIZE[20151] $INFO[System.AlarmPos,(,)]</label>
						<icon>icons/material/cancel_alarm.png</icon>
						<onclick>CancelAlarm(shutdowntimer)</onclick>
						<visible>System.HasAlarm(shutdowntimer) + !Skin.HasSetting(DialogButton_HidePowerTimer)</visible>
					</item>
					<item>
						<label>$LOCALIZE[13011]</label>
						<onclick>Suspend()</onclick>
						<visible>System.CanSuspend + [!Skin.HasSetting(DialogButton_HidePowerSuspend) | Window.IsVisible(loginscreen)]</visible>
					</item>
					<item>
						<label>$LOCALIZE[13010]</label>
						<icon>icons/hib_unframed1.png</icon>
						<label2></label2>
						<onclick>Hibernate()</onclick>
						<visible>System.CanHibernate + [!Skin.HasSetting(DialogButton_HidePowerHibernate) | Window.IsVisible(loginscreen)]</visible>
					</item>
					<item>
						<label>$LOCALIZE[13017]</label>
						<label2></label2>
						<onclick>InhibitIdleShutdown(true)</onclick>
						<visible>System.HasShutdown + !System.IsInhibit + !Skin.HasSetting(DialogButton_HidePowerIdleShutdown)</visible>
					</item>
					<item>
						<label>$LOCALIZE[13018]</label>
						<label2></label2>
						<onclick>InhibitIdleShutdown(false)</onclick>
						<visible>System.HasShutdown + System.IsInhibit + !Skin.HasSetting(DialogButton_HidePowerIdleShutdown)</visible>
					</item>
					<item>
						<label>$LOCALIZE[20126][CR]$INFO[system.profilename]</label>
						<label2></label2>
						<icon>icons/profile_logoff_2.png</icon>
						<onclick>Dialog.Close(all,true)</onclick>
						<onclick>System.LogOff</onclick>
						<visible>[System.HasLoginScreen | Integer.IsGreater(System.ProfileCount,1)] + System.Loggedon</visible>
					</item>
					<item>
						<label>$LOCALIZE[20046]</label>
						<label2></label2>
						<onclick>mastermode</onclick>
						<visible>!Window.IsVisible(loginscreen) + System.HasLocks + System.IsMaster + !Window.IsVisible(loginscreen)</visible>
					</item>
					<item>
						<label>$LOCALIZE[20045]</label>
						<label2></label2>
						<onclick>mastermode</onclick>
						<visible>!Window.IsVisible(loginscreen) + System.HasLocks + !System.IsMaster</visible>
					</item>
					</content>
				</include>	
			</control>
		</control>
	</controls>
</window>
