<?xml version="1.0" encoding="UTF-8"?>
<window>
	<include content="Animation_OpenClose_Slide">
		<param name="slide_start" value="620,0" />
		<param name="slide_end" value="0,0" />
	</include>
	<controls>
	
		<control type="image" id="400">
			<include>HiddenObject</include>
		</control>
		
		<control type="group">
			<top>20</top>
			<right>0</right>
			<width>640</width>
			
			<!-- hc bg
			ff131313 -->
			<control type="image">
				<right>0</right>
				<width>620</width>
				<height>110</height>
				<texture colordiffuse="$VAR[BackgroundColor_Dialog]">colors/white90.png</texture>
			</control>
			<control type="image">
				<right>570</right>
				<width>110</width>
				<height>110</height>
				<bordersize>3</bordersize>
				<aspectratio aligny="center" align="center">keep</aspectratio>
				<texture fallback="defaultaddonhelper.png" diffuse="diffuse/roundmask.png">$INFO[Control.GetLabel(400)]</texture>
				<bordertexture colordiffuse="$VAR[BackgroundColor_Dialog]">diffuse/roundmask.png</bordertexture>
			</control>
			<control type="fadelabel" id="401">
				<left>100</left>
				<top>20</top>
				<width>500</width>
				<height>18</height>
				<aligny>center</aligny>
				<font>font_notification</font>
				<scrollout>false</scrollout>
				<pauseatend>2000</pauseatend>
				<textcolor>$VAR[Button_Text_FO]</textcolor>
			</control>
			<control type="fadelabel" id="402">
				<left>100</left>
				<top>50</top>
				<width>500</width>
				<height>40</height>
				<font>font27</font>
				<aligny>center</aligny>
				<scrollout>false</scrollout>
				<pauseatend>2000</pauseatend>
				<textcolor>$VAR[Button_Selected]</textcolor>
			</control>
		</control>
	</controls>
</window>
