<?xml version="1.0" encoding="UTF-8"?>
<window>
<!-- 1.7 DialogConfirm.xml
ID 	Type 		Description
1 	label 		Heading label
9 	textbox 	Message
10 	button 		No button
11 	button 		Yes button
12 	button 		(for future use)
20 	progress 	Progress bar  
-->
	<defaultcontrol always="true">9000</defaultcontrol>
	<controls>
	
		<control type="group">
			
			<include content="Animation_OpenClose_Slide">
				<param name="slide_start" value="0,0" />
				<param name="slide_end" value="0,0" />
			</include>
			
			<control type="image">
				<width>100%</width>
				<height>100%</height>
				<texture colordiffuse="CC000000">colors/white.png</texture>
				<aspectratio>stretch</aspectratio>
			</control>
			
			<control type="image">
				<centertop>50%</centertop>
				<width>100%</width>
				<height>300</height>
				<texture colordiffuse="ffCCCCCC">colors/white.png</texture>
				<aspectratio>stretch</aspectratio>
			</control>
			
			<control type="textbox" id="9">
				<centertop>30%</centertop>
				<width>auto</width>
				<height>165</height>
				<align>center</align>
				<font>font30_title</font>
				<textcolor>white</textcolor>
			</control>
			
			<control type="grouplist">
				<height>110</height>
				<width>100%</width>
				<left>0</left>
				<align>center</align>
				<centertop>40%</centertop>
				<itemgap>10</itemgap>
				<orientation>vertical</orientation>
				<usecontrolcoords>true</usecontrolcoords>
				
				<control type="label" id="1">
					<width>auto</width>
					<height>165</height>
					<align>center</align>
					<font>font30_title</font>
					<textcolor>black</textcolor>
				</control>
				
				<control type="progress" id="20">
					<info>System.Progressbar</info>
				</control>
				
				<!-- <control type="label">
					<textcolor>black</textcolor>
					<label>$INFO[System.Progressbar,,%]</label>
				</control> -->
				
			</control>

			<control type="grouplist" id="9000">
				<align>center</align>
				<width>100%</width>
				<top>50%</top>
				<height>300</height>
				<orientation>horizontal</orientation>
				<itemgap>50</itemgap>
				
				
				<include description="yes" content="DefaultDialogButton">
					<param name="id" value="11" />
					<param name="label" value="" />
				</include>
				<include description="no" content="DefaultDialogButton">
					<param name="id" value="10" />
					<param name="label" value="" />
				</include>
				<include description="for future use" content="DefaultDialogButton">
					<param name="id" value="12" />
					<param name="label" value="" />
				</include>
			
			</control>
		</control>
		<include content="swan_debug_overlay" />
	</controls>
</window>

