<?xml version="1.0" encoding="UTF-8"?>
<window>
<include>Animation_OpenClose_Zoom</include>
<!-- 	

wip - acceptable but not done
1.8 DialogContextMenu.xml
ID 		Type 		Description
999 	image 		Background image of the context menu (center part) (deprecated)
998 	image 		Background image of the context menu (bottom part) (deprecated)
997 	image 		Background image of the context menu (top part) (deprecated)

996 	grouplist 	Grouplist template
999 	image 		Background image of the context menu
1000 	button 		Button template  
-->
<defaultcontrol>996</defaultcontrol>
	
	<!-- 
	<coordinates>
		<left>0</left>
		<top>0</top>
		<origin x="0" y="50">Window.IsActive(Home)</origin>
	</coordinates> 
	-->
	
	<controls>
		<control type="group">
			<description>BG</description>
			
			<control type="image">
				<bottom>-300</bottom>
				<height>800</height>
				<width>800</width>
				<centerleft>50%</centerleft>
				<texture diffuse="diffuse/roundmask.png" colordiffuse="$VAR[BackgroundColor_Dialog]">colors/white90.png</texture>
				<aspectratio>stretch</aspectratio>
			</control>
		</control>
		
		<!-- decide use bottom top or left right, or just simple small centered -->
		<include content="Menucontrol_Grouplist">
			
			<param name="id" value="996"/>
			<param name="height" value="34%"/>
			<param name="onup" value="996"/>
			<param name="ondown" value="996"/>
			<param name="top" value="64%"/>
			<param name="width" value="23%" />
			
			<centerleft>50%</centerleft>
			<onleft>900</onleft>
			<onright>900</onright>
		</include>
		
		<control type="button" id="1000" />
		
	</controls>
</window>
