<?xml version="1.0" encoding="UTF-8"?>
<window>
	<defaultcontrol always="true">50</defaultcontrol>
	<backgroundcolor>$VAR[BackgroundColor]</backgroundcolor>
	<views>50,51,52,53,58</views>
	<menucontrol>9000</menucontrol>

<!-- native GUI Buttons -->
		<control type="button" id="3">
			<visible>Control.IsEnabled(3)</visible>
			<include content="HiddenObject" />
		</control>
		<control type="togglebutton" id="4">
			<visible>Control.IsEnabled(4)</visible>
			<include content="HiddenObject" />
		</control>
		<control type="group">
			<include>GlobalBackground</include>
		</control>
		
		<control type="group" id="70">
			<descriptiopn>viewtypes</descriptiopn>
			
			<include content="Animation_TransitionFadeOut">
				<param name="condition" value="$EXP[Infodialog_IsActive] | Window.IsActive(mediasource)" />
			</include>
			
			<centerleft>50%</centerleft>
			
			<!-- Shortcut -->
			<include content="SwanShortcuts_Container" condition="!string.isempty(window(home).property(custom_widget_nr))" />
				
			
			<!-- Regular -->
			<include condition="String.IsEmpty(Window(home).Property(custom_widget_nr))">view50</include>
			<include condition="String.IsEmpty(Window(home).Property(custom_widget_nr))">Simple_Panels</include>
			<include condition="String.IsEmpty(Window(home).Property(custom_widget_nr))">view58</include>
			
			
		</control>
		
		<control type="group">
			<!-- may rework ,or move to include itself -->
			<visible type="fade">!$EXP[Infodialog_IsActive]</visible>
			<visible>String.IsEmpty(Window(home).Property(SetShortcutInProgress))</visible>
			<animation reversible="true" effect="slide" start="0,0" end="0,-110" tween="quadratic" time="400" condition="Control.IsVisible(58) + !Control.HasFocus(58001)">conditional</animation>
			<include>HeaderBar</include>
		</control>
		
		<include content="swan_debug_overlay">
			<param name="textleft" value=""/>
		</include>
</window>
