<?xml version="1.0" encoding="UTF-8"?>
<window>
	<defaultcontrol always="true">50</defaultcontrol>
	<backgroundcolor>$VAR[BackgroundColor]</backgroundcolor>
	<views>50,51,52,53,54,56,58</views>
	<menucontrol>9000</menucontrol>
	<include content="Animation_OpenClose_MediaWindow" condition="String.IsEmpty(Window(home).Property(custom_widget_nr))" />
	<controls>
		<!-- skin helping stuff -->
		<control type="list" id="2000">
			<include>HiddenContainer</include>
			<visible>String.IsEmpty(Window(home).Property(SetShortcutInProgress))</visible>
			<content limit="1">$VAR[EmbuaryHelper_GetInfo_dbid]</content>
		</control>
		<control type="list" id="2001">
			<include>HiddenContainer</include>
			<content sortby="year">$INFO[ListItem.FolderPath]</content>
			<visible>String.IsEmpty(Window(home).Property(SetShortcutInProgress))</visible>
			<visible>String.IsEqual(ListItem.DBtype,set)</visible>
		</control>
		<control type="list" id="2002">
			<visible>Container.Content(seasons)</visible>
			<visible>String.IsEmpty(Window(home).Property(SetShortcutInProgress))</visible>
			<include>HiddenContainer</include>
			<content limit="1">$VAR[EmbuaryHelper_NextUp]</content>
		</control>
		
		<!-- native GUI Ctrls -->
		<control type="button" id="3">
			<visible>Control.IsEnabled(3)</visible>
			<include content="HiddenObject" />
		</control>
		<control type="togglebutton" id="4">
			<visible>Control.IsEnabled(4)</visible>
			<include content="HiddenObject" />
		</control>
		
		<!-- KODI Bug, result is always title -->
		<control type="label" id="15">
			<include content="HiddenObject" />
		</control>
		
		<control type="group">
			<visible>!Skin.HasSetting(BlurEnabled)</visible>
			<visible>String.IsEmpty(Window(home).Property(SetShortcutInProgress))</visible>
			<include>GlobalBackground</include>
		</control>
		<control type="group">
			<visible>Skin.HasSetting(BlurEnabled)</visible>
			<visible>String.IsEmpty(Window(home).Property(SetShortcutInProgress))</visible>
			<include>GlobalBlurredBackground</include>
		</control>
		
		<control type="group" id="70">
			<descriptiopn>viewtypes</descriptiopn>
			<include content="Animation_Close_MediaContainer" condition="String.IsEmpty(Window(home).Property(custom_widget_nr))" />
			<centerleft>50%</centerleft>
			
			<!-- 
			<include content="Animation_TransitionFadeOut">
				<param name="condition" value="$EXP[Infodialog_IsActive] | Window.IsActive(mediasource)" />
			</include> 
			-->
			<animation type="Conditional" condition="$EXP[Infodialog_IsActive] | Window.IsActive(mediasource) | [Window.IsActive(shutdownmenu) + !Control.IsVisible(58)]">
				<effect type="fade" start="100" end="0" time="250" tween="sine" easing="out" />
				<effect type="zoom" center="50%,50%" start="100" end="0" time="300" tween="cubic" easing="out" />
			</animation>
			
			<!-- Shortcut -->
			<include content="SwanShortcuts_Container" condition="!string.isempty(window(home).property(custom_widget_nr))" />
				
			<!-- Regular -->
			<include condition="String.IsEmpty(Window(home).Property(custom_widget_nr))">view50</include>
			<include condition="String.IsEmpty(Window(home).Property(custom_widget_nr))">Simple_Panels</include>
			<include condition="String.IsEmpty(Window(home).Property(custom_widget_nr))">view56</include>
			<include condition="String.IsEmpty(Window(home).Property(custom_widget_nr))">view58</include>
			
			<control type="scrollbar" id="60">
				<!-- focus animation ? -->
				<description>vertical</description>
				<visible>String.IsEmpty(Window(home).Property(SetShortcutInProgress))</visible>
				<visible>!Control.IsVisible(58)</visible>
				<!-- <right>2%</right> -->
				<right>45</right>
				<top>160</top>
				<height>74%</height>
				<onup>60</onup>
				<ondown>60</ondown>
				<onleft>SetFocus(50)</onleft>
				<onright>19</onright>
			</control>
		</control>
		
		<include content="HeaderBar">
			<param name="HasBGPanel" value="Skin.HasSetting(MediaWindow_UseHeaderBG)" />
		</include>
		
		<!-- <include content="FooterBar" /> -->
		
		<!-- Pre-MenuControl -->
		<include content="PreMenucontrol" />
		
		<control type="group">
			<animation effect="slide" start="-450,0" end="0,0" time="300" tween="cubic" easing="inout">VisibleHidden</animation>
			<visible>String.IsEqual(Window(Home).Property(MenucontrolActive),true)</visible>
			<include content="Menucontrol_Media" condition="String.IsEmpty(Window(home).Property(custom_widget_nr))" />
		</control>
		
		<include content="NativeString_Filter" />
		
		<include content="swan_debug_overlay">
			<param name="textleft" value="1  istitem.filenameandpath :  $INFO[listitem.filenameandpath]
2  listitem.path :         $INFO[listitem.path]
listitem.dbid $INFO[listitem.dbid]
3  ListItem.FolderName :  $INFO[ListItem.FolderName]

4  Container.FolderPath :  $INFO[Container.FolderPath]

5  Container.Content  :  $INFO[Container.Content]  ; Container.ListItem.dbtype  :  $INFO[ Container.ListItem.dbtype]

6 window Prop Shortcuts $INFO[Window(home).Property(custom_widget_nr)]
7 window Prop SetShortcutInProgress $INFO[Window(home).Property(SetShortcutInProgress)]

8

ListItem.Art(fanart) : $INFO[ListItem.Art(fanart)]
ListItem.Art(tvshow.fanart) : $INFO[ListItem.Art(tvshow.fanart)]
ListItem.Art(artist.fanart) : $INFO[ListItem.Art(artist.fanart)]
ListItem.Art(albumartist.fanart) : $INFO[ListItem.Art(albumartist.fanart)]

Container.ListItem.Art(fanart) : $INFO[Container.ListItem.Art(fanart)]
Container.ListItem.Art(tvshow.fanart) : $INFO[Container.ListItem.Art(tvshow.fanart)]
Container.ListItem.Art(artist.fanart) : $INFO[Container.ListItem.Art(artist.fanart)]
Container.ListItem.Art(albumartist.fanart) : $INFO[Container.ListItem.Art(albumartist.fanart)]

Container.Art(fanart) : $INFO[Container.Art(fanart)]
9
10

[B]listitems(s)[/B]
   $INFO[listitem.dbid,current dbid :    ,    ]
   $INFO[listitem.dbtype,current DBTYPE :    ,    ]
   $INFO[listitem.label,label:    ,    ]

[B]get byid container(2000)[/B]
   $INFO[container(2000).listitem.dbid,container 2000 dbid :    ,    ]
   $INFO[container(2000).listitem.dbtype,container 2000 dbtype :    ,    ]
   $INFO[container(2000).listitem.label,container 2000 label :    ,    ]
"/>
</include>
	</controls>
</window>
