<?xml version="1.0" encoding="UTF-8"?>
<window>
<!-- 	1.55 SettingsSystemInfo.xml
ID 	Type 		Description
2 – 11 	label 	Line 2 – Line 11
30 	textbox 	privacy-policy text
40 	label 		System information category label
52 	label 		Xbmc build label
94 	button 		Show storage information
95 	button 		Show summary information
96 	button 		Show network information
97 	button 		Show video information
98 	button 		Show hardware information
99 	button 		Show PVR information
99 	button 		Show privacy-policy  
-->
	<defaultcontrol always="true">95</defaultcontrol>
	<menucontrol>95</menucontrol>
	<backgroundcolor>$VAR[BackgroundColor]</backgroundcolor>
	<include>Animation_OpenClose_Slide</include>
	
	<controls>
		
		<control type="label" id="52">
			<include content="HiddenObject" />
		</control>
		<control type="label" id="53">
			<include content="HiddenObject" />
		</control>
		
		
		<include>GlobalBackground</include>
		<include>HeaderBar</include>
		
		
		<!-- left -->
		<control type="grouplist" id="9000">
			<depth>DepthContentPanel</depth>
			<left>60</left>
			<width>27%</width>
			<top>200</top>
			<height>82%</height>
			<usecontrolcoords>true</usecontrolcoords>
			<orientation>vertical</orientation>
			
			<onup>9000</onup>
			<ondown>9000</ondown>
			<onright>60</onright>
			
			<control type="button" id="95">
				<description>Button Summary Values</description>
				<align>right</align>
				<texturefocus flipx="true" colordiffuse="$VAR[Button_Panel_FO]">hub/diffuse_linear_hor_50_trans.png</texturefocus>
				<texturenofocus />
				<label>$LOCALIZE[20037]</label>
			</control>
			<control type="button" id="94">
				<description>Button Storage</description>
				<align>right</align>
				<texturefocus flipx="true" colordiffuse="$VAR[Button_Panel_FO]">hub/diffuse_linear_hor_50_trans.png</texturefocus>
				<texturenofocus />
				<label>$LOCALIZE[13277]</label>
			</control>
			<control type="button" id="96">
				<description>Button Network</description>
				<align>right</align>
				<texturefocus flipx="true" colordiffuse="$VAR[Button_Panel_FO]">hub/diffuse_linear_hor_50_trans.png</texturefocus>
				<texturenofocus />
				<label>$LOCALIZE[13279]</label>
			</control>
			<control type="button" id="97">
				<description>Button Video</description>
				<align>right</align>
				<texturefocus flipx="true" colordiffuse="$VAR[Button_Panel_FO]">hub/diffuse_linear_hor_50_trans.png</texturefocus>
				<texturenofocus />
				<label>$LOCALIZE[13280]</label>
			</control>
			<control type="button" id="98">
				<description>Button Hardware</description>
				<align>right</align>
				<texturefocus flipx="true" colordiffuse="$VAR[Button_Panel_FO]">hub/diffuse_linear_hor_50_trans.png</texturefocus>
				<texturenofocus />
				<label>$LOCALIZE[13281]</label>
			</control>
			<control type="button" id="99">
				<description>Button PVR</description>
				<align>right</align>
				<texturefocus flipx="true" colordiffuse="$VAR[Button_Panel_FO]">hub/diffuse_linear_hor_50_trans.png</texturefocus>
				<texturenofocus />
				<label>$LOCALIZE[19191]</label>
			</control>
			<control type="button" id="100">
				<description>Button Privacy policy</description>
				<align>right</align>
				<texturefocus flipx="true" colordiffuse="$VAR[Button_Panel_FO]">hub/diffuse_linear_hor_50_trans.png</texturefocus>
				<texturenofocus />
				<label>$LOCALIZE[12389]</label>
			</control>
		</control>
		
		<control type="grouplist">
			<right>30</right>
			<width>65%</width>
			<top>200</top>
			<height>69%</height>
			
			<control type="label" id="2">
				<height>47</height>
			</control>
			<control type="label" id="3">
				<height>47</height>
			</control>
			<control type="label" id="4">
				<height>47</height>
			</control>
			<control type="label" id="5">
				<height>47</height>
			</control>
			<control type="label" id="6">
				<height>47</height>
			</control>
			<control type="label" id="7">
				<height>47</height>
			</control>
			<control type="label" id="8">
				<height>47</height>
			</control>
			<control type="label" id="9">
				<height>47</height>
			</control>
			<control type="label" id="10">
				<height>47</height>
			</control>
			<control type="label" id="11">
				<height>47</height>
			</control>
			<control type="label" id="12">
				<height>47</height>
			</control>
			
		</control>
		
		<control type="textbox">
			<centerright>40%</centerright>
			<width>68%</width>
			<top>100</top>
			<height>200</height>
			<font>HUB_WidgetHeader</font>
			<align>center</align>
			<aligny>center</aligny>
			<textcolor>cyan</textcolor>
			<label>[UPPERCASE]KODI  $LOCALIZE[12389][/UPPERCASE]</label>
			<visible>Control.IsVisible(30)</visible>
		</control>
		
		<control type="textbox" id="30">
			<right>80</right>
			<width>60%</width>
			<top>240</top>
			<height>58%</height>
			<pagecontrol>60</pagecontrol>
			<autoscroll delay="5000" repeat="7500" time="5000">!Control.HasFocus(60)</autoscroll>
		</control>
		
		<control type="image">
			<centerleft>50%</centerleft>
			<width>100%</width>
			<height>1</height>
			<bottom>165</bottom>
			<texture colordiffuse="midgrey" border="2">diffuse/seperator_gradient_hor.png</texture>
		</control>
		
		<control type="grouplist">
			<left>100</left>
			<width>50%</width>
			<height>150</height>
			<bottom>5</bottom>
			
			<itemgap>10</itemgap>
			<orientation>vertical</orientation>
			
			<control type="label">
				<description>CPU Text</description>
				<height>40</height>
				<label>$LOCALIZE[13271] $INFO[System.CPUUsage]</label>
				<aligny>center</aligny>
				<align>center</align>
				<textoffsety>40</textoffsety>
				<textcolor>grey</textcolor>
				<font>font27</font>
			</control>
			<control type="progress">
				<top>50</top>
				<description>CPU BAR</description>
				<height>5</height>
				<info>System.CPUUsage</info>
				<texturebg colordiffuse="midgrey" border="2">colors/white50.png</texturebg>
				<midtexture colordiffuse="$VAR[Button_Selected]" border="2">colors/white.png</midtexture>
			</control>
			
			<control type="label">
				<description>Memory Text</description>
				<height>40</height>
				<label>$LOCALIZE[31030]: $INFO[system.memory(used)] [B]/[/B] $INFO[system.memory(total)] [B]-[/B] $INFO[system.memory(used.percent)]</label>
				<aligny>center</aligny>
				<align>center</align>
				<textcolor>grey</textcolor>
				<font>font27</font>
			</control>
			<control type="progress">
				<description>Memory BAR</description>
				<height>5</height>
				<info>system.memory(used)</info>
				<texturebg colordiffuse="midgrey" border="2">colors/white50.png</texturebg>
				<midtexture colordiffuse="$VAR[Button_Selected]" border="2">colors/white.png</midtexture>
			</control>
		</control>
				
		<control type="grouplist">
			<description>Kodi build version</description>
			<left>65%</left>
			<width>30%</width>
			<height>150</height>
			<bottom>5</bottom>
			<itemgap>5</itemgap>
			<orientation>vertical</orientation>
			<usecontrolcoords>true</usecontrolcoords>
			
			<control type="label">
				<description>Build label</description>
				<width>auto</width>
				<height>50</height>
				<aligny>bottom</aligny>
				<font>font12</font>
				<textoffsety>10</textoffsety>
				<textcolor>grey</textcolor>
				<label>$LOCALIZE[144] $INFO[Control.GetLabel(52), :,  ]</label>
			</control>

			<control type="label">
				<description>kodi Compiled Text</description>
				<width>auto</width>
				<height>25</height>
				<label>$LOCALIZE[174]  $INFO[Control.GetLabel(53), :,  ]</label>
				<font>font12</font>
				<textcolor>grey</textcolor>
			</control>
			
		</control>
			
		<control type="scrollbar" id="60">
			<right>5</right>
			<top>240</top>
			<height>58%</height>
			<orientation>vertical</orientation>
			<onleft>9000</onleft>
			<onright>9000</onright>
			<visible>Control.IsVisible(30)</visible>
		</control>
	
	</controls>
</window>
