<?xml version="1.0" encoding="utf-8"?>
<window>
	<defaultcontrol always="true">8999</defaultcontrol>
	<menucontrol>9000</menucontrol>
<!-- 	1.52 SettingsProfile.xml
ID 	Type 		Description
2 	container 	List of available profiles
4 	button 		Enable the loginscreen
5 	button 		Auto login  
-->
	<backgroundcolor>$VAR[BackgroundColor]</backgroundcolor>
	<include>Animation_OpenClose_Slide</include>
	
	<controls>
		
		
		<include>GlobalBackground</include>
		<include>HeaderBar</include>
		
		
		<!-- left -->
		<control type="grouplist" id="8999">
			<depth>DepthContentPanel</depth>
			<left>30</left>
			<width>40%</width>
			<top>200</top>
			<height>82%</height>
			<usecontrolcoords>true</usecontrolcoords>
			<orientation>vertical</orientation>
			
			<onup>2</onup>
			<ondown>2</ondown>
			<onright>2</onright>
			<onleft>9000</onleft>
			<control type="radiobutton" id="4">
				<align>right</align>
				<height>70</height>
				<textoffsetx>90</textoffsetx>
				<texturefocus flipx="true" colordiffuse="$VAR[Button_Panel_FO]">hub/diffuse_linear_hor_50_trans.png</texturefocus>
				<texturenofocus />
				<label>$LOCALIZE[31057]</label>
				<wrapmultiline>true</wrapmultiline>
				<selected>System.HasLoginScreen</selected>
				<!-- <enable>!Window.IsVisible(ProfileSettings) + !System.HasLoginScreen</enable> -->
			</control>
			<control type="button" id="5">
				<align>right</align>
				<texturefocus flipx="true" colordiffuse="$VAR[Button_Panel_FO]">hub/diffuse_linear_hor_50_trans.png</texturefocus>
				<texturenofocus />
				<height>70</height>
				<label>$LOCALIZE[31058][CR][B][I]$INFO[System.ProfileAutoLogin][/I][/B]</label>
				<label2></label2>
			</control>
			
			
		</control>
		
		<control type="label" id="99">
			<top>50%</top>
			<width>90%</width>
			<centerleft>50%</centerleft>
			<align>center</align>
			<height>70</height>
			<font>HeaderBar_Main</font>
			<label>[B]$LOCALIZE[13200][/B]</label>
		</control>
		
		<!-- use uni layout instead container, to add a tickmark for current focused , and get better label controls -->
		
		<include content="Universal_Container">
			<param name="id" value="2" />
			<param name="type_height" value="460" />
			<param name="type_pos_top" value="60%" />
			<param name="orientation" value="vertical" />
			
			<param name="tags_visible" value="false" />
			
			<param name="visible" value="true" />
			
			<param name="layout_height" value="270" />
			<param name="layout_width" value="270" />
			
			<param name="itemwidth" value="230" />
			<param name="itemheight" value="230" />
			<param name="layout" value="square" />
			<param name="circle_visible" value="true" />
			<onup>8999</onup>
			<ondown>8999</ondown>
			<onleft>2</onleft>
			<onright>2</onright>
			<left>100</left>
			<right>100</right>
					
		</include>
			
		
		<!-- <control type="scrollbar" id="60">
			<right>5</right>
			<top>240</top>
			<height>58%</height>
			<orientation>vertical</orientation>
			<onleft>9000</onleft>
			<onright>9000</onright>
			<visible>Control.IsVisible(30)</visible>
		</control> -->
	</controls>
</window>
