<?xml version="1.0" encoding="UTF-8"?>
<includes>

	<include name="view50">
		<control type="group">
			<visible>Control.IsVisible(50)</visible>
					
			<control type="textbox">
				<description>info ? later</description>
				<autoscroll delay="2000" time="1500" repeat="1500">true</autoscroll>
				<wrapmultiline>true</wrapmultiline>
				<visible>false</visible>
				<font>Reg20</font>
				<height>200</height>
				<bottom>100</bottom>
				<width>25%</width>
				<left>5%</left>
				<align>center</align>
				<aligny>center</aligny>
				<textcolor>red</textcolor>
				<label>top[CR]middle[CR]bottom</label>
			</control>
			
			<!-- cond hight/top offeset - depending on header bar settings -->
			<control type="group">
				<visible>Skin.HasSetting(View_50_ShowBGPanel)</visible>
				<include content="View_BGPanel">
					<param name="width2" value="33%" />
					<param name="width3" value="100" />
				</include>
			</control>
			
			<include content="PreferedThumb">
				<param name="id" value="50" />
			</include>
			
			
			
			<control type="panel" id="50">
				<orientation>vertical</orientation>
				<preloaditems>2</preloaditems>
				<scrolltime tween="quadratic">400</scrolltime>
				<left>35%</left>
				<right>5%</right>
				<width>57%</width>
				<bottom>100</bottom>
				<top>150</top>
				<include>Oninfo_MovieSetInfo</include>
				<include>NavControl_Media</include>
				
				<viewtype label="535">list</viewtype>
				
				<itemlayout height="105">
					<control type="group">
					<height>90</height>
					<include content="list_panel">
						<param name="autoscroll" value="false" />
						<param name="highlightcolor" value="$VAR[Nav_LabelSecondaryColor]" />
					</include>
				</control>
			</itemlayout>
			<focusedlayout height="105">
				<include>SetPropOnFocus_HiddenButton</include>
				<control type="group">
					<height>90</height>
					<include>Animation_Item_Focus</include>
					<control type="group">
						<control type="image">
							<description>revisit alpha stuff cdiffuse and img bg texture</description>
							<left>40</left>
							<bordertexture colordiffuse="$VAR[Nav_LabelPrimaryColor]">artworkdiffuse/list_borderfo.png</bordertexture>
							<texture colordiffuse="cc202020" background="true" diffuse="artworkdiffuse/banner.png">colors/white50.png</texture>
							<bordersize>3</bordersize>
						</control>
						<include content="list_panel">
							<param name="autoscroll" value="true" />
							<param name="highlightcolor" value="$VAR[Nav_HighlightColor]" />
						</include>
					</control>
					<control type="image">
						<description>make visible optional</description>
						<centertop>50%</centertop>
						<visible>false</visible>
						<left>14</left>
						<visible>true</visible>
						<width>60</width>
						<height>60</height>
						<texture colordiffuse="$VAR[Nav_DimOverlay_Icon]" diffuse="artworkdiffuse/circle.png" background="true">overlay/overlay_button_play.png</texture>
					</control>
				</control>
			</focusedlayout>
			</control>
			<include content="footer">
				<param name="view_id" value="50" />
				<param name="offset_leftpanel" value="25%" />
				<param name="media_flagalign" value="center" />
				<param name="media_flagwidth" value="30%" />
				
				<param name="rating_flagalign" value="center" />
			</include>
		</control>
	</include>
	
	<include name="list_panel">
		<control type="image">
			<width>90</width>
			<height>90</height>
			<description>temp workaround for def white or very bright border, may an if not cond needed def icons</description>
			<texture colordiffuse="cc181818">artworkdiffuse/circle.png</texture>
			<bordersize>6</bordersize>
			<visible>String.Contains(ListItem.Icon,default)</visible>
        </control>
		<control type="image">
			<description>het half cutted circle for icon border studio or thumb midgrey just as workaround</description>
			<width>90</width>
			<height>90</height>
			<texture background="true" diffuse="artworkdiffuse/circle.png">$VAR[ListItem_Icon]</texture>
			<bordertexture colordiffuse="$VAR[Nav_LabelPrimaryColor]">artworkdiffuse/circleborder.png</bordertexture>
			<aspectratio scalediffuse="false" aligny="center" align="center">scale</aspectratio>
			<bordersize>2</bordersize>
		</control>
		<control type="image">
			<description>dont put gif n apng to xbt compression</description>
			<centertop>50%</centertop>
			<left>14</left>
			<width>60</width>
			<height>60</height>
			<texture background="true">special://skin/extras/song_gifs/playingsong.gif</texture>
			<colordiffuse>$VAR[Nav_LabelPrimaryColor]</colordiffuse>
			<bordersize>4</bordersize>
			<visible>ListItem.IsPlaying</visible>
			<bordertexture colordiffuse="55000000">artworkdiffuse/circle.png</bordertexture>
		</control>
		<control type="label">
			<description>autoscroll and selectedcolor just not  textboxes, may use var and chenge to textb again</description>
			<wrapmultiline>true</wrapmultiline>
			<font>CommonTag</font>
			<width>580</width>
			<left>105</left>
			<align>left</align>
			<aligny>center</aligny>
			<textcolor>$VAR[Nav_LabelPrimaryColor]</textcolor>
			<selectedcolor>$VAR[Nav_SelectedColor]</selectedcolor>
			<label>$INFO[ListItem.Label,[B],[/B]][CR][COLOR=$VAR[Nav_LabelSecondaryColor]]$INFO[ListItem.Year]     $INFO[ListItem.Label2,[B],[/B]][/COLOR]</label>
		</control>
		<control type="textbox">
			<autoscroll delay="2000" time="1500" repeat="1500">$PARAM[autoscroll]</autoscroll>
			<wrapmultiline>true</wrapmultiline>
			<font>CommonTag</font>
			<width>100</width>
			<right>90</right>
			<align>right</align>
			<aligny>center</aligny>
			<textcolor>$VAR[Nav_LabelPrimaryColor]</textcolor>
			<label>[CR]$INFO[ListItem.Duration(h),, h]$INFO[ListItem.Duration(m), , m] </label>
		</control>
		<control type="image">
			<description>stars rating, need switch to var</description>
			<top>8</top>
			<right>90</right>
			<visible>true</visible>
			<width>100</width>
			<height>40</height>
			<aspectratio align="center">keep</aspectratio>
			<texture colordiffuse="$PARAM[highlightcolor]">rating/stars/$INFO[ListItem.Rating].png</texture>
		</control>
		<include>ListItem_Indicators</include>
	</include>
	
	
	<include name="View_BGPanel">
		<control type="image">
			<description>optional panel</description>
			<left>0</left>
			<right>0</right>
			<width>100%</width>
			<top>0</top>
			<bottom>0</bottom>
			<texture colordiffuse="$VAR[Nav_BGPanelColor]">colors/white50.png</texture>
		</control>
		<control type="image">
			<description>optional panel left</description>
			<left>0</left>
			<width>$PARAM[width2]</width>
			<top>0</top>
			<bottom>0</bottom>
			<texture colordiffuse="$VAR[Nav_BGPanelColor]">colors/white50.png</texture>
		</control>
		<control type="image">
			<description>optional panel right</description>
			<right>0</right>
			<width>$PARAM[width3]</width>
			<top>0</top>
			<bottom>0</bottom>
			<texture colordiffuse="$VAR[Nav_BGPanelColor]">colors/white50.png</texture>
		</control>
	</include>
	
	<variable name="thumbframe">
        <value condition="[
            Skin.HasSetting(View_50_Prefer_Disc_Video) |
			Skin.HasSetting(View_50_Prefer_Discart_Album) |
			Skin.HasSetting(View_50_Prefer_Discart_Song) |
			Skin.HasSetting(View_50_Prefer_clearlogo) |
			Skin.HasSetting(View_50_Prefer_clearart)]">colors/white10.png
        </value>
        <value condition="![
            Skin.HasSetting(View_50_Prefer_Disc_Video) |
			Skin.HasSetting(View_50_Prefer_Discart_Album) |
			Skin.HasSetting(View_50_Prefer_Discart_Song) |
			Skin.HasSetting(View_50_Prefer_clearlogo) |
			Skin.HasSetting(View_50_Prefer_clearart)]">frames/dialog16to9.png
        </value>
	</variable>
	
	<variable name="ListItemWatchedStatus_OverlayIcon">
        <value condition="[Integer.IsGreater(ListItem.PlayCount,0) + !ListItem.IsResumable]">watched.png</value>
        <value condition="[String.IsEqual(ListItem.Overlay,OverlayUnWatched.png) + ListItem.IsResumable]">progress.png</value>
		<value condition="![Integer.IsGreater(ListItem.PlayCount,0) + !ListItem.IsResumable]">unwatched.png</value>
	</variable>
	<variable name="ListItemWatchedStatus_OverlayColor">
        <value condition="[Integer.IsGreater(ListItem.PlayCount,0) + !ListItem.IsResumable]">$INFO[Skin.String(OverlayWatched)]</value>
        <value condition="[String.IsEqual(ListItem.Overlay,OverlayUnWatched.png) + ListItem.IsResumable]">$INFO[Skin.String(OverlayProgress)]</value>
		<value condition="![Integer.IsGreater(ListItem.PlayCount,0) + !ListItem.IsResumable]">$INFO[Skin.String(OverlayUnwatched)]</value>
	</variable>
	
	
	
	<!-- lead thumb sourcing to var to get clean conditions ?, currently ignorging folders

	list 50 just 'poster - keyart - landscape - icon ' ?
	
	-->
	<variable name="ListItem_Icon">
		<value condition="!Skin.HasSetting(View_50_Prefer_Discart_Song) + [Container.Content(songs) | String.IsEqual(ListItem.dbtype,song)] + !String.IsEmpty(ListItem.Art(album.discart))">$INFO[ListItem.Art(album.discart)]</value>
		<value>$VAR[ImageLayout_poster]</value>	
	</variable>
	
	
	<variable name="PreferedThumb_Sourcing">
		<value condition="String.IsEqual(ListItem.Label,..)">defaultfolderback.png</value>
		<value condition="String.IsEqual(ListItem.Label,$LOCALIZE[21452])">defaultaddoninputstream.png</value>
		<value condition="String.IsEqual(ListItem.Label,$LOCALIZE[20462])">defaultaddsource.png</value>
		
		<value condition="[Container.Content(studios) | String.IsEqual(ListItem.dbtype,studio)]">$INFO[ListItem.Label,resource://resource.images.studios.white/,.png]</value>
		
			<value condition="Window.IsActive(videos) + [Container.Content(genres) | String.IsEqual(ListItem.DBTYPE,genre)]">defaultgenre.png</value>
			<value condition="Window.IsActive(music) + [Container.Content(genres) | String.IsEqual(ListItem.DBTYPE,genre)]">defaultmusicgenres.png</value>
			<value condition="[Container.Content(directors) | String.IsEqual(ListItem.dbtype,director)]">defaultdirector.png</value>
			<value condition="[Container.Content(tags) | String.IsEqual(ListItem.dbtype,tag)]">defaulttags.png</value>
		
			<value condition="Container.Content(years)">defaultyear.png</value>
		
		<value condition="String.Contains(ListItem.Label,*) + !String.IsEmpty(Container.Art(thumb))">$INFO[Container.Art(thumb)]</value>
		
		
		<value condition="Skin.HasSetting(View_50_Prefer_Discart_Song) + !String.IsEmpty(ListItem.Art(album.discart)) + String.IsEqual(ListItem.dbtype,song)">$INFO[ListItem.Art(album.discart)]</value>
		<value condition="!String.IsEmpty(ListItem.Art(discart)) + [String.IsEqual(ListItem.dbtype,album) + Skin.HasSetting(View_50_Prefer_Discart_Album)] | [Window.IsActive(videos) + Skin.HasSetting(View_50_Prefer_Disc_Video)]">$INFO[ListItem.Art(discart)]</value>
		
		<value condition="Skin.HasSetting(View_50_Prefer_clearart) + !String.IsEmpty(ListItem.Art(clearart))">$INFO[ListItem.Art(clearart)]</value>
		<value condition="Skin.HasSetting(View_50_Prefer_clearart) + String.IsEmpty(ListItem.Art(clearart)) + !String.IsEmpty(ListItem.Art(characterart))">$INFO[ListItem.Art(characterart)]</value>
		<value condition="[Skin.HasSetting(View_50_Prefer_clearlogo) | [Skin.HasSetting(View_50_Prefer_clearart) + String.IsEmpty(ListItem.Art(clearart)) + String.IsEmpty(ListItem.Art(characterart))]] + !String.IsEmpty(ListItem.Art(clearlogo))">$INFO[ListItem.Art(clearlogo)]</value>
		
		
		<value condition="Skin.HasSetting(View_50_Prefer_landscape) + !String.IsEmpty(ListItem.Art(landscape))">$INFO[ListItem.Art(landscape)]</value>
		<value condition="Skin.HasSetting(View_50_Prefer_landscape) + String.IsEmpty(ListItem.Art(landscape)) + !String.IsEmpty(ListItem.Art(fanart))">$INFO[ListItem.Art(fanart)]</value>
		
		<value condition="Skin.HasSetting(View_50_Prefer_banner) + !String.IsEmpty(ListItem.Art(banner))">$INFO[ListItem.Art(banner)]</value>
		
		<value condition="Skin.HasSetting(View_50_Prefer_keyart) + !String.IsEmpty(ListItem.Art(keyart))">$INFO[ListItem.Art(keyart)]</value>
		
		<value condition="Skin.HasSetting(View_50_Prefer_animatedposter) + !String.IsEmpty(ListItem.Art(animatedposter))">$INFO[ListItem.Art(animatedposter)]</value>
		
		<value condition="!String.IsEmpty(ListItem.Art(poster))">$INFO[ListItem.Art(poster)]</value>
		
		<value>$INFO[ListItem.Icon]</value>
	</variable>	
	
	<!-- !ListItem.IsPlaying ,  !ListItem.IsRecording 
	
	set, watched, unwatched, tagged/marked as favourite ..?..
	
	
	shitty textures via paint,300x300
	-->
	<include name="ListItem_Indicators">
        <control type="group">
            <visible>!String.IsEqual(ListItem.Label,..)</visible>
            
			<control description="watched" type="image">
				<description>watched, unwatched all episodes equal 0</description>
				<visible>!String.IsEqual(ListItem.dbtype,Set) + Integer.IsGreater(ListItem.PlayCount,0) + !ListItem.IsResumable</visible>
				<centertop>50%</centertop>
				<right>20</right>
				<width>20</width>
				<height>20</height>
				<texture colordiffuse="$VAR[Nav_ListItem_WatchedColor]" diffuse="watched.png">colors/white.png</texture>
				<bordersize>2</bordersize>
				<bordertexture colordiffuse="$VAR[Nav_ListItem_WatchedStateFrameColor]" diffuse="frame_circle.png">colors/white50.png</bordertexture>
			</control>
            <control description="unwatched" type="image">
				<description>unwatched, watched episodes equal 0</description>
				<visible>!String.IsEqual(ListItem.dbtype,Set) + [String.IsEqual(ListItem.Overlay,OverlayUnWatched.png) + !ListItem.IsResumable]</visible>
				<centertop>50%</centertop>
				<right>20</right>
				<width>20</width>
				<height>20</height>
				<texture colordiffuse="$VAR[Nav_ListItem_WatchedStateFrameColor]" diffuse="frame_circle.png">colors/white50.png</texture>
			</control>
			
			<control description="in progress" type="image">
				<visible>!String.IsEqual(ListItem.dbtype,Set) + [String.IsEqual(ListItem.Overlay,OverlayUnWatched.png) + ListItem.IsResumable]</visible>
				<description>progress</description>
				<centertop>50%</centertop>
				<right>20</right>
				<width>20</width>
				<height>20</height>
				<texture colordiffuse="$VAR[Nav_ListItem_InProgressColor]" diffuse="progress.png">colors/white.png</texture>
				<bordersize>2</bordersize>
				<bordertexture colordiffuse="$VAR[Nav_ListItem_WatchedStateFrameColor]" diffuse="frame_circle.png">colors/white50.png</bordertexture>
			</control>

			<control description="set" type="image">
				<visible>String.IsEqual(ListItem.dbtype,Set)</visible>
				<centertop>50%</centertop>
				<right>7</right>
				<width>50</width>
				<height>50</height>
				<texture colordiffuse="$VAR[Nav_LabelPrimaryColor]" diffuse="defaultsets.png">colors/white30.png</texture>
			</control>
        </control>
    </include>
    
    <!-- just if unlocalized string
   		 Skin.HasSetting(View_$INFO[Container.Viewmode]_Prefer_Disc_Video) |
			Skin.HasSetting(View_$INFO[Container.Viewmode]_Prefer_Discart_Album) |
			Skin.HasSetting(View_$INFO[Container.Viewmode]_Prefer_Discart_Song) |
			Skin.HasSetting(View_$INFO[Container.Viewmode]_Prefer_clearlogo) |
			Skin.HasSetting(View_$INFO[Container.Viewmode]_Prefer_clearart)]
	-->
    
    <include name="PreferedThumb">
			<control type="image">
				<left>5%</left>
				<centertop>51%</centertop>
				<width>26%</width>
				<visible>[
            Skin.HasSetting(View_$PARAM[id]_Prefer_Disc_Video) |
            Skin.HasSetting(View_$PARAM[id]_Prefer_Discart_Album) |
            Skin.HasSetting(View_$PARAM[id]_Prefer_Discart_Song) |
            Skin.HasSetting(View_$PARAM[id]_Prefer_clearlogo) |
            Skin.HasSetting(View_$PARAM[id]_Prefer_clearart)]
            </visible>
				<bordersize>2</bordersize>
				<bordertexture />
				<texture>$VAR[PreferedThumb_Sourcing]</texture>
				<aspectratio aligny="center" align="center">keep</aspectratio>
			</control>
			
			<control type="image">
				<left>5%</left>
				<centertop>51%</centertop>
				<width>26%</width>
				<visible>![
            Skin.HasSetting(View_$PARAM[id]_Prefer_Disc_Video) |
            Skin.HasSetting(View_$PARAM[id]_Prefer_Discart_Album) |
            Skin.HasSetting(View_$PARAM[id]_Prefer_Discart_Song) |
            Skin.HasSetting(View_$PARAM[id]_Prefer_clearlogo) |
            Skin.HasSetting(View_$PARAM[id]_Prefer_clearart)]
            </visible>
				<bordersize>2</bordersize>
				<bordertexture border="5" colordiffuse="$VAR[Nav_LabelPrimaryColor]">frames/dialog16to9.png</bordertexture>
				<texture>$VAR[PreferedThumb_Sourcing]</texture>
				<aspectratio aligny="center" align="center">keep</aspectratio>
			</control>
	</include>
</includes>