<?xml version="1.0" encoding="UTF-8"?>
<includes>
	
	
<!--1 Videos
Sub-section Name 	Path
Root 	library://video/
  	 
Movies 	videodb://movies/
MovieGenres 	videodb://movies/genres/
MovieTitles 	videodb://movies/titles/
MovieYears 	videodb://movies/years/
MovieActors 	videodb://movies/actors/
MovieDirectors 	videodb://movies/directors/
MovieStudios 	videodb://movies/studios/
MovieSets 	videodb://movies/sets/
MovieCountries 	videodb://movies/countries/
MovieTags 	videodb://movies/tags/
RecentlyAddedMovies 	videodb://recentlyaddedmovies/
  	 
TvShows 	videodb://tvshows/
TvShowGenres 	videodb://tvshows/genres/
TvShowTitles 	videodb://tvshows/titles/
TvShowYears 	videodb://tvshows/years/
TvShowActors 	videodb://tvshows/actors/
TvShowStudios 	videodb://tvshows/studios/
RecentlyAddedEpisodes 	videodb://recentlyaddedepisodes/
InProgressTvShows 	videodb://inprogresstvshows
  	 
MusicVideos 	videodb://musicvideos/
MusicVideoGenres 	videodb://musicvideos/genres/
MusicVideoTitles 	videodb://musicvideos/titles/
MusicVideoYears 	videodb://musicvideos/years/
MusicVideoArtists 	videodb://musicvideos/artists/
MusicVideoAlbums 	videodb://musicvideos/albums/
MusicVideoDirectors 	videodb://musicvideos/directors/
MusicVideoStudios 	videodb://musicvideos/studios/
RecentlyAddedMusicVideos 	videodb://recentlyaddedmusicvideos/
  	 
Playlists 	special://videoplaylists/
Video Add-ons 	addons://sources/video/
Files 	sources://video/
2 Music
Sub-section Name 	Path
Root 	library://music/
  	 
Genres 	musicdb://genres/
Artists 	musicdb://artists/
Albums 	musicdb://albums/
Song 	musicdb://songs/
Top100 	musicdb://top100/
Top100Songs 	musicdb://top100/songs/
Top100Albums 	musicdb://top100/albums/
RecentlyAddedAlbums 	musicdb://recentlyaddedalbums/
RecentlyPlayedAlbums 	musicdb://recentlyplayedalbums/
Compilations 	musicdb://compilations/
Years 	musicdb://years/
Singles 	musicdb://singles/
  	 
Files 	sources://music/
Playlists 	special://musicplaylists/
Music Add-ons 	addons://sources/audio/
3 Programs
Sub-section Name 	Path
Addons 	addons://sources/executable/
AndroidApps 	androidapp://sources/apps/
4 AddonBrowser
Sub-section Name 	Path
My add-ons 	addons://user/<type>/ (see for available types https://github.com/xbmc/xbmc/blob/master/xbmc/addons/Addon.cpp#L73)
Update available 	addons://outdated/
Currently downloading add-ons 	addons://downloading/
Recently updated 	addons://recently_updated/
Install from repository 	addons://repos/
Install from zip 	addons://install/
Search 	addons://search/ 


There are different PVR windows, one for every PVR content type (channels, recordings, timers, timer rules, search) not a single PVR window with sub sections denoting the different content types.

Currently, most PVR windows cannot be activated using user supplied paths. Support for more windows may be added in the future.
Example:

ActivateWindow(TVRecordings,pvr://recordings/tv/active/FooDirectory/)


PVR need own section 
TVChannels 	pvr://channels/tv/<GROUPNAME> 	Replace <GROUPNAME> with the name of the specific tv channel group 	Kodi 19
TVGuide 	pvr://channels/tv/<GROUPNAME> 	Replace <GROUPNAME> with the name of the specific tv channel group 	Kodi 19
TVRecordings 	pvr://recordings/tv/active/<DIRECTORY>/ 	Replace <DIRECTORY> with the name of the recording directory to display
TVTimers 			
TVTimerRules 			
TVSearch 			
RadioChannels 	pvr://channels/radio/<GROUPNAME> 	Replace <GROUPNAME> with the name of the specific radio channel group 	Kodi 19
RadioGuide 	pvr://channels/radio/<GROUPNAME> 	Replace <GROUPNAME> with the name of the specific radio channel group 	Kodi 19
RadioRecordings 	pvr://recordings/radio/active/<DIRECTORY>/ 	Replace <DIRECTORY> with the name of the recording directory to display
RadioTimers 			
RadioTimerRules 			
RadioSearch
-->

	<include name="1103_Content_SwanWidgetShortcuts">
		
		<!-- go to:  dialogselect.xml -->
		<control type="button" id="11031">
			<description>Set target Template, action window and action set string direct e.g. plailist?xsp path</description>
			<onclick>Dialog.Close(1103)</onclick>
			<onclick>SetProperty(ShortcutPlaylistContent,video,home)</onclick>
			<onclick>ActivateWindow(selectdialog)</onclick>
			<label>Video Playlists</label>
		</control>
		<control type="button" id="11032">
			<description>Set target Template, action window and action set string direct e.g. plailist?xsp path</description>
			<onclick>Dialog.Close(1103)</onclick>
			<onclick>SetProperty(ShortcutPlaylistContent,music,home)</onclick>
			<onclick>ActivateWindow(selectdialog)</onclick>
			<label>Music Playlists</label>
		</control>
		<!-- go to:  myvideonav.xml -->
		<include content="SwanShortcuts_SetTargetAndPath_CommonButton">
			<param name="id" value="5" />
			<param name="label" value="movies" />
			<param name="target" value="videos" />
			<param name="path" value="Videos,videodb://movies/" />
		</include>
		<include content="SwanShortcuts_SetTargetAndPath_CommonButton">
			<param name="id" value="6" />
			<param name="label" value="tv shows" />
			<param name="target" value="videos" />
			<param name="path" value="Videos,videodb://tvshows/" />
		</include>
		<include content="SwanShortcuts_SetTargetAndPath_CommonButton">
			<param name="id" value="7" />
			<param name="label" value="video addons" />
			<param name="target" value="videos" />
			<param name="path" value="Videos,addons://sources/video/" />
		</include>
		<include content="SwanShortcuts_SetTargetAndPath_CommonButton">
			<param name="id" value="8" />
			<param name="label" value="video sources" />
			<param name="target" value="videos" />
			<param name="path" value="Videos,sources://video/" />
		</include>
		<!-- go to:  mymusicnav.xml -->
		<include content="SwanShortcuts_SetTargetAndPath_CommonButton">
			<param name="id" value="10" />
			<param name="label" value="music" />
			<param name="target" value="music" />
			<param name="path" value="Music,library://music/" />
		</include>
		<include content="SwanShortcuts_SetTargetAndPath_CommonButton">
			<param name="id" value="11" />
			<param name="label" value="music addons" />
			<param name="target" value="music" />
			<param name="path" value="Music,addons://sources/audio/" />
		</include>
		<include content="SwanShortcuts_SetTargetAndPath_CommonButton">
			<param name="id" value="12" />
			<param name="label" value="music sources" />
			<param name="target" value="music" />
			<param name="path" value="Music,sources://music/" />
		</include>
		
		<!-- go to:  myprograms.xml , unneded
		<include content="SwanShortcuts_SetTargetAndPath_CommonButton">
			<param name="id" value="15" />
			<param name="label" value="All Addons" />
			<param name="target" value="" />
			<param name="path" value="Programs,addons://sources/executable/" />
		</include>
		-->
		<!-- go to:  addonbroswer.xml -->
		<include content="SwanShortcuts_SetTargetAndPath_CommonButton">
			<param name="id" value="16" />
			<param name="label" value="Installed Addons" />
			<param name="target" value="" />
			<param name="path" value="AddonBrowser,addons://user/" />
		</include>
		
		<!-- go to:  mypvrrecordings.xml tv-->
		<!-- <include content="SwanShortcuts_SetTargetAndPath_CommonButton">
			<param name="id" value="17" />
			<param name="label" value="PVR TV Recordings" />
			<param name="target" value="" />
			<param name="path" value="TVRecordings,pvr://recordings/tv/active/$INFO[SkinString(NEEDSKINSTRINGSTOREDDIRECTORYBEFORE)]/" />
		</include> -->
		<!-- go to:  mypvrchannels.xml tv-->
		<include content="SwanShortcuts_SetTargetAndPath_CommonButton">
			<param name="id" value="18" />
			<param name="label" value="PVR TV Channels" />
			<param name="target" value="" />
			<param name="path" value="TVChannels,pvr://channels/tv/" />
		</include>
		<!-- go to:  mypvrrecordings.xml radio-->
		<!-- <include content="SwanShortcuts_SetTargetAndPath_CommonButton">
			<param name="id" value="19" />
			<param name="label" value="PVR Radio Recordings" />
			<param name="target" value="" />
			<param name="path" value="TVRecordings,pvr://recordings/radio/active/$INFO[SkinString(NEEDSKINSTRINGSTOREDDIRECTORYBEFORE)]" />
		</include> -->
		<!-- go to:  mypvrchannels.xml radio-->
		<include content="SwanShortcuts_SetTargetAndPath_CommonButton">
			<param name="id" value="20" />
			<param name="label" value="PVR Radio Channels" />
			<param name="target" value="" />
			<param name="path" value="RadioChannels,pvr://channels/radio/" />
		</include>
	</include>
		
	<include name="SwanShortcuts_SetTargetAndPath_CommonButton">
		<control type="button" id="1103$PARAM[id]">
			<description>Set target Template, action window and action set string direct e.g. plailist?xsp path</description>
			<onclick>Skin.SetString(UserWidget$INFO[Window(home).Property(custom_widget_nr)]_target,$PARAM[target])</onclick>
			<onclick>Skin.SetString(UserWidget$INFO[Window(home).Property(custom_widget_nr)]_target.label,$PARAM[label])</onclick>
			<onclick>Dialog.Close(1103)</onclick>
			<onclick>ActivateWindow($PARAM[path],return)</onclick>
			<label>$PARAM[label]</label>
		</control>
	</include>
	
	<variable name="DialogSelect_DefaultControl">
		<value condition="!String.IsEmpty(Window(home).Property(ShortcutPlaylistContent)) + String.IsEqual(Window(home).Property(ShortcutPlaylistContent),music)">39</value>
		<value condition="!String.IsEmpty(Window(home).Property(ShortcutPlaylistContent)) + String.IsEqual(Window(home).Property(ShortcutPlaylistContent),video)">40</value>
		<value>3</value>
	</variable>
	
	<!-- NOTE CHECK THE VIEWTYPE LABELS -->
	<include name="SwanShortcuts_Container">
		<animation effect="slide" start="0,0" end="-700,0" time="250" tween="sine" condition="Window.IsActive(selectdialog)">Conditional</animation>
			
		<control type="group">
			<description>BG</description>
			<include content="DialogBackground_TriplePanel" />
		</control>

		<include content="Dialog_CommonInfo">
			<param name="Header_posy" value="50" />
			<param name="Header_label" value="Browse and Set your[CR][B]W I D G E T[/B]" />
			<param name="Item_Description" value="[CR]" />
		</include>
		
		<control type="image">
			<right>8%</right>
			<centertop>51%</centertop>
			<width>350</width>
			<height>350</height>
			<aspectratio>keep</aspectratio>
			<fadetime>150</fadetime>
			<texture>icons/swanwidgets_icon.png</texture>
			<align>center</align>
			<animation effect="fade" start="100" end="5" time="250" tween="sine" condition="ControlGroup(200).HasFocus()">Conditional</animation>
		</control>
		
		<control type="group">
			<visible>Control.IsVisible(50)</visible>
			<control type="panel" id="50">
				<viewtype label="535">list</viewtype>
				<include content="SwanShortcuts_PanelList" />
			</control>
		</control>
		
		<control type="group">
			<visible>Control.IsVisible(51)</visible>
			<control type="panel" id="51">
				<viewtype label="poster">poster panel</viewtype>
				<include content="SwanShortcuts_PanelList" />
			</control>
		</control>
		
		<control type="group">
			<visible>Control.IsVisible(52)</visible>
			<control type="panel" id="52">
				<viewtype label="circle">circle panel</viewtype>
				<include content="SwanShortcuts_PanelList" />
			</control>
		</control>
		
		<control type="group">
			<visible>Control.IsVisible(53)</visible>
			<control type="panel" id="53">
				<viewtype label="landscape">landscape panel</viewtype>
				<include content="SwanShortcuts_PanelList" />
			</control>
		</control>
		
		<control type="group">
			<visible>Control.IsVisible(54)</visible>
			<control type="panel" id="54">
				<viewtype label="sqaure">sqaure panel</viewtype>
				<include content="SwanShortcuts_PanelList" />
			</control>
		</control>
		
		<control type="group">
			<visible>Control.IsVisible(56)</visible>
			<control type="panel" id="56">
				<viewtype label="episodes">episodes panel</viewtype>
				<include content="SwanShortcuts_PanelList" />
			</control>
		</control>
		
		<control type="group">
			<visible>Control.IsVisible(58)</visible>
			<control type="panel" id="58">
				<viewtype label="NetflixSeason1">Netflix Info</viewtype>
				<include content="SwanShortcuts_PanelList" />
			</control>
		</control>
		
		<control type="grouplist" id="200">
			<description>Widget Settings/Attributes</description>
			<!-- include content="Animation_ButtonFocusSlide" temp decide slide just fo button -->
			<right>-440</right>
			<top>25%</top>
			<width>550</width>
			<height>80%</height>
			
			<onup>200</onup>
			<ondown>200</ondown>
			<onright>50</onright>
			<onleft>50</onleft>		
			
			
			<control type="radiobutton" id="8998">
				<include content="SwanWidgetShortcutAttributes_Button">
					<param name="label" value="SAVE ME" />
				</include>
				<textureradioonfocus colordiffuse="white">icons/radiobuttons/enter.png</textureradioonfocus>
				<textureradioonnofocus colordiffuse="5cC6C6C8">icons/radiobuttons/enter.png</textureradioonnofocus>
				<textureradioofffocus colordiffuse="white">icons/radiobuttons/enter.png</textureradioofffocus>
				<textureradiooffnofocus colordiffuse="5cC6C6C8">icons/radiobuttons/enter.png</textureradiooffnofocus>
				
				<onclick>Skin.SetString(UserWidget$INFO[Window(home).Property(custom_widget_nr)]_path,$INFO[Container.Folderpath])</onclick>
				
				
				<onclick condition="String.IsEmpty(Window(home).Property(UserWidgetName))">Skin.SetString(UserWidget$INFO[Window(home).Property(custom_widget_nr)]_name,$INFO[System.CurrentWindow,, • ]$INFO[Container.FolderName])</onclick>
				<onclick condition="String.IsEmpty(Window(home).Property(UserWidgetLayout))">Skin.SetString(UserWidget$INFO[Window(home).Property(custom_widget_nr)]_layout,$VAR[ContainerViewmode])</onclick>
				<onclick condition="String.IsEmpty(Window(home).Property(UserWidgetLayout))">Skin.SetString(UserWidget$INFO[Window(home).Property(custom_widget_nr)]_layout.label,$VAR[ContainerViewmode])</onclick>
				 
				<onclick>Skin.SetString(UserWidget$INFO[Window(home).Property(custom_widget_nr)]_sortby,$VAR[ContainerSortMethods])</onclick>
				<onclick>Skin.SetString(UserWidget$INFO[Window(home).Property(custom_widget_nr)]_sortby.label,$INFO[Container.SortMethod])</onclick>
				<onclick>Skin.SetString(UserWidget$INFO[Window(home).Property(custom_widget_nr)]_sortorder,$VAR[ContainerSortOrder])</onclick>
				<onclick>Skin.SetString(UserWidget$INFO[Window(home).Property(custom_widget_nr)]_sortorder.label,$INFO[Container.SortOrder])</onclick>
				<onclick>ClearProperty(UserWidgetName,home)</onclick>
				<onclick>ClearProperty(UserWidgetLayout,home)</onclick>
				<onclick>ClearProperty(SetShortcutInProgress,home)</onclick>
				<onclick>ClearProperty(custom_widget_nr,home)</onclick>
				<onclick>ReplaceWindow(skinsettings)</onclick>
			</control>
			
			<include content="spacer_h">
				<param name="id" value="11030" />
				<param name="gap" value="20" />
			</include>
		
			<control type="radiobutton" id="11031">
				<include content="SwanWidgetShortcutAttributes_Button">
					<param name="label" value="Set Widget Name" />
				</include>
				<textureradioonfocus colordiffuse="white">icons/radiobuttons/setname.png</textureradioonfocus>
				<textureradioonnofocus colordiffuse="5cC6C6C8">icons/radiobuttons/setname.png</textureradioonnofocus>
				<textureradioofffocus colordiffuse="white">icons/radiobuttons/setname.png</textureradioofffocus>
				<textureradiooffnofocus colordiffuse="5cC6C6C8">icons/radiobuttons/setname.png</textureradiooffnofocus>
				
				<onclick>SetProperty(DialogHeader,Set Name for Widget $INFO[Window(home).Property(custom_widget_nr)],home)</onclick>
				<onclick>SetProperty(UserWidgetName,true,home)</onclick>
				<onclick>Skin.SetString(UserWidget$INFO[Window(home).Property(custom_widget_nr)]_name)</onclick>
			</control>
			<control type="radiobutton" id="11033">
				<include content="SwanWidgetShortcutAttributes_Button">
					<param name="label" value="Layout" />
				</include>
				<textureradioonfocus colordiffuse="white">defaultpicture.png</textureradioonfocus>
				<textureradioonnofocus colordiffuse="5cC6C6C8">defaultpicture.png</textureradioonnofocus>
				<textureradioofffocus colordiffuse="white">defaultpicture.png</textureradioofffocus>
				<textureradiooffnofocus colordiffuse="5cC6C6C8">defaultpicture.png</textureradiooffnofocus>
				
				<onclick>SetProperty(Dialog.1.Label,P O S T E R)</onclick>
				<onclick>SetProperty(Dialog.1.BuiltIn,Skin.SetString(UserWidget$INFO[Window(home).Property(custom_widget_nr)]_layout,poster)||Skin.SetString(UserWidget$INFO[Window(home).Property(custom_widget_nr)]_layout.label,poster))</onclick>
				
				<onclick>SetProperty(Dialog.2.Label,L A N D S C A P E)</onclick>
				<onclick>SetProperty(Dialog.2.BuiltIn,Skin.SetString(UserWidget$INFO[Window(home).Property(custom_widget_nr)]_layout,landscape)||Skin.SetString(UserWidget$INFO[Window(home).Property(custom_widget_nr)]_layout.label,landscape))</onclick>
				
				<onclick>SetProperty(Dialog.3.Label,S Q U A R E)</onclick>
				<onclick>SetProperty(Dialog.3.BuiltIn,Skin.SetString(UserWidget$INFO[Window(home).Property(custom_widget_nr)]_layout,square)||Skin.SetString(UserWidget$INFO[Window(home).Property(custom_widget_nr)]_layout.label,Square))</onclick>
				
				<onclick>SetProperty(Dialog.4.Label,C I R C L E )</onclick>
				<onclick>SetProperty(Dialog.4.BuiltIn,Skin.SetString(UserWidget$INFO[Window(home).Property(custom_widget_nr)]_layout,circle)||Skin.SetString(UserWidget$INFO[Window(home).Property(custom_widget_nr)]_layout.label,circle))</onclick>
				
				<onclick>SetProperty(Dialog.5.Label,B A N N E R)</onclick>
				<onclick>SetProperty(Dialog.5.BuiltIn,Skin.SetString(UserWidget$INFO[Window(home).Property(custom_widget_nr)]_layout,banner)||Skin.SetString(UserWidget$INFO[Window(home).Property(custom_widget_nr)]_layout.label,banner))</onclick>
				
				
				<onclick>SetProperty(Dialog.6.Label,T E X T  P A N E L)</onclick>
				<onclick>SetProperty(Dialog.6.BuiltIn,Skin.SetString(UserWidget$INFO[Window(home).Property(custom_widget_nr)]_layout,textpanel)||Skin.SetString(UserWidget$INFO[Window(home).Property(custom_widget_nr)]_layout.label,textpanel))</onclick>
				
				
				<onclick>RunScript(script.embuary.helper,action=createselect,header=$LOCALIZE[21858])</onclick>
				<onclick>SetProperty(UserWidgetLayout,true,home)</onclick>
			</control>
			
			
			
			<!-- <label>$LOCALIZE[39010] ($LOCALIZE[21429] $INFO[Container.SortMethod])</label> -->
			<control type="radiobutton" id="113">
				<visible>Control.IsEnabled(3)</visible>
				<description>Select sort method (sort by: name, date size, etc...)</description>
				<include content="SwanWidgetShortcutAttributes_Button">
					<param name="label" value="$LOCALIZE[21429] ..." />
				</include>
				
				<textureradioonfocus colordiffuse="white">defaultaddonservice.png</textureradioonfocus>
				<textureradioonnofocus colordiffuse="5cC6C6C8">defaultaddonservice.png</textureradioonnofocus>
				<textureradioofffocus colordiffuse="white">defaultaddonservice.png</textureradioofffocus>
				<textureradiooffnofocus colordiffuse="5cC6C6C8">defaultaddonservice.png</textureradiooffnofocus>
				
				<onclick>SendClick(3)</onclick>
			</control>
			
			
			<control type="radiobutton" id="114">
				<visible>Control.IsEnabled(4)</visible>
				<description>Select sortmode (ascending or descending)</description>
				<include content="SwanWidgetShortcutAttributes_Button">
					<param name="label" value="Sort Method" />
				</include>
				
				<textureradioonfocus colordiffuse="white">icons/radiobuttons/ascending.png</textureradioonfocus>
				<textureradioonnofocus colordiffuse="5cC6C6C8">icons/radiobuttons/ascending.png</textureradioonnofocus>
				<textureradioofffocus colordiffuse="white">icons/radiobuttons/descending.png</textureradioofffocus>
				<textureradiooffnofocus colordiffuse="5cC6C6C8">icons/radiobuttons/descending.png</textureradiooffnofocus>
				
				<onclick>SendClick(4)</onclick>
			</control>
			<include content="spacer_h">
				<param name="id" value="11035" />
				<param name="gap" value="20" />
			</include>
			
			<control type="radiobutton" id="11036">
				<include content="SwanWidgetShortcutAttributes_Button">
					<param name="label" value="Cancel" />
				</include>
			
				<textureradioonfocus colordiffuse="white">icons/radiobuttons/cancel.png</textureradioonfocus>
				<textureradioonnofocus colordiffuse="5cC6C6C8">icons/radiobuttons/cancel.png</textureradioonnofocus>
				<textureradioofffocus colordiffuse="white">icons/radiobuttons/cancel.png</textureradioofffocus>
				<textureradiooffnofocus colordiffuse="5cC6C6C8">icons/radiobuttons/cancel.png</textureradiooffnofocus>
				
				
				<onclick>ClearProperty(SetShortcutInProgress,home)</onclick>
				<onclick>ClearProperty(custom_widget_nr,home)</onclick>
				<onclick>ReplaceWindow(skinsettings)</onclick>
			</control>
		</control>
	
		
	</include>
	
	<variable name="ContainerViewmode">
		<value condition="!String.IsEmpty(Container.Viewmode) + String.IsEqual(Container.Viewmode,$LOCALIZE[535])">poster</value>
		<value condition="!String.IsEmpty(Container.Viewmode) + String.IsEqual(Container.Viewmode,poster)">poster</value>
		<value condition="!String.IsEmpty(Container.Viewmode) + String.IsEqual(Container.Viewmode,landscape)">landscape</value>
		<value condition="!String.IsEmpty(Container.Viewmode) + String.IsEqual(Container.Viewmode,square)">square</value>
		<value condition="!String.IsEmpty(Container.Viewmode) + String.IsEqual(Container.Viewmode,banner)">banner</value>
		<value condition="!String.IsEmpty(Container.Viewmode) + String.IsEqual(Container.Viewmode,circle)">circle</value>
		<value>poster</value>
	</variable>
	<variable name="NextSortOrder">
		<value condition="String.IsEqual(Container.SortOrder,$LOCALIZE[584])">$LOCALIZE[585]</value>
		<value condition="String.IsEqual(Container.SortOrder,$LOCALIZE[585])">$LOCALIZE[584]</value>
	</variable>
	<variable name="ContainerSortOrder">
		<value condition="String.IsEqual(Container.SortOrder,$LOCALIZE[584])">ascending</value>
		<value condition="String.IsEqual(Container.SortOrder,$LOCALIZE[585])">descending</value>
	</variable>
	
	<include name="Animation_ButtonFocusSlide">
		<animation type="focus" reversible="false">
			<effect type="slide" start="0" end="-440" easing="in" tween="quadratic" time="300" />
		</animation>
		<animation type="unfocus" reversible="false">
			<effect type="slide" start="-440" end="0" easing="in" tween="quadratic" time="300" />
		</animation>
	</include>
	<include name="SwanWidgetShortcutAttributes_Button">
		<param name="radiowidth" default="90" />
		<param name="radioheight" default="90" />
		<definition>
				<include content="Animation_ButtonFocusSlide" />
				<textoffsetx>140</textoffsetx>
				<radiowidth>$PARAM[radiowidth]</radiowidth>
				<radioheight>$PARAM[radiowidth]</radioheight>
				<radioposx>10</radioposx>
				<textureradioondisabled />
				<textureradiooffdisabled />
				<texturefocus flipx="true" colordiffuse="$VAR[BackgroundImage_CDiffuse]">diffuse/slider_big.png</texturefocus>
				<texturenofocus flipx="true" colordiffuse="5cC6C6C8">diffuse/slider_big.png</texturenofocus>
				<height>100</height>
				<focusedcolor>white</focusedcolor>
				<textcolor>5cC6C6C8</textcolor>
				<label>$PARAM[label]</label>
		</definition>
	</include>
	
	<!--
	sortby
	
	content : random ? , label ? , status ? , country ? , studio ? , inprogress ? , path ? , lastplayed(missed in movies) , rating(missed in tvshows)
	
	(video)files : name, size , date , file
	(video)addons : name , lastused
	movies: title , year , rating , userrating , mpaa , duration , dateadded , playcount
		
	actors/ directors: name , appearences
	sets : name
		
	tvshow : title , episode , lastplayed , dateadded , year , userrating
	episode: episode , rating , userrating , mpaa , production code=status?, date , playcount , name
	
	artist: artist , dateadded
	album : album , artist , artistthenyear / , year , dateadded , playcount , lastplayed , rating , userrating
	song : track , title , album , artist , artistthenyear , name , duration , rating , userrating , year , dateadded , playcount , lastplayed
	
	
	Notification(header,message[,time,image])	Will display a notification dialog with the specified header and message, in addition you can set the length of time it displays in milliseconds and a icon image.
	
	https://kodi.wiki/view/List_of_built-in_functions#List_of_sort_methods
	https://github.com/xbmc/xbmc/blob/master/xbmc/utils/SortUtils.cpp#L529-L577

container.setsortmethod()
1	Name
2	Date
3	Size
4	File
5	Path
6	DriveType
7	Title
8	TrackNumber
9	Time
10	Artist
11	ArtistThenYear
12	Album
13	AlbumType
14	Genre
15	Country
16	Year
17	Rating
18	UserRating
19	Votes
20	Top250
21	ProgramCount
22	PlaylistOrder
23	EpisodeNumber
24	Season
25	NumberOfEpisodes
26	NumberOfWatchedEpisodes
27	TvShowStatus
28	TvShowTitle
29	SortTitle
30	ProductionCode
31	MPAA
32	VideoResolution
33	VideoCodec
34	VideoAspectRatio
35	AudioChannels
36	AudioCodec
37	AudioLanguage
38	SubtitleLanguage
39	Studio
40	DateAdded
41	LastPlayed
42	Playcount
43	Listeners
44	Bitrate
45	Random
46	Channel
47	ChannelNumber
48	DateTaken
49	Relevance
50	InstallDate
51	LastUpdated
52	LastUsed
	-->
	
	<variable name="ContainerSortMethods">
		
		<value condition="String.IsEqual(Container.SortMethod,$LOCALIZE[551])">name</value>
		<value condition="String.IsEqual(Container.SortMethod,$LOCALIZE[552])">date</value>
		<value condition="String.IsEqual(Container.SortMethod,$LOCALIZE[553])">size</value>
		<value condition="String.IsEqual(Container.SortMethod,$LOCALIZE[561])">file</value>
		<value condition="String.IsEqual(Container.SortMethod,$LOCALIZE[573])">path</value>
		<value condition="String.IsEqual(Container.SortMethod,$LOCALIZE[556])">title</value>
		<value condition="String.IsEqual(Container.SortMethod,$LOCALIZE[554])">tracknumber</value>
		<value condition="String.IsEqual(Container.SortMethod,$LOCALIZE[555])">time</value>
		<value condition="String.IsEqual(Container.SortMethod,$LOCALIZE[557])">artist</value>
		<value condition="String.IsEqual(Container.SortMethod,$LOCALIZE[578])">artistthenyear</value>
		<value condition="String.IsEqual(Container.SortMethod,$LOCALIZE[558])">album</value>
		<value condition="String.IsEqual(Container.SortMethod,$LOCALIZE[???])">albumtype</value>
		<value condition="String.IsEqual(Container.SortMethod,$LOCALIZE[515])">genre</value>
		<value condition="String.IsEqual(Container.SortMethod,$LOCALIZE[574])">country</value>
		<value condition="String.IsEqual(Container.SortMethod,$LOCALIZE[562])">year</value>
		<value condition="String.IsEqual(Container.SortMethod,$LOCALIZE[563])">rating</value>
		<value condition="String.IsEqual(Container.SortMethod,$LOCALIZE[38018])">userrating</value>
		<value condition="String.IsEqual(Container.SortMethod,$LOCALIZE[205])">votes</value>
		<value condition="String.IsEqual(Container.SortMethod,$LOCALIZE[13409])">top250</value>
		<value condition="String.IsEqual(Container.SortMethod,$LOCALIZE[568])">lastplayed</value>
		<value condition="String.IsEqual(Container.SortMethod,$LOCALIZE[567])">playcount</value>
		<value condition="String.IsEqual(Container.SortMethod,$LOCALIZE[572])">studio</value>
		<value condition="String.IsEqual(Container.SortMethod,$LOCALIZE[570])">dateadded</value>
		<value condition="String.IsEqual(Container.SortMethod,$LOCALIZE[12012])">lastused</value>
 	   <value condition="String.IsEqual(Container.SortMethod,$LOCALIZE[590])">random</value>
		<value></value>
	</variable>
	<!-- value condition="String.IsEqual(Container.SortMethod,$LOCALIZE[566])" albumartist -->
	<!-- value condition="String.IsEqual(Container.SortMethod,$LOCALIZE[575])" inprogress -->
		
	<include name="SwanShortcuts_PanelList">
			<top>250</top>
			<left>33.3%</left>
			<width>33.3%</width>
			<height>70%</height>
			
			<ondown>200</ondown>
			<onup>200</onup>
			<onright>200</onright>
			<onleft>200</onleft>
			
			<scrolltime tween="cubic" easing="out">300</scrolltime>
			
			
			<itemlayout height="110">
				<control type="image">
					<texture>misc/separator.png</texture>
				</control>
				<control type="image">
					<width>110</width>
					<height>110</height>
					<bordersize>7</bordersize>
					<aspectratio scalediffuse="false" aligny="center" align="center">scale</aspectratio>
					<texture diffuse="diffuse/roundmask.png" fallback="defaultaddon.png">$INFO[ListItem.Icon]</texture>
				</control>
				<control type="label">
					<left>150</left>
					<label>$INFO[ListItem.Label]</label>
					<textcolor>$VAR[Button_Text_NF]</textcolor>
					<scroll>true</scroll>
				</control>
			</itemlayout>
			<focusedlayout height="110">
				<control type="image">
					<texture>colors/white.png</texture>
					<colordiffuse>$VAR[Button_Panel_FO]</colordiffuse>
				</control>
				<control type="image">
					<width>110</width>
					<height>110</height>
					<bordersize>7</bordersize>
					<aspectratio scalediffuse="false" aligny="center" align="center">scale</aspectratio>
					<texture diffuse="diffuse/roundmask.png" fallback="defaultaddon.png">$INFO[ListItem.Icon]</texture>
				</control>
				<control type="label">
					<left>150</left>
					<label>$INFO[ListItem.Label,[B],[/B]]</label>
					<textcolor>$VAR[Button_Text_FO]</textcolor>
					<scroll>true</scroll>
				</control>
			</focusedlayout>
			
	</include>
</includes>