<?xml version="1.0" encoding="UTF-8"?>
<includes>

	
<!-- MOVE ME START -->
	
	<variable name="ListItemArt_Discart">
        <value condition="!String.IsEmpty(ListItem.Art(cartridge))">$INFO[ListItem.Art(cartridge)]</value>
        <value condition="!String.IsEmpty(ListItem.Art(discart))">$INFO[ListItem.Art(discart)]</value>
		<value condition="!String.IsEmpty(ListItem.Art(album.discart))">$INFO[ListItem.Art(album.discart)]</value>
        <value condition="!String.IsEmpty(ListItem.Art(landscape)) + Skin.HasSetting(EnableFakeDiscArt)">$INFO[ListItem.Art(landscape)]</value>
        <value condition="!String.IsEmpty(ListItem.Art(fanart)) + Skin.HasSetting(EnableFakeDiscArt)">$INFO[ListItem.Art(fanart)]</value>
	</variable>
	
	<variable name="rating_value_texture">
        <value condition="!String.IsEmpty(ListItem.UserRating)">$INFO[ListItem.UserRating,rating/stars/,.png]</value>
        <value condition="!String.IsEmpty(ListItem.Rating)">$INFO[ListItem.Rating,rating/stars/,.png]</value>
		<value>rating/stars/0.0.png</value>
    </variable>
	
	<variable name="premiere_date">
        <value condition="!$EXP[IsMovie] + !String.IsEmpty(ListItem.Premiered)">$INFO[ListItem.Premiered]</value>
        <value condition="!String.IsEmpty(ListItem.Year)">$INFO[ListItem.Year]</value>
    </variable>
	
	<variable name="ListItemDurationWithEndTime">
        <value condition="!String.IsEmpty(ListItem.Duration) + !String.IsEmpty(ListItem.EndTimeResume)">$VAR[ListItemDuration,, ]$INFO[ListItem.EndTimeResume, - $LOCALIZE[31080]: ,]</value>
		<value condition="!String.IsEmpty(ListItem.Duration) + !String.IsEmpty(ListItem.EndTime)">$VAR[ListItemDuration,, - ]$INFO[ListItem.EndTime,$LOCALIZE[31080]: ,]</value>
		<value>$VAR[ListItemDuration]</value>
    </variable>
	
	<!-- String.IsEndsWith(ListItem.Overlay,OverlayWatched.png) , String.IsEndsWith(ListItem.Overlay,OverlayUnwatched.png) -->
	<variable name="PercentPlayed">
		<value condition="!Integer.IsGreater(ListItem.PlayCount,0) + !ListItem.IsResumable">$LOCALIZE[16102] 0%</value>
		<value condition="Integer.IsGreater(ListItem.PlayCount,0) + !ListItem.IsResumable">$LOCALIZE[16102] 100%</value>
		<value>$INFO[ListItem.PercentPlayed,$LOCALIZE[16102] ,%]</value>
	</variable>
	<variable name="Plots">
		<value condition="Container.content(addons) + !String.IsEmpty(ListItem.AddonDescription)">$INFO[ListItem.AddonDescription]</value>
		<value condition="Container.Content(Seasons) + !String.IsEmpty(ListItem.Plot) + !String.IsEmpty(ListItem.Title)">$INFO[ListItem.Plot]</value>
		<value condition="Container.Content(Seasons) + !String.IsEmpty(Container.ShowPlot) + !String.IsEmpty(ListItem.Title)">$INFO[Container.ShowPlot]</value>
		<value condition="Container.Content(albums) + !String.IsEmpty(ListItem.Property(Album_Description))">$INFO[ListItem.Property(Album_Description)]</value>
		<value condition="Container.Content(artists) + !String.IsEmpty(ListItem.Property(Artist_Description))">$INFO[ListItem.Property(Artist_Description)]</value>
		<value condition="Container.Content(songs) + !String.IsEmpty(ListItem.Comment)">$INFO[ListItem.Comment]</value>
		<value condition="Container.Content(songs) + !String.IsEmpty(ListItem.Property(Album_Description))">$INFO[ListItem.Property(Album_Description)]</value>
		<value condition="Container.Content(songs) + !String.IsEmpty(ListItem.Property(Artist_Description))">$INFO[ListItem.Property(Artist_Description)]</value>
		<value condition="Window.IsActive(tvchannels) + !String.IsEmpty(ListItem.Plot)">$INFO[ListItem.Season,S,]$INFO[ListItem.Episode,E, - ]$INFO[ListItem.EpisodeName,,[CR]]$INFO[ListItem.Plot]$INFO[Container.ListItem.NextTitle,[CR][CR][B]$LOCALIZE[19031]: [/B]]</value>
		<value condition="Window.IsActive(pictures ) + !String.IsEmpty(ListItem.PictureDesc)">$INFO[ListItem.PictureDesc]</value>
		<value condition="Window.IsActive(pictures ) + !String.IsEmpty(ListItem.PictureComment)">$INFO[ListItem.PictureComment]</value>
		<value condition="Window.IsActive(pictures ) + !String.IsEmpty(ListItem.PictureKeywords)">$INFO[ListItem.PictureKeywords]</value>
		<value condition="!String.IsEmpty(ListItem.Plot)">$INFO[ListItem.Plot]</value>
		<value condition="!String.IsEmpty(ListItem.Property(Plot))">$INFO[ListItem.Property(Plot)]</value>
		<value condition="!String.IsEmpty(ListItem.Comment)">$INFO[ListItem.Comment]</value>
		<value condition="!String.IsEmpty(Window(home).property(SkinHelper.ListItem.ExtendedPlot))">$INFO[Window(home).property(SkinHelper.ListItem.ExtendedPlot)]</value>
		<value condition="!String.IsEmpty(Window(home).property(SkinHelper.ListItem.Plot))">$INFO[Window(home).property(SkinHelper.ListItem.Plot)]</value>
	</variable>
	<variable name="Universal_WidgetHeaderListItem">
		<value condition="Window.IsActive(1120)">$VAR[SearchInfoHeader_Title]</value>
		<value condition="Control.HasFocus(8601) | Control.HasFocus(8606) | Control.HasFocus(8607)"></value>
		<value condition="Control.HasFocus(8610)">$INFO[Container.ListItem.Season,$LOCALIZE[20373] [B],[/B] • ]$INFO[Container.ListItem.Episode,$LOCALIZE[20452] [B],[/B]]$INFO[Container.ListItem.Title,[B] : ,[/B]]</value>
		<value>$INFO[Container.ListItem.Label,[B],[/B]]</value>
	</variable>
	<variable name="SearchInfoHeader_Title">
		<value condition="Control.HasFocus(5009)">$INFO[ListItem.Label,[B],[/B]]</value>
		<value condition="String.IsEqual(ListItem.DBType,musicvideo)">$INFO[ListItem.Artist,[B],[/B]]$INFO[ListItem.Title,  [B]•  ,[/B]]</value>
		<value condition="String.IsEqual(ListItem.DBType,song)">$INFO[ListItem.Artist,[B],[/B]]$INFO[ListItem.Title,  [B]•  ,[/B]]</value>
		<value condition="String.IsEqual(ListItem.DBType,episode)">$INFO[ListItem.TvShowTitle,[B],  |  [/B]]$INFO[ListItem.Season,[B]$LOCALIZE[20373]  , • [/B]]$INFO[ListItem.Episode, [B]$LOCALIZE[20359]  , • [/B]]$INFO[ListItem.Title,[B],[/B]]</value>
		<value condition="Control.HasFocus(5007)">$INFO[ListItem.Genre, &quot; , &quot;   |  ]$INFO[ListItem.Label,[B],[/B]]</value>
		<value condition="Control.HasFocus(5011)">$INFO[ListItem.Studio, &quot; , &quot;   |  ]$INFO[ListItem.Label,[B],[/B]]</value>
		<value condition="Control.HasFocus(5012)">$INFO[ListItem.Country, &quot; , &quot;  |  ]$INFO[ListItem.Label,[B],[/B]]</value>
		<value condition="Control.HasFocus(5013)">$INFO[ListItem.Director, &quot; , &quot;  |  ]$INFO[ListItem.Label,[B],[/B]]</value>
		<value condition="Control.HasFocus(5014)">$INFO[ListItem.AddonName,[B],[/B]]</value>
		<value>$INFO[ListItem.Label,[B],[/B]]</value>
	</variable>
	<variable name="Universal_WidgetHeader_Seperator">
		<value condition="Control.HasFocus(8601) | Control.HasFocus(8606) | Control.HasFocus(8607)"></value>
		<value> | </value>
	</variable>
	<variable name="EmbuaryCast">
		<value condition="String.IsEqual(ListItem.DBType,movie) + !String.IsEmpty(ListItem.DBID) + !String.IsEqual(ListItem.DBID,0)">plugin://script.embuary.helper?info=getcast&amp;type=movie&amp;dbid=$INFO[ListItem.DBID]</value>
		<value condition="String.IsEqual(ListItem.DBType,movie) + String.IsEqual(ListItem.DBID,0)">plugin://script.embuary.helper?info=getcast&amp;type=movie&amp;title='$ESCINFO[ListItem.Title]'</value>
		<value condition="String.IsEqual(ListItem.DBType,tvshow) + !String.IsEmpty(ListItem.DBID) + !String.IsEqual(ListItem.DBID,0)">plugin://script.embuary.helper?info=getcast&amp;type=tvshow&amp;dbid=$INFO[ListItem.DBID]</value>
		<value condition="String.IsEqual(ListItem.DBType,tvshow) + String.IsEqual(ListItem.DBID,0)">plugin://script.embuary.helper?info=getcast&amp;type=tvshow&amp;title='$ESCINFO[ListItem.TVShowTitle]'</value>
		<value condition="[String.IsEqual(ListItem.DBType,episode) | String.IsEqual(ListItem.DBType,season)] + !String.IsEmpty(ListItem.DBID)">plugin://script.embuary.helper?info=getcast&amp;type=tvshow&amp;title='$ESCINFO[ListItem.TVShowTitle]'</value>
		<value condition="Container.Content(seasons) + !String.IsEmpty(ListItem(1).DBID)">plugin://script.embuary.helper?info=getcast&amp;type=tvshow&amp;title='$ESCINFO[ListItem(1).TVShowTitle]'</value>
		<value condition="Container.Content(seasons) + !String.IsEmpty(ListItem(2).DBID)">plugin://script.embuary.helper?info=getcast&amp;type=tvshow&amp;title='$ESCINFO[ListItem(2).TVShowTitle]'</value>
		<value>-</value>
	</variable>
	
	<!-- MOVE ME END -->
	
	<variable name="DialogInfo_Header">
		<value condition="Container.Content(Movies) | String.IsEqual(ListItem.DBType,movie)">$LOCALIZE[24007]</value>
		<value condition="Container.Content(Musicvideos) | String.IsEqual(ListItem.DBType,musicvideo)">$LOCALIZE[24015]</value>
		<value condition="Container.Content(TVShows) | String.IsEqual(ListItem.DBType,tvshow)">$LOCALIZE[20351]</value>
		<value condition="Container.Content(Episodes) | String.IsEqual(ListItem.DBType,episode)">$LOCALIZE[20352]</value>
		<value condition="Container.Content(Artists) | String.IsEqual(ListItem.DBType,artist)">$LOCALIZE[24017]</value>
		<value condition="Container.Content(Albums) | String.IsEqual(ListItem.DBType,album)">$LOCALIZE[24016]</value>
		<value condition="Container.Content(Songs) | String.IsEqual(ListItem.DBType,song)">$LOCALIZE[658]</value>
		<value>$LOCALIZE[29943]</value>
	</variable>
	
	<variable name="DialogHeader">
		<value condition="!String.IsEmpty(Window(home).Property(DialogHeader))">$INFO[Window(home).Property(DialogHeader)]</value>
		<value condition="Window.Is(virtualkeyboard) + !String.IsEmpty(Control.GetLabel(311))">$INFO[Control.GetLabel(311)]</value>
		<value condition="Window.Is(filebrowser) + !String.IsEmpty(Control.GetLabel(411))">$INFO[Control.GetLabel(411)]</value>
		<value>[B]Something Missing here $INFO[System.CurrentWindow][/B] in $INFO[Window.Property(xmlfile)]</value>
	</variable>
	
	<variable name="value_header">
		<value condition="Window.IsActive(1100)">TITAN search</value>
        <value condition="[Window.IsActive(skinsettings) | Window.IsActive(Custom_SkinSettings.xml)]">[UPPERCASE]$LOCALIZE[20077][/UPPERCASE]</value>
		<value condition="window.isactive(favourites)">$LOCALIZE[1036]</value>
		<value condition="Window.IsActive(script-ExtendedInfo Script-DialogInfo.xml) + !String.IsEmpty(Window(Home).Property(actor.title))">$INFO[Window(Home).Property(actor.title)]</value>
		<value condition="Window.IsActive(loginscreen)">$INFO[System.CurrentWindow]</value>
		<value condition="window.isactive(DialogVideoInfo.xml) + !String.IsEmpty(ListItem.TvShowTitle)">$INFO[ListItem.TvShowTitle]</value>
		<value condition="window.isactive(DialogVideoInfo.xml) + !String.IsEmpty(ListItem.Title)">$INFO[ListItem.Title]</value>
		<value condition="Window.IsActive(profilesettings) | Window.IsActive(profiles)">$LOCALIZE[10130]</value>
		<value condition="Window.IsActive(selectdialog) + !String.IsEmpty(Control.GetLabel(1))">$INFO[Control.GetLabel(1)]</value>
		<value condition="Window.IsActive(script-skinshortcuts.xml) + String.IsEqual(Window.Property(groupname),powermenu)">$LOCALIZE[31204]</value>
		<value condition="Window.IsActive(script-skinshortcuts.xml) + !String.IsEmpty(Control.GetLabel(500))">$INFO[Control.GetLabel(500)]</value>
		
		<value condition="Window.IsActive(script-skinshortcuts.xml)">$LOCALIZE[31014]</value>
		<value condition="Window.IsActive(script-NextAired-TVGuide.xml) | Window.IsActive(script-NextAired-TVGuide2.xml)">$INFO[System.AddonTitle(script.tv.show.next.aired)]</value>
        <value condition="Window.IsActive(home)">[UPPERCASE]$LOCALIZE[10000][/UPPERCASE]</value>
        <value condition="String.Contains(Container.FolderPath,Radio)">[UPPERCASE]$LOCALIZE[19021][/UPPERCASE]</value>

        <value condition="[Container.Content(movies) | Container.Content(tvshows)] + Skin.HasSetting(ShowMovieTitleHeader) + !String.IsEmpty(ListItem.Title)">$INFO[ListItem.Title]</value>
		
		<value condition="Container.Content(movies) + String.IsEqual(Container.FolderName,$LOCALIZE[369])">[UPPERCASE]$LOCALIZE[342][/UPPERCASE]</value>
		<value condition="Container.Content(tvshows) + String.IsEqual(Container.FolderName,$LOCALIZE[369])">[UPPERCASE]$LOCALIZE[20343][/UPPERCASE]</value>
		
		<value condition="[Container.Content(episodes) | String.IsEqual(ListItem.DBTYPE,episode) | String.IsEqual(ListItem.Property(DBTYPE),episode)] + String.IsEqual(Container.FolderPath,special://skin/extras/widgetplaylists/recentepisodes.xsp)">[UPPERCASE]$LOCALIZE[20343][/UPPERCASE] • $LOCALIZE[20387]</value>
		
		<value condition="Container.Content(movies)">[UPPERCASE]$LOCALIZE[342][/UPPERCASE] $INFO[Container.FolderName,• ,]</value>
		<value condition="Container.Content(seasons) + !String.IsEmpty(ListItem.TVShowTitle)">[UPPERCASE]$LOCALIZE[20343][/UPPERCASE] $INFO[ListItem.TvShowTitle,• ]</value>
		<value condition="Container.Content(tvshows)">[UPPERCASE]$LOCALIZE[20343][/UPPERCASE] $INFO[Container.FolderName,• ,]</value>
		<value condition="[Container.Content(episodes) | String.IsEqual(ListItem.DBTYPE,episode) | String.IsEqual(ListItem.Property(DBTYPE),episode)] + !String.IsEmpty(ListItem.TVShowTitle)">$INFO[ListItem.TvShowTitle] $INFO[ListItem.Season,• $LOCALIZE[20373] ,]</value>
		
        <value condition="!String.IsEmpty(Container.Property(FolderName))">$INFO[Container.Foldername] • $INFO[Container.Property(FolderName)]</value>
		
		<value condition="!String.IsEmpty(Window.Property(IsRadio))">[UPPERCASE]$LOCALIZE[19021][/UPPERCASE]</value>
		<value condition="Window.IsActive(TVGuide)">[UPPERCASE]$LOCALIZE[19020][/UPPERCASE] • $LOCALIZE[22020] $INFO[Control.GetLabel(30),• ]</value>
		<value condition="Window.IsActive(TVChannels)">[UPPERCASE]$LOCALIZE[19020][/UPPERCASE] • $LOCALIZE[19019] $INFO[Control.GetLabel(29),• ]</value>
		<value condition="Window.IsActive(TVRecordings)">[UPPERCASE]$LOCALIZE[19020][/UPPERCASE] • $LOCALIZE[19017]</value>
		<value condition="Window.IsActive(TVTimers)">[UPPERCASE]$LOCALIZE[19020][/UPPERCASE] • $LOCALIZE[19040]</value>
        <value condition="Window.IsActive(TVTimerRules)">[UPPERCASE]$LOCALIZE[19020][/UPPERCASE] • $LOCALIZE[19138]</value>
		<value condition="Window.IsActive(TVSearch)">[UPPERCASE]$LOCALIZE[19020][/UPPERCASE] • $LOCALIZE[137]</value>

        <value condition="Window.IsActive(MyMusicNav.xml)">[UPPERCASE]$LOCALIZE[2][/UPPERCASE] $INFO[Container.FolderName,• ,]</value>

        <value condition="String.Contains(Container.FolderPath,plugin://plugin.video.youtube)">[UPPERCASE]$LOCALIZE[31062][/UPPERCASE]</value>
		
		<value condition="String.IsEqual(Container.FolderPath,library://video/movies/)">[UPPERCASE]$LOCALIZE[342][/UPPERCASE]</value>
		<value condition="String.IsEqual(Container.FolderPath,library://video/tvshows/)">[UPPERCASE]$LOCALIZE[20343][/UPPERCASE]</value>
		
		<value condition="String.Contains(Container.FolderPath,movies)">$INFO[Container.FolderName]</value>
		<value condition="String.Contains(Container.FolderPath,tvshows)">[UPPERCASE]$LOCALIZE[20343][/UPPERCASE] $INFO[Container.FolderName,• ,]</value>
		
		<!-- <value condition="Window.IsActive(1100) | Window.IsActive(1101)">TITAN search</value> -->
		
		<value condition="Window.IsActive(Videos)">[UPPERCASE]$LOCALIZE[3][/UPPERCASE] $INFO[Container.FolderName,• ,]</value>
        <value condition="Window.IsActive(weather)">[UPPERCASE]$LOCALIZE[8][/UPPERCASE]</value>
        <value condition="Window.IsActive(pictures )">[UPPERCASE]$LOCALIZE[1213][/UPPERCASE]</value>
        <value condition="Window.IsActive(addonbrowser)">[UPPERCASE]$LOCALIZE[10040][/UPPERCASE]</value>
        <value condition="Window.IsActive(filemanager)">[UPPERCASE]$LOCALIZE[10003][/UPPERCASE]</value>
        <value condition="Window.IsActive(musicplaylist)">[UPPERCASE]$LOCALIZE[2]-$LOCALIZE[559][/UPPERCASE]</value>
        <value condition="Window.IsActive(Music)">[UPPERCASE]$LOCALIZE[2]-$LOCALIZE[1214][/UPPERCASE]</value>
        <value condition="Window.IsActive(programs)">[UPPERCASE]$LOCALIZE[10001][/UPPERCASE]</value>
        <value condition="Window.IsActive(settings)">[UPPERCASE]$LOCALIZE[5][/UPPERCASE]</value>
         <value condition="Window.IsActive(SettingsCategory.xml)">[UPPERCASE]$LOCALIZE[5][/UPPERCASE]</value>
        <value condition="Window.IsActive(systeminfo)">[UPPERCASE]$LOCALIZE[5][/UPPERCASE]</value>
        <value condition="Window.IsActive(tvguide) | Window.IsActive(tvchannels) | Window.IsActive(tvrecordings) | Window.IsActive(tvtimers) | Window.IsActive(tvsearch)">[UPPERCASE]$LOCALIZE[31088][/UPPERCASE] $INFO[ListItem.ChannelGroup,• ]</value>
        <value condition="Window.IsActive(musicplaylisteditor)">[UPPERCASE]$LOCALIZE[10503][/UPPERCASE]</value>
        <value condition="Window.IsActive(musicplaylisteditor)">[UPPERCASE]$LOCALIZE[10503][/UPPERCASE]</value>
		<value condition="window.isactive(videoplaylist)">$LOCALIZE[13350]</value>
        <value condition="window.isactive(EventLog.xml)">$LOCALIZE[14111]</value>
	</variable>
		
	<variable name="AddonStatus">
		<value condition="!String.IsEmpty(ListItem.AddonBroken)">icons/status/disable.png</value>
		<value condition="ListItem.Property(addon.orphaned)">icons/status/orphan.png</value>
		<value condition="ListItem.Property(addon.isinstalled) + !ListItem.Property(addon.isenabled)">icons/status/disable.png</value>
		<value condition="ListItem.Property(addon.isinstalled)">icons/status/tickmark.png</value>
		<value></value>
	</variable>
	<variable name="addonupdate">
		<value condition="ListItem.Property(addon.downloading)">$INFO[ListItem.Property(addon.status)]</value>
		<value></value>
	</variable>
	
	<!-- no other way than ignore kodi setting for resume widget ,mixed content 
			0 choose
			1 play
			2 resume
			3 info
			-->
	<include name="RespectBool_selectaction">
		<onclick condition="String.IsEqual(Window(home).property(myvideos.selectaction),3)">Action(Info)</onclick>
		<onclick condition="![ListItem.IsFolder | ListItem.IsCollection] + ListItem.IsResumable + !String.IsEqual(Window(home).property(myvideos.selectaction),3) + [String.IsEqual(Window(home).property(myvideos.selectaction),2) | String.IsEqual(Window(home).property(myvideos.selectaction),1)]">PlayMedia($ESCINFO[ListItem.FilenameAndPath],resume)</onclick>
	</include>	

	<!-- playmedia - depending to kodi bool -->
	
	<!-- <variable name="bool_defaultselectaction_noinfo">
		<value condition="![ListItem.IsFolder | ListItem.IsCollection] + [String.IsEqual(Window(home).property(myvideos.selectaction),2) | String.IsEqual(Window(home).property(myvideos.selectaction),1)]">PlayMedia($INFO[ListItem.FilenameAndPath],resume)</value>
		<value>PlayMedia($INFO[ListItem.FilenameAndPath])</value>
	</variable> -->
	
	<!-- ######### -->
	<!--   ARTWORK  -->
	<!-- ######### -->
	
	<variable name="ListItemClearLogo">
		<value condition="!String.IsEmpty(ListItem.Art(tvshow.clearlogo))">$INFO[ListItem.Art(tvshow.clearlogo)]</value>
		<value condition="!String.IsEmpty(ListItem.Art(artist.clearlogo))">$INFO[ListItem.Art(artist.clearlogo)]</value>
		<value condition="!String.IsEmpty(ListItem.Art(albumartist.clearlogo))">$INFO[ListItem.Art(albumartist.clearlogo)]</value>
		<value condition="!String.IsEmpty(ListItem.Art(clearlogo))">$INFO[ListItem.Art(clearlogo)]</value>
	</variable>
	
	<!-- make optional or remove <value condition="!String.IsEmpty(ListItem.PlotOutline)">$INFO[ListItem.PlotOutline]</value> -->
	<variable name="ListItemPlot">
		<value condition="!String.IsEmpty(ListItem.Plot)">$INFO[ListItem.Plot]</value>
		<value condition="!String.IsEmpty(ListItem.Property(Album_Description))">$INFO[ListItem.Property(Album_Description)]$INFO[ListItem.ContributorAndRole,[CR],]</value>
		<value condition="!String.IsEmpty(ListItem.Property(Artist_Description))">$INFO[ListItem.Property(Artist_Description)]$INFO[ListItem.ContributorAndRole,[CR],]</value>
		<value condition="!String.IsEmpty(ListItem.AddonDescription)">$INFO[ListItem.AddonDescription]</value>
		<value condition="!String.IsEmpty(ListItem.AddonSummary)">$INFO[ListItem.AddonSummary]</value>
		<value>$LOCALIZE[19055]</value>
	</variable>
	
	
	
	
	<!-- ######### -->
	<!--   COLORS  -->
	<!-- ######### -->
	
	<!-- Profile Login -->
	<variable name="ProfileLogin_MainTextColor">
		<value condition="!String.IsEmpty(Skin.String(ProfileLogin_MainTextColor))">$INFO[Skin.String(ProfileLogin_MainTextColor)]</value>
		<value>ProfileLogin_MainTextColor</value>
	</variable>
	<variable name="ProfileLogin_SecondaryTextColor">
		<value condition="!String.IsEmpty(Skin.String(ProfileLogin_SecondaryTextColor))">$INFO[Skin.String(ProfileLogin_SecondaryTextColor)]</value>
		<value>BackgroundImage_CDiffuse</value>
	</variable>
	<variable name="ProfileLogin_HighlightColor">
		<value condition="!String.IsEmpty(Skin.String(BackgroundOverlay_CDiffuse))">$INFO[Skin.String(ProfileLogin_HighlightColor)]</value>
		<value>ProfileLogin_HighlightColor</value>
	</variable>
	<!-- dialogbutton , shutdownmenu -->
	<variable name="Shutdown_DimmedBG">
		<value condition="!String.IsEmpty(Skin.String(Shutdown_DimmedBG))">$INFO[Skin.String(Shutdown_DimmedBG)]</value>
		<value>Shutdown_DimmedBG</value>
	</variable>
	<variable name="Shutdown_FO">
		<value condition="!String.IsEmpty(Skin.String(Shutdown_FO))">$INFO[Skin.String(Shutdown_FO)]</value>
		<value>Shutdown_FO</value>
	</variable>
	<variable name="Shutdown_NF">
		<value condition="!String.IsEmpty(Skin.String(Shutdown_NF))">$INFO[Skin.String(Shutdown_NF)]</value>
		<value>Shutdown_NF</value>
	</variable>
	
	<!-- settings and shutdownmenu -->
	<variable name="IconLabel_NF">
		<value condition="Window.IsActive(shutdownmenu)">$VAR[Shutdown_NF]</value>
		<value>$VAR[Button_Text_NF]</value>
	</variable>
	<variable name="IconLabel_FO">
		<value condition="Window.IsActive(shutdownmenu)">$VAR[Shutdown_FO]</value>
		<value>$VAR[Button_IconColor_FO]</value>
		<!-- <value>$VAR[Button_Text_FO]</value> -->
	</variable>
	
	
	
	<!-- BG Common-->
	<variable name="BackgroundColor">
		<value condition="!String.IsEmpty(Skin.String(BackgroundColor))">$INFO[Skin.String(BackgroundColor)]</value>
		<value>BackgroundColor</value>
	</variable>
	<variable name="BackgroundImage_CDiffuse">
		<value condition="!String.IsEmpty(Skin.String(BackgroundImage_CDiffuse))">$INFO[Skin.String(BackgroundImage_CDiffuse)]</value>
		<value>BackgroundImage_CDiffuse</value>
	</variable>
	<variable name="BackgroundOverlay_CDiffuse">
		<value condition="!String.IsEmpty(Skin.String(BackgroundOverlay_CDiffuse))">$INFO[Skin.String(BackgroundOverlay_CDiffuse)]</value>
		<value>BackgroundOverlay_CDiffuse</value>
	</variable>
	
	<!-- BG HOME-->
	<variable name="BackgroundColor_Home">
		<value condition="!String.IsEmpty(Skin.String(BackgroundColor_Home))">$INFO[Skin.String(BackgroundColor_Home)]</value>
		<value>BackgroundColor_Home</value>
	</variable>
	<variable name="BackgroundOverlay_CDiffuse_Home">
		<value condition="!String.IsEmpty(Skin.String(BackgroundOverlay_CDiffuse_Home))">$INFO[Skin.String(BackgroundOverlay_CDiffuse_Home)]</value>
		<value>BackgroundOverlay_CDiffuse_Home</value>
	</variable>
	
	<!-- BG Dialog Common-->
	<variable name="BackgroundColor_Dialog">
		<value condition="!String.IsEmpty(Skin.String(BackgroundColor_Dialog))">$INFO[Skin.String(BackgroundColor_Dialog)]</value>
		<value>BackgroundColor_Dialog</value>
	</variable>
	
	<!-- HUB -->
	<variable name="BackgroundColor_HUB">
		<value condition="!String.IsEmpty(Skin.String(BackgroundColor_HUB))">$INFO[Skin.String(BackgroundColor_HUB)]</value>
		<value>BackgroundColor_HUB</value>
	</variable>
	<variable name="PanelGradient1_HUB">
		<value condition="!String.IsEmpty(Skin.String(PanelGradient1_HUB))">$INFO[Skin.String(PanelGradient1_HUB)]</value>
		<value>PanelGradient1_HUB</value>
	</variable>
	<variable name="PanelGradient2_HUB">
		<value condition="!String.IsEmpty(Skin.String(PanelGradient2_HUB))">$INFO[Skin.String(PanelGradient2_HUB)]</value>
		<value>PanelGradient2_HUB</value>
	</variable>
	<variable name="PanelGradient3_HUB">
		<value condition="!String.IsEmpty(Skin.String(PanelGradient3_HUB))">$INFO[Skin.String(PanelGradient3_HUB)]</value>
		<value>PanelGradient3_HUB</value>
	</variable>
	
	<variable name="Panel_Text_fo_HUB">
		<value condition="!String.IsEmpty(Skin.String(Panel_Text_fo_HUB))">$INFO[Skin.String(Panel_Text_fo_HUB)]</value>
		<value>Panel_Text_fo_HUB</value>
	</variable>
	<variable name="Panel_Text_nf_HUB">
		<value condition="!String.IsEmpty(Skin.String(Panel_Text_nf_HUB))">$INFO[Skin.String(Panel_Text_nf_HUB)]</value>
		<value>Panel_Text_nf_HUB</value>
	</variable>
	
	<variable name="HUB_maintextcolor">
		<value condition="!String.IsEmpty(Skin.String(HUB_maintextcolor))">$INFO[Skin.String(HUB_maintextcolor)]</value>
		<value>HUB_maintextcolor</value>
	</variable>
	<variable name="HUB_secondarytextcolor">
		<value condition="!String.IsEmpty(Skin.String(HUB_secondarytextcolor))">$INFO[Skin.String(HUB_secondarytextcolor)]</value>
		<value>HUB_secondarytextcolor</value>
	</variable>
	<variable name="HUB_highlighttextcolor">
		<value condition="!String.IsEmpty(Skin.String(HUB_highlighttextcolor))">$INFO[Skin.String(HUB_highlighttextcolor)]</value>
		<value>HUB_highlighttextcolor</value>
	</variable>
	<variable name="HUB_widget_Frame_NF">
		<value condition="!String.IsEmpty(Skin.String(HUB_widget_Frame_NF))">$INFO[Skin.String(HUB_widget_Frame_NF)]</value>
		<value>HUB_widget_Frame_NF</value>
	</variable>
	<variable name="HUB_widget_Frame_FO">
		<value condition="!String.IsEmpty(Skin.String(HUB_widget_Frame_FO))">$INFO[Skin.String(HUB_widget_Frame_FO)]</value>
		<value>HUB_widget_Frame_FO</value>
	</variable>
	
	<!-- HEADER BAR -->
	<variable name="Header_BG">
		<value condition="!String.IsEmpty(Skin.String(Header_BG))">$INFO[Skin.String(Header_BG)]</value>
		<value>Header_BG</value>
	</variable>
	<variable name="Header_TextMain">
		<value condition="!String.IsEmpty(Skin.String(Header_TextMain))">$INFO[Skin.String(Header_TextMain)]</value>
		<value>Header_TextMain</value>
	</variable>
	<variable name="Header_TextSecondary">
		<value condition="!String.IsEmpty(Skin.String(Header_TextSecondary))">$INFO[Skin.String(Header_TextSecondary)]</value>
		<value>Header_TextSecondary</value>
	</variable>
	
	<!-- Footer -->
	<variable name="Footer_PanelColor">
		<value condition="!String.IsEmpty(Skin.String(Footer_PanelColor))">$INFO[Skin.String(Footer_PanelColor)]</value>
		<value>Footer_PanelColor</value>
	</variable>
	<variable name="Footer_ItemColor">
		<value condition="!String.IsEmpty(Skin.String(Footer_ItemColor))">$INFO[Skin.String(Footer_ItemColor)]</value>
		<value>Footer_ItemColor</value>
	</variable>
	
	
	
	
	<!-- HEADLINES - revisit if need - settings,my**nav, ? -->
	<variable name="Headingline_FO">
		<value condition="!String.IsEmpty(Skin.String(Headingline_FO))">$INFO[Skin.String(Headingline_FO)]</value>
		<value>Headingline_FO</value>
	</variable>
	<variable name="Headingline_NF">
		<value condition="!String.IsEmpty(Skin.String(Headingline_NF))">$INFO[Skin.String(Headingline_NF)]</value>
		<value>Headingline_NF</value>
	</variable>
	
	<!-- HOME WIDGETS -->
	<variable name="Headingline_Widget">
		<value condition="Window.Is(1110)">FF000000</value>
		<value condition="!String.IsEmpty(Skin.String(Headingline_Widget))">$INFO[Skin.String(Headingline_Widget)]</value>
		<value>Headingline_Widget</value>
	</variable>
	<variable name="Container_item_fo">
		<value condition="Window.Is(loginscreen)">$VAR[ProfileLogin_MainTextColor]</value>
		<value condition="!String.IsEmpty(Skin.String(Container_item_fo))">$INFO[Skin.String(Container_item_fo)]</value>
		<value>Container_item_fo</value>
	</variable>
	<variable name="Container_item_nf">
		<value condition="Window.Is(loginscreen)">$VAR[ProfileLogin_SecondaryTextColor]</value>
		<value condition="!String.IsEmpty(Skin.String(Container_item_nf))">$INFO[Skin.String(Container_item_nf)]</value>
		<value>Container_item_nf</value>
	</variable>
	
	<variable name="Container_label_itemtag">
		<value condition="Window.Is(loginscreen)">$VAR[ProfileLogin_MainTextColor]</value>
		<value condition="!String.IsEmpty(Skin.String(Container_label_itemtag))">$INFO[Skin.String(Container_label_itemtag)]</value>
		<value>Container_label_itemtag</value>
	</variable>
	<variable name="Container_label2_itemtag">
		<value condition="Window.Is(loginscreen)">$VAR[ProfileLogin_SecondaryTextColor]</value>
		<value condition="!String.IsEmpty(Skin.String(Container_label2_itemtag))">$INFO[Skin.String(Container_label2_itemtag)]</value>
		<value>Container_label2_itemtag</value>
	</variable>
	
	<variable name="Widget_Progress_Watched">
		<value condition="!String.IsEmpty(Skin.String(Widget_Progress_Watched))">$INFO[Skin.String(Widget_Progress_Watched)]</value>
		<value>Widget_Progress_Watched</value>
	</variable>
	<variable name="Widget_Progress_Remain">
		<value condition="!String.IsEmpty(Skin.String(Widget_Progress_Remain))">$INFO[Skin.String(Widget_Progress_Remain)]</value>
		<value>Widget_Progress_Remain</value>
	</variable>
	<variable name="Widget_DimOverlay_Icon">
		<value condition="!String.IsEmpty(Skin.String(Widget_DimOverlay_Icon))">$INFO[Skin.String(Widget_DimOverlay_Icon)]</value>
		<value>Widget_DimOverlay_Icon</value>
	</variable>
	
	
	<!-- My-foo-Nav xml -->
	<variable name="Nav_BGPanelColor">
		<value condition="!String.IsEmpty(Skin.String(Nav_BGPanelColor))">$INFO[Skin.String(Nav_BGPanelColor)]</value>
		<value>Nav_BGPanelColor</value>
	</variable>
	<variable name="Nav_LabelPrimaryColor">
		<value condition="!String.IsEmpty(Skin.String(Nav_LabelPrimaryColor))">$INFO[Skin.String(Nav_LabelPrimaryColor)]</value>
		<value>Nav_LabelPrimaryColor</value>
	</variable>
	<variable name="Nav_SelectedColor">
		<value condition="!String.IsEmpty(Skin.String(Nav_SelectedColor))">$INFO[Skin.String(Nav_SelectedColor)]</value>
		<value>Nav_SelectedColor</value>
	</variable>
	<variable name="Nav_LabelSecondaryColor">
		<value condition="!String.IsEmpty(Skin.String(Nav_LabelSecondaryColor))">$INFO[Skin.String(Nav_LabelSecondaryColor)]</value>
		<value>Nav_LabelSecondaryColor</value>
	</variable>
	<variable name="Nav_HighlightColor">
		<value condition="!String.IsEmpty(Skin.String(Nav_HighlightColor))">$INFO[Skin.String(Nav_HighlightColor)]</value>
		<value>Nav_HighlightColor</value>
	</variable>
	
	<!-- ?
	Nav_TagTopColor
	Nav_TagBottomColor
	Nav_Progress_Watched
	Nav_Progress_Remain	
	-->
	
	<variable name="Nav_ListItem_WatchedStateFrameColor">
		<value condition="!String.IsEmpty(Skin.String(Nav_ListItem_WatchedStateFrameColor))">$INFO[Skin.String(Nav_ListItem_WatchedStateFrameColor)]</value>
		<value>Nav_ListItem_WatchedStateFrameColor</value>
	</variable>
	<variable name="Nav_ListItem_WatchedColor">
		<value condition="!String.IsEmpty(Skin.String(Nav_ListItem_WatchedColor))">$INFO[Skin.String(Nav_ListItem_WatchedColor)]</value>
		<value>Nav_ListItem_WatchedColor</value>
	</variable>
	<variable name="Nav_ListItem_InProgressColor">
		<value condition="!String.IsEmpty(Skin.String(Nav_BGPanelColor))">$INFO[Skin.String(Nav_ListItem_InProgressColor)]</value>
		<value>Nav_ListItem_InProgressColor</value>
	</variable>
	<!-- 
	<variable name="Nav_ListItem_UnWatchedColor">
		<value condition="!String.IsEmpty(Skin.String(Nav_ListItem_UnWatchedColor))">$INFO[Skin.String(Nav_ListItem_UnWatchedColor)]</value>
		<value>Nav_ListItem_UnWatchedColor</value>
	</variable>
	 -->
	<variable name="Nav_DimOverlay_Icon">
		<value condition="!String.IsEmpty(Skin.String(Nav_DimOverlay_Icon))">$INFO[Skin.String(Nav_DimOverlay_Icon)]</value>
		<value>Nav_DimOverlay_Icon</value>
	</variable>
	
	
	
	<!-- BUTTONS -->
	<variable name="Button_Text_FO">
		<value condition="!String.IsEmpty(Skin.String(Button_Text_FO))">$INFO[Skin.String(Button_Text_FO)]</value>
		<value>Button_Text_FO</value>
	</variable>
	<variable name="Button_Text_NF">
		<value condition="!String.IsEmpty(Skin.String(Button_Text_NF))">$INFO[Skin.String(Button_Text_NF)]</value>
		<value>Button_Text_NF</value>
	</variable>
	<variable name="Button_Panel_FO">
		<value condition="!String.IsEmpty(Skin.String(Button_Panel_FO))">$INFO[Skin.String(Button_Panel_FO)]</value>
		<value>Button_Panel_FO</value>
	</variable>
	<variable name="Button_Panel_NF">
		<value condition="!String.IsEmpty(Skin.String(Button_Panel_NF))">$INFO[Skin.String(Button_Panel_NF)]</value>
		<value>Button_Panel_NF</value>
	</variable>
	<variable name="Button_Selected">
		<value condition="!String.IsEmpty(Skin.String(Button_Selected))">$INFO[Skin.String(Button_Selected)]</value>
		<value>Button_Selected</value>
	</variable>
	<!-- experimental may not simple handling -->
	<variable name="Button_IconColor_FO">
		<value condition="!String.IsEmpty(Skin.String(Button_IconColor_FO))">$INFO[Skin.String(Button_IconColor_FO)]</value>
		<value>Button_IconColor_FO</value>
	</variable>
	
	<!-- OSD -->
	<variable name="OSD_DimmColor">
		<value condition="!String.IsEmpty(Skin.String(OSD_DimmColor))">$INFO[Skin.String(OSD_DimmColor)]</value>
		<value>OSD_DimmColor</value>
	</variable>
	<variable name="OSD_PanelColor_Gr">
		<value condition="!String.IsEmpty(Skin.String(OSD_PanelColor_Gr))">$INFO[Skin.String(OSD_PanelColor_Gr)]</value>
		<value>OSD_PanelColor_Gr</value>
	</variable>
	<variable name="OSD_BusySpinner">
		<value condition="!String.IsEmpty(Skin.String(OSD_BusySpinner))">$INFO[Skin.String(OSD_BusySpinner)]</value>
		<value>OSD_BusySpinner</value>
	</variable>
	<variable name="OSD_TextMain">
		<value condition="!String.IsEmpty(Skin.String(OSD_TextMain))">$INFO[Skin.String(OSD_TextMain)]</value>
		<value>OSD_TextMain</value>
	</variable>
	<variable name="OSD_TextSec">
		<value condition="!String.IsEmpty(Skin.String(OSD_TextSec))">$INFO[Skin.String(OSD_TextSec)]</value>
		<value>OSD_TextSec</value>
	</variable>
	
	
	<!-- SCROLLBAR -->
	<variable name="scrollbar_panel">
		<value condition="!String.IsEmpty(Skin.String(scrollbar_panel))">$INFO[Skin.String(scrollbar_panel)]</value>
		<value>scrollbar_panel</value>
	</variable>
	<variable name="scrollbar_slider_fo">
		<value condition="!String.IsEmpty(Skin.String(scrollbar_slider_fo))">$INFO[Skin.String(scrollbar_slider_fo)]</value>
		<value>scrollbar_slider_fo</value>
	</variable>
	<variable name="scrollbar_slider_nf">
		<value condition="!String.IsEmpty(Skin.String(scrollbar_slider_nf))">$INFO[Skin.String(scrollbar_slider_nf)]</value>
		<value>scrollbar_slider_nf</value>
	</variable>

	<!-- ######### -->
	<!--   DIALOG  -->
	<!-- ######### -->
	<variable name="image_dialogselect">
		<value condition="!String.IsEmpty(Container(6).ListItem.Icon)">$INFO[Container(6).ListItem.Icon]</value>
		<value condition="!String.IsEmpty(Container(3).ListItem.Icon)">$INFO[Container(3).ListItem.Icon]</value>
		<value condition="String.IsEmpty(Container(3).ListItem.Icon) + String.IsEmpty(Container(6).ListItem.Icon)">$VAR[imagedialogselectfallbacks]</value>
	</variable>
	
	<variable name="imagedialogselectfallbacks">
	<!-- ColorBox -->
		<value condition="String.IsEqual(Control.GetLabel(1),Set default Pallete) + Container(3).Position(0)">special://skin/extras/dialogimages/colorpalette_basic.jpg</value>
		<value condition="String.IsEqual(Control.GetLabel(1),Set default Pallete) + Container(3).Position(1)">special://skin/extras/dialogimages/colorpalette_rainbow.jpg</value>
		<value condition="String.IsEqual(Control.GetLabel(1),Set default Pallete) + Container(3).Position(2)">special://skin/extras/dialogimages/colorpalette_materialdesign.jpg</value>
		<value condition="String.IsEqual(Control.GetLabel(1),Set default Pallete) + Container(3).Position(3)">special://skin/extras/dialogimages/colorpalette_webcolors.jpg</value>
	<!-- Home Layout -->
		<value condition="String.IsEqual(Control.GetLabel(1),Choose Homelayout) + Container(3).Position(0)">special://skin/extras/homelayouts/Spotlight.png</value>
		<value condition="String.IsEqual(Control.GetLabel(1),Choose HomeLayout) + Container(3).Position(1)">special://skin/extras/homelayouts/WidgetsOnly.png</value>
	<!-- Widget Layout Type -->
		<value condition="String.IsEqual(Control.GetLabel(1),$LOCALIZE[21858]) + Container(3).Position(0)">special://skin/extras/widgetlayouts/poster.jpg</value>
		<value condition="String.IsEqual(Control.GetLabel(1),$LOCALIZE[21858]) + Container(3).Position(1)">special://skin/extras/widgetlayouts/landscape.jpg</value>
		<value condition="String.IsEqual(Control.GetLabel(1),$LOCALIZE[21858]) + Container(3).Position(2)">special://skin/extras/widgetlayouts/square.jpg</value>
		<value condition="String.IsEqual(Control.GetLabel(1),$LOCALIZE[21858]) + Container(3).Position(3)">special://skin/extras/widgetlayouts/circle.jpg</value>
		<value condition="String.IsEqual(Control.GetLabel(1),$LOCALIZE[21858]) + Container(3).Position(4)">special://skin/extras/widgetlayouts/banner.jpg</value>
		
	</variable>
	
	<!-- ADDONS -->
	<variable name="content_ProgramAutocompletion">
		<value condition="System.HasAddon(plugin.program.autocompletion) + !System.HasHiddenInput">plugin://plugin.program.autocompletion?info=autocomplete&amp;&amp;id=$INFO[Control.GetLabel(312).index(1)]&amp;&amp;limit=9</value>
	</variable>
	
	
</includes>
