<?xml version="1.0" encoding="UTF-8"?>
<includes>
	<variable name="Title">
		<value condition="String.IsEqual(ListItem.dbtype,episode) | String.IsEqual(ListItem.dbtype,season)">$INFO[ListItem.TVShowTitle] $INFO[ListItem.Title]</value>
		<value>$INFO[ListItem.Title]</value>
	</variable>
	<include name="Button_VideoInfo">
		<width>285</width>
		<height>40</height>
		<align>center</align>
		<textoffsetx>10</textoffsetx>
	</include>
	<variable name="Similiar_Content">
		<value condition="String.IsEqual(ListItem.DBType,movie) + !String.IsEmpty(ListItem.DBID)">plugin://script.embuary.helper/?info=getsimilar&amp;dbid=$INFO[ListItem.DBID]&amp;type=movie</value>
		<value condition="String.IsEqual(ListItem.DBType,tvshow) + !String.IsEmpty(ListItem.DBID)">plugin://script.embuary.helper/?info=getsimilar&amp;dbid=$INFO[ListItem.DBID]&amp;type=tvshow</value>
	</variable>
	<include name="VideoInfo_SlideshowNav">
		<control type="group">
			<visible>Control.HasFocus($PARAM[ButtonID])</visible>
			<animation effect="fade" start="0" end="100" time="350" tween="cubic" easing="inout">Visible</animation>
			<animation effect="fade" start="0" end="100" time="350" tween="cubic" easing="inout">WindowOpen</animation>
			<animation effect="fade" end="0" start="100" time="150">Hidden</animation>
			<animation effect="fade" end="0" start="100" time="150">WindowClose</animation>
			<control type="button" id="$PARAM[ButtonID]">
				<visible allowhiddenfocus="true">false</visible>
				<width>1</width>
				<height>1</height>
				<texturefocus />
				<texturenofocus />
				<onleft>Control.Move($PARAM[ContainerID],-1)</onleft>
				<onright>Control.Move($PARAM[ContainerID],1)</onright>
				<onup>Control.Move($PARAM[ContainerID],1)</onup>
				<ondown>Control.Move($PARAM[ContainerID],-1)</ondown>
				<onback>$PARAM[ContainerID]</onback>
				<oninfo>$PARAM[ContainerID]</oninfo>
				<onclick>SetFocus($PARAM[ContainerID])</onclick>
			</control>
			<control type="image">
				<texture colordiffuse="FF000000">colors/color_white.png</texture>
			</control>
			<control type="group">
				<animation effect="slide" start="0" end="-1920" condition="!Container($PARAM[ContainerID]).OnNext" reversible="false" time="300" tween="quadratic">Conditional</animation>
				<animation effect="slide" start="0" end="1920" condition="!Container($PARAM[ContainerID]).OnPrevious" reversible="false" time="300" tween="quadratic">Conditional</animation>
				<control type="image">
					<centerleft>50%</centerleft>
					<centertop>50%</centertop>
					<width>1920</width>
					<height>1080</height>
					<left>-1920</left>
					<aspectratio>keep</aspectratio>
					<texture background="true">$INFO[Container($PARAM[ContainerID]).ListItem(-1).FileNameAndPath]</texture>
				</control>
				<control type="image">
					<centerleft>50%</centerleft>
					<centertop>50%</centertop>
					<width>1920</width>
					<height>1080</height>
					<aspectratio>keep</aspectratio>
					<texture background="true">$INFO[Container($PARAM[ContainerID]).ListItem.FileNameAndPath]</texture>
				</control>
				<control type="image">
					<centerleft>50%</centerleft>
					<centertop>50%</centertop>
					<width>1920</width>
					<height>1080</height>
					<left>1920</left>
					<aspectratio>keep</aspectratio>
					<texture background="true">$INFO[Container($PARAM[ContainerID]).ListItem(1).FileNameAndPath]</texture>
				</control>
			</control>
		</control>
	</include>
	
	<variable name="extraFanartLocation">
        <value condition="[container.content(movies) | String.IsEqual(ListItem.DBTYPE,movie)]">$INFO[listitem.path,,extrafanart]</value>
        <value condition="[container.content(tvshows) | String.IsEqual(ListItem.DBTYPE,tvshow)]">$INFO[listitem.filenameandpath,,extrafanart]</value>
        <value condition="[container.content(seasons) | String.IsEqual(ListItem.DBTYPE,season)]">$INFO[container.listitem.path,,extrafanart]</value>
    </variable>
	
	<variable name="extraThumbsLocation">
        <value condition="[container.content(movies) | String.IsEqual(ListItem.DBTYPE,movie)]">$INFO[listitem.path,,extrathumbs]</value>
        <value condition="[container.content(tvshows) | String.IsEqual(ListItem.DBTYPE,tvshow)]">$INFO[listitem.filenameandpath,,extrathumbs]</value>
        <value condition="[container.content(seasons) | String.IsEqual(ListItem.DBTYPE,season)]">$INFO[container.listitem.path,,extrathumbs]</value>
    </variable>

</includes>
