<?xml version="1.0" encoding="UTF-8"?>
<!-- SWAN -->
<includes>

	<!-- OSD Controls -->
	<include name="OSD_Slider_Seek">
		<bottom>222</bottom>
		<left>305</left>
		<right>0</right>
		<height>15</height>
		<texturesliderbar colordiffuse="none">buttons/slider-back.png</texturesliderbar>
		<!-- <textureslidernib colordiffuse="$VAR[Button_Text_NF]">buttons/slider-nib.png</textureslidernib> -->
		<!-- <textureslidernibfocus colordiffuse="$VAR[Button_Selected]">buttons/slider-nib.png</textureslidernibfocus>
		<textureslidernibfocus colordiffuse="$VAR[Button_Selected]">buttons/slider-nib.png</textureslidernibfocus> -->
		<bottom>222</bottom>
		<left>290</left>
		<right>0</right>
		<height>15</height>
	</include>
					

	<variable name="EmbuaryHelper_GetPlayerInfo_dbid">
		<value condition="VideoPlayer.Content(movies) + Integer.IsGreater(VideoPlayer.DBID,0)">plugin://script.embuary.helper/?info=getbydbid&amp;dbid=$INFO[VideoPlayer.DBID]&amp;type=movie</value>
		<value condition="VideoPlayer.Content(tvshows) + Integer.IsGreater(VideoPlayer.DBID,0)">plugin://script.embuary.helper/?info=getbydbid&amp;dbid=$INFO[VideoPlayer.DBID]&amp;type=movie</value>
		<value condition="VideoPlayer.Content(episodes) + Integer.IsGreater(VideoPlayer.DBID,0)">plugin://script.embuary.helper/?info=getbydbid&amp;dbid=$INFO[VideoPlayer.DBID]&amp;type=tvshow&amp;idtype=episode</value>
		<value>-</value>
	</variable>
	<variable name="Fullscreen_Numeric_Input">
		<value condition="Window.Is(fullscreenlivetvinput) | !String.IsEmpty(PVR.ChannelNumberInput)">$INFO[PVR.ChannelNumberInput,$LOCALIZE[19029]]</value>
		<value condition="Window.Is(videotimeseek) | !String.IsEmpty(Player.SeekNumeric)">Jump to a specific time[CR](hh:mm:ss)[CR][CR]$INFO[Player.SeekNumeric(hh:mm:ss),,]</value>
	</variable>
	
	<!-- ARt -->
	<variable name="PlayerThumb">
		<value condition="!String.IsEmpty(Player.Art(season.poster))">$INFO[Player.Art(season.poster)]</value>
		<value condition="!String.IsEmpty(Player.Art(tvshow.poster))">$INFO[Player.Art(tvshow.poster)]</value>
		<value condition="!String.IsEmpty(Player.Art(poster))">$INFO[Player.Art(poster)]</value>
		<value>$INFO[Player.Icon]</value>
	</variable>
	<variable name="PlayerDisc">
		<value condition="!String.IsEmpty(Player.Art(discart))">$INFO[Player.Art(discart)]</value>
		<value condition="!String.IsEmpty(Player.Art(album.discart))">$INFO[Player.Art(album.discart)]</value>
		<value condition="!String.IsEmpty(Player.Art(season.discart))">$INFO[Player.Art(season.discart)]</value>
		<value condition="!String.IsEmpty(Player.Art(tvshow.discart))">$INFO[Player.Art(tvshow.discart)]</value>
		<!-- <value condition="!String.IsEmpty(Player.Art(landscape)) + Skin.HasSetting(EnableFakeDiscArt)">$INFO[Player.Art(landscape)]</value> -->
        <!-- <value condition="!String.IsEmpty(Player.Art(fanart)) + Skin.HasSetting(EnableFakeDiscArt)">$INFO[Player.Art(fanart)]</value> -->
		<value>$INFO[Player.Art(discart)]</value>
	</variable>
	
	Skin.HasSetting(PlayerPreferClearLogo)
	Skin.HasSetting(PlayerPreferLandscape)
	Skin.HasSetting(PlayerHideDiscArt)
	Skin.HasSetting(PlayerHideOSD)
	
	
	<variable name="PlayerClearlogo">
		<value condition="!String.IsEmpty(Player.Art(albumartist.clearlogo))">$INFO[Player.Art(albumartist.clearlogo)]</value>
		<value condition="!String.IsEmpty(Player.Art(artist.clearlogo))">$INFO[Player.Art(artist.clearlogo)]</value>
	
		<value condition="!String.IsEmpty(Player.Art(tvshow.clearlogo))">$INFO[Player.Art(tvshow.clearlogo)]</value>
		<value condition="!String.IsEmpty(Player.Art(clearlogo))">$INFO[Player.Art(clearlogo)]</value>
	</variable>
	
	 
	
	<!-- Info -->
	<variable name="PlayerTitle">
		 <value condition="Player.HasVideo + VideoPlayer.Content(episodes)">[B]$INFO[VideoPlayer.TVShowTitle,,  •  ]$LOCALIZE[20373]$INFO[VideoPlayer.Season, ,]  $LOCALIZE[20359] $INFO[VideoPlayer.Episode, ,][/B]$INFO[Player.Title,[B]  |  ,[/B]]</value>
		<value condition="">$INFO[Player.Title,[B],[/B]]</value>
	</variable>
	<variable name="PlayerPlot">
		<value>$INFO[VideoPlayer.Plot]</value>
	</variable>
	
	
	
	
	
	
	<include name="OSD_InProgress">
		<!-- get includes -->
		<!-- OSD -->
		<control type="group" id="99">
			<visible>!Player.HasGame + [Window.IsVisible(videoosd) | Window.IsVisible(seekbar) | Player.Paused | Player.ShowTime | $EXP[IsSeek] | !String.IsEmpty(Window(home).Property(ShowOSD))]</visible>
			
			<animation effect="fade" start="0" end="100" time="0">Visible</animation>
			<animation effect="fade" start="100" end="0" time="200" delay="1500">Hidden</animation>
			<animation effect="fade" start="100" end="0" time="0" condition="Window.IsVisible(playerprocessinfo) | Window.IsVisible(pvrosdchannels) | Window.IsVisible(Teletext) | Window.IsVisible(sliderdialog) | Window.IsVisible(shutdownmenu) | Window.IsVisible(videobookmarks) | !String.IsEmpty(Window(home).Property(service.upnext.dialog)) | [$EXP[HideVideoOSD] + !$EXP[PlayerSeek] + !Window.IsVisible(videoosd)]">Conditional</animation>
			
			
			<control type="group" id="99">
				<bottom>20</bottom>
				<width>100%</width>
				<height>400</height>
				<control type="image" id="99">
					<width>102%</width>
					<bottom>700</bottom>
					<aspectratio scalediffuse="true" align="center" aligny="bottom">stretch</aspectratio>
					<texture flipy="true" colordiffuse="$VAR[OSD_PanelColor_Gr]">diffuse/landscape_gradient_soft.png</texture>
				</control>
			
				<!-- ClearLogo -->
				<control type="image" id="99">
					<left>30</left>
					<bottom>20</bottom>
					<width>350</width>
					<height>132</height>
					<texture>$VAR[PlayerClearlogo]</texture>
					<aspectratio scalediffuse="false" align="center" aligny="bottom">keep</aspectratio>
					<!-- <texture>$INFO[Player.Art(thumb)]</texture> -->
				</control>
				
				<!-- Poster -->
				<!-- <control type="image" id="99">
					<left>0</left>
					<bottom>150</bottom>
					<height>380</height>
					<width>530</width>
					<texture>$VAR[PlayerThumb]</texture>
					<aspectratio scalediffuse="false" align="left" aligny="bottom">keep</aspectratio>
				</control> -->
				
				<!-- ClearArt -->
				<control type="image" id="99">
					<left>20</left>
					<bottom>150</bottom>
					<height>380</height>
					<width>440</width>
					<aspectratio scalediffuse="false" align="center" aligny="bottom">keep</aspectratio>
					<texture>$INFO[Player.Art(clearart)]</texture>
				</control>
				
				<control type="image" id="99">
					<left>620</left>
					<bottom>700</bottom>
					<height>210</height>
					<width>210</width>
					<aspectratio scalediffuse="true" align="center" aligny="bottom">keep</aspectratio>
					<texture diffuse="diffuse/cdmask_new.png">$VAR[PlayerDisc]</texture>
				</control>
				
				
				<control type="label" id="99">
					<left>400</left>
					<right>400</right>
					<height>60</height>
					<font>font13</font>
					<align>center</align>
					<textcolor>$VAR[OSD_TextMain]</textcolor>
					<label>$VAR[PlayerTitle]</label>
				</control>
				<control type="textbox" id="99">
					<bottom>10</bottom>
					<left>500</left>
					<right>500</right>
					<height>200</height>
					<aligny>top</aligny>
					<align>justify</align>
					<textcolor>$VAR[OSD_TextSec]</textcolor>
					<font>font13</font>
					<label>$VAR[PlayerPlot]</label>
					<!-- 	<visible>
						[String.IsEmpty(Player.Art(tvshow.clearlogo)) + String.IsEmpty(Player.Art(clearlogo))]
					</visible> -->
				</control>
				
				<control type="grouplist" id="99">
					<top>26</top>
					<left>960</left>
					<right>29</right>
					<height>35</height>
					<align>right</align>
					<orientation>horizontal</orientation>
					<itemgap>0</itemgap>
					<control type="label" id="99">
						<width>auto</width>
						<align>right</align>
						<textcolor>$VAR[OSD_TextSec]</textcolor>
						<font>font12</font>
						<label>$VAR[PlayerSeekStepIcon]</label>
						<visible>!String.IsEmpty(Player.SeekStepSize) | !String.IsEmpty(Player.SeekOffset) | [Integer.IsGreater(Player.ChapterCount,1) + !String.IsEqual(Player.Chapter,00) + !String.IsEqual(Player.Chapter,-1)]</visible>
					</control>
					<control type="label" id="99">
						<width>auto</width>
						<align>right</align>
						<font>OSDTopFont</font>
						<textcolor>white</textcolor>
						<label>$VAR[TopPlayerSeekStepLabel, ]</label>
						<visible>!String.IsEmpty(Player.SeekStepSize) | !String.IsEmpty(Player.SeekOffset) | [Integer.IsGreater(Player.ChapterCount,1) + !String.IsEqual(Player.Chapter,00) + !String.IsEqual(Player.Chapter,-1)]</visible>
					</control>
					<control type="label" id="99">
						<width>auto</width>
						<align>right</align>
						<textcolor>white</textcolor>
						<font>Material28</font>
						<label>                        &#xf46e;</label>
						<visible>Player.IsTempo + !Player.Rewinding + !Player.Forwarding + !Player.Paused</visible>
					</control>
					<control type="label" id="99">
						<width>auto</width>
						<align>right</align>
						<font>OSDTopFont</font>
						<textcolor>white</textcolor>
						<label>$INFO[Player.Playspeed, ]</label>
						<visible>Player.IsTempo + !Player.Rewinding + !Player.Forwarding + !Player.Paused</visible>
					</control>
					<control type="label" id="99">
						<width>auto</width>
						<align>right</align>
						<font>Material28</font>
						<textcolor>white</textcolor>
						<label>                        &#xf45f;</label>
						<visible>Player.Rewinding</visible>
					</control>
					<control type="label" id="99">
						<width>auto</width>
						<align>right</align>
						<font>OSDTopFont</font>
						<textcolor>white</textcolor>
						<label>$VAR[PlayerForwardRewind, ]</label>
						<visible>Player.Rewinding</visible>
					</control>
					<control type="label" id="99">
						<width>auto</width>
						<align>right</align>
						<font>Material28</font>
						<textcolor>white</textcolor>
						<label>                        &#xf211;</label>
						<visible>Player.Forwarding</visible>
					</control>
					<control type="label" id="99">
						<width>auto</width>
						<align>right</align>
						<font>OSDTopFont</font>
						<textcolor>white</textcolor>
						<label>$VAR[PlayerForwardRewind, ]</label>
						<visible>Player.Forwarding</visible>
					</control>
					<control type="label" id="99">
						<width>auto</width>
						<align>right</align>
						<font>Material28</font>
						<textcolor>white</textcolor>
						<label>                        &#xf3e4;</label>
						<visible>Player.Paused</visible>
					</control>
					<control type="label" id="99">
						<width>auto</width>
						<align>right</align>
						<font>Material28</font>
						<textcolor>white</textcolor>
						<label>                        &#xf75e;</label>
						<visible>Player.Muted</visible>
					</control>
					<control type="label" id="99">
						<align>right</align>
						<width>auto</width>
						<font>OSDTopFont</font>
						<textcolor>white</textcolor>
						<label>   $INFO[System.Time]</label>
					</control>
				</control>
			</control>
				<!-- bottom -->
				<control type="image" id="99">
					<bottom>0</bottom>
					<width>100%</width>
					<height>470</height>
					<texture colordiffuse="ffffffff" flipy="true">views/player/mask_top.png</texture>
				</control>
				<!-- icon -->
				<control type="group" id="99">
					<bottom>20</bottom>
					<control type="image" id="99">
						<bottom>0</bottom>
						<left>19</left>
						<width>200</width>
						<texture background="true">$VAR[PlayerIcon]</texture>
						<aspectratio scalediffuse="false" aligny="bottom">keep</aspectratio>
						<bordersize>11</bordersize>
						<bordertexture border="11,11,11,11">items/resp_shadow.png</bordertexture>
						<visible>
							[!String.IsEmpty(Player.Art(poster)) + !String.StartsWith(Window(home).Property(Player.Art(poster).ar),1)]
							| [!String.IsEmpty(Player.Art(tvshow.poster)) + !String.StartsWith(Window(home).Property(Player.Art(tvshow.poster).ar),1)]
						</visible>
					</control>
					<control type="image" id="99">
						<animation effect="slide" time="0" start="0,0" end="0,-30" condition="Window.IsVisible(videoosd)">Conditional</animation>
						<bottom>0</bottom>
						<left>19</left>
						<width>200</width>
						<height>144</height>
						<texture background="true">$VAR[PlayerIcon]</texture>
						<aspectratio scalediffuse="false" aligny="center">keep</aspectratio>
						<bordersize>11</bordersize>
						<visible>![
							[!String.IsEmpty(Player.Art(poster)) + !String.StartsWith(Window(home).Property(Player.Art(poster).ar),1)]
							| [!String.IsEmpty(Player.Art(tvshow.poster)) + !String.StartsWith(Window(home).Property(Player.Art(tvshow.poster).ar),1)]
							]
						</visible>
					</control>
				</control>
				
				
				
				<!-- -->
		</control>
	</include>
	
	
	<include name="OSD_VideoSimple">
		<!-- get includes -->
		<!-- OSD -->
		<control type="group" id="99">
			<visible>!Player.HasGame + [Window.IsVisible(videoosd) | Window.IsVisible(seekbar) | Player.Paused | Player.ShowTime | $EXP[IsSeek] | !String.IsEmpty(Window(home).Property(ShowOSD))]</visible>
			
			<animation effect="fade" start="0" end="100" time="0">Visible</animation>
			<animation effect="fade" start="100" end="0" time="200" delay="1500">Hidden</animation>
			<animation effect="fade" start="100" end="0" time="0" condition="Window.IsVisible(playerprocessinfo) | Window.IsVisible(pvrosdchannels) | Window.IsVisible(Teletext) | Window.IsVisible(sliderdialog) | Window.IsVisible(shutdownmenu) | Window.IsVisible(videobookmarks) | !String.IsEmpty(Window(home).Property(service.upnext.dialog)) | [$EXP[HideVideoOSD] + !$EXP[PlayerSeek] + !Window.IsVisible(videoosd)]">Conditional</animation>
			
			<control type="group" id="99">
				<bottom>0</bottom>
				<width>100%</width>
				<height>400</height>
				<animation effect="slide" start="0,0" end="0,150" time="340" condition="!VideoPlayer.HasInfo | Player.ShowInfo">conditional</animation>
				<control type="image" id="99">
					<bottom>0</bottom>
					<width>102%</width>
					<height>250</height>
					<aspectratio scalediffuse="true" align="center" aligny="bottom">stretch</aspectratio>
					<bordersize>0,100,0,0</bordersize>
					<texture colordiffuse="$VAR[OSD_PanelColor_Gr]">colors/white.png</texture>
					<bordertexture colordiffuse="$VAR[OSD_PanelColor_Gr]">colors/white70.png</bordertexture>
				</control>
			
				<control type="label" id="99">
					<bottom>160</bottom>
					<left>350</left>
					<height>60</height>
					<font>font13</font>
					<align>left</align>
					<textcolor>$VAR[OSD_TextMain]</textcolor>
					<label>$VAR[PlayerTitle] $INFO[VideoPlayer.Year, (,)]</label>
				</control>
				<control type="label" id="99">
					<bottom>170</bottom>
					<right>20</right>
					<height>60</height>
					<width>200</width>
					<font>font_clock</font>
					<align>right</align>
					<textcolor>$VAR[OSD_TextSec]</textcolor>
					<label>$INFO[System.Time]</label>
				</control>
				<control type="image" id="99">
					<bottom>70</bottom>
					<right>25</right>
					<height>60</height>
					<width>100</width>
					<texture colordiffuse="$VAR[OSD_TextMain]">$INFO[Weather.FanartCode,resource://resource.images.weathericons.outline-hd/,.png]</texture>
					<aspectratio align="left">keep</aspectratio>
				</control>
				<control type="label" id="99">
					<bottom>70</bottom>
					<right>2</right>
					<font>font23_title</font>
					<width>60</width>
					<height>20</height>
					<align>left</align>
					<label>$INFO[Weather.Temperature]</label>
					<font>font12</font>
					<textcolor>$VAR[OSD_TextMain]</textcolor>
				</control>
				
				<control type="textbox" id="99">
					<bottom>10</bottom>
					<left>350</left>
					<right>350</right>
					<height>120</height>
					<aligny>top</aligny>
					<align>justify</align>
					<textcolor>$VAR[OSD_TextSec]</textcolor>
					<font>DialogListItem</font>
					<label>$VAR[PlayerPlot]</label>
				</control>
				
			</control>
			<control type="group" id="99">
				<bottom>0</bottom>
				<width>100%</width>
				<height>300</height>
				<control type="image" id="99">
					<left>0</left>
					<bottom>0</bottom>
					<height>440</height>
					<width>340</width>
					<texture>$VAR[PlayerThumb]</texture>
					<!-- <texture>$INFO[Player.Art(fanart)]</texture> -->
					<aspectratio scalediffuse="false" align="left" aligny="bottom">keep</aspectratio>
				</control>
			</control>
			
		</control>
	</include>
	


</includes>
