<?xml version="1.0" encoding="UTF-8"?>
<includes>

	
	<!-- media flags centered below current art left group  , studio and ratings centered right group ?
	
		<include content="MediaFlagGroup_Footer">
				<param name="width is equal left panel width" value="e.g. 30%" />
			</include>
			<include content="Ratings_Footer">
				<param name="width is equal offset left panel width" value="e.g. 30%" />
			</include>

		- need cond width h or constant panel width params for each view to let flags fit without exceeding width

	-->
	
	<include name="footer">
		<control description="ratings right" type="group">
			<animation effect="slide" start="0,90" end="0,0" time="350" tween="back" easing="inout" delay="100">VisibleChange</animation>
			<description>just test height for footer groulist</description>
			<visible>Control.IsVisible($PARAM[view_id]) + !Skin.HasSetting(View_$PARAM[view_id]_DisableFooter)</visible>
			<bottom>0</bottom>
			<height>90</height>
			<control description="bg panel" type="image">
				<texture colordiffuse="$VAR[Footer_PanelColor]">colors/white.png</texture>
			</control>
			
			
			<include content="MediaFlagGroup_Footer">
				<param name="offset_left" value="$PARAM[offset_leftpanel]" />
				<param name="align" value="$PARAM[media_flagalign]" />
				<param name="width" value="$PARAM[media_flagwidth]" />
			</include>
			<include content="Ratings_Footer">
				<param name="offset_left" value="$PARAM[offset_leftpanel]" />
				<param name="align" value="$PARAM[rating_flagalign]" />
			</include>
			
		</control>
		
	</include>
	
	
	
	<include name="Oninfo_MovieSetInfo">
		<oninfo condition="String.IsEqual(ListItem.dbtype,set)">ActivateWindow(movieinformation),return</oninfo>
	</include>
	<!-- <oninfo condition="String.IsEqual(ListItem.dbtype,set)">SetProperty(movieinformation,set,home)</oninfo> -->
	
	<include name="NavControl_Media">
		<pagecontrol>60</pagecontrol>
		<onfocus condition="String.IsEqual(Window(Home).Property(MenucontrolActive),true)">ClearProperty(MenucontrolActive,Home)</onfocus>
		<onup condition="Control.IsVisible(19)">19</onup>
		<onleft condition="Control.IsVisible(8999)">8999</onleft>
		<onright condition="Control.IsVisible(60)">60</onright>
	</include>
		
	<include name="Simple_Panels">
		
		<control type="group">
			<visible>Control.IsVisible(51)</visible>
			
			<control type="group">
				<include content="Universal_Container">
					<param name="id" value="51" />
					<param name="type_height" value="860" />
					<param name="type_pos_top" value="150" />
					<param name="orientation" value="vertical" />
					
					<param name="tags_visible" value="!Skin.HasSetting(View_51_DisableTags)" />
					
					<param name="visible" value="true" />
					
					<param name="layout_height" value="430" />
					<param name="layout_width" value="220" />
					
					<param name="itemwidth" value="213" />
					<param name="itemheight" value="320" />
					<param name="layout" value="poster" />
				 
					<viewtype label="poster">poster panel</viewtype>
					
					<left>4%</left>
					<include>Oninfo_MovieSetInfo</include>
					<include>NavControl_Media</include>
					
				</include>
			</control>
			
			<include content="footer">
				<param name="label" value="f o o t e r" />
				<param name="view_id" value="51" />
			</include>
			
		</control>
		
		
		<control type="group">
			<visible>Control.IsVisible(52)</visible>
			
			<include content="Universal_Container">
				<param name="id" value="52" />
				<param name="type_height" value="900" />
				<param name="type_pos_top" value="120" />
				<param name="orientation" value="vertical" />
				<param name="circle_visible" value="true" />
				<param name="tags_visible" value="false" />
				
				<param name="visible" value="true" />
				
				<param name="layout_height" value="300" />
				<param name="layout_width" value="250" />
				
				<param name="itemheight" value="210" />
				<param name="itemwidth" value="210" />
			
				<param name="layout" value="circle" />
				<viewtype label="circle">circle panel</viewtype>
				
				<left>5%</left>
				<include>Oninfo_MovieSetInfo</include>
				<include>NavControl_Media</include>
				
			</include>
			<include content="footer">
				<param name="label" value="f o o t e r" />
				<param name="view_id" value="52" />
			</include>
		</control>
		
		<control type="group">
			<visible>Control.IsVisible(53)</visible>
			
			<include content="Universal_Container">
				<param name="id" value="53" />
				<param name="type_height" value="860" />
				<param name="type_pos_top" value="120" />
				<param name="orientation" value="vertical" />
				
				<param name="tags_visible" value="!Skin.HasSetting(View_53_DisableTags)" />
				<param name="visible" value="true" />
				
				<param name="layout_height" value="315" />
				<param name="layout_width" value="400" />
				
				<param name="itemheight" value="225" />
				<param name="itemwidth" value="383" />
			
				<param name="layout" value="landscape" />
				<param name="ls_overlay_visible" value="![$EXP[IsEpisode]]" />
				
				<viewtype label="landscape">landscape panel</viewtype>
				
				<left>9%</left>
				<include>Oninfo_MovieSetInfo</include>
				<include>NavControl_Media</include>
			
			</include>
			
			<include content="footer">
				<param name="label" value="f o o t e r" />
				<param name="view_id" value="53" />
			</include>
		</control>
		
		<!-- diffuse image still wrong one, get glow/shadow, bordertexture,dont cut main texture sqaurethunb
		danger - thumb diffuse img  is eqaul landscape, 
		
		-->
		<control type="group">
			<visible>Control.IsVisible(54)</visible>
			
			<include content="Universal_Container">
				<param name="id" value="54" />
				<param name="type_height" value="860" />
				<param name="type_pos_top" value="120" />
				<param name="orientation" value="vertical" />
				
				<param name="tags_visible" value="!Skin.HasSetting(View_54_DisableTags)" />
				
				<param name="visible" value="true" />
				
				<param name="layout_height" value="410" />
				<param name="layout_width" value="400" />
				
				<param name="itemheight" value="383" />
				<param name="itemwidth" value="383" />
			
				<param name="layout" value="square" />
				<viewtype label="square">square panel</viewtype>
				
				<left>9%</left>
				<include>Oninfo_MovieSetInfo</include>
				<include>NavControl_Media</include>
			
			</include>
			
			<include content="footer">
				<param name="label" value="f o o t e r" />
				<param name="view_id" value="54" />
			</include>
		</control>
		<!-- 
		<control type="group">
			<visible>Control.IsVisible(55)</visible>
			
			<include content="Universal_Container">
				<param name="id" value="55" />
				<param name="type_height" value="860" />
				<param name="type_pos_top" value="120" />
				<param name="orientation" value="vertical" />
				
				<param name="tags_visible" value="!Skin.HasSetting(View_55_DisableTags)" />
				
				<param name="visible" value="true" />
				
				<param name="layout_height" value="175" />
				<param name="layout_width" value="610" />
				
				<param name="itemheight" value="110" />
				<param name="itemwidth" value="590" />
				<param name="get_bannerlogo" value="true" />
				<param name="layout" value="banner" />
				<viewtype label="banner">banner panel</viewtype>
				
				<left>9%</left>
				<include>Oninfo_MovieSetInfo</include>
				<include>NavControl_Media</include>
			
			</include>
			
			<include content="footer">
				<param name="label" value="f o o t e r" />
				<param name="view_id" value="55" />
			</include>
		</control> -->
	</include>
		
</includes>
