<?xml version="1.0" encoding="UTF-8"?>
<includes>

	<!-- BG -->
	<expression name="IsNetflixLayout">![Window.IsActive(musicinformation) | Window.IsActive(songinformation) | Window.IsActive(movieinformation) | Window.IsActive(addoninformation) | Window.IsActive(pvrguideinfo) | Window.IsActive(pvrrecordinginfo) | Window.IsActive(pictureinfo) | Window.IsVisible(script-embuary-video.xml) | Window.IsVisible(script-embuary-person.xml)] + 
        [[Window.IsActive(home) + String.IsEqual(Skin.String(HomeLayout),Spotlight)] |
        [!Window.IsActive(home) + Control.IsVisible(58)]]
	</expression>
	
	<expression name="IsHome">
		Window.IsActive(home) + ![Window.IsActive(musicinformation) | Window.IsActive(songinformation) | Window.IsActive(movieinformation) | Window.IsActive(addoninformation) | Window.IsActive(pvrguideinfo) | Window.IsActive(pvrrecordinginfo) | Window.IsActive(pictureinfo) | Window.IsVisible(script-embuary-video.xml) | Window.IsVisible(script-embuary-person.xml) | Window.IsVisible(script-embuary-image.xml)]
	</expression>
	
	<expression name="IsCurrentyPlayingCommon">
		String.IsEmpty(Window(Home).Property(TrailerIsPlaying)) + [Player.HasVideo | Player.HasGame] + 
	[[Window.IsActive(home) + !String.IsEqual(Skin.String(HomeLayout),Spotlight)] |
	[!Window.IsActive(home) + !Control.IsVisible(58)]]
	</expression>
	<!-- Content -->
	<expression name="IsTVShow">String.IsEqual(ListItem.DBTYPE,tvshow) | String.IsEqual(ListItem.Property(DBTYPE),tvshow) | String.IsEqual(Window(Home).Property(ListItem.DBTYPE,tvshow)) | String.IsEqual(Window(Home).Property(ListItem.Property(DBTYPE)),tvshow)</expression>
	<expression name="IsSeason">String.IsEqual(ListItem.DBTYPE,season) | String.IsEqual(ListItem.Property(DBTYPE),season) | String.IsEqual(Window(Home).Property(ListItem.DBTYPE,season)) | String.IsEqual(Window(Home).Property(ListItem.Property(DBTYPE)),season)</expression>
	<expression name="IsEpisode">String.IsEqual(ListItem.DBTYPE,episode) | String.IsEqual(ListItem.Property(DBTYPE),episode) | String.IsEqual(Window(Home).Property(ListItem.DBTYPE,episode)) | String.IsEqual(Window(Home).Property(ListItem.Property(DBTYPE)),episode)</expression>
	<expression name="IsMovie">String.IsEqual(ListItem.DBTYPE,movie) | String.IsEqual(ListItem.Property(DBTYPE),movie) | String.IsEqual(Window(Home).Property(ListItem.DBTYPE,movie)) | String.IsEqual(Window(Home).Property(ListItem.Property(DBTYPE)),movie)</expression>
	<expression name="IsArtist">String.IsEqual(ListItem.DBTYPE,artist) | String.IsEqual(ListItem.Property(DBTYPE),artist) | String.IsEqual(Window(Home).Property(ListItem.DBTYPE,artist)) | String.IsEqual(Window(Home).Property(ListItem.Property(DBTYPE)),artist)</expression>
	<expression name="IsAlbum">String.IsEqual(ListItem.DBTYPE,album) | String.IsEqual(ListItem.Property(DBTYPE),album) | String.IsEqual(Window(Home).Property(ListItem.DBTYPE,album)) | String.IsEqual(Window(Home).Property(ListItem.Property(DBTYPE)),album)</expression>
	<expression name="IsSong">String.IsEqual(ListItem.DBTYPE,song) | String.IsEqual(ListItem.Property(DBTYPE),song) | String.IsEqual(Window(Home).Property(ListItem.DBTYPE,song)) | String.IsEqual(Window(Home).Property(ListItem.Property(DBTYPE)),song)</expression>
	<expression name="IsMusicVideo">String.IsEqual(ListItem.DBTYPE,musicvideo) | String.IsEqual(ListItem.Property(DBTYPE),musicvideo) | String.IsEqual(Window(Home).Property(ListItem.DBTYPE,musicvideo)) | String.IsEqual(Window(Home).Property(ListItem.Property(DBTYPE)),musicvideo)</expression>
	
	<expression name="Infodialog_IsActive">Window.IsActive(musicinformation) | Window.IsActive(songinformation) | Window.IsActive(movieinformation) | Window.IsActive(addoninformation) | Window.IsActive(pvrguideinfo) | Window.IsActive(pvrrecordinginfo) | Window.IsActive(pictureinfo) | Window.IsVisible(script-embuary-video.xml) | Window.IsVisible(script-embuary-person.xml) | Window.IsVisible(script-embuary-image.xml)</expression>
	<expression name="sidebar_visible">ControlGroup(9000).HasFocus | Control.HasFocus(6130) | Control.HasFocus(6131) | Window.IsActive(MyPlaylist.xml)</expression>
	
	<expression name="forceTags_visible">[control.IsVisible(52) + SkinHasSettings(52_useTag)]</expression>
	<!-- Playing video content-->
	<expression name="PlayerHasVideo">[Player.HasVideo | Player.HasGame]</expression>
	
	<!-- trailer playing -->
	<expression name="TrailerIsPlaying">[Player.HasVideo + !String.IsEmpty(Window(Home).Property(TrailerIsPlaying))]</expression>
	
	<!-- avoid online lookups if offline , 
	!String.IsEmpty(Network.IPAddress)
	!String.EndsWith(Network.LinkState,$LOCALIZE[15208]] not connected
	-->
	<expression name="IsOfflineMode">[String.EndsWith(Network.LinkState,$LOCALIZE[15208]) + String.IsEmpty(Network.IPAddress)]</expression>
	
	<!-- Player -->
	<expression name="IsSeek">[Player.Seeking | Player.DisplayAfterSeek | !String.IsEmpty(Player.SeekNumeric)]</expression>
	
	<expression name="PlayerClearLogo_IsEmpty">
        String.IsEmpty(Player.Art(albumartist.clearlogo)) + 
        String.IsEmpty(Player.Art(artist.clearlogo)) + 
        String.IsEmpty(Player.Art(tvshow.clearlogo)) +
        String.IsEmpty(Player.Art(clearlogo))
	</expression>
</includes>
