<?xml version="1.0" encoding="UTF-8"?>
<window type="dialog" id="1140">
	<animation effect="fade" start="0" end="100" time="250">WindowOpen</animation>
	<animation effect="fade" start="100" end="0" time="250">WindowClose</animation>
	<!-- <onload condition="!String.IsEmpty(Window(Home).Property(culrc.running))">Dialog.Close(script-cu-lrclyrics-main.xml)</onload> -->
	<defaultcontrol>499</defaultcontrol>
	<controls>
	<include condition="!Skin.HasSetting(MusicOSD_SmallPlaylist) + [[Window.IsActive(home) + !String.IsEqual(Skin.String(HomeLayout),MenuTiles)] | !Window.IsActive(home)]">MusicOSD_CommonPlaylist</include>
	<include condition="Skin.HasSetting(MusicOSD_SmallPlaylist) | [!Skin.HasSetting(MusicOSD_SmallPlaylist) + [Window.IsActive(home) + String.IsEqual(Skin.String(HomeLayout),MenuTiles)]]">MusicOSD_SmallPlaylist</include>
	</controls>
</window>